262611
462289
857104
133014
296169
781917
913362
459040
691940
621133
175849
129349
240097
312019
365979
918191
862429
809492
259169
200470
200973
146784
675934
687940
654701
998885
590042
928321
560302
219825
102567
359932
260161
85321
55932
416420
891426
215015
446663
877404
176317
553487
175025
707188
468639
42556
843862
423509
82417
547092
999791
999977
16682
212583
284746
685496
564102
149405
95097
971697
684861
435054
147604
185163
804950
875446
583603
709749
878053
535116
997389
307382
863406
630484
664085
792337
998840
920113
718171
28550
405843
61602
767457
582625
836129
2287
492063
646671
361761
152483
777015
809460
976437
685509
664292
475824
369997
13012
324012
895150
953324
386356
838601
14293
608335
411306
702332
15769
226184
261063
752856
470800
459248
237637
557466
128418
817754
686794
198011
922358
103798
677467
203407
783250
144305
272147
346396
666206
194254
520466
943758
361934
749608
812240
423037
273875
370184
784699
677194
823527
683455
469787
516867
968670
656484
715130
506813
25936
750675
738721
4552
51951
689864
541553
934702
401177
125599
769
596802
725948
643154
435305
337411
137983
60761
403663
559762
233158
236119
913932
867988
392861
415814
536547
385965
827641
210115
778943
267872
784727
903415
539804
519703
278703
508389
868257
945701
294168
187407
436077
897255
409047
157429
464478
136286
410967
375463
504491
981449
755544
552434
528895
45101
126553
886916
640347
455753
802887
945153
411912
471542
793961
791282
38696
41818
994941
832233
735969
125150
120143
553677
579566
476963
862101
287399
857597
971030
986801
97593
723890
862210
709093
378333
248426
268819
450302
647372
176312
378318
824974
498538
550360
394688
416020
29755
139973
112096
404959
898227
776296
958644
826894
427869
927418
562767
419415
871209
240518
144960
776364
193824
610354
410222
785054
887614
176057
390155
412573
103788
614631
552710
233701
945291
61381
73696
65442
688008
965392
415368
666674
583192
427852
562114
467629
121604
573201
392840
19396
737812
684730
577869
302425
995431
398184
215166
911037
937998
515750
933935
444359
580215
715049
379788
363175
580957
672053
659285
555625
354212
689185
522488
260259
250048
160974
769373
917847
605063
756409
710761
713315
754109
766902
69110
63367
605722
347164
536988
953998
804169
377199
582333
30788
871400
496725
337910
39062
776975
467920
871677
430780
411128
961606
336722
440625
698773
919260
417077
599966
745420
986031
512143
146467
312391
701471
572653
256221
849672
598841
577793
524715
989591
942173
15690
935904
606445
537171
146841
632072
780189
645117
487782
708803
892703
473523
84106
784609
152309
25755
258305
290496
934429
985431
620779
328366
141115
433479
562141
244715
595051
968886
462422
310467
894955
710487
682082
549003
185529
24108
755914
781764
696366
498479
36622
7740
64812
407482
619669
257858
279905
155298
205875
503778
288007
844722
699799
732329
727759
540159
901606
348031
501334
759058
531463
894272
263387
574202
728923
80380
474215
318856
554192
116649
683622
368365
974814
836804
503956
302284
241653
649315
627547
548097
400664
493189
414727
679117
965354
34347
632297
391799
43732
750283
725434
717386
359331
200602
683206
901662
404537
762457
118203
587827
698617
784750
355553
39392
258292
904000
627409
406159
446975
216253
111664
531033
79281
397630
679988
167921
728540
975101
28217
242432
520391
823892
681636
830687
614326
910070
766223
851990
671179
875078
662066
173706
394749
88460
901083
803641
170617
5519
758437
513135
99092
892295
580323
386034
549587
553800
902872
760204
154781
765660
503851
878024
228506
417099
886880
385601
40175
690102
976754
309293
457796
507205
252508
368921
25436
725707
838768
336533
385764
327618
665861
151411
160632
781611
65254
464292
104235
767231
822093
986119
548897
52132
998979
755633
342427
214708
171165
352588
529452
64205
575971
2960
860824
468418
247106
600215
661523
740046
212343
899146
900538
601662
962645
342228
101468
714480
86185
643543
603783
343181
847017
180898
585377
765909
250002
447215
318392
675203
322906
921914
820931
434665
625527
853161
595772
844764
650775
541468
155745
66514
688420
630355
84716
243846
81780
778157
154111
243545
438831
227105
756083
838625
779670
467818
766051
306749
234622
54400
512538
304522
872399
216459
811709
573306
48588
859231
171033
541314
789659
656907
323278
444871
4800
440119
426095
132818
899922
101009
533665
364540
333067
985820
600141
739960
621909
375410
859727
631503
657621
966544
7190
944347
468440
731959
163614
23963
976070
615317
529775
848436
40864
652942
810554
446285
892323
788894
4716
97005
205734
391157
908644
445277
60775
556752
758863
540261
544847
497648
772641
527675
876696
207322
917896
752868
381821
885402
623023
622467
486876
274554
591356
932584
423604
87273
505386
19470
470012
484885
277501
191514
680140
138244
998476
539661
297359
538148
465771
268063
260923
177842
231362
620756
780332
686100
556678
752346
95953
820542
290534
218014
292191
79573
984211
108549
760681
469925
566819
623386
103362
495985
672109
827402
481136
35280
385316
763889
509408
125442
63229
719700
685158
291854
79804
268434
530948
371789
305277
468635
204921
898352
823349
391144
315005
134311
901585
560452
127851
967178
400588
589205
429007
563753
931176
866997
646694
144882
973236
61367
26091
9549
940987
411993
447413
206847
480159
992930
259744
918616
321403
322791
70400
53620
162689
761098
383761
413611
424872
222002
195894
584013
500928
993960
269735
334564
474718
916240
63739
426550
536035
118310
274505
368442
70788
857746
177383
201157
69187
282403
425852
324083
392844
731988
883734
913033
957686
162474
858556
213333
473808
506670
245984
30464
972632
92374
669103
420670
784765
976319
769354
830929
16965
596133
32895
770800
771901
591915
265181
153744
871616
439635
635536
545273
306738
524147
532292
336196
477582
814003
785696
749287
44431
129030
254520
581611
686411
74503
801286
956494
130846
863964
385689
182978
98190
465685
589348
786377
815276
325533
152151
292288
72228
97683
956906
523865
689773
102034
650184
952636
380714
591198
4230
318463
642204
65697
742930
337210
212169
138808
660648
960564
706390
543568
975446
999930
715834
135700
431341
299816
408069
78465
297938
705739
983180
470286
78094
124826
216234
198185
728325
296605
105320
432271
640596
496066
616847
95420
791353
483095
53155
294994
486735
284666
527341
133192
819461
812866
374738
946614
236618
92278
732891
152503
200288
958615
912154
142241
815026
730530
827616
733843
299692
104499
106668
102785
414792
106052
100818
100743
266081
336237
671194
783442
304712
165560
779915
206155
601980
17985
233182
974832
827847
554570
413479
377974
443973
75345
955272
764595
341565
569933
168230
907838
223394
14624
367973
761416
314056
730672
470539
724769
715319
335521
523322
241331
255524
57498
408373
987302
431198
432294
200875
63252
483672
536634
792140
248936
466301
383159
888159
648650
324439
635843
426300
76889
239172
430041
981297
825545
369390
191864
266995
63173
410419
635220
683024
696542
626317
300927
3730
199856
183783
448371
825464
178143
173403
400777
873137
888054
435803
263504
841494
378479
331624
147359
73568
775320
867674
862948
731533
889611
250737
406194
325917
940413
606018
174248
886451
48905
338449
612411
191107
931364
647171
589802
889603
504660
94734
980938
665326
655443
408819
225319
371831
956427
449113
352960
263787
804688
346957
665960
402683
29942
487376
318989
527323
238718
573711
547044
876068
440745
236522
283071
217197
835160
693583
194156
123521
557388
377769
388904
989411
626383
21484
822853
639027
647882
765646
480167
537842
339409
893154
908538
553238
75444
455882
184224
203173
124804
314307
919662
736324
28885
327212
339689
400585
124488
509852
598670
775987
856283
874987
452081
193401
475898
738683
307680
230995
607335
153562
225256
943120
972829
409965
826103
697757
659997
92321
952256
550987
358741
662597
527519
448699
222636
272651
435239
331285
85325
644335
372761
727397
613005
945069
228809
238482
279426
9235
790894
335297
788050
240066
731269
424255
191379
647154
38029
964417
372533
935992
351740
645622
494300
852945
574532
627853
526117
161203
391602
464539
721926
918630
973080
371081
180014
8637
841401
987669
402250
972572
559673
743254
112027
545973
784292
617429
396697
727962
645599
241054
908551
116603
37407
575765
203712
446324
355763
863518
284715
140452
293637
970604
857703
915640
167150
927971
351323
325482
61502
856143
284255
275238
842305
10972
152508
90882
980488
431753
541415
813017
677198
626345
455565
485863
381996
38093
521587
456611
277261
717456
795148
697594
995507
394316
863482
521130
706359
850578
918137
310024
150503
342501
325190
567423
718051
290881
930984
622899
988781
166215
164174
169033
52395
962215
215490
738114
956485
805000
134762
277975
524920
948859
776946
172017
396093
912037
128315
465362
546030
720927
354699
660309
253862
293458
480496
423057
835455
596757
606244
982557
532569
175297
492594
431258
546876
55038
14302
199437
142832
653949
905049
851281
173472
218484
745062
196966
993202
490430
120955
950982
360420
252973
517419
896344
325414
203426
134295
379953
111468
322571
766082
509148
856010
60524
938855
923128
176824
735277
251633
973475
133962
644985
420938
442962
887072
515208
191807
693492
415886
212942
625625
161714
979402
57645
26943
879369
102573
786956
180121
111282
966063
246055
289393
194497
626609
715392
179413
988847
755572
271384
914542
629043
101458
778752
186175
766627
521474
697780
987700
563567
54898
837176
49485
290826
685859
424198
624048
58503
641497
33214
773466
530079
692130
588106
337122
75850
313517
757409
869681
492393
228153
58168
587486
183558
515445
71545
73047
575403
941767
284173
952825
413061
116739
499778
142948
419881
483932
507978
994594
138637
840287
997658
32056
639658
484846
101919
566112
869210
482701
545850
730166
459199
1373
741141
196434
168
262449
988755
997086
677309
30950
529299
946595
854304
732350
584695
215041
768756
133056
377794
50980
697421
100444
507437
784070
869604
375993
610980
743536
416057
378979
652129
693968
55385
620261
549178
273100
437720
918569
404114
217166
830029
914087
232021
549987
132669
143674
871165
565906
24011
27863
344934
461932
686032
733852
505505
57584
474417
711711
506717
483253
608250
202132
277356
563242
320470
386105
937484
104708
63457
420964
5935
634220
483467
312451
791688
358494
636363
527588
658039
9499
580931
660259
110571
235227
663765
397524
101135
637792
527119
794224
696464
398943
719329
242598
697884
362671
501723
973901
190382
868146
427402
899283
837026
798230
989670
146336
851359
457430
600203
246662
273720
630335
428434
640028
231135
568920
853923
765189
743345
496149
897872
294547
219013
614967
239788
668180
84668
807323
483498
147059
541493
720733
699983
181270
517013
818190
382743
759399
879529
476493
346985
460059
743983
412516
660967
360119
970680
561322
473538
301507
116689
808799
555257
609529
255952
995408
475612
45244
674941
303106
132918
552868
987222
677977
484639
361711
765423
815872
53620
379609
10072
273113
311153
147908
901312
338303
600642
252872
914137
37943
575575
694621
87475
266359
108642
108566
887017
784340
53471
301347
36179
253364
860414
792693
445583
304023
408423
114365
67146
884627
117037
570944
81562
201795
479482
930350
89381
832939
660012
890881
906299
777846
655414
697373
653054
702153
559493
599464
728619
573119
754603
491648
167541
452368
744773
922767
448470
73589
754015
203783
560627
3882
498350
796811
726540
436719
390127
122349
91700
767716
922147
627929
339634
949913
439693
820744
65135
736796
307241
894924
659939
533963
950232
727373
481551
544305
228000
508322
274990
911336
605313
438723
425929
608098
157477
360508
400543
484679
179363
941352
16091
153179
568637
115494
668698
839749
284012
949061
992754
600082
41483
548046
264559
869322
40619
158570
50069
156754
6907
39357
793201
988364
890815
326074
146493
357445
842159
976151
585033
891387
388126
558606
553223
708375
384904
333055
971445
597634
1502
922249
382332
513009
646350
317928
821422
293688
222474
423024
741170
646434
850053
967808
329339
222172
656466
100376
119327
536525
325100
199073
301145
505781
526018
318246
891609
755899
484068
425255
137309
435572
332753
43194
723623
231115
376471
259491
402982
331360
118050
988077
572660
561931
804895
788609
475196
927051
667065
833821
275164
246330
11215
329045
724274
883453
179239
810192
773343
762463
95985
83771
861214
229622
706200
904592
170984
11923
389410
877810
98762
258532
837406
120637
120257
151978
845933
817759
630323
249479
453890
823112
769609
94937
221473
33105
287617
658570
46871
871185
887504
121517
723934
506889
300697
796048
127899
453105
880311
63183
74029
106794
982008
346097
749521
194894
271860
422947
409989
983356
347351
995815
727277
669607
572789
906946
862483
670085
850574
558427
978548
526362
308860
106416
801209
327883
215977
168537
733740
551817
823342
956041
377049
345901
658110
152640
724125
587893
550383
882835
520348
317297
524719
386034
534864
887234
537774
969674
853649
129741
630917
214967
456527
980592
408543
860686
927701
193441
310220
616929
927122
730980
188726
654460
341731
176313
250182
226863
522611
389575
714315
249718
868432
738574
58014
126339
260463
262932
166814
639443
216571
442759
758651
719419
412667
917508
794063
542281
914093
49527
967182
863555
380313
904819
430937
921804
192428
179087
258656
566883
204213
7340
616863
43300
850064
172831
36348
27799
212437
797257
475007
403590
259048
803488
880362
298538
145475
320453
801697
579752
563489
548123
778244
54698
638452
519966
347253
505200
663791
927492
923694
660980
373717
220791
115119
589687
801662
32700
917103
841751
569523
875045
655939
813376
153746
925659
616681
191088
485835
669966
917743
135106
381679
837407
375333
178964
699287
736203
963590
557969
504367
392424
573313
795280
990567
350487
501952
191023
942800
106377
54064
946686
976387
712723
665306
746587
291804
76975
860910
286862
903179
360363
535593
111283
813972
208854
860549
649184
942321
366147
870719
591552
409488
478719
109927
289424
65329
404887
679864
699986
251213
998701
183245
646716
485528
354830
786948
546232
58997
446321
571087
996528
732065
976761
94759
975226
133088
791789
637626
820553
110317
378688
339507
546731
237527
200960
552485
229021
899240
198691
952930
609877
322515
555143
922510
172437
607379
274704
273819
454402
423791
439475
662946
832695
573909
389438
384686
598812
249677
764817
722935
67155
633850
826502
995406
527531
457244
687755
413291
746758
889238
38482
203894
211899
62641
101797
524334
233815
677554
944677
925955
227523
328549
722336
524349
607456
586458
954722
83630
587383
309956
321639
940017
842489
902285
883677
410890
713299
555284
304821
40806
586490
61189
641896
808958
914888
635905
915214
669244
477163
264577
920678
965400
767669
421192
124704
341021
757420
847564
418833
964229
945717
254109
296237
355852
24657
658061
781091
167872
308569
679799
40486
92265
958093
127337
912694
276413
629693
323558
523508
840846
545310
413969
21672
961010
577505
177597
463737
552446
273538
76471
548454
31912
163836
702517
713052
524204
40534
347774
873656
766932
586427
781981
446989
995026
520920
79936
618803
164144
203791
602704
182828
68621
980214
535627
605610
533207
633866
501674
346165
473069
464969
136916
391415
197276
81321
564820
502780
520180
887800
369581
150779
928201
88478
864964
716996
393231
851114
539926
675787
17194
813693
274647
725911
64015
147799
230620
945407
6666
402054
320675
684256
417668
862301
756779
106105
315726
515084
653275
819326
302138
609508
714775
708400
973507
708891
350354
39731
834249
886563
399948
559111
444574
606722
599158
443088
756598
814909
498501
757544
554400
941288
761270
352619
773556
809431
617423
847960
956401
478276
795655
280769
737808
12990
777132
401183
498968
992715
961264
608073
322197
562350
274774
121154
858094
115494
686281
203550
81735
803659
46336
382693
564552
603793
617962
47651
651755
151276
41732
273244
327636
384579
773397
8170
491514
61628
231039
731184
211715
484041
573076
922436
940363
328885
296835
688266
748397
57531
703290
215360
190852
564562
759780
88876
855718
761871
111503
231011
49777
397343
335559
917979
808999
684003
101390
549564
659098
947581
12636
558201
996509
878688
113197
473610
868636
863601
206308
991649
666022
994137
904282
584950
489661
60311
460012
148342
981033
913424
275082
272544
656522
768915
594517
528576
704023
69570
998097
633091
928585
113961
432074
717035
198246
802578
242945
657678
317623
203380
30012
475841
103781
8809
20207
945785
858870
257258
645546
925425
615946
480498
122017
632204
743385
423638
65516
586738
80699
626425
251322
315503
557724
168916
85524
228575
734194
907726
872695
621024
132234
476473
85480
39979
847342
637047
729147
294673
882090
977511
592306
5895
193815
459944
265753
68252
6491
24030
413834
689074
332910
127684
469866
134694
658101
43323
937908
688641
464561
290197
90638
495950
419483
637461
115521
686057
502364
449666
861059
266656
262766
470279
933272
462735
885120
657931
740094
904940
662388
409045
39000
692250
886475
137884
989995
954877
366692
44209
279540
871019
301594
291543
447013
307520
914255
719348
794076
19890
977631
711096
76607
737495
827441
283634
13359
393992
647699
57754
976418
319571
156000
802280
59111
478463
820660
742771
4021
865279
47422
628082
720272
840594
835186
464796
229290
125340
856358
60831
387249
839865
427119
748897
120012
754344
507841
216662
299695
36668
234563
145634
564512
369046
923887
911127
134718
413898
383456
591101
145146
294189
305052
764515
833280
935064
946867
259844
989540
619650
478866
65558
810382
187831
60287
186098
257585
616714
884911
881634
428864
145653
79484
808782
35859
180587
942993
832065
843073
917438
988309
977800
873989
972608
899031
780074
485291
257606
395519
662814
900276
171126
834450
186151
522063
236622
36547
816386
620503
679403
124897
986312
572207
315655
494891
540262
472520
535610
655611
893140
547912
769100
757171
522017
14087
784479
813631
940246
701284
703494
162293
992311
929851
737583
451644
202621
185111
535743
997335
169964
967020
801394
717149
651327
485600
597832
546619
472917
96189
880325
894849
449096
132320
264970
507138
554771
762168
526060
100945
734141
323696
149071
36154
234711
709768
113582
392072
888874
728311
389990
174177
400428
931212
454462
16647
187438
243244
475247
214884
970415
724127
249682
769335
390333
784098
248219
391499
50235
731499
429013
977105
795695
481087
244010
220212
852291
145326
767203
18592
789311
258586
933703
625602
906333
195303
528348
582409
672991
391570
168858
739389
730752
415418
149835
929504
906032
566657
360987
261350
801551
184244
325756
113519
59519
167200
213536
7194
878764
263956
265014
479658
507396
746743
378947
313388
890716
725661
69568
985213
898021
384245
278891
800208
664745
292428
556230
877095
82884
102486
442759
566900
620331
541380
382187
408602
993871
271572
649972
48367
146443
459671
621447
469794
429455
377504
877021
64479
558592
520580
89833
525468
551380
956062
880312
852824
232827
138509
555338
595541
362129
87880
343155
995619
609786
105124
335807
150562
70935
355036
214610
152774
723551
317668
762324
766628
704193
604894
828888
864435
442906
187166
997303
328916
940646
164718
633677
828087
524904
649466
857530
962947
240578
7639
386276
251781
377859
60335
699615
868631
188383
172161
878228
180397
913087
169200
435942
866861
814261
135018
754872
266803
475262
709722
754952
774764
70336
801359
574356
320324
400187
181201
275805
84362
431971
434894
228822
890529
726765
339125
178283
885019
60272
618098
302071
528488
452330
631273
441025
940489
473954
796470
648982
695770
419036
906947
44426
379130
271517
167431
539000
790158
100492
935490
222542
521132
505587
541013
686567
746205
738374
549085
131122
408496
990488
727202
395578
468061
900257
605966
375490
571915
798079
552497
372262
427201
523701
561165
492154
953173
331190
638232
466071
895018
450666
175878
965512
632442
34607
734972
293363
391192
838983
948370
291241
908988
711023
397123
152269
742392
890060
415786
825321
439438
382773
689018
964347
531243
968959
513433
369248
751917
176276
754366
727368
603951
577869
735661
520287
538425
15754
868681
426513
738791
40306
856204
466833
859149
566208
237980
674480
730846
234978
92981
900132
797255
642032
18396
369657
155113
54224
877972
563200
249994
64545
889593
358450
834234
611348
192315
344924
3312
803702
462125
523699
309692
531117
904440
792002
102668
476561
587247
637288
800417
411889
272243
99331
117467
913051
307254
235939
762589
754468
298595
516864
3798
115577
592043
392994
265759
668330
498499
736813
63228
954301
941491
468923
206988
911967
279748
624376
976041
705167
514169
494266
642973
741854
704370
182009
834615
806883
365046
984538
659011
565388
824326
209669
870102
167427
895049
407007
861653
452209
524505
895312
22756
61777
420784
661001
264191
149806
880623
718227
326443
239765
87020
22215
853933
480755
881015
703332
893187
621462
613058
241341
876703
609917
6108
145641
229843
35683
688470
412949
448202
933704
293906
537692
637306
909261
168692
31145
727294
697561
773973
645073
849968
518541
911847
485328
462057
919329
257048
778046
976492
203808
590152
332632
165770
68967
534766
671364
625824
840855
918579
682178
363119
642622
264566
931087
468195
715338
444801
13735
77449
227988
880223
285313
3557
250918
95617
985902
545448
12754
449183
722563
651413
679214
517067
537286
879114
385156
891630
322352
424441
30063
193066
183889
443963
914748
79567
801102
198779
343674
707723
567799
716659
226256
127314
719712
353932
209544
260981
488459
956137
954430
302355
843399
279718
361721
885161
454058
255095
645666
199022
103588
407220
22056
919035
468748
592428
904431
216639
947377
998800
475178
377765
883586
689246
86811
577804
136523
566858
937528
275549
82332
961037
760560
179325
934610
448428
647387
543630
272844
693633
183386
410182
612840
944591
56447
749571
86400
640220
139399
956971
46280
168952
780599
25021
979156
465798
278832
626408
953246
851480
785262
356321
296615
911522
777202
826926
915851
885383
878862
630553
315874
618239
372075
909435
436974
788360
624686
66321
278863
295963
54457
43456
802506
929791
966415
71062
371867
296635
646695
749487
30616
734590
155122
588619
603691
339401
634125
137206
30957
793335
61628
46318
160906
63722
207068
942646
131974
963609
623135
857118
283243
705002
185775
699202
402134
263000
718877
725738
960487
748694
1879
709217
969744
315593
308540
16111
709952
71355
304951
489886
729716
295032
997717
105777
529030
643643
84714
384035
366130
885328
835344
91737
539045
894095
695471
646211
344131
878142
516368
750990
98640
846615
504431
797742
445173
662984
260707
702524
338726
988628
151919
958489
104823
55677
199903
384576
677302
446862
70396
424835
474873
67606
174162
479116
738559
824893
361182
789159
113238
66993
900805
135626
709663
980495
927611
876017
977780
922886
969610
841891
900343
823256
460268
152089
73403
168506
480208
920686
422684
164132
475342
45021
894048
582914
263435
378387
371153
51748
213056
932914
613392
935716
881413
680751
108748
104831
833886
898888
776882
170822
995868
474036
567968
257196
164994
552423
527200
886065
961859
583903
927444
882566
355647
97086
188761
758574
361932
576809
196886
563457
393117
534692
719847
540675
546856
586414
683391
354075
52804
574697
136620
293141
694655
243963
233545
709829
719898
65836
238757
239793
281479
102703
337383
845379
282302
803803
592864
368989
366940
538040
739076
618233
441275
622651
794408
775321
795644
705703
137974
429631
492847
351049
563766
434315
749365
249179
822293
234384
283376
103037
230136
802103
353640
422953
44833
892283
806593
635317
381254
94709
514898
125922
618689
332627
582248
137958
534820
752495
432285
767257
408927
305872
577156
253103
469988
218427
815530
774717
151826
701199
424483
56658
875596
373806
335685
538577
664721
932520
25603
303288
116032
173640
659702
562641
892734
455712
12775
204806
495568
84207
788596
969712
572898
481750
568104
753134
735264
877247
202567
849736
910578
254068
342836
122317
627056
881579
878710
18603
407992
479939
594219
44985
167669
494261
790030
714332
289622
125201
743671
523295
160023
273649
923596
26046
695209
562934
149554
515866
806661
390799
132227
882919
667609
382488
234826
324302
627886
607831
282691
862715
372829
642658
430919
8764
935598
318657
608350
535349
520848
437910
992571
492664
629794
981083
87926
744668
318057
739633
844959
526398
362311
58621
384835
150032
213745
679587
218773
44658
845564
255729
47346
902785
713968
598174
195032
289082
212873
15268
546827
799487
317955
608827
458256
577865
420343
81019
421238
916583
321455
462070
651109
569041
543173
378322
451186
936433
511844
438123
419675
708999
698032
711618
809939
624209
878857
933599
69337
615774
255407
87625
676188
711045
389481
789517
967508
914989
77523
451601
496280
872040
885104
934062
940246
944970
124051
189900
618174
674612
128744
701329
412209
669351
800031
514763
494615
772351
965575
673249
757690
393959
171719
442959
32895
130181
968194
262277
455499
53893
364374
585708
106469
630178
141256
518524
607813
147604
19586
38823
424935
516234
389996
677278
509231
230970
238842
818617
662894
125619
64496
22607
629911
361912
59385
936645
137301
387554
932053
729866
118468
132975
496639
317070
692266
400104
898230
429870
221079
606917
394682
832625
611471
163753
304818
350226
744148
236343
890970
36971
546749
432443
604607
23421
769927
226955
10832
869924
411482
727709
188438
411923
87456
970464
523340
892919
919426
506414
201962
449115
355777
796895
833885
952640
537214
432333
134142
486214
659727
431646
873067
209865
790225
345136
557538
128918
741303
722538
154412
751955
119859
293886
31190
73320
784657
802985
646856
392595
366294
785942
906920
138608
261201
740323
909022
19537
906756
804603
580065
158172
125712
447514
502216
981234
193327
573687
334290
489842
426462
607003
309428
668090
306392
256540
840505
596327
67181
560620
575953
148534
907768
448785
362409
68714
138335
507059
558248
172517
71614
779909
361057
703118
268847
411050
80025
983732
146083
193617
429061
357272
94807
152782
61641
383096
689769
43494
213659
827685
220467
740724
144931
892603
425562
204216
577300
224266
720615
49582
206923
637889
216669
707969
941505
412835
295917
36492
626438
557349
141271
240044
605178
501977
943602
446008
465677
755510
598152
627175
572735
129610
928975
720034
613315
706825
919003
56881
177407
43032
240365
675548
880435
324508
320029
381308
27226
662628
654832
19904
228261
592388
868426
166566
68426
978154
18644
378629
899381
647027
77913
435397
680429
201203
886928
120151
628023
88351
21920
298591
819613
556524
678988
448637
511235
75777
61346
587082
955031
88453
127704
941129
293644
834981
92899
367461
11345
649081
31067
981170
886460
550685
355178
742856
612892
37561
181064
584296
907022
747784
760471
340135
653634
957824
876363
103666
133461
908532
783676
623500
98230
859620
503070
862546
882917
778609
896343
201910
795192
392707
460110
637935
948922
855543
527101
115140
854135
707462
48644
107949
38901
259757
868807
546346
702260
164466
857035
400391
727777
33211
610691
91958
601869
434296
621773
993759
163364
431531
17671
308080
13392
145045
247726
711702
20421
846582
375556
44128
483705
902852
920425
190779
174922
290623
631834
662060
361507
113624
413517
41768
405082
9157
926561
695327
700801
42848
71129
152776
190856
737316
508942
132651
407173
808822
876560
343985
991095
596925
922673
229437
530102
941497
597521
426047
28844
271065
567855
961974
74502
997287
706150
102977
57735
581064
133501
693438
403235
800761
575319
792436
536239
644854
409013
430911
796239
564052
992783
725711
846039
87953
866679
192600
213448
332520
129182
70478
306713
503134
467651
68719
364017
480266
517114
429470
996717
367147
662064
326697
475479
232862
294667
391662
346334
891037
829030
247810
711963
152279
532671
568242
979142
960918
355031
327626
414086
717588
616541
501694
184479
918361
329077
801819
924206
755619
776446
306991
519441
268426
264133
711132
780658
366141
44210
347373
46051
703492
502731
90970
71015
366134
605990
938836
915465
101850
387244
308890
320305
955256
614735
938746
524567
594170
916243
182228
367070
842656
813691
614421
442358
388536
909687
71177
975737
713040
806755
827744
413865
948235
378186
400731
657800
789981
85647
958406
779737
449258
850809
617251
833635
54289
290572
884934
477183
612906
753233
471732
414476
168747
601702
249003
959153
482096
100883
312667
436224
480522
770097
600077
244488
467198
182684
866392
300949
645658
835422
797220
991296
5153
705453
102199
724941
638279
200432
264343
696281
685814
705461
419220
766609
125006
383804
689808
858881
271417
910550
678356
258825
536712
327626
841259
283658
278106
365190
402541
676796
894242
201901
780442
884016
590959
269095
873434
567142
786
898245
388729
563133
558177
847594
233796
232553
25999
872918
413016
994403
317003
622443
191652
288668
614345
427180
402813
131913
1195
672183
889484
40910
886601
115453
35962
626179
321175
458060
69398
346715
560699
473181
309454
969761
242139
850994
92715
560123
486058
80686
202527
773831
729560
887150
388830
82246
967635
779779
652312
494274
620820
172179
364597
948773
679309
378357
543243
627791
113419
326802
544973
957489
492354
451026
444400
699403
964514
475990
496341
280124
894927
683503
703120
689820
562390
834921
988275
742000
967208
674113
620884
840555
903100
736065
41852
746327
223351
404779
754498
573688
602723
326618
486687
253505
987323
174795
722527
829527
513072
113462
596536
235828
412457
112547
315453
406656
159199
486046
989508
919750
357625
806713
64611
398503
10599
923158
579295
62268
339962
455233
886017
424714
518966
999006
275573
983260
256638
115865
821515
924210
727049
165470
498890
976367
37752
733841
996998
365949
897402
239163
220600
9424
734588
952180
3885
145400
368074
295385
919456
791412
977271
267465
607026
277813
777030
583094
171166
702005
881961
369473
504589
724917
393450
596942
371652
172717
429073
488646
541183
506557
144482
903989
346514
371615
490508
491019
836625
48260
678681
461100
123573
835500
834740
8344
225070
771585
236710
257537
353236
121485
413926
12923
476509
82773
62803
251049
624555
906193
431553
831617
686027
234425
897021
135682
59830
496307
374295
883667
271611
26530
546196
504602
63208
642509
738418
682497
210242
147391
761862
68446
524164
632322
898613
895886
773307
253137
154432
359030
633269
414074
523596
107995
524665
785827
922033
106921
31087
525468
632775
578345
930481
695874
156116
737263
755997
525731
140507
208792
802375
228866
112712
389905
413766
583718
516232
876000
28508
663210
211116
402780
595814
979351
834425
559946
702824
843539
287069
83102
792186
767141
400103
409383
566621
66074
991049
581509
883401
544965
337884
605520
509251
314410
332013
97844
144417
528075
19929
891399
667825
799932
172060
17024
467822
209791
437994
731021
92432
185371
459971
850421
247362
729198
229281
422786
603524
539739
511842
387354
181584
371776
652450
799542
361402
15018
378391
271155
191553
392422
548643
516369
410919
706324
128130
886946
260587
750670
4727
162244
885703
806637
975653
100219
790989
17859
560892
495981
472790
315528
916700
58048
712165
13833
651765
981759
378821
966709
710585
796091
988603
322148
901373
298695
916038
871727
97592
456426
896215
636050
503878
602727
137515
155087
306456
601836
613864
77164
715848
877466
713418
102170
316496
746633
830249
207974
665888
513749
278176
648877
843832
335434
299318
430305
431520
604587
288366
433595
965960
210452
998830
53
191377
270543
701749
190501
776745
820111
103109
639364
289783
16416
925215
301047
855540
643905
554996
62601
130820
428743
812863
295486
76064
243398
86774
540003
34505
935479
286856
162741
823282
323628
780775
119766
534240
214818
132036
777071
873700
165188
781301
576569
44182
945304
82504
834566
634715
655193
412064
493328
706347
62379
337167
840819
510581
758987
703190
812660
738679
136956
583386
175981
717034
936312
936330
963545
452327
751476
837359
64178
502761
611086
880543
110965
687961
349177
370499
663263
764430
566481
291872
645238
466004
525779
155000
501756
219714
944793
415543
370633
438381
612187
918813
915639
666961
308826
648183
7751
72609
252733
40571
719125
640310
595548
968426
557333
721044
57205
96211
945761
792500
638772
144503
891721
198207
600420
494814
933263
555887
255016
732171
810747
118279
116871
384495
215547
578050
905325
985106
481534
150286
987799
456560
33585
521009
447406
623019
662219
421795
730160
945583
181606
330352
147465
587714
119971
760400
944577
454172
784702
295271
510101
255939
125671
62261
335128
537470
637043
205308
395818
283991
650940
284564
391661
389858
303530
892895
954077
299212
576951
143392
831795
281640
301598
676671
150905
510995
765148
377668
224586
518446
783648
875141
294034
73416
232631
799476
334638
80097
86266
749636
746825
760170
285749
667123
147167
523160
248262
846613
39590
485643
267481
780109
915278
700106
220876
499226
308643
659679
898895
904528
320227
495780
767319
772376
418894
986496
153242
108624
756139
363318
727954
236341
545528
417907
957358
880336
681581
49994
423833
915847
767820
574394
670966
720486
940572
31688
609565
718727
462337
319199
689853
165250
548966
758565
944618
634705
248354
705967
698648
10457
808972
73663
710960
36319
286867
372730
84842
150177
400572
926188
952980
817057
499759
619120
29611
606375
748143
524597
934910
109943
467130
875671
74303
555808
924370
524798
414834
149830
980769
580382
444419
773970
482942
924323
341338
934758
848801
756583
968617
120270
343374
543488
345496
924757
929300
63290
404967
405759
692818
248879
660076
247445
218636
823502
897096
26234
230084
40633
59012
725593
875760
362109
729028
818097
600191
240439
694372
742679
462014
629967
39642
119939
761372
63389
184643
499589
214409
417858
612998
85413
737025
202010
178011
374526
178797
618648
650621
850893
217686
96285
444567
695195
413420
900053
321589
341456
201140
92998
609440
768573
582566
25011
885562
912676
487789
902879
772459
566053
270245
261518
302575
711952
950715
5535
937207
417326
613598
561679
449193
561244
713016
765758
712741
743864
693128
979163
212807
202203
208053
688349
893751
557556
439394
464137
16891
184215
774021
699271
470526
112225
21912
9050
476404
272780
766356
475917
827299
990404
420310
944258
763164
272460
981165
335124
314911
717701
643370
7866
822141
481350
120101
202099
624827
771970
545769
355085
456877
198058
216354
619841
688133
213497
620478
865314
334900
257087
48920
603666
660799
970326
858955
957752
905290
16862
911885
951245
202592
847604
587792
285720
641923
828485
100618
226786
238363
57858
131689
284411
229447
233330
726292
149923
489262
895621
981456
993946
914235
21469
408542
929731
580396
856293
716620
266649
802837
359981
366258
754274
866573
204486
280158
563900
654921
600579
164519
460470
693163
970257
90801
859286
373492
613427
759601
620595
637688
949671
856084
785178
489118
267898
344635
718406
314307
48111
421309
167009
582343
703606
921078
168347
27260
60786
842153
843341
940066
327981
69214
623368
178853
30131
77735
40462
239411
584908
502609
778573
82896
259975
461570
53071
707076
409441
34930
494437
43771
13932
459897
988035
971682
164475
51510
933614
828798
260022
266840
387460
586626
723006
338398
81348
243510
767754
411059
155346
1672
496473
507067
464673
211342
624859
689167
646145
318772
84067
98813
258513
71356
891281
777110
591914
307175
696952
463833
37978
722777
54202
53423
647004
27329
443699
661854
284792
731166
305395
187763
116699
33420
911841
468211
689635
757982
516613
159188
117856
331876
564631
16223
856751
945467
413181
129174
680523
426608
829292
768206
113726
902734
434348
181531
642445
638245
672167
109157
366390
189578
945559
261116
889477
906111
695703
50004
339560
751923
681012
552530
828024
743281
790693
659704
304270
887330
7764
760498
396697
416265
832689
210159
989254
330060
272401
663081
545366
284282
831872
708814
928362
180491
540263
943732
933839
441138
880764
39274
864893
123253
340788
345298
367997
891780
181174
624544
319517
164200
328439
905663
40719
59727
910447
984477
165864
144819
959325
891186
743883
116184
396693
518536
553437
787103
542327
956162
592399
653074
26266
962358
122537
315430
367724
145928
472854
415040
13231
28520
785454
180525
303343
718274
943039
890947
967752
706567
962335
452469
716199
291767
770180
230738
233442
344768
892418
724062
797220
330577
936846
133349
934645
617361
790287
777051
221668
888470
678263
392622
669015
293350
420618
55142
402040
529651
319137
707566
493608
170641
475043
356726
62233
416597
352586
94515
803391
885757
714247
916196
334197
774318
223403
376980
771103
110032
609652
100113
482757
369385
407355
696015
308865
258756
446057
837029
548516
281911
350824
258430
443975
387262
200151
149164
262364
182726
317343
59932
44675
150900
858113
918926
837237
383675
527092
514784
836341
745156
55992
325833
479410
191292
392692
423675
87056
231869
768627
907788
294327
112699
400817
964513
321806
517881
228708
438818
569369
260382
802482
368143
705564
888697
584468
954302
434842
768858
585850
393574
487194
48442
732954
237251
646365
364132
794477
446348
51405
667529
688411
725187
565763
384874
40858
806510
581266
597414
50967
712023
966816
246700
72263
384287
737985
2543
694333
526335
852387
741976
174433
644056
993711
754051
818121
462221
450842
590595
758323
402425
625156
906939
521602
36481
782257
67077
54705
143797
764691
750596
584904
953936
437442
264325
356690
684970
934302
810510
272844
649589
261784
488790
926839
43849
759611
807998
578993
703321
692963
923785
495109
604245
169946
200914
943278
450655
959913
871054
910734
708018
728961
48812
652523
951387
207707
385809
682628
431813
816674
316730
657839
718282
981361
655853
267772
497837
461789
976927
969254
223998
406596
49656
579089
792567
751201
672165
651170
372275
49702
817593
998150
311712
597967
786957
708430
221467
478604
629232
210527
852421
823712
251324
831800
997803
970595
680272
348302
262726
406040
145529
164443
46867
96545
564534
64701
689042
349170
507953
719964
294910
531476
632067
302051
277479
716593
409846
585447
928329
547800
425487
98944
331518
413384
947776
261534
517947
897285
986023
875601
235640
848904
277460
411660
210712
381072
364405
384139
240223
211688
892966
803040
928687
145756
332276
513661
109808
157049
820500
895248
493994
788381
641454
297787
188723
498014
980177
62878
54542
466809
407431
259530
865926
396485
592905
285221
720497
814987
524348
325023
299911
375038
429382
113347
42283
571754
128284
880741
543067
877067
491180
189249
555590
107561
701968
748422
672299
488103
836511
938484
589538
86670
318535
76769
571846
877031
723346
733214
830023
219128
350722
834565
439020
74419
297789
160634
32760
544045
70123
988678
657508
922592
83173
315325
944143
104315
654580
686925
501995
1944
801452
750896
953839
480927
160606
367589
198432
946616
76779
158386
368408
975572
313864
177679
264661
612793
580480
636581
556451
945968
101921
979707
426227
132306
346124
114465
887081
696722
896008
661546
521040
905206
538793
533192
989879
126299
107962
874016
128172
994364
561567
427692
647609
740677
576039
322118
532202
467246
9725
216482
901031
649123
64877
79039
726304
510485
217092
526616
449110
667419
72492
93954
36518
436984
572997
770376
681671
798145
569350
139400
600766
902662
458431
776882
357104
884479
752300
510174
386738
49210
378206
907085
94596
348925
962767
456130
348890
950354
459381
982028
846952
989874
377254
392924
366169
993654
166064
989036
23898
311034
848958
605703
315835
144409
592497
699934
985387
78808
489952
275879
967760
282034
450153
383245
70252
116906
845634
644129
196294
296647
59621
728116
274813
606412
430045
124148
940932
564313
131464
617268
304424
60929
846720
90149
460528
484226
400007
218648
251143
934472
983775
220904
695237
532666
327055
635560
512078
432546
998788
647998
726522
348497
525043
884313
628564
408344
588519
77797
495506
222178
638372
924186
74060
945390
46687
664578
592792
22834
391916
391347
574465
512089
457059
526234
779128
305223
2263
287483
688234
809728
682472
753308
385290
971330
735569
22410
729030
923625
51352
49850
181233
262731
185832
431171
100093
137721
187872
844312
79888
721314
704058
866198
115480
584134
231732
488410
495009
411106
82282
783236
387746
218550
29096
772986
344036
139150
966933
352499
540198
447017
531861
410925
676396
641361
766304
616219
45479
890845
964728
918263
802302
347806
131177
968130
629050
824958
95525
634617
151217
55215
746042
51672
8640
239187
398281
464756
670703
717276
812025
447858
119308
718840
337586
690495
612043
895047
263883
827018
371153
766253
417197
895572
837957
594053
214154
750931
880029
775849
565469
337279
515535
806258
287367
690225
718165
546496
835713
995816
820076
143341
923852
156930
983066
71409
966361
339074
923017
964408
513910
256575
28162
289392
398219
464995
519861
172445
344279
827450
181669
168306
980424
67327
560491
27897
55042
974706
11862
188857
199981
644042
336027
597797
459216
221610
349638
96916
275097
39670
279569
435172
473424
120855
680905
882321
32481
244172
915052
520301
353300
555078
469421
127816
36968
148782
666398
356889
150925
214888
452326
477035
445182
498180
333912
950658
463511
314634
620717
973535
579727
313656
966054
704905
361423
399897
770428
621968
120927
894133
216829
815212
481844
217573
913438
561821
254289
970484
750456
657784
542665
749856
606070
821108
636026
48594
811704
789385
745663
71078
979676
585023
515642
823067
902192
224315
810724
644986
446060
608568
879088
219809
374887
74298
494293
111864
858380
145518
238631
671703
450852
784065
345535
447656
654274
944902
506215
809521
492523
440179
585827
895897
599938
632116
58764
214998
826929
103297
213842
821545
737132
804154
867294
692633
463901
337359
842563
905806
595067
390898
753085
545018
973695
185987
116847
101573
201204
23985
912864
504541
701583
833762
693925
7143
846594
137611
132239
381621
727607
994011
516440
739544
389366
538396
671725
856834
381790
452933
609500
912927
120079
106758
275050
424007
155609
631869
216956
911572
806026
79940
299153
453644
917064
523187
370492
387049
848897
659350
543890
715264
565254
396946
218252
116719
624844
846930
803701
648370
380928
779576
813363
791160
46028
445390
424238
186788
12630
112084
219406
819571
834190
986928
388500
32952
428089
992139
679613
580867
78003
508152
572058
789324
93471
38434
523754
489430
93308
912703
517117
330941
663110
41902
524614
443922
849671
269253
179869
438369
420496
371228
601080
336521
271292
276611
951290
724666
913256
243767
312354
366892
83137
128659
969436
582200
549158
501764
604205
207132
301124
27874
983693
850758
932998
899922
101387
649437
881193
540192
23979
616161
159453
409309
809087
662954
477625
166191
111702
140834
554372
721377
875794
865056
738482
24640
94658
353144
130831
34244
446351
782124
343732
493570
161444
678885
516457
211386
954911
983262
508133
31165
451660
229522
912153
420118
775321
359889
210741
507283
224501
969757
137375
713490
664663
328528
79484
480515
596738
41302
891613
801548
439104
381206
787752
478543
45332
520080
589060
588467
848256
740458
706180
325215
143572
756972
53710
939462
85183
880811
933202
850799
328482
622540
451653
170136
453029
987157
285770
664554
560840
90421
683606
185668
872225
830430
29199
261653
218329
786372
957880
965171
682783
518449
794792
900891
559638
260823
746573
834669
590745
670215
277742
239005
550945
831456
41173
487701
217616
159441
928534
833690
587860
858302
346176
120124
519081
118541
654699
199954
185449
373132
280897
170914
107394
575787
617519
607117
636249
314164
437748
453224
773428
542418
457090
808397
727056
602376
978986
288768
476928
719916
347350
93431
288762
556667
9534
992319
640753
426344
957022
674300
155420
669895
438943
89146
998528
339984
794735
261869
415484
234522
794622
807652
784715
202629
937577
366764
949913
886882
735707
965310
196806
624094
655279
237840
366333
945815
372252
244470
793119
351370
813126
325584
234156
839785
41059
889760
98425
639557
911107
517948
417800
236264
246432
732836
225630
925890
794960
87740
747832
935910
176202
10110
361615
16569
275507
444317
956605
958923
210185
587811
535290
743137
288074
540303
502766
794502
623031
541924
507451
366372
801850
649996
22698
587060
609842
950540
696060
977420
371981
550017
475288
672456
198132
515426
190814
110967
168469
135858
33529
610496
549700
107799
850333
323950
993755
683800
426556
108215
548877
768841
467272
220104
465940
986038
903009
232691
28232
277117
323370
811079
78213
692401
605216
945769
615529
747097
179378
248364
528373
149935
925625
738073
317487
166087
891356
170509
400272
991979
315805
388569
962900
299386
881362
566946
498059
583741
636385
855069
13592
51571
881456
213939
843620
279213
865609
844817
926331
600921
780187
712416
789189
742252
429400
380417
992323
652717
200817
899686
708084
54518
634026
429608
253466
538828
128143
50846
216808
351671
632412
46800
650247
403293
923597
373828
600554
146083
130287
148688
957828
148176
901314
283202
655836
623149
850027
994051
772647
625761
473773
601234
922981
513215
693778
996736
614617
260615
360331
846248
862848
987491
380420
482502
425106
360210
422212
979027
292280
705605
541711
258844
99228
199569
154393
719353
956117
952095
472294
608547
437572
786257
417822
94735
264861
677482
96452
468806
408989
595440
21793
305773
18519
568442
286523
350968
674429
716134
841199
538380
809863
102624
668943
395454
848863
15696
857182
779160
296212
369408
876187
626430
301500
870513
537304
895040
344301
675777
256325
881397
121519
109584
30162
442845
94476
330172
404293
2329
411551
643082
719761
433560
82631
884251
911939
790301
614417
686046
837267
93861
158320
58887
415524
98585
272131
696336
677520
792816
726175
287475
601839
568035
26087
421795
14434
855185
102918
326742
217639
341857
228571
673286
882724
984473
790599
778491
58742
526598
706007
611775
153311
545921
690482
717917
62988
788531
508396
559384
463532
275351
146412
262460
118980
240007
318051
735196
902821
504346
978859
261012
504329
322806
908839
597262
980375
148014
16459
799618
108320
239884
604739
650816
391158
499880
748855
766484
546755
159890
710302
446308
900459
827498
314819
106450
405208
586663
868953
739159
469753
640372
590469
862432
620290
122451
96047
431511
18083
79223
501555
795921
672734
610794
273575
549702
44767
222344
454139
22290
739799
232734
334189
970486
890946
782463
557262
365174
769676
876245
156731
840014
849655
25908
948107
900410
349395
835589
876023
599762
654536
309787
760636
488768
276291
542039
145518
5802
240283
739271
647221
257963
371604
690936
531801
425987
200387
33561
633054
577178
278698
514302
670641
787963
809592
701397
796410
458099
123140
259731
365406
692989
214985
28066
132801
77225
142522
892836
497405
645932
827071
521261
359577
959870
840407
489885
354196
932238
330992
304054
602202
67750
374334
213264
748415
511908
688308
723472
971045
823951
390543
752207
799706
111751
205833
252300
183723
648049
624920
201916
83604
426725
157675
525470
902524
782577
858126
837277
250344
212481
696787
728781
105155
737041
742306
209280
584258
417390
502683
881288
321260
443307
292045
911474
5113
815463
594910
836032
321672
186431
106114
93378
828651
903188
121094
516089
785280
962492
647541
847526
109996
45879
790303
844333
133871
572227
401221
394618
542696
840758
287368
580745
821684
417183
635735
519335
383311
841058
651710
122640
432722
566685
141570
509178
49228
359395
322134
644664
310464
216352
261005
641346
952412
811448
129664
525693
135929
508056
998201
983864
513911
985478
351096
189141
649708
610542
622732
932837
472046
899390
333204
909806
214267
42512
257972
190445
550293
621678
564371
354357
681123
355902
937622
252357
235493
530844
507850
943240
887461
802078
620699
843119
101526
51108
6202
679302
208508
692259
379450
344972
65899
621821
133365
256248
913627
537713
787013
4920
95522
369600
870551
507919
363664
686132
629812
28769
973908
420421
655958
884104
146114
551694
823659
625063
508843
477777
80772
942590
159997
432199
319828
403704
785266
403132
700509
777330
94713
289781
896630
41501
960183
97606
376880
116533
921465
131445
513829
43055
286930
659844
800527
83735
384102
126229
420120
454061
805225
905877
636905
515841
252750
188728
692638
226078
278196
319718
36754
986364
120577
608071
2476
34270
151157
314870
827830
99212
504772
608334
686407
144768
664399
968201
354778
216751
593542
904844
588146
454241
479196
721667
316204
25020
763029
72773
191265
444658
985277
719248
762301
479292
481805
48084
938366
856068
371064
452228
555851
334496
27266
249897
893699
650949
336757
941501
581665
761019
567061
497633
505674
548586
960776
575742
905667
884381
543667
949390
675928
854096
664689
31027
121014
352063
276141
106381
296815
288270
598108
604777
11070
135156
127535
417349
763314
781286
799094
827645
123308
461380
900790
731881
177186
988640
613120
821315
351117
768538
686456
61546
436057
186651
102973
819547
74830
471323
225736
880784
69422
472647
107548
112648
684136
264157
582859
786920
408938
284562
571340
39810
180878
238358
159612
225643
884226
38769
309043
62860
430703
989737
840988
524605
658793
463971
538520
760766
686913
134079
193747
541025
127971
699035
844746
560267
221646
115525
766858
685948
607812
402730
566380
557761
393510
719304
593549
831501
941596
879015
505356
941571
419585
594882
240967
188475
152505
379131
849377
164145
200845
859249
381772
642382
688169
848236
937247
72936
298260
709112
959412
444626
765404
614984
281948
643256
321346
397538
585978
791394
805722
214423
930319
481391
656262
597370
549721
265885
257978
195139
499697
68223
737902
803773
310981
873261
78366
200193
368199
244600
938032
670660
671349
329876
991183
87079
742869
542800
195726
863250
699496
870006
697210
114766
465314
193726
706889
540702
50156
785301
995281
209824
298907
18485
124985
994204
579789
976158
223092
789313
547010
675607
136450
280222
733999
281020
726692
794423
779053
142948
538728
463514
776001
996274
706842
17482
269480
326139
166456
489193
123444
240233
819838
417517
581820
759366
904107
713254
598734
710634
35973
663956
956129
966624
629201
881577
316416
623455
402029
753473
999588
595762
2282
146455
612749
416278
138958
756597
433162
469619
372061
555964
968541
91749
138252
121214
516302
803603
988926
822953
455071
968426
693434
417669
774381
241833
122767
448573
718385
728715
435757
747146
238676
897921
100095
856435
560930
629954
552204
563742
805819
283217
779161
143859
544375
161286
878471
698508
274639
382877
344876
369955
16656
102766
924978
359956
47825
702059
641037
389035
320819
881755
107566
706982
952994
114020
568534
645146
421716
968463
731479
711138
543166
946675
645742
237829
250285
481931
978260
419779
360071
560851
39503
876467
729363
303120
700325
995025
448635
215989
467217
644609
865191
990167
667796
272205
385889
433190
593946
284759
153032
110569
740445
83584
676339
957429
67667
781548
745105
213686
530955
151866
870433
1273
413437
463632
751810
769647
617059
470169
55246
634428
252933
538644
471294
446873
25455
401198
162027
271704
130739
563231
99534
688453
466586
284186
738410
184254
590341
230001
155593
587680
139795
160554
684965
207240
462305
765060
962748
893844
783558
2788
847824
641915
574372
328156
436779
545983
86931
782580
87650
644014
48243
930492
793572
525828
425333
438882
221415
961180
803896
94571
913765
531363
652760
144271
487764
721660
630956
182860
934562
917123
991507
807486
784938
591939
468243
927398
834873
583238
533188
849715
297483
502336
630094
39676
219976
580941
443372
779882
128985
859392
984966
105985
847988
757710
333206
497959
123504
397472
188394
820483
716453
484733
600973
94792
605794
228816
812574
389705
217036
401497
726460
512672
902473
475183
1049
92483
746310
693051
987453
377178
214097
818346
942480
495609
880662
836041
134193
190145
755775
987486
401172
532252
130914
380381
637584
75187
672090
269277
865184
968471
186767
290754
660508
968841
112788
428792
11307
339815
275243
577784
720894
63080
836470
119624
315320
854880
913658
676641
792632
554414
85884
759404
816428
930314
419679
27639
554160
432947
260616
866885
711178
188757
647537
551649
155205
767628
978643
876179
252870
333112
229909
927637
680055
848938
215038
160756
747858
810134
373488
906781
245280
666954
110447
538513
943205
881860
412897
69015
435582
7363
72218
459663
236387
886253
444117
917112
312243
465046
785876
63308
130115
603432
57789
993024
757110
574491
476219
910122
87460
369600
476394
804275
759890
87422
453710
518256
850463
387481
989513
416031
35145
203943
952429
333350
319489
733635
531254
680748
280994
399172
360214
953276
791951
877136
126015
260238
931584
771326
21831
86263
872584
394358
924457
520410
596172
467921
429470
50644
451100
227498
564823
854982
526395
812611
407616
219189
138624
329418
150785
742320
78584
243248
610789
163989
567315
148046
866830
142506
671312
294451
517096
288317
959744
630630
174835
541015
327925
555797
450799
927372
62647
544421
18412
85947
340624
678926
246732
248218
202631
480335
191790
643712
121693
240566
288489
915327
137476
748573
297469
765267
926850
798169
158899
568036
154208
151194
186348
778267
182719
512921
586253
689531
574513
665166
218668
923702
673073
399582
730455
387396
770902
705938
338901
661307
214319
800136
273131
202735
738201
370619
229852
440450
357590
763918
381858
707034
16818
722934
450491
483098
19948
446081
201701
676623
662297
762741
734852
687653
221212
278075
59419
210543
731258
919152
569023
626330
50037
129655
139920
836855
490084
335249
446225
857980
429526
634135
624794
636256
872011
7387
900216
112910
935262
393019
75282
881907
481815
46118
548676
874267
988091
773632
859345
125910
769699
298148
909043
998171
376534
802179
895010
881005
123856
158567
404765
641671
430599
403100
403479
322754
701489
984548
514327
825721
28246
170735
248983
578536
787147
950123
402359
604656
476251
578510
7137
237185
907069
830550
610624
433342
183751
133425
378757
880375
50084
172904
144785
39998
969775
322559
432172
56930
820440
988665
410901
662131
92316
47457
671626
491310
112220
955431
946461
276144
776615
867245
346097
170638
152722
220921
198529
662677
894073
446174
960232
780420
433366
940948
810066
521822
425120
916855
308841
876873
641072
198940
408350
520674
444193
219424
691941
404883
403592
888190
667158
822361
523175
681690
653661
750877
513670
86986
659299
449654
942954
797005
681290
441612
253173
618515
189345
182136
784846
762788
710498
829994
691628
962086
976577
68106
636509
905943
22674
915652
665313
322388
174285
460835
837130
974390
297595
449992
751724
22485
210298
441504
993484
309153
32650
379975
814464
536174
925484
710090
930932
482587
979505
178777
464607
337449
528122
870394
654341
2283
822883
83370
83555
245660
119254
814851
888620
924030
498433
849301
55811
562
607530
378522
336033
577855
677993
671499
394266
630415
384933
957787
91696
188545
638966
183457
9940
133991
433200
985612
68709
805432
774336
996201
889168
235413
419984
314203
899678
772051
753663
60454
435706
935876
715772
615917
187333
588500
907727
343688
255088
557449
505273
568793
486603
708207
844018
293035
236790
771657
60091
311041
401893
228868
613086
347354
211327
900334
470955
831307
389118
278080
632541
431958
613666
519929
277476
202233
995223
328708
119865
337716
603535
766565
609773
206599
914159
910272
266500
519057
558259
455957
722868
396403
860612
12183
861744
498938
51616
884839
61936
902862
183199
893549
606374
406044
740083
688520
371512
51382
488186
346374
236112
501477
994121
933536
270283
671309
259526
768501
819107
362926
645923
57377
901893
522123
853003
722044
917749
998478
112618
470885
104685
751360
693070
599638
178490
200052
11601
299929
124693
981322
324825
178554
964469
821549
265355
803674
206826
875404
790850
984065
973788
540591
821638
199817
254282
354632
532502
927862
919719
73749
262595
689359
631350
975574
774454
816624
267642
814909
227280
655065
106642
20340
111425
441783
554173
809091
769348
987180
850331
803646
609356
204425
734821
141008
777666
460277
416496
944097
162497
673179
225288
59262
485699
247164
604851
201098
941768
959240
248275
211715
115246
106227
32403
94713
402691
616852
766021
256664
629332
516003
801392
827522
535666
319353
10254
548171
604298
924080
667604
649166
949576
711706
178406
766691
984073
544350
786301
268548
161241
819613
250401
80374
40056
270476
345633
340324
22107
979701
436829
889650
727086
947615
806665
653833
869286
455172
810628
450200
509556
391303
375240
521926
360199
785004
535653
753273
765650
289472
33151
222720
902301
844059
635987
595054
713600
573707
748106
63005
175999
340808
146807
58325
526292
210663
899195
198715
342416
756725
861595
2714
746175
899171
137926
91992
72577
429427
184601
432765
919426
944423
952327
353197
186258
348740
627676
219267
453045
673925
150059
77775
531849
478621
14871
905226
77056
18275
826288
14152
5500
161720
905824
883293
513673
789781
606945
239779
202164
899821
747484
678955
686479
809091
43395
192381
428010
809925
165915
816325
312384
939926
398302
668810
591576
260723
693233
916029
819489
534652
147982
611579
29540
45179
602070
488742
693187
450374
196005
547076
684590
199751
275161
53103
687144
635488
614297
354698
389575
273272
595930
87776
252559
147374
89650
581978
864864
106275
352246
465973
530887
777577
197564
659925
331317
407989
369386
351775
945956
923254
941008
939323
510661
68206
434430
73574
84155
181910
933007
846524
973723
928433
332699
554843
156826
207910
402144
169848
725716
116372
379937
83966
542378
906095
717357
990527
680858
412047
95813
145181
333140
76231
188204
305583
759674
740688
145530
761633
712620
186949
458076
289823
553289
541605
439650
389999
572412
193448
947817
545625
50329
269774
372567
243962
290533
725462
295825
436029
505228
211398
812485
995984
338730
638351
847205
631443
77468
695428
876013
884432
792524
245569
50094
847509
924925
234563
384287
483072
177379
765850
250435
629090
511415
897975
254621
843665
156823
959216
62658
828322
361499
521753
746744
859128
843277
590397
197580
669421
949434
101706
899632
121029
565860
197971
521597
400714
913185
207482
487529
166899
624092
360069
851009
512849
32194
120583
101428
837678
420715
776062
386696
210056
620521
726785
144536
139094
620746
420888
105905
479836
846537
698678
289066
6300
658962
450340
617675
153135
198404
466284
121273
175010
341962
67648
493555
747575
279561
997685
713222
435714
20571
412639
679767
70102
224556
839855
903022
201563
381856
612937
222117
449958
397622
975878
658256
768390
311419
823887
964368
324136
886855
970677
439961
406473
31800
185127
266944
399304
899579
270205
996809
557578
426568
162961
942374
219696
782906
37241
460961
842524
91871
707542
975673
732328
211481
812947
799221
139943
31669
571926
897859
892914
294700
200926
857060
402870
423682
759839
557170
4871
8410
570561
158976
423656
829249
562672
383771
538451
830328
456497
8711
757194
427219
263137
193388
153126
24065
330737
569839
499239
261003
219958
512865
800863
59093
790132
678746
293779
819211
768091
520880
458141
176971
568239
646690
363487
639690
490593
469944
463712
384007
126878
729817
477093
211933
678226
78485
351484
233867
951468
64452
474919
133556
949013
458708
654457
792064
154675
570093
332430
154007
371592
56135
730291
398104
774570
599066
100071
798576
652006
913983
161993
17639
125235
231299
315022
16316
445794
799178
549670
323445
660118
427177
786329
304009
392188
133004
172327
578446
825782
263781
662874
32369
364146
615831
877448
242834
861827
897091
58161
415279
490440
785241
780944
714899
1239
904652
614761
3895
52973
153492
111057
895168
674539
70394
55585
420418
125586
983574
890647
345900
520136
607927
577465
396551
540976
225266
552368
190258
52046
317832
955658
926988
195978
613716
654086
41606
88768
151342
598743
272504
691603
834340
61476
679986
970391
278503
687768
407565
95883
152565
662888
842925
494666
45014
892851
688823
415017
434748
730456
365552
107140
381462
584775
637923
564428
524772
27617
246160
389757
699942
198360
276866
850553
213986
416330
331634
998268
960365
886240
419420
986116
194555
607900
127915
493285
208417
564969
250796
449355
852233
68290
460072
175713
57325
439544
371583
738676
685152
175050
326397
431652
451743
888798
746571
314684
780504
506361
924534
694254
515651
908188
167375
652393
7769
867083
80420
456730
487600
240710
462669
526435
90157
769467
140936
885297
634542
213719
814568
426201
965798
922383
549535
986232
662291
152270
386008
429810
159204
41556
607079
48154
140455
333005
609297
148662
110989
215265
543485
456082
253814
273294
589870
49308
703077
398169
815249
564016
396172
844513
92051
967841
43619
613022
74280
949209
504316
674265
912666
412451
244379
293322
880073
818051
460776
758752
9795
936583
16586
730653
253622
546773
947678
468509
481750
396979
73975
213128
418635
105931
859703
291478
271114
387426
491372
603508
524608
220420
482313
211680
92456
314428
622821
513925
12990
322029
452873
215535
5332
295645
429554
734724
181904
944347
370094
894070
653792
700611
239599
11219
743327
465356
122644
610343
315459
83951
508767
433454
99683
113535
980572
976646
436923
786504
22762
359102
46239
657674
858353
493995
125741
461454
445889
153686
561140
393256
344370
667165
601485
36307
271528
111071
471358
361736
83553
979937
968386
484573
394310
413936
113132
807206
551385
852549
596930
481417
296219
255582
961159
695002
930720
238180
86195
301788
545081
710520
849160
851843
53462
38088
108197
424740
104199
285494
125971
577993
137719
548855
409458
426559
453950
258149
632678
575645
994859
10671
40105
852366
171220
791784
340976
725991
943615
31996
306692
871864
296534
470583
66812
820863
832522
506969
645168
252508
348315
422975
649431
651559
75046
376629
306292
834599
272465
371844
203378
784183
88965
493224
738080
95703
256202
467106
234212
292520
888212
410326
412532
744762
801473
625268
111972
812012
263525
330426
327796
885209
673826
902725
715626
977374
777112
278398
366914
302145
594894
374419
506429
327716
436444
273387
20365
289352
748254
701119
384207
900366
752683
579415
4878
584813
999816
496512
333378
901217
848389
628682
134138
240932
469617
160554
14020
304569
982972
555809
574211
245485
728303
291783
144456
702838
450737
67767
222361
712742
908926
772710
579902
731551
772583
37234
394958
184271
784891
624386
863797
846674
26189
234809
54522
550288
426234
373585
444400
13912
851479
763146
638136
689201
950670
563901
887087
406660
338684
403929
486485
923261
912331
544321
899773
331085
296013
166492
980532
922505
700565
755204
610111
429893
167493
607756
615796
845521
93754
104532
333573
87455
92554
15161
843764
992260
299911
823100
729834
917121
337785
808742
41953
320885
64056
935875
557359
797282
946918
395634
591780
937225
450360
836483
337519
98152
969203
168935
252134
591956
239683
63369
338884
231170
106196
29676
386334
58198
291857
6281
902968
424149
67288
199782
659934
16947
508386
322036
683956
797581
50731
339229
485087
818511
13576
587336
540042
852296
60057
386026
949534
791449
954737
729153
550611
12099
169978
312038
534251
360029
410140
424211
262642
38262
668343
576879
931831
539563
676795
562927
161911
979576
184794
697460
891656
551226
53684
560632
938269
787722
807528
820845
553492
841728
573085
72988
190566
266907
827254
85027
828996
450042
549243
336372
758813
806315
116653
122265
93945
568006
909922
73051
747779
655850
393447
303911
706676
985928
975833
345854
437645
466903
316543
794194
65637
243253
897928
795596
100927
942448
39478
221963
268855
253155
497781
637692
257252
623083
402427
108977
841020
132414
440974
793815
460938
692722
159357
159351
686291
799922
277513
237856
155353
463335
676036
989814
991650
741151
381820
60086
996832
361864
102957
319300
994162
331649
469093
468725
755498
385000
645995
178764
236164
675283
198974
703137
679876
466461
938745
71025
822800
429124
774699
901087
506291
629522
350371
129855
886779
751006
273592
720892
221809
478418
605961
117707
74204
752764
90861
238849
439076
446644
550043
861140
420367
819475
262274
374495
58963
2256
975263
945953
469299
46987
454560
933334
702451
102391
195730
987161
500055
934195
859738
107899
521372
852642
40989
484993
176644
446922
499167
648828
214429
935666
947881
287119
195384
739110
744592
868159
35013
71121
425743
695875
676032
748328
429126
663820
382999
35222
787737
860304
94859
480205
234903
447921
725155
754320
934405
746324
357257
626027
655754
616225
457576
817331
784717
903880
822601
82419
394714
837801
620364
498489
758876
709581
276021
742687
251211
631797
26179
489111
378532
631099
979310
822824
580982
301217
736402
926137
456297
114327
874799
177409
327035
51326
584167
948581
473198
470587
903693
719516
835549
573266
304013
683001
104929
518231
433044
521586
772737
669781
674995
558259
195899
62294
324372
540559
806953
387750
46963
832703
472550
951739
951233
558880
840734
932322
892768
817525
250891
494083
675009
160344
194081
121652
210536
758545
253732
353727
259127
822063
229682
13768
642248
623413
491944
989399
994325
601109
62540
93241
584781
765321
800832
177033
663810
588113
957388
296988
932498
225934
298719
713935
333200
824337
452767
364468
854344
900480
703720
483198
580719
312672
636636
364723
438150
209858
694049
573772
713677
962083
292127
865560
400622
939611
677622
108338
965588
228552
897951
189492
47876
996907
258896
950091
684701
808450
124063
594970
654163
64571
788562
824558
932920
213335
707906
372522
719545
950725
580007
279390
404893
126023
680776
292772
310260
439978
686485
191094
32776
71866
518247
965614
402871
299728
994569
805519
526752
827922
555136
230107
989736
803137
79531
80390
703831
75716
709387
966301
346789
665631
245248
72679
360558
594841
108211
543185
322012
680681
10563
455854
112336
974558
711945
699437
964095
839664
829922
655799
435987
225480
703446
147439
924565
655649
100971
610021
191607
69253
534056
166516
993906
799381
818849
392813
40225
762347
998907
285673
869009
301186
11935
918133
703975
625145
234355
526507
196879
967217
999264
926288
844852
699198
829389
674663
859625
145172
752472
433084
370881
408681
208636
545572
550037
770080
139300
287994
911069
926642
153802
246272
170364
933451
114903
681926
403668
540284
518155
711498
328433
53290
420951
790807
139673
174143
606628
924613
335397
292916
884977
720484
491193
630547
489232
609207
466450
564975
561357
389927
649811
323228
276656
860068
567997
776894
550765
645414
78250
730170
187901
101004
159689
824700
464378
560205
113381
805663
566832
21845
95307
419980
934129
478340
23577
569018
13526
967030
977881
508952
109337
253717
419993
460293
752297
738983
220064
895065
635514
51621
585766
672873
144583
112368
596182
201461
655399
928077
617992
54890
899165
637622
294259
354303
513097
654143
144407
511551
962459
150287
948609
112375
793690
351220
10928
290611
43313
404358
530855
511504
564854
315890
453117
392975
731387
128673
210655
59321
658590
428739
424666
209511
781377
353136
800570
272910
851597
551497
60229
787585
21447
99801
203799
190346
128591
818441
469632
687895
695586
100991
255980
393103
936700
80463
23893
523790
936859
945636
553647
57809
782148
467978
108220
11078
94510
838317
780897
371980
204058
219899
841890
201120
817267
689863
475222
188898
344982
716046
453953
632251
882168
731788
796929
226561
60638
310592
775854
788609
630812
292180
470516
988585
795902
374708
557205
259296
530636
574395
504108
665315
52776
39539
148757
168548
119470
979353
231642
359942
953429
358523
283257
218889
600017
921262
371606
666569
634012
419044
69375
920174
864440
487198
616021
643171
532650
719530
905738
95754
303346
773655
543982
233560
578344
316132
526612
230395
704201
830582
491537
243036
629217
76096
75843
891386
22696
167617
212691
621453
181864
781106
293162
959505
445883
290781
269880
423289
438155
616713
70333
240109
141174
827214
624634
186097
73703
704975
680965
387520
713360
339078
524091
124202
687628
782686
118270
15943
676777
555493
380555
342401
289006
630855
65655
691539
396162
937223
895574
340383
262183
332738
923233
645287
978519
442032
834516
847372
939413
782484
138927
456060
132268
829675
603227
348947
283734
650168
414708
240779
251475
903359
687528
618471
250962
804537
993400
351193
248641
827488
522177
364190
45799
774217
26763
569909
775298
501348
471480
812430
577396
460197
67572
577123
138420
337588
834576
286077
443818
649594
241854
544101
563949
508828
574014
125326
129819
706423
154287
900066
284015
224883
354149
595858
318546
897500
305158
706098
13088
146542
826322
839127
159429
646481
382436
422786
394675
450902
442344
334478
919034
520453
289451
38289
24494
74801
16544
1975
311243
17561
574646
980904
977840
503957
376878
596436
988403
151115
502659
252382
201537
148912
996138
688888
546863
472027
233534
649032
279185
592766
71592
698497
456203
298071
884159
163198
506879
744688
982860
624606
322165
35166
226289
315238
374809
442174
200227
630410
410960
796438
533989
984400
790549
841015
247583
387829
201409
674239
690743
380249
269232
205818
636958
86377
557173
261240
61457
904057
465096
852741
263291
807040
372964
800591
42484
110315
20573
79515
186826
767118
352389
551747
801198
557549
184749
468028
791022
894194
384601
48664
57293
70966
391394
697980
470572
759892
833824
128294
897264
490654
54931
373204
801939
408073
440373
726162
950250
252543
378188
940453
680574
577424
846214
498863
70460
394120
225597
102795
182996
66051
61189
231769
969307
486265
566262
342687
659458
878793
453122
256371
200995
656426
68995
603627
322331
519257
678793
753471
324307
778610
903607
338820
562816
63757
798055
420023
292204
25223
630464
525372
464910
191896
503649
825059
350899
802652
95453
123770
786665
108452
807637
435306
596119
893983
408793
464596
529170
592939
354853
725203
596357
185846
223917
25469
27472
202543
236075
627437
728675
5167
414281
476564
916589
737061
803481
939958
511746
4309
182714
50514
347371
1821
764758
784494
34122
632274
738922
119472
565273
234560
774510
395710
520368
761260
728376
543169
959934
197664
274997
99639
214641
389178
950317
838498
683193
964134
230044
779389
785900
27604
646629
374155
795677
359262
683753
940650
359886
21204
288848
355209
282965
224427
4126
490700
615076
195778
561874
15816
690162
334509
768872
470861
667793
495006
628486
367049
323607
955517
394135
816612
422244
429830
81264
375729
988861
395168
328630
525366
666497
239655
921293
905701
290344
541913
781524
251510
710123
60931
869342
563358
529235
707435
769865
805826
316367
940858
394255
930775
583180
869227
480546
695007
178520
785512
946079
987381
992284
744206
582895
957315
948400
323195
893459
931052
310216
641148
542899
401312
710732
283920
168921
326248
83654
742537
512719
724194
447015
799093
488596
133803
870009
974123
694495
318841
549857
280436
639655
574434
580130
826685
287106
446984
40856
323052
682185
952045
393878
499366
73756
404763
392772
366905
179111
155141
931014
967088
727529
623169
357693
731200
881674
655239
293558
728867
783075
124015
258287
711438
150408
496283
64325
462585
438162
387252
904639
394586
593031
941286
474141
576725
42340
164226
183985
745103
928786
295624
368814
248171
766074
657920
338270
249045
444965
282744
716153
678087
998589
847388
701419
942308
519281
455958
694512
805535
715835
800198
237093
348730
349971
630863
3756
440344
28502
696127
657635
53083
676896
548265
201987
135633
928667
840807
506385
16281
363470
820279
113264
958694
875294
869804
711030
400739
833790
452721
28664
724166
261922
851271
750902
252632
750057
511396
965124
362674
739964
352592
442956
337073
218828
164846
255167
9933
102973
142696
166890
552966
355863
902147
853156
479859
680077
733588
197053
775553
625173
306707
252616
797677
226658
879633
572868
634625
732270
768041
520898
747823
384170
582979
803390
485174
483114
674470
554415
648755
934070
56507
590748
243345
914494
128483
111961
348237
126857
421085
371578
818509
679292
844217
262273
667236
963279
374301
967791
555585
393932
831571
264024
404313
21316
73295
271826
870195
127082
357548
347309
835654
666227
60556
947984
257668
459692
897055
335708
93819
726256
448861
58468
6916
603812
568448
653799
148930
190690
495816
202871
339536
883649
824399
506410
581338
590232
59820
691870
48898
452119
544501
71641
511498
526037
192085
422300
554826
846751
254823
342445
215343
571155
343299
177611
721813
569443
183967
911477
927547
74929
27211
843827
38223
624132
573242
415187
94632
315302
28847
792022
296142
547986
200703
652772
442910
225858
908785
163332
678184
108780
872746
663797
689231
397459
263828
415504
260192
349432
199578
434899
647176
840329
481622
68958
388687
118565
625683
49685
649749
204284
850206
878021
847267
587342
979930
736664
366509
157159
359201
671017
827449
947155
46079
165908
107053
441908
598897
452959
152659
314577
991938
107452
600081
861665
274026
758098
571893
595793
12314
411376
717149
490833
411525
830141
413629
689638
307281
256578
292415
791433
827955
266875
877983
464112
602500
349023
226662
480625
479350
620214
927657
562793
861066
354522
549620
361521
783702
194810
168570
431130
748440
884122
342445
530680
172679
266956
347371
310232
287948
639482
649496
640718
851994
100743
834967
953083
613968
115268
304158
319125
704162
359266
652472
176044
801069
959760
943331
104628
426055
154777
923895
249456
417185
63192
590671
646233
464970
291100
163658
604283
121408
857711
571703
317730
579479
635789
583755
589076
107585
560190
608877
330713
469349
782296
878876
913306
589215
728496
955940
671668
598964
997054
742009
4810
766696
874056
583090
344577
722380
245982
116179
466653
878003
929896
990096
340437
644618
140448
987428
165238
744062
610715
740796
866723
172848
707940
349565
431658
334804
395061
87592
891559
631290
673856
830163
439246
980599
622993
443702
904542
572711
122852
449507
501584
836966
515719
820832
637105
528443
776106
102473
974365
551125
457788
626689
542670
979955
228442
239996
475399
997493
316664
485682
341284
244388
367024
298402
165648
179126
310830
552272
598023
510597
812322
141541
461971
671500
334377
968834
142850
534824
542217
190424
385902
596495
662952
603001
202759
218790
627522
205280
984157
417835
668227
690281
7941
218750
471485
685326
907622
862324
833914
84197
76555
365024
284184
186086
738488
858197
308702
360430
803986
200808
560075
145307
998994
223839
104474
781960
765830
862661
381663
180359
605774
480384
628994
591003
550411
974560
380337
497688
977860
652986
110884
166974
853430
289281
668534
332655
23506
225566
332436
121167
29308
634994
241586
987699
318696
480044
124572
929206
138992
565152
793701
653644
716944
563187
93396
71695
111238
848621
847367
139870
338847
226149
892749
128738
636800
661455
676295
23775
194611
257538
324400
912112
925195
870903
35381
706839
280543
462776
620587
172370
909754
305923
454643
299055
119496
293937
939844
70525
641808
712342
597594
596004
128850
899294
394370
757256
812428
38591
931306
694104
452561
670748
644652
688074
986868
178294
82458
116011
913918
253657
814645
708193
60976
707592
352494
476130
673930
847260
895677
965649
669413
292156
823727
33430
353110
569465
990398
64980
986195
962840
231425
179400
159230
312571
573385
245790
363015
472270
976379
17018
855689
223525
625051
67850
663121
253858
598685
723968
155617
761908
155650
368468
126283
94092
346779
103470
70962
714246
21334
886102
382804
492491
597055
229780
123445
151426
690504
236364
765926
656043
977229
963156
855626
6212
252135
523180
390445
332733
439744
563126
6955
432561
370727
850532
715250
458824
80046
653332
359133
349127
463116
836630
729755
689388
299701
642240
871970
794615
151614
267378
268008
91499
476229
757322
383433
353134
818109
472641
901767
665119
783052
410751
177436
67698
907413
838269
701324
872400
230525
764195
638173
992016
444292
355546
481569
157564
155236
36169
395812
444299
879573
692201
659465
555745
522709
71816
350887
299274
485862
903756
283216
185134
640012
55810
197587
544630
117421
527005
212188
798929
573914
467640
886025
236519
83150
717586
126943
344049
95984
903692
983629
236845
416947
779558
450082
903682
434074
259597
576245
743506
322741
768591
426486
205453
116535
916314
530148
502194
174737
627833
625554
615568
688100
289127
406816
57187
875665
599428
297640
266218
373058
662195
111177
726771
101870
279813
669726
379313
766021
993407
864505
610906
515738
126862
131666
796638
378805
905397
176222
622847
593766
901840
593489
689058
258004
271273
993951
911522
573444
348022
130083
112023
509639
616691
788584
290452
749459
778410
699204
925333
258532
387347
788298
372183
308366
319850
743996
134088
791913
141082
186916
148678
804262
174539
831567
314368
425494
904381
934639
270824
269193
273318
273546
484272
29212
876127
173685
658827
7535
148787
98903
501105
892527
497162
210384
824038
298072
734028
878928
309886
868335
919576
919722
868494
663101
961556
90126
297338
665640
339325
930985
53108
921916
340712
972241
453637
665603
393961
909236
807342
38218
760877
504271
429673
415308
414265
283496
451095
930615
995971
542998
647908
653839
955470
460719
681957
938555
10721
691593
399517
507458
686467
496153
567976
532145
406857
132670
688960
98292
348043
147097
177701
12225
536380
302748
355050
520484
875318
623316
181038
25512
227602
717786
36421
116854
519225
984617
268640
460447
31111
980589
785789
700339
678389
498295
95775
652258
782090
542681
461871
373347
185614
91872
478112
565798
209846
450050
545957
383852
201087
661960
433851
906621
743158
672598
163100
448702
422601
361451
740070
208069
112190
641002
985434
950336
905813
53343
722485
250767
640008
330581
799687
170887
624985
98409
479226
740618
625882
881966
913273
432091
256916
878030
21494
329065
284870
953912
544482
838262
257810
334445
286088
637256
103150
756896
574969
106972
151101
114692
119459
746609
364316
684950
181571
232475
134647
959693
746364
743916
783279
753343
44946
870772
387802
228057
954072
200566
242433
209643
576053
664254
185868
271425
40031
357443
309059
400229
965024
14861
631640
486525
109747
131477
588984
168148
31818
6034
25275
410308
272202
143660
459694
294572
533252
923736
636360
189958
661093
988782
496990
25263
140851
811663
57434
688260
483290
42109
12073
910457
852279
67832
886150
830446
311371
570601
143466
747335
905646
965069
720705
521241
385139
187870
837406
126573
863088
339183
633074
935065
902623
445079
312865
976764
99146
165465
404673
87717
763924
639256
633296
545211
964287
260995
434044
346516
232896
900318
573682
717212
619575
943376
433515
608054
807517
616127
896250
653027
288539
53917
33473
534571
528419
644497
998487
589121
558419
231458
410479
991817
438517
76946
119143
14515
244042
461102
689240
272829
828695
241666
19468
574335
214201
171789
502301
807883
483814
768169
137211
304263
603179
335273
859734
591512
825105
420229
85690
766283
449962
273744
766337
336365
637672
585686
133147
153676
624308
28405
966772
891680
819344
225385
770470
988858
344944
412218
802063
625789
58469
752368
408637
896377
72053
837945
221899
539845
417529
993522
519022
885138
22774
828671
229966
953943
798513
236672
544269
786978
527425
714834
70101
32034
885867
714353
176045
100072
235773
668482
493922
817387
549062
675639
523889
899561
404857
108605
959744
596116
15542
942489
633423
90445
899010
911083
518577
162422
951196
70019
763677
198642
923773
689858
567192
436763
892380
566229
476481
988870
562748
155962
398692
63140
674144
62515
588185
853509
589019
463200
220938
821076
394667
942113
558929
667750
363646
809778
968930
167133
726270
158376
270266
832954
987186
977916
648693
592104
156981
641469
225413
254006
792265
381214
542286
54734
496334
286858
475391
568
853812
491669
889641
932496
691040
723830
142439
631733
544595
290148
840782
122690
729439
477060
423879
173518
54604
703693
522971
739370
192211
559228
395638
409447
855761
676285
276440
223996
35534
441162
909624
493563
417002
320573
719718
170259
704642
29697
46360
465973
125449
272571
844242
222661
114973
689307
632641
169442
822559
620120
200502
656330
849675
317322
298372
731635
99220
922802
604929
404363
33294
798794
390673
983795
934298
153294
280753
695090
98920
639347
274289
367209
709189
724980
162927
279172
500518
941277
535041
11362
220841
801452
583936
401864
535811
582194
396248
500352
229247
662760
117310
491384
736208
552962
500807
538930
491149
994693
717901
12340
452085
446698
966643
748064
595109
805823
284752
343391
656706
667830
817413
137801
118391
95218
621659
529699
924594
870353
926993
578016
884295
410534
649764
16001
278966
297951
967872
405013
863527
650032
93438
519844
313865
217738
116084
291028
277577
973057
7283
781628
723049
589043
802685
110273
886298
548434
236183
796254
850797
958688
898859
179633
781577
909793
510670
779360
919658
714695
638880
223009
506058
572189
222173
276291
161133
444230
10683
504352
769118
868518
869921
931908
959829
337089
424026
331805
869566
362819
606028
570391
933625
438385
375088
561895
528588
814879
608285
662433
375720
224895
708696
388759
671920
654444
390618
204622
799401
651687
360091
77132
885384
296949
658410
869823
441203
347135
43112
526314
294707
686951
128616
777004
136414
526478
91370
940794
921914
163088
631790
587907
788999
491448
176452
672095
463612
697418
928767
23492
163237
129642
520796
516944
373291
142636
521140
97840
290120
44572
847743
748234
507947
481915
40045
228614
768409
447562
108528
864242
49617
802910
748071
311690
558430
650071
470265
76437
633233
842722
570693
72625
958894
526791
411714
596814
206850
622844
254300
180011
262279
786167
905053
425357
446708
277077
877305
487569
590278
925201
7344
768831
688403
38612
450851
807693
976660
53069
150189
974648
979039
849779
241233
960308
584494
769823
812090
748141
943851
662374
939795
232944
783597
595931
620107
941610
405414
450935
506303
289846
846659
679498
600702
309469
171436
609250
513145
665840
292454
359968
182096
299950
62275
913074
335042
566787
988955
453905
779429
780099
684507
158387
693144
741923
565524
348627
862953
726660
462890
578832
180768
631702
312110
3198
605873
134343
317238
529713
105533
672743
441865
924863
664743
312256
246196
324513
780926
101867
147290
972629
631487
392128
976851
62853
700270
739454
667164
453451
629044
698894
65975
292617
46041
528696
493148
937079
476703
843725
485027
140164
737252
469653
626318
377248
885512
228476
880312
252763
429845
179076
777960
399296
667367
812059
355667
86348
997020
8503
784818
158282
982902
955974
500886
353907
169916
542184
156632
145557
493960
353467
388111
200754
65383
937399
385992
772175
985963
387229
538946
843023
257523
706937
510286
497471
18409
683934
995387
92386
844917
248723
880988
941196
924272
55296
75
828724
70327
861413
103103
961946
926903
79344
154671
245687
939316
200016
855951
202735
845564
959456
912748
336479
267948
670162
531082
370239
306183
559616
46353
186801
294155
470154
357363
814816
352869
10215
832355
490812
236431
413472
816807
976523
70227
172473
991946
996081
413301
575496
342743
678262
415125
572207
51437
94070
710739
112051
856820
762024
120664
648635
145225
161251
734391
788433
945541
124863
140725
197940
648854
832938
287263
254697
59120
552897
322423
354828
738591
375727
832358
370575
443337
248085
214010
495185
990531
790873
700345
380855
510796
747615
166833
20523
955674
7295
483695
864560
247460
863603
489517
624771
378348
901658
801550
359598
91512
424511
955075
570968
572915
946780
506826
311658
656097
569710
596470
990996
138387
163062
41256
263066
39145
788324
935606
279905
865045
809169
540672
771589
581246
834378
173746
547563
117569
85109
779756
805381
939213
951392
364353
433923
291948
543435
804829
439653
928770
259705
872762
628522
901894
544144
833459
463029
796618
69141
397343
181741
610364
395755
180506
891946
766858
553182
380367
598361
337536
656781
754473
34902
460554
643370
4497
793236
853077
928995
875579
259924
341633
222536
96577
764242
12252
296214
21674
954262
634784
879430
914324
896541
383500
393188
329393
586045
413292
672556
369584
79073
774048
375859
770635
189989
678439
500860
35131
941529
46207
613245
253919
556126
809136
836021
53926
597250
305399
806790
949211
372172
148862
839329
675666
828323
119656
381241
972826
685318
854519
814145
110115
241798
56686
374104
803689
707898
471473
829666
773979
319565
568459
464228
463714
212362
887258
305084
524048
684495
244068
246761
868429
642034
210034
531290
593268
272293
254994
465220
43769
994392
949428
640666
66372
885159
520692
399085
369605
973650
32168
781926
353428
705700
80872
971071
277723
370087
848351
267440
637466
752170
10590
756728
739045
992307
402960
848066
508245
198208
10316
819153
785327
557617
431773
400342
421779
488300
104608
256607
56417
913457
674740
690944
818904
227666
691359
643239
72283
937167
430688
868316
140529
263605
642352
465975
476211
329041
113561
166617
192175
636196
205740
925961
222637
685794
138175
900298
601202
631457
866783
356277
801699
343155
321977
536454
232448
720206
626005
156161
427506
997665
382506
749737
689228
311436
663712
364910
336438
427652
64270
785141
528346
334300
10304
217163
226321
43059
375982
790472
108475
543278
735501
523350
182177
307130
598380
540732
576437
461827
496553
214836
141405
480488
173258
715927
51559
45607
359583
303924
554530
304328
275592
703758
322372
504257
246101
346327
87456
355799
465927
281337
726889
508924
897442
274615
649527
319457
665455
427665
91794
348870
829479
19932
267819
583560
328299
246368
369515
451616
323226
797519
340563
625798
244418
802185
75149
165575
78493
611948
76742
514818
896850
770707
944229
665304
73921
283716
827117
759088
68516
695343
434516
312909
428016
87022
256533
971520
63560
462426
121658
281406
832351
572240
618519
710317
477931
345292
807666
594457
188942
512977
612775
656363
794683
622923
672627
138233
201302
656708
412736
588899
463167
721386
111893
102702
630079
936969
819708
1674
1727
726896
787034
971815
110720
430404
847187
985802
581236
238128
367349
464166
475800
692845
48901
999121
325661
662267
825072
153110
449254
463391
765246
922837
187448
357780
708228
996313
296152
20013
288653
241393
990577
26615
990881
329829
562006
14407
56568
29760
570473
407216
12576
903730
177625
976095
233801
647574
289693
982361
601568
839134
299779
350962
221362
133924
538821
263892
775914
566836
870767
956392
105258
120228
563212
116997
988538
58866
534701
517660
667443
967609
438599
408410
511836
780351
658425
905145
949714
298063
494529
968942
247533
360173
250862
287784
148177
677047
252276
348321
458694
649380
200278
987225
380709
494740
387210
767485
334213
279027
723753
620735
941495
159068
254890
361355
69576
934047
604666
869293
710190
111062
312351
818655
4488
817273
366173
898138
131669
71639
191946
554475
560626
264942
348371
737575
104202
848393
956160
658685
45848
183966
742136
368382
112888
196017
88522
585906
718028
491351
683613
38971
331103
513862
495746
629203
454946
354837
668079
479474
828872
833909
375807
569541
98357
689883
917776
696225
656561
134996
658042
447213
300185
640723
875228
467433
598814
426387
474439
114854
797583
135528
862953
392811
298823
451135
343997
432991
82417
484282
994936
240935
622574
22026
640921
511702
185224
991460
24756
880888
319412
161944
125640
905412
810830
356689
614472
745970
859237
522428
965878
734834
631890
447165
844053
598948
873199
538145
154368
671533
968668
59521
881057
658879
877666
47756
532165
588776
362050
325809
703856
654314
985442
58724
964537
855263
82444
33542
186833
322959
491270
681978
473222
812894
94717
357575
904187
757745
958
330272
14675
661994
22061
378568
562855
181608
658501
518757
403270
533295
842862
338686
378470
132108
161313
184575
674368
560532
375440
84265
958698
573606
850539
434486
508345
983899
609124
953222
604048
209852
656096
57214
879346
152540
235366
480874
514057
769994
338354
893725
897639
364666
703740
826824
968424
632075
3851
837870
927961
585706
193302
621417
853008
644756
565537
596935
628680
915029
958687
940436
5630
724505
908738
899500
142031
309887
171147
938371
914068
312259
264974
950529
486017
418177
539693
482471
405892
241453
430573
886320
445967
822803
251439
236130
944489
754104
583667
651531
121033
223962
742171
985301
943497
184168
53656
183757
223448
746388
84329
482870
337385
368106
80624
459450
949610
317467
395688
747726
7312
867792
978049
450833
896850
524314
551160
107770
773894
966393
946232
440267
136040
64709
754643
582169
21919
334293
54263
783384
663941
134332
433561
178925
507158
442109
165998
155872
167244
810001
621125
432320
510718
683586
325722
994480
664122
703311
82487
543912
977671
116112
931835
497629
873849
801270
48582
329242
337950
199374
562597
694371
871851
299293
502538
361453
440292
940822
744637
340239
468705
361983
984645
796888
498999
166607
709268
296745
420123
615509
453018
254912
691805
402887
856955
780588
312486
49679
544202
76700
594407
325196
610006
114660
240670
620962
147388
577770
878715
516799
20472
159340
794184
36103
488363
74461
367404
781164
988225
369167
522343
931530
142640
805111
905438
148889
269462
744637
86349
819299
332977
811493
36082
605751
620466
997316
847869
758969
24609
126366
655692
953443
347927
306764
621697
138560
278676
699887
871867
720420
729321
363917
322390
199146
793235
763427
36474
933617
767342
977919
260738
870800
826609
455328
649503
411585
192146
552021
249295
745868
976215
742482
895735
509085
262980
292983
21853
82874
496555
159558
758677
154295
970953
858621
389199
603115
191249
670223
686587
422761
882994
531700
212963
471506
168473
11310
484882
65337
463151
598059
704940
238428
739057
539088
78750
431901
524255
481580
271882
57837
873754
689686
381707
781065
340711
341096
987477
645414
221662
985396
328319
924117
555138
958420
310194
274142
755511
267791
376126
756909
76882
374407
161989
502170
208733
265264
451319
658724
74503
988088
352999
565971
941577
388951
557039
618556
603703
317383
98305
230255
857142
343200
396944
788054
686795
531019
207442
306449
642502
918424
49402
147398
738878
718954
887236
505836
314748
707579
101008
575296
24110
619986
568465
205604
755388
37314
241634
959727
158547
854018
292805
258056
553304
766353
759052
398975
620397
62474
736943
153113
844406
676509
475475
834386
27500
433054
843749
482369
543178
181411
278728
730868
156998
453869
991481
427247
189148
350509
37021
402464
721649
729312
633974
287643
49369
559549
642409
234979
615453
181059
172774
837943
941075
551201
151457
310405
516009
402078
984277
486093
749933
535892
608168
75516
140287
22909
618841
570271
571350
342341
91095
544795
799942
765442
350937
618489
384091
136069
149585
468956
934245
61774
661181
836278
460935
979107
495456
815852
460539
866981
608172
551830
258410
339268
55952
250305
549292
481362
548792
895172
888153
61867
775080
843287
55531
258070
26527
999261
566224
89901
437154
719906
605299
204308
699583
859861
809696
842334
5387
192562
578839
653564
697317
103252
626080
79993
288439
78695
322156
260919
413760
361542
276376
721203
248092
44024
975834
413224
23215
951831
215166
520135
255400
376015
43415
514739
367054
955156
829228
922824
503287
356133
738162
900013
210464
321764
755621
364085
438733
389850
421372
663944
543735
221962
547144
264848
440214
390988
907477
304620
486691
208590
765416
956178
40027
181109
253304
222411
233315
792823
932396
282103
206845
442829
115293
775720
879786
761833
775329
582286
329470
197936
935788
932661
774394
336870
318834
840334
611476
596623
806450
340971
524883
977689
801769
128101
852636
272877
558138
183055
663979
705457
766779
706539
351093
980000
337261
683483
153384
935115
482068
664473
904939
615948
769635
363338
877435
228216
989456
833012
657981
206697
962760
765882
606327
97895
51882
734891
993022
635900
366593
115836
197905
302528
375115
310799
265292
32112
500390
576469
486820
542825
286887
673106
474090
311922
259721
688482
450793
813685
231018
864483
1288
991986
960491
699737
121326
281543
196174
205182
492450
616608
807381
784451
380333
365929
608243
859113
584804
278648
463859
765548
580795
452280
173283
354710
299161
932122
545954
835991
634884
357323
936932
511701
201221
782421
321496
967400
606663
368596
697471
494416
90822
470269
84556
900353
238500
804961
252175
960674
401876
822075
158718
745808
994256
145437
990187
706619
418752
851856
363895
56215
114702
68811
447023
124503
907716
180056
228700
261571
514294
722770
785591
563306
771942
189910
566175
791367
449261
45850
388626
152392
118208
46851
492862
515468
455566
35155
207648
354032
15381
143305
505575
502975
646879
345489
742698
189178
440622
487741
191074
369577
827695
175248
269097
654131
577742
601748
416108
698210
472094
106631
431768
67567
272696
828877
409196
548600
831941
675625
539005
157081
911082
806900
237006
183069
420826
446857
596604
655486
226861
692415
543797
107353
389258
331911
51782
116959
397254
645052
774365
326164
464111
726160
897955
819902
812917
863676
420611
301192
393166
399189
431754
675625
703654
830671
163932
319713
653549
254238
651235
909325
213531
714157
244195
82892
53133
939663
738739
362125
388868
485656
491103
747849
9692
52980
996363
888604
14850
586286
617891
682933
84272
683993
347439
338180
320443
187950
391253
427683
46474
439054
791164
422876
553341
781825
908181
106508
458223
90825
423535
957398
721415
188457
711454
626153
613145
262593
386516
217921
675613
976568
936497
453162
971367
841924
735027
199892
128737
638280
573074
702150
445473
79872
47780
730826
335516
640084
971154
204002
866107
738588
574619
588953
138466
728587
926028
661453
919005
130111
789099
259092
8823
331039
3773
948093
760855
742871
788705
114660
195694
529473
862637
336099
259362
148840
895347
75565
102064
294524
639973
490954
717421
719417
226806
434358
95510
677154
294920
586964
183278
2436
707045
707957
348842
338154
475437
982021
125870
694547
493012
752106
905884
756592
642740
572636
11135
829739
61663
702412
151825
128056
885902
487561
410316
831557
52446
524603
211662
195461
124767
746228
298350
439822
630344
91285
931020
764122
458208
928467
233102
128944
133313
908524
960814
119038
805460
84876
699387
426686
880008
791946
495086
570186
154035
303278
78736
820599
809842
971315
697733
197398
749975
123905
437771
476952
769100
144728
537799
666654
680463
101033
774598
802853
312557
285409
18200
553379
977519
784230
964407
624946
684260
207678
359119
605614
935290
645015
43916
798184
449615
19081
900725
935602
157597
583865
650724
673974
668094
769469
462149
870828
224010
866921
815578
446047
431419
806581
733795
229144
262408
151299
404557
540466
640660
235008
557780
384643
280365
340867
253465
708767
1658
761248
115405
244852
449603
578392
6329
594792
296797
524251
970773
237052
10893
699158
454370
661266
199446
862594
987004
715525
592421
202117
113431
95877
951281
797326
43891
590257
163342
123928
217429
176839
978565
357872
128983
293871
64809
599146
414570
860834
979928
185540
177302
466205
788911
89454
475228
68638
503311
483268
244336
706255
529007
701683
654893
740996
826526
498757
727546
453948
657141
217006
673964
391185
384252
503625
154051
587765
107660
808209
253555
529197
223424
763558
471077
756602
802317
974409
67519
372639
748153
721812
755870
866712
812896
306887
693412
379126
948758
546359
225853
518972
15763
254016
460919
749366
330992
578811
147935
14935
256057
161320
824840
206273
59644
188203
652290
274396
362083
102229
142331
961883
28691
105960
729560
403321
318055
667736
621022
820482
582237
144809
743101
628658
368101
263287
263837
999311
91400
321841
580519
117949
461338
349385
833310
758969
610429
377637
61299
964566
471199
722785
313636
467909
708371
136154
480961
275394
74120
659577
257368
528129
695750
408833
838679
152926
38476
275369
250378
57463
201450
942138
252534
108574
981374
116365
444938
894224
637748
204527
333554
408167
813597
679871
294780
939942
446152
477439
480627
848499
30650
715660
379944
258448
554030
250717
651780
687233
425908
187713
32154
738667
425705
382087
670226
126372
941082
683854
327798
335272
497639
47700
14693
51056
146471
191969
31762
612125
130387
855569
312696
211620
913554
879371
664274
715655
358947
463711
205602
612643
572168
375596
545463
967787
995671
633158
322153
198348
47103
819951
683138
1620
604204
174378
125706
833751
958171
946574
188423
3768
65175
37873
759061
509463
371943
507075
646611
913364
194593
926435
808173
223798
249903
583528
868160
231660
436508
232201
756420
587737
69911
692868
53589
664343
593746
27370
356281
995507
138582
807679
72720
694813
439871
561693
630005
786172
545085
979895
228934
336163
695087
121233
23585
872470
201675
540518
625497
413306
9752
601847
255026
767057
470497
964080
246738
831057
224611
901663
409031
122307
901178
438132
293919
941754
204765
674610
889236
565690
952517
719967
427900
990523
929924
242026
800538
310785
904042
931746
374570
356529
828245
93037
989452
366267
652007
364538
104643
724717
115675
619746
987354
150456
162589
663131
328645
919868
181940
37454
644835
727526
209142
555583
836103
566760
67503
786408
235245
113287
553771
12344
189931
3485
289113
100321
956182
747106
946284
4108
830555
212277
161163
319359
589737
992851
364181
16042
935517
529213
513935
660728
514570
121114
962845
67602
74966
531729
104754
208603
274879
12260
560596
114573
638554
166535
723078
251608
275433
125214
458060
205868
616304
916713
425275
873663
740263
834755
362472
617498
668058
306160
31153
783434
977651
541485
399352
677361
949240
806987
122003
801135
692996
472938
59321
542604
812455
709843
732797
795785
698172
830473
493002
734211
889761
866961
107598
299132
906913
380442
103909
701516
169415
751566
540612
217020
124063
673513
327793
519073
622504
162246
735696
640351
608317
384329
626971
84345
92450
425197
97862
366608
396467
711751
891290
107187
290925
271251
388171
450043
680365
459136
846939
338550
222431
922202
502850
134385
22618
491291
63378
511474
937233
85009
251590
515793
833523
275250
95980
805762
176100
666491
527478
711890
285868
820023
46656
964080
290032
460779
532357
789445
896725
856731
972239
1461
607634
869033
810932
134201
609319
473367
893312
732026
433159
336123
494272
29983
42752
460096
563182
972805
306815
301818
465511
227214
708940
981429
898471
847532
852093
724865
461791
577354
38208
621550
206663
871224
820652
512567
837053
668598
256973
402844
539777
852999
465980
88928
957428
540322
946388
192552
990772
107159
505572
7122
410603
651037
971431
359343
183667
417903
216425
703865
889657
886456
207994
628687
228090
832883
293788
891353
801634
951493
981684
570073
337916
627136
221910
964493
317180
762279
576389
414150
633328
699320
451992
883695
352457
474162
851886
845203
9071
402679
816848
107859
90134
701161
634118
574933
27117
377272
86238
433667
578918
756113
34459
26990
4348
155514
908043
764789
920206
749888
516621
175340
250209
162184
295968
246540
572900
117604
849105
226879
461907
948012
712977
545109
610806
202145
51645
397168
957446
728194
431541
48076
289326
958446
714897
112196
443678
387127
883878
302792
849664
745728
422020
45894
247201
35773
264529
673102
851224
671459
347989
805039
111080
265044
963836
106059
57973
606218
952330
734799
948810
128980
573995
43457
60100
390613
126961
966585
866653
712470
778700
705830
75592
274215
736133
4097
227847
433790
194064
272630
761353
467673
352637
439451
850824
370445
128029
818492
758775
749661
820912
134807
658601
46831
748083
490836
405455
50982
388255
921473
911915
967459
386502
459473
536518
330701
559561
49618
611475
323266
495781
809173
450331
103860
695343
257035
253697
757947
537159
713733
564608
903728
262120
38328
398051
917522
529102
821758
490240
722608
904846
346996
100052
764769
249351
171026
783093
143672
666808
613787
833549
225622
286761
997832
201464
160151
612578
498948
565550
401355
384343
868977
350224
870101
389089
963267
530972
674843
755250
542951
924041
222779
151723
29249
759750
55441
674652
206852
729119
723458
162254
969707
908841
919202
656944
650492
923167
333466
804895
415480
954081
687759
204639
479979
155611
730242
313149
557123
905981
80824
422000
592462
249497
102984
385889
145416
2223
773039
51095
638561
108110
671984
402780
950957
800856
452333
333138
780576
388601
428192
999067
838961
621897
878827
720156
201496
666617
368100
301316
262779
780383
244651
248140
552090
618605
31553
961969
892287
178055
310400
776473
788865
421276
155449
951863
29614
101115
435951
183224
249059
621234
555871
139455
779158
588777
337813
527198
975327
625043
553922
688920
59483
155949
146588
759613
282531
733647
280947
233305
439468
759548
337706
560331
463378
715335
809144
41143
599497
603327
856910
412549
242315
75603
74704
292905
360521
417038
199082
125951
166391
338517
727068
60003
377848
864668
235347
140043
529589
404596
460755
406073
582826
84005
804026
276479
782586
975416
763143
854323
815115
279154
381562
491856
968041
112047
31096
705224
615987
844522
808967
337237
984802
963537
970590
954829
720010
934315
792067
972328
108825
110623
418088
300988
182207
690976
763105
235058
987873
198223
979948
474578
207028
243293
659002
176993
429035
665537
892120
776282
612489
85375
103577
309172
443945
656888
958402
516060
693740
152447
765541
354073
639373
521258
46234
857912
103924
648044
637327
760024
815101
621392
210214
38371
365916
968558
11230
103377
496163
501875
619479
712213
472517
639883
775014
349030
177176
449149
357496
467009
110514
132355
801154
734484
821920
446118
946000
278198
302049
464241
129299
824289
311318
16148
910562
255029
407905
765172
909547
116119
510671
635214
228740
147099
335210
576578
453980
837922
35167
290934
310897
35137
873130
102408
368233
609477
299929
432285
386215
479032
456898
893382
456655
788517
940982
254475
681870
367786
898827
292668
660015
836346
693645
757037
717669
386532
975475
867348
172121
51734
49738
236918
46987
407530
176898
60006
500487
231488
322592
657743
600025
696410
834879
563928
35651
856401
184539
863634
556671
308693
529419
228240
100102
800320
79850
785287
566751
592443
175876
975322
602196
929647
636922
374487
48513
74258
265619
426845
825068
522847
955174
145219
520132
581970
163110
102836
385748
975946
773656
567617
514537
77645
802221
222265
590428
611929
168898
888464
670744
736628
22712
542997
907379
828558
615252
996607
770910
376072
518557
725103
994207
756021
105249
520820
750438
730590
233049
752931
997698
551226
265144
57926
341260
401971
14474
948559
605275
650105
464316
226181
952989
747046
995430
427156
405613
577747
845842
425680
665546
859934
10786
460904
834151
899072
857200
249899
3566
696672
891375
328937
712204
811370
254757
426321
591277
958949
976482
44294
655285
365272
553763
755263
27663
344770
333811
315942
927530
414176
881039
362921
847502
484096
715501
61180
531895
347700
871143
783128
253043
855808
80699
411757
526418
569800
765537
742824
8972
15889
857574
597374
46841
585516
695561
284202
814920
126767
639989
719431
325241
741237
647682
34126
824767
664592
316925
939567
541685
75803
777036
894025
275379
390844
855067
365843
282412
236113
55405
407132
614339
995527
146194
41561
802097
888888
550157
440030
506932
533365
618756
98877
152212
976785
897694
770246
808026
107841
812651
757197
727532
305152
614734
560286
180250
589004
98920
193010
41958
45906
581411
354223
408199
999745
812075
790423
659158
743662
257611
659788
532629
100232
650711
275896
713459
490609
795603
804234
161271
90416
858161
956435
868100
455779
346094
325910
750828
156047
83742
771535
585934
357622
451429
585847
264036
833765
609885
417433
770491
904481
899207
393704
288041
152466
84400
176177
867480
651008
360435
44457
13057
605397
78878
517260
754238
613971
561666
153520
137050
360505
797688
191413
127001
148852
72935
368806
556050
849667
465690
43601
903716
685134
540885
108870
914905
837268
498997
603579
80878
736182
811070
16370
600714
222243
914261
10076
36326
337122
202865
960700
960775
799591
889935
70727
135598
144565
152471
858254
60013
41860
294112
884868
21588
91582
183905
651816
924405
48027
787833
272753
440219
201170
522691
463054
988000
617289
498437
455754
945116
956373
487168
300437
270688
681349
646644
232596
557109
347238
376768
19963
391919
639306
913317
107245
368667
976358
749253
219339
701798
19415
264053
218798
968323
765821
393062
52404
479281
255756
144085
417525
673305
315365
236608
322058
667559
246965
719770
982014
421962
3678
72355
203020
777802
571211
922295
142744
360226
596316
787946
647184
503251
53035
930687
587723
66694
812579
255173
492208
154903
438930
740628
199170
400672
943406
842138
804628
832925
41953
721773
299758
808259
785098
266120
920505
795208
690308
646007
522514
836700
677564
833474
922310
474696
94326
463223
744927
974354
977710
158312
150391
679038
857202
418888
371320
469759
484018
830512
589937
573166
835666
474359
971312
518626
97692
10667
638291
147190
221723
159122
487402
49963
410706
800513
856694
802533
818987
643491
64158
565339
720683
85433
399657
746928
964212
473835
443654
980125
118316
350784
421662
76705
453203
980045
465064
945884
613721
379028
722066
650253
687541
322114
291439
610214
498620
974143
936025
463721
291672
772184
530495
664493
710796
384130
154454
152079
714292
379240
867458
329894
204720
416002
480564
322396
421443
506394
170548
833266
970452
648754
550322
953639
29101
451866
832682
645251
694624
806304
150008
136103
143952
724322
595664
442999
981481
881454
225389
989438
975043
18611
546827
685845
970483
566595
538419
82541
696354
321759
288234
696009
780761
600962
283499
897011
979083
612825
249853
565504
709556
453708
135373
2925
35545
157547
312290
363794
353724
28768
929641
439882
896183
200114
874726
906865
269827
836014
383152
797665
461256
986726
701380
585932
727629
297304
61488
802220
179264
502681
431840
211718
687129
257173
571826
876972
536850
769281
839748
620734
728615
106017
787763
817610
449304
922062
687771
820778
503481
535905
531920
869490
911107
187931
187359
80657
853058
460766
101783
399836
209215
578873
78907
862949
702301
974316
441281
310947
452929
914731
929520
544911
122862
558736
295314
740068
556923
579997
718124
607544
162239
421021
704181
271470
97074
365065
335073
933845
891018
116863
42677
271461
14434
70567
42472
600070
251087
51839
71722
914748
438370
984687
813439
186558
670303
557006
453065
700549
334777
354186
799707
709152
257500
297443
454442
912814
657713
80019
324159
105215
141126
411644
3418
665219
302759
117412
182570
673985
439404
936383
184325
543075
801048
129998
301440
669983
281291
938599
200172
315149
513161
894295
534068
476221
321841
596473
956174
255941
11632
690063
223842
346660
365786
622100
183382
667628
750143
632096
284639
611141
31088
13415
481389
611248
68569
27378
631004
301483
975560
618585
279791
562273
309801
874544
480421
86596
18180
91188
965917
87263
541680
573428
284862
164672
240717
57409
613616
331467
737894
218375
562347
772703
136422
515918
832737
457696
165349
664925
84647
335280
469911
942225
778002
679181
393415
914021
918310
215902
504987
193537
762385
461110
824338
606332
116425
706350
292792
8613
555478
594261
376771
513868
597024
611058
424389
844590
664840
924193
604400
766099
331992
362087
130584
553383
288259
638024
518450
159934
655560
544819
607758
993190
116307
2576
177451
885911
588944
284150
917110
138746
869709
73264
598477
353543
370957
486869
479316
762322
738454
464012
209246
535573
39521
385422
645167
356421
719751
593005
850385
997228
35142
404714
117841
445969
573602
333522
137364
413174
615308
876455
526396
731347
253042
846687
598165
632806
99461
361648
609098
2412
334553
743547
533279
727812
41383
335903
783424
347518
719938
291629
245326
980953
201045
180840
879185
819888
530525
247126
667463
60950
312635
306227
398614
167368
13003
926428
409778
402402
276848
687259
483906
730782
205791
792507
348369
896936
859010
124027
914223
396754
255198
851446
54652
880985
125876
727456
305938
884670
685025
897737
18870
793892
154160
252277
861348
423548
682185
95017
712671
683977
7176
503845
493378
155741
680022
515013
92344
278063
821003
36799
20658
946050
527664
973818
126349
453908
946711
211984
238440
648629
111609
599503
55688
668734
844036
697428
604488
887070
638206
81574
585951
595569
672069
521564
897056
158720
179854
795575
764140
515662
677416
487897
580894
439962
665236
552025
453241
377892
614190
687934
189196
720920
541196
782011
397780
238668
635451
58941
410023
407607
282658
517333
32850
897306
577692
171705
240394
149146
599972
617227
589593
47415
944387
419352
648840
950197
425267
493127
125130
698416
55639
294700
632680
578968
920524
498464
538395
165601
331967
884508
397920
895354
39527
544266
76797
721374
960489
874744
952533
791459
409982
298794
553850
824565
703431
821436
548517
352996
564605
336039
96188
32582
560225
237797
119946
779044
725429
642286
249853
629278
813028
408366
138236
32828
87260
329604
451436
302040
85288
194606
310555
147541
966739
215956
765911
112958
59819
447688
774582
353748
927563
40177
652239
414554
930086
217125
93603
528587
283992
776236
998574
619936
512459
37278
15770
35125
730242
218360
860901
37470
602350
823782
59782
789316
478340
608010
88947
681687
470198
304688
145070
975706
38007
220471
411773
525408
539731
693056
730450
37740
728554
777108
161373
814348
792648
698136
557979
708439
804595
971775
659733
300135
389861
602683
16226
732879
520728
135281
237826
50519
532008
287635
171348
627458
501211
685001
403658
74613
106338
284817
324675
312632
310644
64066
686278
122849
582041
335492
150774
316464
193412
319401
989713
983075
661450
237299
50991
223908
135167
793926
911329
809183
348371
719759
900336
214902
111093
842525
366479
157329
80261
437677
245844
174224
509720
831590
211729
310985
369166
959604
219452
308128
540577
354536
208405
428146
867245
980512
462591
697672
118438
899351
927442
557262
357346
942214
441507
107052
128593
548785
953719
18670
846060
156377
1546
230019
643476
101895
528488
75482
340414
295044
869565
573540
371144
652179
42485
874491
511061
993825
813845
824641
358651
51068
608914
786830
602591
487803
31253
646204
543743
818026
689948
785799
8560
982513
803579
926125
585794
1345
285649
21438
370364
410374
359968
597751
467458
465436
914882
865240
233869
601810
768343
533144
777598
736213
243731
686270
464098
942729
3459
216683
159724
483730
770141
141270
907532
38311
624142
126052
417179
917147
144506
39794
651865
987601
500398
810015
241065
407493
984487
191104
714386
897198
224614
442571
832458
724285
25980
639406
880168
618087
455405
200315
375887
46830
881791
702720
140484
992812
801446
97997
848411
793233
641232
810410
630576
773564
863535
938514
841948
545888
420699
499285
615963
327533
517690
302322
939836
399110
248932
172321
43478
453924
712508
511910
553117
447372
935128
900307
43691
846064
823144
759280
172653
844698
480763
332418
560852
528774
110704
168816
560226
809345
101067
123911
658006
491289
917785
540602
939879
580132
616313
249597
579246
379865
8768
262574
123371
441958
992733
879930
878536
645325
737429
735575
822178
525763
154028
995111
218330
460968
934379
993563
144215
374232
719050
656390
591457
113243
793946
808686
132962
522716
984740
996162
328956
643172
917498
495212
474144
457213
411271
359647
872557
238456
993860
371525
414580
606206
378220
730562
95958
964032
253242
785394
610466
131510
181993
353296
876491
439371
121692
226201
362246
371510
874203
892819
235799
677443
637195
220472
405220
138144
779702
228341
371931
255794
589419
637989
4108
697449
196057
825161
19534
703576
839170
583725
285930
647480
842424
665013
102222
607932
755838
987342
904054
823454
83032
408112
104958
300743
19273
215718
32923
507773
17806
298185
749716
688464
849816
280312
684874
82947
256942
593694
810372
608205
764454
566751
183655
330014
839539
562371
618748
145121
542777
331144
551209
316526
292644
91661
43010
395431
268236
1658
254204
467375
890846
908730
553691
867075
43385
162431
426197
664596
668532
856585
402720
987940
428319
601086
317390
243910
765500
193726
620767
294221
571351
341836
789629
799214
461542
987806
673072
264153
36459
686525
292054
448791
93888
611463
35336
527366
45523
618587
244635
39063
562851
614690
662024
502815
885694
316633
728860
28490
645813
59174
325955
397130
262994
776526
584078
910132
941864
830188
893225
339402
961365
664881
237051
513429
846215
161018
779347
457263
839582
45291
216460
888060
693601
499841
119429
223902
48250
613766
354793
997774
850215
215040
831881
470300
300903
18227
712173
559843
522611
910820
794184
631215
470481
463684
340231
982466
324571
177382
844663
960561
601296
997079
374054
760575
259755
756378
327287
663350
215771
926280
853349
134526
451494
235189
924592
808734
168874
314067
563126
342495
643193
716756
573984
593607
354362
675310
973396
582909
411402
200076
405086
863222
740781
255015
705332
89732
908495
210547
794654
43225
272505
712172
151745
975842
653867
335214
63127
702492
133375
362471
649110
121729
732255
266618
471684
948438
945787
975508
554308
900721
799434
621419
858612
380019
225397
750276
328522
137715
509635
453093
320836
278261
781756
297349
524283
235402
801217
103962
287677
841063
209021
387263
747811
875557
601931
313468
540226
193795
901450
128660
209020
45092
308729
218114
162913
869544
880298
360340
164034
792578
516629
69379
894074
451292
971429
44071
467361
727890
40772
506903
558937
240623
886362
967712
808487
43055
10299
608706
786536
386223
842736
727789
962065
57948
210952
525250
993470
801208
225648
537713
950898
383316
207942
156298
965578
117985
461511
615401
155855
852982
987511
126193
943760
56404
360096
486790
937508
985896
312741
974146
620156
852912
66457
973270
482758
921879
312915
689464
84585
845863
899602
15981
145355
106261
928549
979118
620239
72271
640526
344124
818522
468311
875162
850968
749887
58643
781060
788775
25134
269156
257889
696438
512276
283129
875991
305737
938155
814039
18363
403557
322965
698095
218047
704922
653926
167510
169385
795717
313202
422471
368332
850859
52017
859224
781944
754465
166468
352489
231106
508265
807310
179678
318564
579943
834840
341794
241927
577398
512060
345267
954832
704509
187277
933379
629915
885333
879352
506567
515614
659702
538882
857824
680114
680276
528050
41381
824062
631849
443936
955049
324180
470746
441722
753569
716326
261954
278839
423318
533808
272800
984855
397569
662709
235219
432925
885407
992683
393401
557912
730514
810018
394806
112617
95989
905581
435549
309529
876432
816694
231030
942261
310519
273167
105290
169962
142687
630279
304481
85113
659654
753011
283601
866786
806084
322785
722916
613836
201455
263785
429257
557278
988971
570976
772174
540101
112807
611101
360019
373894
578108
680880
805563
102737
254529
174402
404051
167602
602281
725385
716304
433764
605727
858991
986627
110662
938785
426909
920071
543848
415834
978944
241057
750389
787790
925456
43660
964784
510193
921628
233077
801663
88488
672358
819141
854689
198381
61516
419687
998322
503727
479611
421609
134218
282521
20361
974434
569110
412064
400806
368151
160460
216440
267015
251330
469895
990168
830789
448749
51286
558394
23243
904719
868690
563403
14278
936813
986170
167691
930917
362153
793917
603854
609636
601524
30596
6417
775032
497094
299279
153498
390525
392522
169847
218401
23110
676775
732015
588133
124991
422926
924472
300768
798853
670007
95274
571903
247273
561749
222329
328461
295498
463039
756242
949430
647000
192679
89720
630337
926327
442713
148961
362797
833586
489576
320491
606491
577238
760204
747281
82637
912448
3661
906585
132108
33402
356170
628635
683417
759778
43394
379685
998841
379608
729598
148013
639213
144546
184093
299496
712928
301329
816382
973617
434974
694650
462581
596026
801748
647959
332632
213082
728841
979730
512405
389511
919286
526082
985040
217154
291361
834677
326275
653433
999672
920590
205582
15376
258357
467535
75961
637197
760751
296241
932935
643431
159909
561991
326751
318906
784880
771833
533265
655954
531422
102481
126168
797007
318093
173226
841331
816432
292590
136562
761183
440031
500455
315317
251191
709595
425582
537539
905154
742127
416714
196846
910374
440963
272046
672157
220353
872779
75829
808912
732066
177390
701380
330856
932139
386880
396189
793439
31785
211003
366885
337075
280486
993745
864813
907314
602475
400352
195912
399610
692406
986141
330022
665566
149678
934185
865415
356944
317547
707968
302382
774839
56012
848423
849745
537115
410403
241889
780714
374429
839718
297132
762627
138116
237087
900103
211075
311526
354966
354269
464439
362556
928734
220255
197340
236526
445447
183472
833520
73901
405181
136646
881192
173636
581581
347168
638768
293540
913396
979894
568772
162618
786051
598583
72581
757468
5293
637786
840976
874459
284227
642091
7748
98726
381464
734959
371880
736182
860471
921018
401440
273538
9296
134704
344372
667600
414145
606733
183889
396647
624046
276814
150241
613254
676303
86702
977656
729454
280656
719446
950008
94174
944247
780546
134076
948786
858474
414615
244222
116673
573059
839104
943966
121040
447262
510154
156365
818468
862633
56768
201448
814068
655149
850353
618913
456808
28723
530625
306921
455312
415126
159969
119224
18573
610784
193864
458370
428135
491554
618050
771226
539935
76231
554359
62715
427480
356444
955938
496376
525953
584890
640294
875270
701730
219398
946654
363169
739415
726591
449139
37056
418166
982004
529649
498130
367558
225925
569005
604729
484865
599862
414515
878675
90299
558106
283362
763316
6086
848204
855637
130806
665085
967720
237125
198662
421077
269070
470668
222686
74522
566024
845682
655292
990838
548981
522385
493614
905531
815262
704938
251317
288919
153677
749709
120849
573664
471379
600946
205304
94447
909628
944312
447678
232371
716269
692918
692879
944297
588143
273809
495348
777029
753872
465558
51772
357473
754744
751323
406887
551737
755605
901942
742456
837185
870365
942031
511672
867075
167019
1285
982848
728293
726041
656442
315223
785757
101393
334485
504224
714246
822283
376789
363855
608044
264686
710475
575812
925173
910983
575138
572332
802165
859472
494886
83057
532932
827735
717317
850164
328521
847895
482051
97438
339879
85300
479936
635760
536862
965162
124618
21079
14446
942665
772949
457747
175150
515522
54898
479100
173399
877102
227919
925526
364595
721299
656292
905181
980587
331153
798651
684617
663955
882802
931888
891146
784215
697003
372447
459733
15838
833466
222069
421466
22883
773593
377605
789726
118688
972285
527107
846282
535596
49759
859325
291659
616110
852515
496145
303673
420654
21324
162282
229052
183958
143390
465704
589387
147682
88798
11600
46761
509446
414385
93931
141045
575432
98164
757035
390378
647780
369830
308161
635873
350485
806141
27605
171965
748838
768161
919288
523601
109934
240573
336241
34340
272799
13892
796623
512390
797507
305930
124416
120334
373305
350855
833815
834752
432691
404805
112222
692112
162762
290720
321400
119162
408610
303337
801873
427280
252621
200053
721188
94085
85030
819042
791163
817342
774000
790027
585218
837505
43533
617773
804024
398415
798779
192927
293049
542754
219655
321059
281176
630180
781922
718492
665440
408109
835412
109847
935105
794793
738105
770429
502683
544800
974239
649593
74112
83356
429120
593144
97743
547326
731661
944401
517985
400197
860989
317582
461377
684577
585137
431715
683891
954559
677080
770473
699433
779174
963253
245176
190166
981506
102242
584608
501138
722122
865902
718272
291790
93043
784406
254568
731013
611748
909029
627007
754174
602227
209990
123077
185202
840239
255005
230747
540075
621264
475339
526635
407482
854475
245326
911319
637485
539318
421955
362780
261936
500196
488073
666707
766607
220271
167686
17733
393042
687553
227645
604956
620918
270677
969049
26122
193846
680636
852305
913664
305314
301639
437718
32717
447311
773673
522589
989331
548057
670581
764701
100227
303902
107994
267037
620924
22189
948151
455654
836305
633313
921834
382123
762666
675994
9371
39227
103049
344587
842614
802538
999901
781591
461830
567992
143932
688639
789879
851056
98792
878339
669669
336090
730100
519711
918488
247550
751146
848769
689636
987130
233871
78549
495863
395874
429030
215646
160788
995008
405572
581181
656326
45234
751148
253389
734212
604751
827989
567215
287825
722843
258251
748411
76901
81625
589515
624192
114093
739815
950329
707100
532629
485237
391447
178940
447339
518660
85525
861278
127299
266794
626795
582140
814949
776642
158471
858686
459197
593820
958313
720068
573434
688702
13882
673987
771582
913884
831734
107377
505941
919753
540590
182713
197893
135805
114576
988835
172642
475086
48111
101004
516776
151312
807220
135002
41607
627269
340045
359772
468516
860795
322915
948212
674926
967380
22310
747396
283887
129899
212889
428508
892233
124455
209349
876220
188366
413967
820706
340160
137568
909125
965520
397230
104694
891663
552775
658451
293991
805302
769616
557927
141493
320397
121763
853066
193459
534072
402599
499370
815003
87292
75857
615148
290639
986452
951110
199451
937996
95671
578183
465298
780559
28074
667768
272552
79764
228002
159038
738958
564084
58842
819981
407370
875899
231798
157001
32672
934150
393416
41663
654000
696505
102802
587696
206504
930440
629948
557599
174546
686326
595505
465434
701784
434938
991058
324234
339603
14633
700461
410535
777255
551972
44697
92405
95872
278912
830530
884579
213750
71488
106256
456728
237513
124912
476570
589724
170292
886384
226000
523286
426488
867147
446485
657586
199495
718170
462935
761145
350396
393006
61054
876975
451520
154820
187433
471187
361540
320470
395019
53559
515128
584291
505787
26669
920142
511882
964688
430161
568044
285193
991150
975706
527641
758752
55761
80791
785909
931784
423967
818254
622689
670001
812111
900866
463215
12468
741860
287747
369072
804172
372885
432833
473882
630438
755685
139940
158582
399596
54153
80846
940270
677343
93999
528056
152116
542166
480900
159126
404148
552971
25811
239858
772430
581044
827222
578991
600252
102990
250505
287111
628474
581488
468631
185325
352055
563298
343474
815379
902600
185143
913191
970095
73633
367388
310495
845004
658400
743480
583940
691525
524534
817453
99069
553943
991729
442968
794256
106682
627742
938330
223158
851089
6788
392996
861467
825773
843405
50508
227283
895209
382753
804645
919616
598433
615261
117809
769506
984458
964489
438162
34723
365259
913782
863775
498984
34758
684166
430167
623959
586974
891109
759790
553317
273700
493363
9523
878620
715632
740844
804187
871117
380514
743175
946435
446492
162899
470957
456316
125430
838387
893784
65641
338800
889731
296957
284745
156278
440582
183091
683886
329863
361825
906767
766380
466864
766872
901646
512006
871140
483730
410519
160563
318292
543714
836128
167641
440397
895972
638053
349978
330558
838502
704278
508313
779543
444705
318067
224073
210475
302122
500106
83121
150124
809491
404268
806918
721112
825400
876061
238444
510594
789884
694983
469089
848182
913126
778047
645041
726593
431781
60104
12504
629706
483750
818782
761623
270266
46004
633075
456570
246038
318255
61019
335282
216782
195686
808651
608616
573141
560624
159575
338079
647187
495619
4937
694091
579817
299899
839655
268403
147449
441863
896221
923216
358055
706656
624932
914745
948003
915110
702480
343006
267739
333738
290509
955375
658101
99998
344885
11052
19920
871255
698591
947752
556734
388678
222083
733751
331038
183001
594358
410157
620406
47329
680514
748623
186252
389009
776915
235178
270863
252091
344138
356764
239553
471562
381593
514171
686188
109029
303839
196591
619029
968040
746907
490920
89301
631000
341247
783652
801972
995713
588895
987563
82902
758426
343426
732174
23905
97118
817115
249649
805559
676517
960163
541271
393387
694627
891854
857421
433603
788622
158760
717431
810335
336885
483980
646299
642052
162427
273739
838099
780571
178016
391052
628428
306066
255479
339398
462268
739836
734574
254824
813494
964745
737953
421162
44777
167936
551627
483106
492259
511215
477057
401108
437090
598780
150772
862383
934343
752423
74757
857300
929790
461407
906078
870592
339508
9301
802572
114779
458186
303945
441897
623272
805957
322287
555193
643174
395759
278632
867756
23946
534284
257408
507347
350020
720248
250894
26135
284624
217076
93163
882349
351034
511259
990056
422434
888691
149760
565104
107279
716652
775707
717895
856650
319600
345250
917649
181836
671145
90682
268924
691673
600317
846058
401234
769612
541661
159894
125612
364316
207880
959960
539159
298711
891603
923222
870632
431177
395872
524415
157679
966984
925855
525258
293153
595299
188533
81432
969980
253327
367804
908482
109604
18731
71299
213905
57313
467326
620607
226057
375513
810389
752307
80778
912937
427966
694688
274434
919023
61771
466188
729738
515657
399785
276153
654079
623935
320914
697586
865425
115413
983097
272856
848093
501386
88012
679446
173577
447810
513881
192856
529074
955676
769714
268705
611096
359096
541799
812457
714377
123477
6471
319000
211634
148948
520694
171064
124254
737681
919706
81230
671962
710271
515540
287602
805431
458626
976288
328679
439928
727550
266187
338695
943624
393129
905803
965339
705459
46494
934057
887706
54137
468871
813030
952270
788501
508174
449984
404415
816320
25629
728991
830171
131108
314132
800084
182933
635424
324549
568667
4001
632753
555276
929733
799287
762332
90383
633962
558699
716979
332396
911600
215204
650840
106668
636983
307412
773075
722857
393158
140738
873509
473058
459915
891724
758323
422350
208475
250267
162399
707812
344898
842094
410117
202172
447379
560860
431055
321621
302841
850460
67727
861698
391645
540168
861756
457672
861808
881154
878570
76332
341028
119560
581248
873320
192763
518560
919558
158394
201297
764745
671744
733760
594729
451537
270260
480494
518947
666487
999053
538480
442817
306229
966849
192034
847700
824864
133414
797129
206093
606646
782689
939199
252408
355773
512504
513060
322071
985893
16494
885532
438393
807196
325964
140563
816268
593108
58922
273963
877711
898113
318969
33375
183733
361963
663513
322736
273284
369535
787513
407144
723549
808765
521785
546651
658611
661449
842756
71850
935253
762115
794543
666417
447607
449295
116496
305592
594617
721377
916111
518184
326423
354166
999214
580580
328286
102915
268855
650792
400894
785445
451225
204218
289642
115716
198542
120923
93982
299698
11353
632323
187427
406069
754760
932759
781801
409678
262991
226620
505396
764993
85594
867368
30291
889980
257420
379140
342826
707627
580618
901622
172842
318996
669178
714942
554271
886698
145598
426533
93565
273760
388070
326375
962355
17664
365190
717931
166905
107635
303528
94129
208169
830301
856649
83860
516239
473370
204971
154704
273570
568035
878997
805557
198705
63948
976351
40943
974141
833356
363332
919258
596222
951834
108459
390460
626284
513084
416209
226676
338191
734065
532542
24305
912158
365889
265353
491994
176996
228491
909459
422437
317372
253964
988213
680781
292187
365010
56416
120291
412954
292739
721690
698641
931671
335109
80604
421289
533856
959059
179592
831685
302937
70097
882079
887469
530727
269907
482748
982820
172631
819050
529353
635347
211727
262722
843078
746382
304196
437742
613357
302649
711789
291479
720826
620948
224085
851042
394945
480919
164285
809697
203732
46097
593221
788860
593043
972807
286566
6206
843817
974994
669161
60024
579708
753073
346949
722191
352534
498262
319860
655121
784787
189817
839514
21033
411225
793487
474718
993938
742521
333349
187074
237899
977350
976537
438859
194389
2878
693744
42040
253866
758382
985622
372549
491450
415871
715911
206604
519830
878059
354000
47192
372900
425499
335743
32111
218655
259045
806972
926014
875251
703145
791887
125852
95095
360740
549270
795370
316026
41409
697911
786031
815189
17776
480310
884421
373917
370141
667837
705339
23442
487221
186776
789475
39094
566593
169622
557735
770235
519451
443676
437527
367642
785504
951887
474846
96301
423496
675482
153797
958942
397745
384893
358567
140321
353154
501658
915117
204089
611358
13204
792075
74512
908105
120818
31889
912583
465851
660782
635509
864947
575661
980585
828785
565738
59963
395777
628423
971538
710904
958984
414457
620985
706583
27317
901017
670129
516265
316536
7403
595063
786873
329932
887605
108996
397542
847668
164648
944573
599311
89307
56141
310697
757406
294802
117930
387928
533584
936005
867964
979960
82345
542699
658885
627561
372955
598026
204884
197960
335355
414674
52927
324650
908608
291827
268143
163961
189908
661261
788104
109580
614890
425968
497826
60527
845713
284019
912594
596598
720928
772453
746838
575499
704776
962497
877643
710522
116317
573361
494089
717270
60225
770886
460637
904982
664756
326233
90541
317601
607102
42353
299889
6175
475861
332323
941521
941814
3265
659363
391226
192055
311573
601072
824486
994624
824789
288222
724542
913593
793598
322894
91620
420475
356856
429320
509335
572558
722968
774681
391443
806558
74122
655953
752755
397219
343678
13796
215165
535481
406468
277681
694867
398131
922709
699480
594076
877123
115139
794866
153524
841529
760213
818170
70645
496950
133614
87942
88741
740961
149158
493426
385276
551648
710114
518340
599326
43929
345466
222632
330398
558914
486274
409100
790826
115781
360986
492403
844316
14770
676588
803282
98013
593753
926720
267225
130879
12541
852219
338050
970954
413532
723651
764011
542369
950413
669042
284417
310840
286517
686635
611028
877440
470293
291768
746659
772571
324247
419350
616235
647377
968144
61798
386280
107400
381812
957520
958290
46741
244723
826228
569926
164676
493818
562291
839404
288721
744013
274996
462723
340876
24693
730176
423948
704182
997214
879760
735196
26169
972706
375482
361457
336321
506184
111062
894950
689844
371524
629973
947657
258953
900515
654010
838731
460078
566930
939790
995354
30696
811505
743924
634816
966582
798834
728310
587693
485175
819475
288858
261491
188350
297929
712954
244037
680115
545716
908101
135250
395130
140480
161472
616226
261623
904054
715908
749131
977350
518914
406378
421228
92091
583347
163587
756343
415038
336933
375003
392524
895113
489287
968430
71296
817857
235319
903461
928383
199302
695520
498013
425716
577067
582988
628537
673031
858647
80554
916691
42896
838861
255143
699472
631034
118849
904185
408341
369663
20536
782281
146969
482157
327542
879487
9528
111547
259822
503774
754246
390902
887760
295166
612236
844302
923225
60517
721015
118676
622100
797407
47839
752077
304636
817512
87361
696746
319765
637823
874009
206188
341160
407239
319387
550422
458716
417839
579199
958374
721464
426748
518488
210457
178101
473517
107224
892072
930637
651236
967618
666824
115661
688609
855680
463657
11924
206525
759139
65177
844629
983656
932205
144283
915579
245935
490496
187059
264863
657096
519660
977677
647742
371500
662295
482705
265289
426422
264867
360232
715332
352054
898508
268781
54155
465249
431826
372316
515877
788519
108305
867279
97001
962760
952164
671975
165299
147862
575608
796402
144767
40576
622755
47886
984157
804227
732390
62279
245431
695184
507316
924230
236978
939245
909141
96310
502233
426043
899516
401595
849888
3091
584739
768177
977735
985506
642878
396858
520783
148949
313936
751861
117263
414747
53592
124154
203847
790338
528208
337839
901144
874322
192056
828540
43142
731074
800841
484208
710148
108095
457730
793680
176027
248487
192022
830272
573049
746060
404139
350188
775106
258739
447593
216749
627427
103620
617981
625276
990202
547774
222654
965947
708291
629932
108125
668787
865263
470631
358592
19350
327615
689356
611432
991650
812968
913177
413486
2861
830907
930647
912412
781325
590663
363036
993648
182546
909661
54644
326753
211784
683242
71457
75308
741230
592097
300747
541447
307083
316295
149523
131605
350162
49459
389899
355059
375250
22023
559343
591856
9277
384401
77685
69687
944016
143190
266047
325830
582620
966241
168125
563016
283757
938871
862791
53053
941297
291687
352431
119683
823279
790927
424953
7226
729457
361471
500649
179434
366143
339943
978649
659468
588672
755068
136691
457288
556155
146222
496480
146357
623572
986980
73815
330622
64441
572307
295225
782158
515539
541958
156611
888966
948810
883469
76691
230255
297806
461326
121262
838263
172947
508462
48942
2448
125817
988966
896598
741316
184644
539680
948485
478635
268311
652767
705762
407952
139424
388145
504006
341303
142556
895066
335951
811932
936928
366009
649886
570610
679286
659214
146536
304438
166765
78487
203477
361061
585465
649742
418622
287875
781792
978615
845893
440375
112892
283026
397793
816245
686319
829923
180803
712877
366292
122210
75097
964107
295422
926675
38162
769247
649172
162608
397512
346768
976235
789583
560898
401705
275932
765580
168997
579686
998319
774575
207871
701444
19763
943173
284824
944501
298027
15598
316399
244370
875724
169996
392668
765864
948035
361185
996356
110123
255425
85273
795498
629410
796988
130143
349334
828081
351155
655013
758127
439735
452833
723722
768339
960852
435076
679548
960909
89837
659130
532537
403256
755312
974019
198335
62684
359268
639574
132435
821295
613653
869023
24840
32284
22085
844497
877113
43124
802069
187831
722052
992655
796960
439465
985946
588107
343182
702040
345026
391190
962264
362668
34971
385720
113014
98902
5080
580626
185032
761562
399830
691647
653826
278041
579609
817529
529585
119093
118603
974466
589898
324715
600664
264349
505947
747277
685978
814327
250523
508491
270628
247653
549590
666147
347537
329515
804621
298597
119479
898831
83328
458776
172834
536315
808680
476554
862417
429119
146312
695585
865675
17868
573053
83622
2806
683625
193704
949793
637669
845150
374560
240868
643772
356959
804431
855715
186105
721431
875481
577378
803262
490417
758107
489672
738152
741025
725535
355506
294435
401386
446194
735510
564836
11314
374571
235913
737689
157534
84996
696194
481628
285520
64197
380731
122650
468758
658897
828839
755321
63363
903743
178762
874613
332793
260319
17694
242037
955527
435692
983473
342412
146531
181006
630734
447195
308087
519283
27707
538722
948574
822663
152951
957942
820163
191501
768839
492002
884438
241810
58632
758121
753973
933346
171388
110887
250990
719554
537936
263055
560645
197106
361443
785366
990
327145
762266
518222
477321
472499
650017
58882
221015
906780
903943
2187
424834
720181
42755
824441
912519
894887
913511
86908
242862
840409
680262
440281
240026
332265
848054
613721
709772
213023
656018
641461
23350
881847
533898
923731
390455
710171
454203
692125
657101
663022
663354
242780
953320
521883
160226
779615
662970
946164
712952
965228
670277
663266
761899
929470
74383
723904
101808
648610
985359
318857
158056
23300
912066
45275
732141
428265
101057
313733
606586
584888
415027
805863
550492
852038
725941
8330
760067
228289
247780
173047
125501
182950
743181
537243
672826
227447
962848
780554
95592
561044
66102
267874
371450
861509
391614
281789
679904
298854
69599
325532
960235
520323
981400
875836
118435
758263
724122
456545
467034
99104
930570
542594
163409
148515
714927
736531
806563
346610
830378
241740
825145
18715
507536
702345
516753
408986
845805
865849
382390
277360
577383
697938
165394
817611
514978
520621
785557
30150
90858
505028
164073
732935
940479
775645
57384
553226
869779
329735
701506
60908
572781
555709
955682
597047
443121
580106
774790
518765
523102
544188
43265
529477
414983
736924
626566
384567
505205
640341
154750
983506
802977
758609
728537
804320
713809
941543
874082
804367
175010
578335
648671
505550
698426
34944
423035
583636
740713
355455
498836
585652
390968
533410
141446
669789
437352
467697
931981
253596
272396
19520
777300
125577
804918
244675
874290
209877
180736
434215
997099
604696
349499
434290
947630
590816
760459
984940
718123
419838
474301
534711
736685
730015
696700
193456
887279
40314
85124
770304
25381
92546
632897
527785
163341
159753
631239
524506
500686
724895
378930
319723
119013
728116
217425
779450
1895
943923
458381
344390
559292
815561
782819
788323
666582
493855
273029
768615
734667
874649
538837
405364
184370
631208
628151
638199
34163
575559
599623
105319
252695
761120
849619
439561
513529
129993
843031
640728
804476
320479
41994
324061
953384
997433
271198
223069
629699
982304
504481
128020
487605
936867
33512
96964
27282
958139
360857
780179
939851
16453
185165
340047
768580
392739
601789
501451
361297
810909
807412
559004
115709
959967
115098
374327
555356
791870
902038
313006
229283
878651
65220
911495
360354
643231
324207
850786
169003
378053
984229
659170
587045
181972
170779
654051
523165
519985
926075
225120
948263
315968
708831
7168
138041
687787
501525
472220
588120
938000
367524
883728
645943
814763
698716
816699
91723
260569
997290
620213
303409
200336
52040
357562
622993
15266
658494
961362
642292
386506
468995
882841
550806
887597
440382
177525
410081
870486
387406
835327
183823
300055
691515
406544
313696
109676
1986
57913
745467
381107
741481
301589
339899
749013
826213
213931
89847
302420
783682
750623
946417
333656
943310
931103
861537
651210
391418
571606
669014
155851
333040
693761
850868
28253
943646
518419
645423
298313
632588
488599
551155
495643
369102
643308
763083
141905
18877
773232
699415
43236
812784
757646
754607
241839
148450
281689
721571
438351
517053
462369
851014
407491
151113
790489
674075
398158
786953
997027
111365
477937
721327
936
640493
251086
148572
550345
786696
927498
51815
639652
743536
322492
232094
899646
723185
658284
142215
549594
106471
281598
123194
587302
510488
417644
15218
118940
798874
30705
437940
835169
299184
993087
555575
34289
755795
21779
621527
607731
155105
860313
185156
470097
125671
668489
296614
87086
581017
643052
160950
815425
724341
619911
620372
20326
27893
697150
616541
316241
381251
284210
162199
382685
877109
564723
288359
545266
927983
879431
979761
514776
228422
785687
619504
902858
723813
664771
366880
186884
924422
488165
209789
442785
481727
162790
600132
252503
759772
886158
809181
88183
566179
214549
948422
418907
178717
832632
442488
552153
242847
627022
982655
696072
304017
403444
262017
762777
367296
408763
192362
325769
100359
622601
513093
642992
186247
346636
870709
145472
944331
742475
193287
59075
97986
939046
212778
179265
720200
918179
394566
330826
696075
941336
636726
545682
804331
290056
191871
828036
316348
451939
394600
107957
770630
47587
575323
602087
801619
808460
317518
241364
206478
626569
691489
217573
101145
927569
795728
698658
429299
675920
968936
77282
532571
278915
521845
601187
953926
676256
672469
78154
617158
230862
611369
883917
499061
985250
657524
346080
844150
519630
857580
287868
49418
917275
136944
885356
699448
355092
465510
605725
932626
571307
171143
950823
44802
228442
932939
205525
9874
69209
888418
455001
733915
238255
343388
688374
272906
552462
893736
970558
177109
278754
350749
902786
818942
891829
563611
31772
2274
17924
746965
218553
258805
661275
483508
344672
577117
122818
739619
335877
465141
784021
363123
407769
557698
490659
389825
692794
356910
206646
812358
970692
667421
269173
413519
396937
263317
52076
445621
715569
63939
183255
272616
636058
138833
150912
839790
139640
880838
186650
362488
28029
147549
362893
316509
68306
782661
987927
897532
747858
683805
354886
181980
431094
277608
53043
776774
887303
239651
246332
777850
192091
330530
736837
421217
532573
289275
205274
178840
3758
225354
460881
108039
8522
385308
636280
563237
279820
793093
952209
348819
201040
212548
301421
644691
849886
111625
396407
496340
105528
411202
167087
485314
791879
780268
922389
918054
963421
755209
10150
263705
73167
559923
484368
135870
499403
554499
576044
35275
361059
658139
758867
98041
934305
943259
247744
817015
893185
480088
434352
487733
194836
60752
303233
443019
567598
227090
747171
691042
674484
987707
234809
947386
451771
316821
734922
790588
97038
643525
352545
977985
370526
650372
421351
316712
856798
129643
356664
650861
503751
635868
653701
662929
518045
768210
770595
844756
829004
938420
735597
241533
25794
357622
223351
24105
317037
670155
395759
899793
569103
512423
908216
554945
620584
25371
929139
35905
787258
830946
359210
854994
7867
206770
175719
399083
648150
880881
64650
271526
494534
370610
575547
52650
71970
706227
736444
636463
405714
964307
427940
585482
681591
230156
174042
659183
657103
234917
658958
894505
242642
628398
479313
851286
219190
838333
915891
714827
162757
156559
497865
411544
35464
617017
514665
336800
394381
772253
377682
322860
620050
236129
453937
301396
844402
838386
399564
185577
790359
463163
305517
655989
912952
849827
377081
197462
53890
862028
188980
723032
573466
186179
785077
422435
418980
357283
655897
322454
113799
637303
700720
483117
968375
374898
658823
69613
62129
275436
598705
325737
51192
658926
50020
209889
567770
139296
863722
242197
44642
362963
43298
525600
956121
846392
95609
345775
298659
204828
39299
304361
427366
663312
749622
555355
647576
41428
984218
158380
286638
467898
349244
743693
73765
217096
86805
862360
237192
54132
417422
731967
274564
605093
938347
707151
789987
890771
897643
760139
841747
973291
781901
97743
248959
218460
566988
524397
882099
636812
826917
447308
463818
515192
469870
630898
999549
941245
61910
540998
682503
181971
248850
872626
672360
419226
604554
654040
809734
706929
403933
780585
156237
360091
139215
660643
391823
951083
844941
699796
258978
254666
614472
178134
861113
976876
167567
721724
826136
463237
431355
764219
120923
655774
23663
418566
803295
149931
119714
861158
472076
295771
943930
178252
457317
885755
985585
873202
739444
740276
799358
975337
728946
363249
358687
506331
84921
9986
534439
663226
102203
235323
781518
342263
844740
486373
119814
675031
608188
968266
332560
631054
781542
506637
567966
570628
981970
631540
328608
699508
551625
618603
142976
77727
877605
669538
265230
624237
344947
48778
44316
698821
967540
185215
681418
168317
553941
88658
165083
181099
672581
365720
838626
226469
411473
732868
439073
434913
122711
328984
541396
90525
386335
79838
310387
581934
103950
807947
298165
512868
659471
520167
639466
260095
409710
487775
835169
701557
444420
812292
3913
389207
256434
882161
736853
969355
522524
364504
356702
27270
74834
813938
607579
566521
784834
522937
924036
158503
325011
435137
660726
229756
306614
10819
293534
268363
171738
348075
318274
120319
878611
745197
808885
706312
510994
930829
209972
482908
904599
610979
249772
603860
40234
782822
16758
855406
818568
901723
49458
978883
712981
286361
501379
120133
131326
715150
742141
36649
237595
666917
514396
303274
989680
186521
436466
124439
657914
437969
521629
14743
338358
851114
909294
418227
610802
918517
127057
42724
574194
41655
802841
562544
705288
289929
178390
388396
244857
942005
426911
669774
417357
451303
673320
358155
399520
421880
321720
639857
534529
242925
56281
533132
409852
892243
293970
269394
400348
21969
422052
488547
325360
655533
274373
432955
724273
150816
930643
328790
389975
234245
407276
516500
103595
173583
801036
799934
714485
148400
573095
329075
197931
646852
436286
597576
466490
442726
852716
295080
844271
608103
111834
689670
805105
796577
125669
249952
721178
265420
574647
687041
148532
563426
504784
267550
550656
424240
168358
945925
100856
236998
631912
233013
637148
17886
204591
564571
698660
737178
219002
518532
77534
921545
355765
201671
544694
759940
184100
969289
840244
640962
414790
347868
118244
60423
333590
863199
925725
962170
908968
286990
640225
237019
917353
465875
257816
404349
983198
659670
738891
666992
687496
355238
89473
455539
365425
535595
556001
604832
964342
7619
918128
81688
397303
828032
343647
978200
751668
279705
451780
370474
899421
809106
649945
146296
543889
769724
3195
97799
888287
775112
794294
576247
979136
430958
135474
994211
947644
809272
280469
401321
405175
391029
873537
537502
119262
162144
428467
967517
476252
226358
349573
331557
975405
180201
378523
813401
278122
914999
986039
393055
338980
472573
763079
135430
255046
72681
766804
980425
213029
259517
803006
580958
649948
322139
219176
949860
633117
754681
624668
825151
404018
211421
397004
636591
16765
161630
889426
328569
722531
350140
55912
479139
475397
524733
630864
782104
760612
647387
745016
854741
15250
241552
264710
648608
74425
532322
767098
487713
976617
180168
588576
971393
133973
655608
988022
924144
528775
887235
289014
887989
554948
811429
231254
754890
549938
965447
589481
467320
277035
315257
806002
323412
112954
117898
728558
638447
463985
956548
192097
610115
680382
841909
531701
919785
60866
322949
118504
818846
6813
455483
476420
320657
265372
39174
719123
758015
269981
690734
723065
251383
947029
138558
882924
760394
998909
863591
210513
994534
214463
62177
307306
850665
937033
656363
675081
597935
410094
331632
715691
269373
718249
302371
280839
214754
36551
879614
526114
359921
657912
487834
88157
666082
8684
773419
74579
934855
132900
105733
530193
698201
950930
682896
205801
264829
449783
505617
9508
439217
618163
306091
69573
720815
15263
124828
443422
431206
832483
816838
138623
241744
783115
480839
919823
991956
678361
798452
462539
483224
627252
895150
502482
353029
891577
967493
754620
915129
809209
776869
680640
966247
757255
599778
937273
972011
109468
60590
565791
156794
26296
477650
988313
111062
449641
419959
240550
524945
969769
680102
784874
203032
668885
17445
626714
550595
505946
507539
270963
141639
662582
430769
136639
219586
653080
57536
306703
896789
286527
448571
768830
220048
279065
473704
901112
14426
888435
550562
428819
437879
484586
41359
843729
866963
36702
378205
23879
413597
481807
47573
317018
903065
178103
704669
711708
697350
305391
994992
609499
762048
290371
591707
906535
741946
567428
680674
615374
59985
273048
254461
929136
413292
850408
83538
549868
782128
208330
545690
175323
120080
455988
104487
417003
594505
936702
544497
650440
785592
475149
107649
658154
205391
210342
722505
365275
492840
785696
281740
156772
267766
748305
816561
487669
825005
169482
71480
232422
533487
256603
74850
803283
784717
940614
423899
653923
309553
161710
259277
60434
101688
696904
152215
885623
37068
619687
413868
862874
519239
744382
263478
937504
499919
339657
371379
675757
810110
562363
969805
374407
187269
871064
214476
836161
5783
662771
885662
737674
866537
348485
877575
36405
568424
946318
74860
479265
928489
393196
314671
190307
746159
114296
160586
102665
663473
546294
599665
744164
399998
227684
637901
474941
803270
465480
990721
576778
131451
102138
721867
528343
793855
725760
64525
811845
753658
670440
84635
338319
52193
660535
520092
69821
258078
155170
74840
224549
732416
636865
197075
689931
400099
380502
756242
124475
828537
26828
555198
333420
315917
681372
979459
667800
461954
277593
256772
357613
45271
649021
469000
351158
708340
59243
202663
866905
325029
278371
570916
62081
488033
926821
636732
748927
592904
567367
180770
531151
768031
519121
714396
28474
995301
908328
506546
685149
921249
995885
44016
956549
435640
702246
734550
77586
567389
699438
36769
902135
455643
574199
256493
991471
910560
657057
890432
223933
38885
526773
62553
647550
858867
635302
891258
872120
119346
283557
250381
833232
963887
268487
522245
928818
222454
459518
178960
741167
409059
23729
80444
451672
305599
776414
505361
446056
303745
532273
106816
484901
843856
627575
951697
665979
293809
372538
666446
871234
22357
665925
917916
350629
834659
442533
538420
702136
173969
993320
131517
154358
385138
612770
278449
740948
847923
782362
949391
814896
496224
373349
555586
789417
571870
387874
827181
933094
836081
951152
280706
284767
294894
959807
940042
999559
648824
989950
621196
13508
144118
632389
938708
667916
579712
167302
206902
982684
893563
854712
904607
688757
627074
262202
946485
674578
573118
914977
281124
442133
125892
714113
906936
621303
202931
898370
956751
951414
779999
252531
734998
620733
328872
728510
739049
567317
107719
201719
797844
569033
988302
830614
134394
777590
857408
600358
29751
264493
260982
669049
16697
914503
622555
427571
861982
837902
876194
391844
973581
934980
448850
657809
60860
18180
980453
235479
694123
139934
753484
191463
525856
321773
149399
230210
874118
217125
610095
313461
840
172073
920618
104400
69641
368904
852549
20706
428715
103732
43976
21570
280796
537896
899336
556251
552650
337364
355042
605184
390949
536339
918674
653841
358946
244252
330125
976896
65981
151461
846762
564959
161640
612467
630562
940750
922057
208276
761070
216817
641172
35875
670582
35609
145550
856284
889839
913912
89040
36569
732760
697774
369846
118235
597155
396643
57650
82958
356692
156214
325582
179713
274628
516397
556148
67206
516986
945995
689259
707457
265396
349161
164416
222745
140804
648127
954302
38165
98396
562265
237789
36673
317756
584794
364854
425747
619435
174702
997704
312027
328193
634473
410805
288420
35286
643468
275663
331067
918516
754968
702571
547527
138256
409408
845424
9792
843007
271563
26549
832296
173698
892500
200912
443875
554218
807153
526064
132278
177237
646543
253899
663348
161207
190468
648310
598939
855799
420531
610155
862307
675985
86543
950500
455269
350586
258946
852990
662768
284893
517
426319
57500
858689
704072
981591
380522
432335
34848
535205
841289
470730
480458
48752
907266
396466
951826
90137
242924
91382
143508
816230
930805
622091
679601
630401
322342
245553
584462
297411
730718
265581
996158
926028
131579
530600
553297
781838
209886
681870
113968
944939
600497
17481
644893
216596
452186
557793
330490
399085
50253
421773
209633
197850
56260
979905
125310
550661
663242
79061
7437
846925
703998
389169
137820
711388
941913
887945
440426
704842
90030
47217
729728
491162
597238
745395
359573
265324
639857
540453
978580
449541
411469
879054
680980
32569
797734
785449
974717
321744
307063
329731
568360
742170
375114
629975
25005
694397
872626
952107
112169
496161
347505
565177
429934
634178
752756
658296
422341
380738
315449
542167
934259
110093
516897
536628
719276
249111
149454
23622
507507
5707
373318
31273
853735
873455
648021
83141
478650
589235
688462
774482
598570
832794
357529
609244
370090
905799
623936
86672
947101
836449
762723
593871
389896
693847
187366
789968
126812
562382
229963
543233
172758
451333
813005
130140
942055
20801
438100
762661
541002
440545
152894
806763
411092
533037
729881
64863
893624
692871
910760
164666
297090
57867
264356
335396
491017
937509
618595
210831
542677
132493
767993
5549
259803
719928
288605
504480
356801
820701
376978
611224
324578
413279
806673
510981
144561
625504
344147
136624
649766
71011
424653
87283
74152
365921
760395
896752
107385
270275
588792
449941
53550
28401
116161
511926
239039
493984
168719
951506
491928
517041
182053
363715
934274
267400
497994
434865
567356
339667
692230
463455
310982
876802
480568
711968
970679
464236
813652
310011
801363
314443
974
885176
423479
544256
69857
612779
851632
4851
477287
650332
874331
667839
864577
892148
114350
490312
398926
562671
503251
353178
860757
720993
408289
388102
60561
357945
953773
616956
535289
138189
751105
237545
537550
531298
722571
138905
588996
96276
259545
421420
872286
233557
899811
843027
774227
240214
763305
696239
490965
342712
260845
140575
242362
132589
148655
759918
57465
80337
544155
945090
470451
637296
859325
24734
272752
351962
677806
121174
615308
65341
544055
971641
46657
464503
358454
34670
707003
325405
293276
243669
673927
51773
612458
865669
889629
966364
276761
787603
588870
655712
974432
286290
234587
440118
730647
168725
343271
714791
587662
828180
855462
524494
317593
859120
977271
257551
931339
441275
124708
725294
65130
186734
209473
856576
662700
584624
208652
92185
470583
935933
143682
312714
150282
215487
44443
734228
209431
941046
121805
290434
49237
390961
653678
530864
81900
346766
217237
816511
620078
905150
218518
171372
184493
300553
140777
146568
774091
915369
576585
386547
811908
604008
774774
285709
159445
46592
247261
610667
440247
974796
581747
985006
502653
113588
456728
393792
915739
936798
431495
40556
987229
327198
634106
363129
431478
722737
940674
401752
755096
537592
706158
993687
51258
255175
823810
973507
308628
115695
775479
597990
443472
119793
185290
266277
804665
500340
441931
710734
795416
95613
135876
456025
828289
188147
379596
642535
754003
105946
643104
107501
180693
865490
134482
552076
302455
629005
758008
276685
778161
803826
956867
518491
612102
136090
82451
387795
113852
469430
337132
977333
479508
139466
379499
428491
574088
552489
552115
790632
88126
814927
863716
947733
735450
751413
211327
555396
118235
902434
716906
664758
848534
875970
977690
393699
744906
531193
145380
255120
431393
40881
864844
965448
554319
21058
147462
405858
518392
24623
421438
849409
406412
954124
780358
403451
727941
936526
166782
847273
360665
526069
223221
226128
832916
987227
252519
646761
564053
929847
981596
674410
106455
807652
437929
920855
450962
140617
703553
383458
579641
692903
663025
338490
574170
322992
28390
496391
396963
199993
682670
560499
325644
94997
925111
448591
919685
618684
898637
448069
399915
154578
44680
974228
229661
158098
721760
92632
250192
720928
432478
915701
196416
913154
742504
948783
573939
432198
934627
305780
363410
931943
683842
576454
84410
384804
448899
854121
487729
416323
124416
384692
397118
739488
968098
700402
978742
956593
772016
201278
330953
813520
769797
729487
145950
320041
293688
986981
40422
485544
941612
20482
815046
898501
287792
751479
74958
497521
512452
814672
792006
693397
481111
104402
225349
210922
632007
304596
149922
712221
422743
945016
95163
681933
245173
190475
26046
666643
825266
413636
545665
299631
967916
271832
75938
872365
166994
790614
89235
250113
183506
506029
933309
394936
277069
635422
610982
261672
469220
898544
350637
367488
260204
837590
51525
742940
425006
541963
156964
597750
954574
532555
366301
96481
118141
163137
268924
319037
690151
921238
284492
293670
394570
584894
819835
917019
899086
387724
993937
171195
199740
101759
109167
191383
732356
35644
361139
952771
767433
348666
400162
247565
957147
809904
405427
16420
724587
850592
990937
966408
624525
109750
387026
585426
25352
575561
856667
429384
602340
803096
470138
810764
897448
190556
514863
483115
928666
466874
235417
381258
178712
159078
343193
95474
148092
853348
250520
133750
320966
167729
758146
686690
870523
209665
182698
847485
475791
378604
239618
784973
169474
818939
937503
449619
855524
392244
926842
257584
372784
791234
697021
50497
654384
375008
207336
912276
222999
906371
378370
767029
594721
473465
154405
921521
632894
500990
116580
114372
832288
493633
795835
231056
973711
551627
211099
469304
797466
294510
937191
497228
389999
723042
477771
647634
737284
294266
7649
984297
594303
141034
544
67914
581465
474936
711122
982461
402180
44496
333472
596020
582411
443762
979447
161342
342754
514878
598817
892795
386612
146917
107341
405192
479184
708166
442997
453592
482329
784215
45760
154676
957917
301787
999480
843110
769761
621933
911196
912544
708866
63392
224235
860610
561529
297743
779980
58013
506102
965427
306955
774935
52917
324920
322175
947111
567183
838891
689540
112991
604124
710779
7290
398697
464496
118593
809696
70872
147551
269002
333567
155882
269028
609561
595637
912973
608272
382141
139127
638813
353590
883171
777456
143034
457198
684106
876280
205106
108044
1020
409294
198671
410452
540277
903858
796934
946083
961825
533039
296086
518093
701672
557178
460489
554225
912597
564309
236194
582993
603261
946612
824440
897051
793217
570341
136082
123508
611752
186123
863449
810921
817341
523386
92500
14655
112156
531166
152545
442482
189242
628698
814524
226323
125750
9114
78231
714148
121256
710330
370291
985840
253758
762468
248788
19784
873192
738122
943158
364686
993000
193292
387728
944326
935511
684628
198737
103639
642160
17470
395189
34390
951176
408206
38994
33897
485763
16411
466448
79800
229674
60719
757151
60800
185917
68675
159367
890069
581783
732009
918237
678210
498136
9649
508441
751655
183864
255016
981208
30669
562927
843387
283622
144947
802547
467438
984164
625378
328405
308097
588137
470144
269281
664137
599213
871014
517727
839538
175222
461358
266990
836232
722911
54218
994531
135927
644925
86017
666562
821143
690888
6986
640660
104279
515573
147190
328125
974757
493765
719717
670660
321968
746008
918649
514943
573951
803198
809129
246966
865555
136901
793995
39694
136897
378418
23410
797429
571968
948853
599444
526403
37752
646479
392342
110630
455047
726050
325441
868324
304708
928574
764567
274603
903091
26354
964735
293660
446008
779817
604932
964721
858093
571404
469755
903942
984776
783394
648590
711736
143754
308908
742143
241281
617656
895787
925120
782599
654121
935915
923072
935676
255045
24117
396257
347364
148702
912461
53553
401343
926971
445052
649637
470021
970098
515165
668603
451157
424182
472295
448255
556761
920530
272911
123569
568753
601667
572832
353067
985458
123009
452634
762331
297092
940710
472982
310245
895888
414681
157535
537761
253221
4028
165294
276114
491823
635322
874486
372173
393617
726181
68460
35859
373742
487247
377283
749499
943307
792557
463144
220089
219424
26808
918877
131195
221291
690310
50475
567929
361402
658453
213340
272971
465916
727744
381978
82755
568227
299281
235175
372632
509584
807984
649871
398514
779687
476010
580863
685999
45618
616106
784542
991375
489572
86581
398470
409353
253624
137648
377861
658348
315985
745323
744006
179156
217684
31247
738893
724483
242116
312454
222797
616809
769000
226512
847461
59406
927896
545558
220429
818793
494289
884686
914125
687698
975163
288135
637630
254470
356636
231105
849543
759151
173091
413144
913217
682575
828792
667142
739225
421117
742934
803319
968300
845801
808877
673955
651017
461215
738475
325635
449966
249756
122821
10746
654469
738454
152633
185517
492354
368113
912111
795735
62788
569877
949938
696891
762570
489954
390777
890951
159563
555954
729372
174957
907392
676823
671340
872915
931130
209832
726332
842837
499289
332867
118990
899617
862891
9441
343306
439673
156165
417985
527607
394655
412878
903945
750471
815657
730034
198889
175801
298235
455646
909196
51406
247845
52771
512024
247717
340506
267055
344447
110628
278178
781035
833033
575295
504628
175924
896346
575265
255032
201994
85341
123325
455997
125171
666160
851978
973725
401510
80020
835698
227051
4506
613960
877553
183818
70782
634435
335701
308060
731744
574640
721889
375033
45383
418951
379613
745819
188839
548993
111501
376251
182718
189884
562923
86324
878207
724528
801317
817655
60992
547236
940952
452044
25910
702828
994497
507907
718735
468729
666872
428435
508732
40706
855488
982459
738454
623372
467194
416522
879188
294832
997542
362940
430808
425421
802632
960920
716573
637
197276
724178
354333
291578
793633
469731
967189
395889
25891
507569
705017
16208
611559
867558
942677
910578
916707
3907
363473
308789
295720
211879
539483
435455
455179
213712
991630
354887
913576
256717
505687
903978
219685
366459
232340
606629
243447
520487
970823
112364
408441
367116
379485
926350
258857
911292
207831
770175
299062
659837
15523
662733
760603
645276
937215
469575
765179
174117
919900
464350
279541
852939
555275
571314
547434
757091
38450
295291
475861
269663
14093
75839
991348
941305
326870
960594
689539
952665
685672
387214
590974
156943
826386
67649
100895
68679
655855
366650
326221
37362
10620
488551
726391
323644
595487
971914
21235
106750
713567
980896
720389
72650
992805
499570
52889
147372
698056
86984
471416
488511
919879
997958
56589
937171
586710
512408
860264
92544
909391
375387
457889
644659
140736
988940
987131
534625
638761
663943
802854
814746
144744
672423
225158
148528
228052
175342
836830
537473
511895
677044
734278
820169
412350
809916
767671
338092
8118
970261
543582
612116
876693
557565
244771
129177
636893
134451
861310
799771
998231
196533
864692
715372
49864
572391
588690
632008
939339
276325
737964
596324
91988
677957
122031
314883
483049
365639
503024
842399
600928
453050
986329
472655
279426
597552
391500
978931
723280
612319
767650
20260
57701
783070
108206
992565
336876
449922
725388
581017
165928
718698
265889
569671
956618
211190
852077
643539
357952
978595
911677
317019
221264
623896
952620
49892
942912
720666
531305
833045
173012
312281
808016
261845
41940
8118
301330
911267
859354
956053
759199
82284
145309
335760
46925
109559
528534
150131
884931
610772
725274
239979
669354
121688
40612
911151
799390
515562
481601
782536
954555
145960
30730
739125
774788
337384
76663
940921
50216
789975
460050
511222
233299
906239
90302
230005
710868
317320
282644
583395
707405
5228
564157
795610
619263
444467
527642
519478
850184
41642
740263
502482
548352
754024
451322
75918
468847
510533
196666
123180
939114
355799
360649
921596
411371
766500
372089
912500
373055
455105
566036
341714
194775
948172
219533
703673
2318
548048
668207
377642
246486
28997
281024
737408
354989
959656
145355
857466
83958
244154
78063
114839
343417
12360
591038
52735
321520
964273
872110
429276
529020
750613
995520
40910
165536
570753
824682
921513
774111
712366
973076
393965
592037
907623
935208
393859
50049
67703
650436
519056
187215
664268
738587
54132
99775
429101
539354
742767
757114
832195
721887
643670
663408
901531
675996
994206
34191
934208
30371
784412
219018
353493
286444
368647
928123
666310
760727
335149
621172
462136
300580
647664
145575
338975
424734
573324
424944
761400
740330
354691
616473
153409
667032
850409
146007
786577
131854
220635
289929
98021
799383
860759
75243
428161
33996
764506
520389
977725
715777
900285
824355
576557
658036
288610
94726
3125
832599
887756
628807
925333
442232
191495
162548
762616
421018
307671
667504
245777
469714
928346
758308
936764
450897
778644
520716
792761
337009
447914
541804
692950
174918
550212
530139
927257
713405
340722
490419
588144
730721
776147
506466
885060
563426
161615
29333
646316
203216
887347
328056
480246
534407
887078
386358
993048
604816
81467
303753
211446
875605
595190
633471
334612
705123
817133
733993
128098
100875
643401
667900
820866
61099
471172
446109
103689
162707
489504
51195
530062
400561
322226
429934
818376
396411
817137
471366
237789
832891
358320
275074
143280
303113
626993
459437
364051
470892
679114
657
900567
954051
203713
235326
664593
153302
587967
800903
268225
553365
471933
888643
540030
324678
615443
603981
401983
859994
62836
361467
706047
660968
594418
114264
164191
36702
894150
77397
239213
823215
964416
392833
844285
430399
16185
812664
674491
762472
942706
715770
526653
135205
974001
749269
865728
37970
198937
241723
504025
478163
197461
755725
226280
821143
370309
561002
760817
786625
350506
465840
786450
954013
704465
688364
512568
691578
505974
774718
161825
552562
788410
499504
89923
743273
287355
892538
233416
100159
421389
275831
869586
343638
971089
732756
64093
232862
674997
183255
755066
220924
154634
516585
500664
917712
238361
993043
432420
940724
139706
74111
32098
658155
607389
617779
727631
543292
313029
400371
48765
371693
155524
975899
834581
21348
983683
999229
639526
384929
812076
201107
918023
886257
372838
606577
535267
242671
325053
963758
227799
549546
611227
304750
325937
137864
104693
710028
398681
298326
220808
965981
436186
140476
269801
633970
252601
774731
81167
270436
552062
528065
992408
499514
32407
178738
240347
227831
926464
857746
144019
372823
525137
810775
932333
360260
388108
295090
487536
436009
451747
585947
490712
783548
224942
591190
456251
671345
783819
54869
128330
714918
72649
919146
288900
744122
334075
68817
877485
39061
853295
310863
176990
534409
892101
646402
919854
878766
570615
382821
772176
363440
302969
310541
923581
705423
918293
47790
940522
627228
94702
449391
14939
649093
18365
281835
128360
708070
764666
572724
2771
77253
466676
888516
297541
229228
16155
310023
220325
120319
912965
69728
332174
375720
478178
385837
273859
76719
315495
578594
905011
9643
746918
603285
334828
707141
323783
423187
874238
415213
330835
813612
621557
250226
610233
415763
829350
937386
797926
395752
972557
247086
648513
141677
288928
971290
19931
305432
543056
546033
137248
70025
192197
676166
663208
893061
22882
463895
379633
417178
414778
396075
824024
285291
545326
193710
64458
83229
641006
841460
146333
840023
372177
882600
760079
624454
366821
46907
799234
29230
485574
636561
66826
260867
271561
217512
340499
472817
795165
707657
144993
821319
707746
907309
281687
437007
884989
303055
463490
574421
977111
554492
63579
683545
680429
792178
605490
467251
779350
333569
832927
198475
826856
185609
889927
832472
15093
853386
912060
299553
961023
880994
80916
630892
96742
130962
781566
821317
703449
478572
825001
944410
783346
285186
845970
332035
372806
277025
218368
529261
819575
436729
46873
212115
216807
909136
166064
391882
302467
465554
145282
415022
817925
803065
627431
241889
309694
523568
105149
272783
492065
14862
948564
492939
657251
183640
959207
629205
358969
323768
539273
541663
492631
694840
974648
794481
586936
71318
153197
274134
504048
71474
350893
903019
757111
637621
374809
324958
325010
272839
54884
416739
49809
571949
597873
998650
403977
709894
840080
207990
999996
990430
335627
276681
795081
490945
763595
764554
417840
961701
65981
812408
520917
131610
678255
917387
118777
129219
564984
378339
801651
344825
425973
687800
380544
678863
624114
627981
168913
351800
97033
435702
444429
996564
640694
243106
743225
625970
723035
149277
254403
441553
927859
282143
878075
900392
185853
883944
602489
228094
206810
819225
738171
246262
553018
139766
426409
385555
189727
188354
810755
505706
299777
449430
265153
630473
989496
606748
517659
751519
633027
853026
472473
391166
272480
809177
345717
596720
729919
459034
985846
200983
150421
285300
827563
123785
960014
871659
635864
276498
399416
217823
561493
437355
763041
402452
549711
698504
548146
452409
910254
267619
625062
384180
832845
849660
394713
424084
767086
275201
335936
290409
609363
446812
962878
251543
430359
205702
768036
987393
16315
785491
120160
22044
781368
115772
127424
975393
966458
138126
945799
65125
576164
299553
335446
641522
732347
739698
89719
9020
998049
632060
462004
680414
466659
809977
881429
49664
938157
173166
280501
524475
544425
726716
98357
57875
276709
665504
282645
150568
332683
922025
478986
55984
444425
248059
328258
629926
16247
593465
113910
293843
412650
173149
350812
529298
536323
140078
623452
991805
647750
996585
263254
60497
349878
432248
562998
831278
212357
758596
624235
561113
852020
725715
886575
234506
772146
657123
317186
725292
687956
708749
138901
991447
387377
921699
904067
362393
208906
528316
680377
218612
642474
936297
555272
510818
868583
205463
576981
53760
934836
964960
297852
741537
808624
54204
801561
312686
640450
799554
467147
557921
714625
290965
628768
804740
67124
731907
838634
457813
716651
464523
506496
961118
52035
762773
687584
571111
730750
564321
907347
393896
354850
701947
892545
772745
576547
916552
412691
844532
272538
791816
132326
421063
619008
589423
898662
809089
417618
740894
427826
238175
612652
511564
237704
183511
523547
914114
239558
545232
786043
871614
244956
390734
876924
824543
234036
811000
496000
576683
900297
575950
333437
478593
156158
277629
859797
499843
2243
64770
768513
417106
765188
961511
798477
184008
278087
69190
933275
843650
778275
934212
860579
777567
922417
456999
821564
181949
198857
329556
390909
847430
703898
308039
849874
286350
682112
240857
851050
888311
265271
584722
249429
258074
941515
803377
911737
622580
408806
895998
158273
182956
288080
878456
120682
883898
319987
715423
447665
434674
801551
823120
33437
715311
49252
458474
3999
464750
649197
792340
76848
928979
208903
360061
757390
980051
52498
296754
147548
199500
450673
971100
48363
124235
2455
389606
60047
207459
31557
40717
6014
718918
930931
824249
421041
459646
646371
812001
472046
736299
649959
660278
433120
774145
134940
688829
711060
656982
820668
207684
308212
415252
720283
108488
683278
195048
877347
372401
674242
108150
942490
601079
366597
691538
655154
313279
474537
376387
572150
843214
254018
389005
157391
548738
721496
280916
524932
920052
81559
965550
707851
412218
486717
378612
783402
641521
323352
362608
588109
927488
609226
940873
460128
142897
887162
291411
396336
80141
765878
486013
602056
47443
665366
244078
641763
592557
819632
955885
643358
194215
160192
649352
108681
47987
176428
566943
598934
311101
747623
759290
911464
713382
94657
176995
795631
60098
861697
249822
667941
273593
712950
322881
233215
680149
746531
674492
565172
491073
198587
998917
224840
421901
37368
607661
892549
313775
810833
555298
361633
371424
782958
144635
54110
345270
914375
712622
538349
52586
101038
142148
384079
424992
719059
526503
525133
920528
265624
980127
274969
908508
679270
209001
217120
768822
543727
967080
131874
820032
543131
723562
622564
953541
628549
610052
906631
470946
365635
855308
62963
802001
317499
823813
897891
593433
681220
617996
753424
792977
617718
774822
597987
874250
329112
52122
992016
466820
341913
638828
748084
800272
8094
831957
548988
799340
995533
729706
326996
734314
31455
644329
815213
401614
282950
124121
888569
54299
720718
985842
34023
441327
19419
195371
62241
490379
563386
570957
163318
515564
380644
945483
378007
501561
168598
490104
516790
408238
503471
266611
917805
216769
559793
803324
188335
218285
883711
475397
356433
434535
433473
741178
859672
300785
633791
327027
482066
581676
110647
713940
139653
7904
453577
963884
879036
772760
388929
520931
726467
305385
111194
595355
806258
783000
230085
197153
158631
29340
297153
786758
246353
639838
942223
310073
676597
849577
60734
668313
572351
915553
250204
676349
643928
434142
797618
522601
337024
840209
709815
307424
224563
775874
793157
694030
540944
8982
919540
272380
86816
535742
122966
871168
261721
710349
781807
896671
776059
199927
228467
995834
357836
108581
64850
642399
914508
335243
975278
89250
216970
792986
649426
505310
879252
10558
364649
535386
341776
211543
157914
487721
555918
279892
556706
110664
679456
360874
130198
795637
208025
268718
297169
445586
974507
162659
324601
949702
932178
66372
722258
930727
199898
185901
577387
691798
727896
262553
689767
597857
898425
857940
805026
212834
366121
227330
36085
498800
683008
439615
802274
601386
919597
658765
850662
535083
212923
760209
304333
415923
388834
256770
276413
583719
235116
611535
997956
220798
150525
256644
210070
249100
696880
235993
327372
345479
184660
884192
21728
249408
302176
311584
339000
252064
168361
601817
533370
185003
216173
737474
527356
15299
457985
245603
584382
792847
989327
324283
165696
341987
666771
387924
572004
949674
186505
877523
225246
975111
668217
258918
542363
51449
106505
818335
411956
702540
214408
767104
952753
712515
899297
341184
251452
222411
12984
945358
782559
398255
664715
532424
81032
357970
988502
403087
900869
34959
808877
477745
822116
520305
569362
556142
515266
15284
669373
115152
679115
966157
645296
82346
917531
203360
169166
777903
274582
260734
92789
515401
996290
993907
122099
943830
162846
93375
443817
285983
523854
40579
784803
464144
330901
885764
655424
879781
493009
836094
793542
133300
706289
851068
73717
126372
33743
719927
576225
234823
386862
158287
273023
94502
25074
100981
594909
976017
845301
408849
160817
880361
591438
19805
478969
628407
18166
491432
999434
732691
6854
882338
510942
436448
20908
813396
394577
770985
317751
309704
721101
624439
28102
808346
50590
427159
929417
417989
560264
860738
889073
895780
365839
726486
434078
892755
847410
506536
127099
693184
755450
697673
652736
58999
555195
917591
91103
751063
44983
272680
362800
570939
226272
99063
498738
273354
675174
387520
347085
95569
955911
534040
799506
507756
827248
815535
34225
385054
685805
537737
262421
773858
184185
29253
754375
463766
226949
689333
882452
876855
599644
67966
45472
302909
633924
161860
100755
498913
661479
209496
734907
219630
177843
617591
245123
916861
648948
845647
400962
198126
330323
771992
470676
198000
194202
895176
611862
238331
196637
102313
78082
119743
54955
365002
650948
364663
965159
357434
942757
550797
777273
456606
683804
66430
231711
445036
16402
391827
98995
891146
124144
383157
433666
921958
582857
76622
826155
548648
646166
227476
297036
805935
846966
149908
802450
460314
974117
793188
622948
232499
477523
831094
901174
790681
621924
155898
480364
43203
64642
872704
744382
878214
73273
552022
786814
473138
497913
974105
240134
182354
646237
711849
786308
911767
211884
963456
906870
388764
870154
86316
437615
933208
632767
157645
605111
850302
390877
375824
560059
277656
530749
287314
377366
31056
156209
841434
349419
454414
886408
422225
969640
482901
275869
9932
802824
767888
521034
591201
760647
381131
662905
323922
548107
919465
379885
19278
571289
944493
531988
750280
914427
885688
125171
307992
458438
238058
378494
669512
725008
283432
564518
237833
501586
14883
363036
82291
644649
20101
641139
572382
806035
738006
7840
102050
736468
505481
37545
834668
158039
148427
447876
31335
197052
27868
362325
904657
338686
778804
519599
926017
738779
547430
498192
190487
885361
976999
334046
836882
196250
797014
279290
424540
388423
697330
483155
291429
197103
688803
882482
573032
191434
689369
521403
725742
905695
125959
877135
593605
830729
963719
832796
583705
549153
699139
267923
327892
223505
180988
83727
529356
490281
688437
454567
753077
679379
616794
189497
920995
731011
670997
931041
167944
98068
548491
648941
177765
311449
748411
303939
730575
767959
458757
442644
104405
452919
921788
484435
408123
794846
998542
592331
79233
246856
989125
878450
113305
390997
644469
125908
579553
558340
680491
915899
634336
820378
768092
215890
4759
248665
532150
312247
346104
262747
393603
852397
10634
752080
327616
8882
480866
144904
734755
641145
520521
787410
954407
200779
20101
420789
975453
515728
52891
719732
457333
529798
563397
865391
882546
229921
233224
903405
292139
269665
87658
204495
833703
650909
442307
596051
765780
125822
144241
327139
758340
769079
589382
705872
664605
20797
476964
865920
613399
332962
537841
388320
754941
713722
62399
401130
422547
464062
897820
427101
675965
272968
676471
818516
976861
831578
496323
298969
479005
131147
824191
834420
487921
103354
813904
884350
40997
924244
700405
699141
90564
846851
496605
705639
174947
126892
854835
561054
520223
661598
515929
791897
980180
936134
459286
988020
799656
931168
721607
260059
484798
141177
87379
852668
300339
270213
665722
488520
768802
619625
349143
826378
151832
708506
77009
330371
712557
779259
404137
867252
909589
514123
905556
550266
461020
917685
685472
924415
761118
264897
693432
903208
235703
69829
852517
704087
502872
705315
115857
671153
383243
630027
311391
677260
6061
794338
98714
615937
625188
273926
640156
397579
75372
335509
386338
741341
788190
482439
778856
934624
499868
164865
742372
259298
702027
113180
775210
997355
107113
798433
151262
625146
263141
448402
363142
138225
252326
106660
768576
137437
674052
464852
197912
556158
998390
394684
692951
222782
615852
877121
340140
638184
465936
549093
875669
934792
469336
641991
716301
605705
841182
222299
841735
277800
45190
619914
651181
372730
194652
608638
502863
69842
5169
251861
745710
118560
527955
654982
705459
467821
442169
672207
663001
367150
371359
976607
2844
675685
148613
558719
464414
267943
509143
768033
706359
314723
827524
447878
232129
358030
587077
815538
695378
408381
84005
416959
19222
362270
544038
816320
169992
785323
376952
280985
90541
678668
983225
795879
557748
486407
619315
999340
295754
216835
99836
239137
893542
56318
634916
919995
869520
558861
272923
169917
767738
87041
10035
67133
359975
818259
811730
663168
459360
186406
538962
958286
34778
509220
294365
193747
754842
75347
598975
962235
93711
895086
670762
249852
211279
668048
157450
447942
688707
531909
753896
159195
81400
909942
534111
517716
836484
102912
476839
142603
411359
537728
634393
824463
474042
721321
594959
405141
786908
473555
250170
793319
801755
177885
801169
529696
550750
631738
336496
123766
906302
342592
22212
520178
345327
948098
831183
148839
306539
21232
472171
249927
672632
165281
437010
869627
936901
879109
824641
260775
457080
890694
938945
59586
565555
612908
882275
561198
575428
632642
785314
288048
821203
88272
986903
817713
136044
608233
76530
511355
148158
420923
846937
53332
763042
495495
319529
608218
880152
564787
470691
109646
674723
372376
105179
897788
116130
889703
6188
835743
348703
164351
531115
286102
371835
830586
971138
313290
541661
626465
930280
370540
336580
137089
669494
114369
262979
162096
514371
880179
43679
556145
818244
1410
129449
3755
671589
101506
427535
114336
919140
240014
899102
193192
877337
298929
61776
531305
679472
381789
154207
429491
372365
453310
288299
176176
164307
799277
30948
735102
49992
597069
681658
426205
107696
795670
840284
643358
990169
729965
369448
895658
761962
397884
19019
445657
862356
142392
105308
307626
55735
369793
466194
463727
607992
178383
314512
882250
604433
169300
818566
8656
526797
196132
472182
401371
861542
255062
64658
844272
628879
807795
915543
790836
853795
350445
487472
967795
4336
698223
807900
380828
505491
746758
258567
432771
72017
572749
775938
89628
426121
241727
697399
371196
234221
989768
514285
164686
271288
429384
55933
800623
536838
129238
697059
900637
286463
449139
752211
699337
9423
253117
936
517577
157695
744294
340392
409802
406553
943471
606604
129342
601456
839583
16020
707737
755500
947973
340019
375410
715569
148070
584656
832522
603355
950345
547031
470943
253077
521832
107773
290206
987641
482859
193241
687035
785256
248069
798433
777105
149053
262194
777834
367848
801013
452739
455449
47714
643396
38500
852408
501027
824067
203917
698038
168740
726572
281241
97547
952984
536103
759213
442786
58404
57352
362496
484582
158034
101689
637121
937555
691627
563118
358344
372052
934375
591059
208249
979002
906458
939488
655745
98344
784399
893403
818723
272374
779637
199497
504223
11354
192866
431403
761798
363473
839227
894455
418072
68404
507460
129098
40812
529858
186837
803233
684941
887619
676565
375360
308926
104616
896132
155491
751950
552474
339335
854100
71644
88770
363538
740743
664956
20813
705302
702907
993800
253441
24255
53527
407022
859833
631604
664954
919536
114934
579192
935866
400420
183485
994500
838555
504752
335371
414759
19195
115911
482474
714672
690513
149684
195688
693374
254838
306844
695543
806258
990771
580008
739430
511691
465259
477041
325996
812448
369184
707382
231552
858209
790772
850658
68262
114576
451981
449720
339549
821403
931666
528692
276861
934283
582287
16656
613877
661038
895339
316484
724268
592722
338052
384178
501656
57306
7282
33077
66879
797955
353777
914144
280714
933807
873451
353078
613934
266783
384246
113858
703169
620451
652314
916425
341595
359439
198309
412885
647752
673662
1945
68211
50541
361704
450647
597570
742315
803345
651403
558849
180831
787556
474968
778960
727971
880151
58787
767672
142125
961961
236457
723854
844147
63810
644297
977540
830511
518102
791343
870082
905186
662675
579277
657762
815366
414936
966006
976821
500074
784587
360317
864107
33502
815731
120164
137296
393927
387858
16402
803780
353841
91801
518841
851083
983338
459856
337720
792530
193613
173384
353499
270589
210280
48283
252549
599932
127576
878440
39401
808344
871553
647020
856201
138622
675013
945543
940233
894227
932681
592884
808426
144352
293833
915293
8598
606393
275913
304545
161448
181394
958487
997575
328444
17412
764155
793620
2868
617101
684236
631320
824767
464775
481791
82858
645955
178085
942184
17054
545273
969712
604675
545429
262229
377319
420848
652214
1149
485275
997368
957022
50317
693053
554588
432974
363790
727030
677072
1234
560876
784311
888690
718097
971924
433440
519060
749348
925362
447807
201707
738395
536117
579210
827256
925227
658181
582875
129252
423598
171899
149817
549631
310166
737694
948164
18369
379537
912962
871187
213748
37865
615282
104595
361627
406866
234755
109950
512309
136606
815463
192839
204517
183724
950951
202133
506470
836321
346537
533347
975620
18846
136932
150394
940870
856754
138957
957943
2184
788641
909915
213012
944828
94384
255967
97222
664399
988569
510573
661523
529661
634633
717687
581819
864569
311217
27119
486851
751025
337892
160325
321083
661091
361196
25723
350243
972797
827498
428230
507089
10937
518911
644119
871291
541830
859849
721905
543094
763823
633436
956722
701649
497135
979788
124830
61366
457091
341899
589103
200702
455979
904645
972506
626015
765029
267097
909165
449333
646417
1781
208471
516773
907319
976949
867827
625725
5024
242080
422242
269626
545832
116028
954868
846339
784365
450269
97153
680316
451727
781045
684334
555859
884090
752898
588255
951006
728636
551992
359869
875651
473787
186278
936040
861297
389927
703777
513576
177752
781621
168977
361162
445189
468238
737938
256889
114508
827624
72822
261392
174589
677213
676724
796525
287974
368974
840976
589852
239165
243050
324613
175608
486470
243268
164917
967834
663933
779436
953867
74422
696833
77828
956040
591012
837192
308542
116542
581761
98876
635965
213399
493849
939297
43717
636171
702174
164166
59919
102124
143358
657250
672232
743536
503059
166907
329761
956752
807160
364596
439841
362901
59915
735498
950480
714203
862511
548684
796174
210597
473552
712574
988994
545204
82397
699537
704540
30061
373485
784582
594279
988812
160925
827118
244610
361144
736343
570419
540200
149340
704596
522660
855782
516727
191993
243260
690719
769043
853706
98352
142222
355282
451391
607517
996183
274330
688477
880889
56139
265648
953130
154716
676426
572139
302034
271771
792451
172654
800233
998701
51624
714531
988266
835868
765239
497409
407648
667936
391299
814908
60554
151912
17744
389671
548505
575735
497086
812819
697608
458790
685470
687505
103835
79278
963855
301938
381526
619116
951548
787160
946117
6419
896491
839373
779488
879001
402929
550294
476056
4623
917056
983018
219365
728411
578225
840161
964072
164693
325735
25355
158388
658758
977014
227034
403591
518027
995325
167067
407076
698644
366605
595965
653914
9351
29815
537901
380012
855854
1968
24288
590240
269691
621773
85887
350359
243113
255632
600019
65260
613816
685624
529481
68889
359571
558461
564719
313742
103842
289221
920652
498260
568703
960942
358785
586825
267932
549504
925706
22876
703906
510657
619962
590870
888470
152103
498584
877546
987969
334226
443356
607066
358151
601046
205514
914488
685662
913335
96043
20565
66505
114678
32217
459755
478292
302950
308319
124151
205207
331926
972093
482275
915694
771843
900343
531740
617178
781354
40259
488947
206518
739729
760919
481661
836477
481132
84653
994866
66874
27629
220582
806024
743657
866520
799159
691394
32401
221373
386957
218748
139111
721129
473676
243667
851828
972616
458920
194106
783570
712694
34948
179427
764438
819770
454206
546568
765371
224869
600686
643285
772921
448008
555806
681305
879201
728460
442278
33104
48616
528605
176025
810427
327196
512332
634124
307387
65392
591723
453682
995167
95105
694752
109859
695287
878179
16788
675253
269972
954879
271139
310753
129928
832372
778125
667142
779130
641855
339841
412408
493269
314886
211381
831039
38731
572168
553210
893951
36363
50341
231380
423347
952438
116304
607164
419270
735334
351222
546669
289413
511499
436888
26419
426175
645414
924453
197034
74158
769783
741930
201487
186986
491714
490331
101937
260188
647389
825455
207996
916228
114714
766175
407119
95663
568814
704029
126969
302176
856782
969939
447646
246252
831647
72645
224993
2561
57351
798506
308365
272374
999082
114862
299201
705867
437909
273184
21677
967018
841643
431890
68288
516136
908290
169002
519862
653176
158731
311192
604553
451013
474175
825049
791007
473504
350922
535836
853369
20547
492955
228023
110011
908156
806295
925165
132154
133708
732346
831547
409620
29269
366467
491894
506927
379529
958602
722995
930537
735867
702380
141902
46143
165000
110835
574436
286452
734828
994472
392546
829257
586683
71512
674565
199325
850871
162507
403641
67890
390823
919189
11147
154254
521095
182307
199145
686930
976963
344427
510971
793960
105792
343743
375387
671703
835614
717302
650991
72415
412952
654858
792329
907069
706279
744275
248651
103225
516321
690407
772587
662389
509486
6267
893310
960906
499415
410358
719767
724153
431197
63716
831374
966052
511379
606596
803516
402603
926387
377512
856246
199397
812569
330320
312456
101870
298266
767023
193021
741372
485453
201173
185375
76154
918075
684748
763525
561393
10798
114876
142568
733050
244683
449867
345181
57196
589475
445493
861392
880544
647470
496416
969198
621985
889156
184797
604143
675203
346065
921070
305981
137619
233098
551833
492828
78105
850067
968
371734
933706
948969
990692
728346
814586
551938
21914
832410
461693
454066
728489
268850
477309
431552
445986
941310
175211
102188
777945
666613
214422
546248
695316
841092
620178
892902
561329
206871
730759
878133
410663
833381
125667
226484
427462
290371
65015
873268
309012
396569
462771
413087
707548
459306
211099
138444
860683
106654
878616
446300
476423
535553
425770
638555
831477
121672
732443
83770
739173
340542
1690
914572
33150
194172
910584
694290
938550
77848
863081
123691
524807
750081
379374
850319
143333
232472
439910
578055
650448
321852
151742
268706
2640
672112
649401
85722
45724
883318
926910
655952
81928
309647
721430
840728
729872
212738
318317
286033
832713
781042
140691
681764
682468
157132
634174
787207
612815
470191
598651
776282
882890
32921
862869
425060
66244
878095
849124
700696
512102
590773
883683
261727
135544
2894
496263
359339
688297
435488
683817
66858
617636
825415
885959
69789
960627
131701
167765
879165
456726
762677
240822
363079
844933
261670
937658
728722
414004
460147
168549
517494
391337
173766
921861
345465
118481
982688
980433
37662
702738
195153
774032
561800
65664
758023
806139
250703
9967
897243
951540
418562
217034
892039
723889
621729
257942
108128
279298
301631
27614
393607
829444
666076
322965
454831
844365
470650
215205
342796
711279
912865
352254
624245
943053
242263
607459
515563
611097
756989
897091
272505
489636
722448
757947
741104
180070
892076
32375
475756
533649
313760
660037
522765
282240
336698
971499
749623
688112
930133
730829
585504
167919
555026
132068
596717
889855
436834
170753
560724
73290
176437
560744
28578
2441
467508
530656
169324
916472
170592
479380
409024
505890
894812
569141
750994
803738
481462
561259
460997
381473
267215
162144
898320
870352
199339
691453
765301
672231
820771
741340
486855
771228
274350
895566
391819
40079
521127
290871
627927
982266
242313
578526
63943
111951
155849
299552
688576
874246
328757
653172
709643
351131
196275
83989
529025
491557
313750
404684
971523
773163
370425
581841
822953
230344
114418
289277
558658
278128
874652
308010
277162
475745
598888
578216
182349
726173
485793
973850
407891
981953
853720
867186
558720
719129
687724
604815
716082
495523
427726
26020
902459
753329
890451
203537
146526
277015
470320
670467
575732
779450
945513
131733
976091
987484
98916
433478
596962
28888
788286
292895
984846
728753
854400
49247
463531
638594
726367
288679
394580
450683
629452
994633
37838
656035
534708
532020
308419
779065
295921
439672
72635
732499
6726
334186
907914
514380
690642
644497
473654
160394
199172
914775
764892
739584
592018
764731
817736
553108
790638
109650
667104
886798
681375
546054
301755
566947
184547
585022
219516
154479
351265
845635
825765
229036
10290
540345
182832
690952
152620
667082
797071
553895
444898
49411
121406
781434
270976
658479
790944
568514
508557
608863
31455
42065
668879
642268
435064
133982
862958
982382
295880
303642
406626
300227
872629
899952
901079
812108
60186
792196
644825
793118
839878
87693
935381
509270
755627
116521
583539
818808
907080
327992
758866
356822
97783
175275
178494
733898
606492
107987
882938
260615
628750
30870
535616
603051
936783
124114
726483
450093
222608
480704
47726
551240
140238
256360
17593
930693
489020
857077
866624
278743
415726
962974
103902
176733
279512
347229
296256
209792
236542
41524
926113
139164
797232
457459
339383
801537
460580
810910
577247
674038
503558
5346
335431
618268
692644
707411
534366
383509
782768
312978
547615
127283
67951
562116
925122
894379
985998
720496
133852
776609
951311
900465
251699
301301
313662
766832
531222
197745
554747
828972
685336
91458
356062
390856
53395
670967
376060
530513
402709
735189
902900
814809
469907
632093
7608
587694
860666
811475
52275
114230
684316
98088
557980
313948
229983
314624
197944
47770
615562
295629
751586
459249
836153
960619
199706
169753
364877
17096
15156
485087
433684
243280
81385
854459
435845
190534
204595
559063
95056
487122
725019
716591
936787
914019
968670
687281
867681
146313
208959
566805
720061
908208
424617
770173
443658
587483
376252
52007
402226
221835
734179
232802
921495
295180
85651
500174
277481
365085
969061
635934
555294
724223
990752
823923
477567
633903
416760
34159
791481
248467
609457
915431
263468
494499
767888
19174
226387
289262
603098
479863
500103
159313
903246
613273
976484
787364
829855
809415
445673
818051
693449
437573
189838
14871
869656
282217
617411
338982
135439
711077
403530
403360
78913
886686
830935
890202
58879
373702
642800
908091
321776
134743
970074
927739
950761
115522
433031
170384
483042
746067
783815
126560
745275
827035
763703
817141
184381
92264
461014
516038
439702
546426
269730
948155
994966
912271
232532
129212
871134
213103
951749
914924
673434
534807
183753
515535
621987
8625
982553
557897
489253
354843
646436
860833
283019
274023
996881
948874
568755
496954
593234
535474
274138
256408
337244
935852
965467
53521
626539
763570
317497
658404
963929
959534
943754
500195
683547
352741
849669
119252
297078
749033
239991
336666
480216
65175
986209
854886
604543
997615
616872
802555
286886
928871
663874
434742
756029
257697
820007
403646
170040
489223
241784
171020
834107
102129
959526
772996
863833
35041
760603
240896
24779
219123
736551
671481
683794
893361
390305
525919
592023
630334
745548
206566
714460
146348
224798
203768
605562
552857
989570
279607
535864
332001
164149
241133
8653
676794
615571
162063
553437
287056
113085
222772
597459
76381
757080
35361
140878
549090
410177
56280
887561
216146
882803
291331
118583
118904
877228
516264
407686
756856
682002
997397
664285
748875
54279
411680
56599
302010
167188
300243
229841
437240
587387
721954
104506
911553
75913
151712
121216
223605
817703
849848
45795
618345
220220
116628
707790
336956
458588
696610
645007
930031
33140
857294
732523
888221
650744
265670
498737
263516
935724
212915
719108
974361
689904
249240
566134
152670
686854
610989
941041
611366
655990
75710
730797
359930
497588
94105
956882
340461
358295
594596
972434
524914
298694
67783
615133
353825
162952
331464
671554
100778
383609
984057
76027
751799
508956
871964
596074
302460
554683
571333
873192
476988
503603
822557
158129
901484
801100
284311
958289
668845
367249
821763
391431
517704
219310
76241
609642
840208
544153
709129
967703
101212
439366
551696
152587
706772
274786
520379
226157
185897
148638
630227
386270
812695
942500
164179
433457
821480
661350
33688
896065
509420
755691
708523
229567
296440
98237
463210
45312
118546
998628
185242
536863
278161
916393
825108
17301
165484
141799
709831
264329
813530
713292
648106
354822
245992
275909
557523
159375
679888
344876
423543
953822
562859
703159
425600
336756
745301
698972
894561
615471
260063
988650
358746
387377
297310
220198
950586
627185
362595
394834
114260
287065
189234
833841
464748
96755
108055
426732
477640
275314
335270
487164
111050
450814
366835
971222
127689
370052
632739
860444
376792
388590
182097
372593
597185
701925
155817
229167
629121
377221
297847
798671
842786
700739
2237
708110
674677
729274
190253
596111
953887
687609
360301
916772
601050
215998
392348
808567
594451
51591
106500
402382
747507
553307
948442
521499
468229
911045
937899
824046
427481
175921
171671
926368
756502
314669
425008
216481
643679
667930
743961
416951
315041
355394
763470
709918
424543
169944
716084
849979
474425
936332
141291
867894
363368
867547
511217
723006
991911
638252
665709
743803
954798
931602
980660
678472
977107
906839
346059
244712
519068
862452
514510
644839
60666
967876
317306
749553
960947
457956
606925
968484
608988
729219
712392
365483
261307
303677
721890
784065
31594
105027
833182
871803
829350
974501
715962
97745
69900
186447
633936
649834
163494
672596
439860
702320
161835
31747
230354
716598
684027
646977
932269
904489
976725
926914
84250
42215
34885
909670
265564
546147
249066
368634
697311
766013
775024
523869
386367
215197
874205
522198
831372
605037
722775
968880
744949
954489
642951
379078
544831
640370
627032
480221
221537
350530
637960
489266
400963
629480
734306
818386
51471
117850
489229
307609
664127
276725
67113
124215
690176
140888
955533
489635
988346
806856
779396
373977
56732
994202
198439
747232
705345
78408
859482
607989
746161
669347
945176
65930
773169
165917
555499
706065
481040
509955
420921
753081
934296
181841
819264
600733
888507
207552
485831
218242
784430
160339
46549
262934
716896
9553
667391
48394
792006
464251
980752
813006
892935
504933
647350
227562
997659
587266
810056
670099
845520
80191
493820
820766
501157
232638
189162
271875
606317
954635
76987
809307
132814
147397
178114
439695
317025
897588
127363
625909
462514
702768
107288
706889
310697
914008
340313
770339
950391
704907
544106
517480
848816
194598
607335
807026
588085
216210
18647
796082
365053
794763
208130
672492
757298
482932
62560
110321
784424
418841
411788
559725
995988
752778
28644
442573
41798
808819
983291
650944
940840
543499
653004
976628
201364
428802
34114
864851
601697
620290
888085
422505
940101
795753
490515
372421
976287
936894
251963
983889
191270
929818
421263
260884
466501
277759
864415
732507
964818
712016
188043
875552
749519
57717
317537
448978
793313
140705
928722
976514
319027
789134
930788
595147
791614
971753
225381
125364
550244
495075
107978
45887
31251
392060
785908
232817
464116
913655
853299
388417
332427
187684
240641
650125
260998
230696
133963
716249
146200
285842
656192
876675
341419
122167
284088
345381
883408
886058
322116
967513
948206
449723
834788
786066
933451
666418
152335
479451
247530
36179
65960
617166
154343
679793
546085
658704
135564
814204
570933
139901
945595
501626
860232
449440
137721
307636
339276
761767
296715
498090
759059
857276
961594
329459
70464
106596
318534
98758
849491
28470
375323
142391
631697
957922
302388
795301
152108
29146
997379
901169
752815
396148
829566
72350
167084
752601
707941
199157
686937
74089
380564
522391
332199
749129
821136
287340
354351
495808
429221
852332
590970
556014
946346
351541
924119
620465
19922
860958
810010
681007
595528
547657
431348
974530
86817
12704
540557
357796
246751
648225
928604
911494
805035
695084
607219
972717
130004
378869
721
293175
808524
976000
68782
664383
414245
793338
597507
701020
28273
405151
772825
340544
394298
567335
284962
778013
242037
643470
499844
415640
384456
543298
756169
737147
475133
23640
523465
170279
293291
197956
708006
102766
30856
278325
397820
861178
30657
922765
810661
449754
197240
573558
576279
49099
760153
390149
990492
876153
394976
245561
686916
351128
356940
537093
412540
203166
667507
572613
524124
699415
545077
931952
912367
886566
620871
681832
979894
219899
372920
910421
119778
82913
501917
478612
395622
116158
54830
794624
477095
162635
192129
923364
208658
732211
573537
862330
455379
696929
256166
185332
431240
988368
42999
98375
661223
888791
77481
454123
836937
733552
239601
100359
674746
926515
182575
607035
884874
300927
255176
993215
828216
684450
823532
869902
526885
587300
371
279939
423351
248901
195446
886069
405186
783711
87477
737671
267332
201029
7165
195768
532878
532975
687829
91543
278229
640354
166297
118546
626176
44588
789670
19135
120789
243758
780578
760999
35667
414564
363343
837581
224153
601855
829791
733348
635873
197061
818259
101862
20990
230142
464156
715058
348083
460697
709473
409698
683122
769346
961744
264555
653862
603738
883579
237612
387341
623570
654094
56463
351303
523900
881291
38578
940870
856725
533790
700875
446690
363526
756913
37245
728597
893209
338841
201007
1603
177092
814019
282278
614885
30732
140459
727947
873322
335489
901516
420473
251924
603135
318666
465289
638881
97253
775175
386732
301950
779332
14928
918539
344806
645499
946178
846988
603233
207118
624355
525181
837476
260565
32301
871026
951910
627651
74577
719379
391260
819593
953275
557228
86613
680866
770645
381021
520271
924751
532605
83837
451271
296190
106620
613788
797865
884799
594981
858162
228397
910711
403883
76080
232478
534084
194562
972686
857506
869043
141735
736353
656360
851983
663026
931372
560065
77196
108998
594855
131573
601420
747
448007
765376
938644
627851
142351
592164
484572
58762
145068
94311
403648
827211
418199
142979
485437
610024
186937
382228
364305
253309
462821
981194
130694
902236
970315
991723
514190
935395
112253
285429
534116
709072
356602
326152
154876
430253
65538
90610
396117
55668
737204
13004
830953
551837
58510
777981
887369
639806
512894
993719
637951
635503
113814
898239
794600
594751
473486
843873
435677
513299
523198
564393
26971
758016
276042
351190
225570
156300
892600
228869
101441
366171
654094
79175
808220
183364
257305
795443
538461
630448
365331
429566
939521
36211
428537
195611
309543
965325
432976
90245
785143
816069
845178
653627
163737
608379
781615
887941
891322
25496
797255
725781
280081
488613
438205
701848
212735
704128
820882
448690
263546
336204
230218
572125
702681
970980
201132
283725
873393
481812
31438
80643
582861
559631
554386
133415
810408
633728
401704
474439
331387
365586
776269
396095
621851
536665
357078
145243
73787
78841
974717
929025
243372
487587
617648
385748
558422
921622
803518
629561
509065
31016
856883
890671
477930
584016
96475
443204
236594
491896
744534
253021
839736
580603
164398
987965
104345
226126
24904
315102
212455
345924
749517
414998
296742
531181
145439
937699
522636
601500
520522
527521
64944
917888
427527
288554
791512
352945
25675
827505
252292
612779
696260
936147
399824
642710
531907
788160
533087
734108
368187
363942
525513
174337
649181
480341
361215
425367
441015
386243
498383
811970
559870
646310
110155
948298
234009
855297
459681
384983
784701
488839
411548
831275
840377
655727
142890
535935
271391
783338
365936
107415
660442
764271
222634
818458
910993
442949
757937
713242
489372
439888
446531
284246
593729
778964
312586
812645
437169
6322
194391
313533
579746
180366
567163
201266
332242
342824
644311
223627
439215
926298
828357
632970
363506
896949
261351
815439
855088
484174
796310
828314
49649
31548
24546
424955
663315
446120
14319
130675
387008
416567
31350
894284
279559
639900
53720
36980
9796
216210
721490
435436
953271
944930
820467
949636
399510
316281
331763
646828
600107
22903
8561
276109
541869
92895
783298
995763
406636
713640
612392
271496
939885
649255
679165
684935
523296
952263
257750
397647
277073
236897
747363
189036
346761
847878
613604
515819
788004
33165
486635
106268
613249
891454
847889
394789
998856
333540
686271
149529
94253
57717
320605
937606
514943
788010
849043
598480
467948
118488
832607
143485
675719
651698
739355
277044
570034
644444
323141
657424
409028
830575
959532
691948
277104
438810
95398
176312
497970
320892
675956
771028
147206
138992
390392
805789
365904
772875
20899
486233
789256
462020
174109
304322
575178
1910
900512
601873
995883
723790
694827
406024
800581
820773
762344
782311
202517
332609
658350
147274
470237
627870
278417
482996
939156
170018
816008
52345
821561
113813
929584
838266
503186
539326
518144
94603
74214
185759
89401
790006
978921
211377
171254
237455
83685
346230
417803
955094
805436
230064
251390
792673
970832
693665
407342
568682
755837
365859
499497
633318
246916
864977
792749
438079
596084
746735
378229
507777
118938
731605
713824
376683
301613
152120
732285
126639
106192
356221
215023
571909
466336
761939
602905
98546
91081
989424
659159
269169
883905
816636
463350
132874
54498
510684
760939
202362
830345
153428
773836
832723
768411
464919
51417
711067
65388
643993
84644
208762
200669
741337
903452
861004
218217
262674
265291
633727
866782
458048
298732
885017
667534
278615
511019
385045
778693
654693
569983
459077
135526
629114
145815
75684
76900
296918
225336
157027
225073
902522
365851
550479
883656
358838
928643
716928
537833
243902
684006
200573
829266
157910
958677
748597
408739
134606
27695
515640
861205
633022
983397
528519
914620
330365
910100
263983
574922
861001
161806
220407
798919
654923
89330
545228
753704
163990
757513
526686
554692
449860
413952
799417
943656
932736
654652
412210
370452
294792
319651
353559
18356
422149
841823
557643
962485
182390
584626
119930
514444
14961
802424
763937
309485
437773
11537
745891
396369
174154
298069
695299
779898
260118
651018
861532
823852
720873
940319
736716
346519
864637
548238
783130
869099
207116
739083
153111
453155
580496
491747
995927
390220
571521
372401
300235
746437
32194
946
423553
642415
959154
199053
805564
332084
534921
614884
366672
460198
924631
235789
60990
185591
157869
426458
57841
460341
606464
363442
446852
843357
671936
901296
84514
100633
404323
400598
456691
486680
388031
761579
826621
794785
273042
677161
62649
727615
547644
575511
664445
751902
560014
566424
41237
126768
422758
376881
271011
18942
943552
908473
773040
246166
783713
500285
247819
86978
658462
303708
495890
657668
521287
584568
676013
224835
834402
817125
936233
214993
741166
593398
132498
168841
224302
274236
275964
467774
579177
525107
207838
59895
955000
213808
86514
705564
519704
674031
98307
857515
436026
220118
49245
264622
962193
873645
450735
876809
379562
638518
266421
978810
222220
558329
361868
281541
530692
550888
964303
559606
626692
617498
869584
527067
199881
308528
366372
436841
616944
849399
872830
436488
239606
434155
734986
600626
747561
43040
603886
51026
110427
629741
423513
531242
960570
112916
389794
800993
770101
896296
231205
170844
244937
599681
263553
746503
536275
468293
784251
908732
503373
663110
782265
684332
616023
253574
454681
134765
354606
298000
533279
118708
650101
143178
973238
827508
39616
9429
772585
783457
892305
145335
236790
167411
571576
245371
404359
942071
507394
322112
851543
332458
735223
825529
352683
845747
647078
575894
762043
421939
148815
609357
79955
339769
85882
57532
589130
44698
872211
272818
87253
681118
651810
215841
710977
370170
868676
545590
389855
897959
138193
866421
706442
423086
619106
418884
809087
920194
874298
518120
914867
904579
785550
308716
947625
424800
525440
274487
54209
530655
836140
152440
601400
198043
691006
316956
613530
590840
92994
77654
186509
709245
947981
320139
566648
345526
852718
233072
674533
827204
138783
838872
34822
494120
655427
720489
362405
458443
636897
973234
411921
395006
630447
306382
351750
178215
660951
191293
838111
451950
750673
109238
937060
21819
975308
111633
861955
696537
400043
20684
379838
474613
309747
604070
642528
601721
792883
430900
867781
310382
196954
950348
399308
390764
555080
78083
409138
793165
471789
22278
398274
372557
46001
357122
758788
467844
873824
595110
603849
638925
856071
177208
891927
107869
78445
1475
302552
665226
674709
876027
709509
948298
277981
397740
786345
212885
738476
304949
578793
637307
228940
643718
409974
918118
511654
128391
230006
495882
353669
785995
776544
659844
718365
737202
525363
469029
230171
113488
580288
325910
348801
258896
964651
112428
603751
216328
729112
516511
159896
33605
723018
928895
887828
103405
720406
846312
427250
301016
827420
692511
624303
612136
883377
441944
893152
57479
703783
718987
378658
454412
852607
203470
485367
971523
140162
144950
999070
287354
983492
195672
639600
580057
10681
746596
648289
4544
897352
406
154994
418041
320397
351206
771626
406590
338228
289019
634944
50849
614099
290744
557338
109299
382922
342591
153877
612841
166157
984466
351301
197048
363830
602639
604297
679241
370541
209539
160826
418115
251439
870527
220233
614385
249689
596426
278429
804796
332062
132323
521429
751781
942410
703596
246267
362014
559443
618475
962270
60561
384858
623859
802338
825685
451755
488952
665105
248283
703387
369346
972304
375395
80987
908760
451028
825535
280371
76235
845729
141700
962050
644231
617873
199749
539979
806981
30949
920515
483957
685974
94852
989579
895582
790795
348406
517201
370753
532828
489863
842995
819253
616435
477262
54016
392598
464688
511001
49404
929456
591605
345385
903683
69494
984918
636352
500106
977181
953000
924622
236133
565074
367744
811090
587139
252331
101211
169010
587611
941660
311049
954086
684726
1103
606836
219518
259604
159055
147207
334762
568323
955948
95301
961429
171737
319384
133644
395913
173398
530644
895570
682705
120498
556879
935430
461073
453350
145943
658410
702097
250512
582443
998013
192059
318321
667709
511599
189845
843508
876497
981673
63492
306413
994314
520597
68699
632659
28869
154400
856517
751017
427058
683649
406359
351011
181929
292499
442755
40017
559906
413467
344221
861523
216801
170232
806608
520382
139568
131200
264188
416294
580449
803329
104938
45205
248447
26879
277732
51574
66442
600862
306241
357195
604486
350315
726107
418946
276217
255465
59584
318802
221763
15277
668058
601654
551169
424479
720801
48275
861297
766951
864442
186219
208194
545570
566623
473962
995438
260652
798605
331768
707345
991050
849440
31180
849242
921494
12715
961560
535971
390832
78918
513774
203700
273011
257693
162505
387091
278483
352906
665712
770755
814295
952154
999142
218085
36929
804843
10517
280431
354525
542877
146940
290524
99561
60073
335935
721834
403570
498735
771510
41865
98049
988709
447467
546306
640227
746916
66519
321606
740284
576786
558801
682731
767702
710816
380923
570421
454086
579476
347642
480896
919551
269805
659908
297489
286507
248006
754839
278175
941925
12289
898637
30703
903370
434682
639766
139237
43374
956342
532216
720453
13305
88347
741214
295105
443919
355516
240306
801986
215074
682075
813273
472101
757350
347583
581289
204343
689640
63821
783570
325463
877993
288895
232235
596771
825626
513375
500666
315877
287501
416767
973339
14268
224683
487107
741771
393257
239506
674607
493793
633934
494364
272281
26483
43442
719308
970619
154926
582877
135251
428153
968512
312126
245277
174124
948253
209717
133368
946848
846208
562204
568531
419133
583836
616544
767566
79871
108079
492304
605767
128319
886805
358314
447253
312147
366605
624593
245614
833826
570498
515749
212701
411234
78341
10944
35126
549890
91113
342003
826452
407861
215308
551237
184170
131392
429998
415399
764532
865931
304501
257872
251810
971720
682619
377453
854187
635402
445726
507619
973905
872943
624453
116617
903308
202203
136467
658351
440472
141478
469391
383743
446223
373591
522163
246793
461437
972192
890797
838212
530205
922171
893629
463600
892019
439474
31277
154459
582767
722712
31392
877037
346467
512357
167298
232158
506960
8702
955979
614777
589299
851212
368173
781411
976552
707742
995848
177773
273665
68004
25448
804572
851588
174432
844529
804681
603205
44651
10249
253627
855193
190030
262619
99197
503614
306150
220416
182495
201150
489450
388805
772322
337996
110678
421089
105859
58120
516677
285301
53990
177918
28502
898188
454540
908327
898184
437665
738213
935811
705836
599074
613732
925850
408899
657585
755725
239170
580859
773370
878977
275190
381674
701227
192503
557723
10097
310350
724879
182486
251068
332817
386120
527699
204259
21079
479064
583339
820605
769602
910497
203118
178328
832847
480135
989736
932466
741176
193673
881893
225094
102997
689769
434594
46672
397010
376363
950246
850317
243969
598213
443975
231602
405839
631564
236312
268147
357652
533739
424551
968349
332539
295213
377776
223271
463385
930944
684078
689361
961331
82804
329380
694129
209305
5290
846262
364146
705268
866156
479142
433633
350411
652616
292518
487146
488436
979615
791331
932137
793808
162791
502105
46395
448098
652524
306946
683096
285730
442739
396512
903595
929326
858857
660989
317478
706219
831296
926056
826687
280800
280020
725007
853374
279614
850976
679065
603335
154373
699494
878192
703712
172150
416737
299496
2453
78361
488302
247077
643137
506153
972362
785576
441873
997699
617612
205753
219135
686625
786606
657511
424460
182525
810322
956533
779121
948661
18073
40824
749029
16771
988858
259578
434945
414235
89209
70657
904036
785494
65147
560274
698342
602962
996313
960742
64742
611894
255158
43080
72167
665242
41254
707424
410769
953297
513342
436907
200814
641024
536429
286962
587844
752197
270565
62352
902911
273532
656800
593337
352225
950876
633681
259690
485031
288188
823964
526278
814465
321141
327059
812431
922525
348166
528005
390882
836395
110791
949649
349868
162868
330665
868846
436379
380629
922116
413714
263207
196811
350499
197375
602209
906999
401392
54072
168613
887579
521613
251094
825109
214976
524093
846414
928203
134972
398550
222151
787500
865572
696482
77394
368582
945497
66372
224496
753291
939625
652151
817008
373768
353369
224225
447931
65894
334778
529702
732265
386249
751664
811977
193532
40401
949426
829114
959430
223351
174082
47420
781473
301276
869099
812687
395932
652678
483846
452816
911803
867274
359189
3051
960146
706030
749120
231311
84943
984669
927374
749996
405933
822144
676079
259231
587330
212918
687663
590516
668553
645269
965139
326308
388230
706861
636704
87132
197271
194959
211734
70893
686160
190886
630879
964597
500825
185466
731173
274298
498490
353248
422274
299492
307413
47799
917854
847459
284996
716462
179754
541868
212526
996489
577886
546856
78934
646899
738200
133841
168381
701363
593765
665577
507062
836008
988610
569295
56953
750094
919847
889300
624793
278981
995368
717193
138733
335092
711818
157228
757335
593345
791185
409447
624775
9239
64060
881778
491461
174703
162862
138705
450271
201224
934092
235423
611515
930877
907339
390177
918381
308156
377835
530725
423505
599445
326448
536396
215963
469956
803170
398001
872737
620300
906064
762525
145668
146175
618890
702565
222446
163155
637537
826296
334803
561910
85237
853273
457960
684029
166180
1462
163134
43494
282674
353795
263828
755247
58901
923018
78374
639003
788153
225149
453178
169755
352437
224341
304821
242333
443315
328690
526017
282939
816971
599877
877061
600314
362894
359491
114908
917159
246932
103392
696363
762945
919583
900008
266414
568600
552656
761260
740180
261321
264126
924297
806738
479242
833051
502965
300393
416178
263048
573145
650216
899676
471291
90206
20463
503382
188360
740199
648794
868003
715298
318059
821941
215615
648078
88558
832248
930241
913058
420208
237591
763880
47134
507601
436678
733518
125520
394762
979849
420931
827688
477598
670512
141119
968073
466418
532401
557135
124662
201090
269256
345684
419252
866327
966530
710603
594716
348477
483713
973982
948773
836336
323904
476161
399932
487719
560108
406876
476901
752410
111003
854522
817365
777991
124244
724785
373490
211042
719824
41428
568644
589229
440087
430028
966784
918159
416963
566414
774964
71093
475654
271189
633475
786705
475478
419922
468445
751314
95230
705723
456115
138976
802286
111805
403642
459180
555943
55170
92560
338042
182113
31357
331680
931801
155479
381858
285216
27135
480904
683493
946385
784768
296871
365609
578112
9491
49802
498346
428315
346671
331482
435813
12323
108999
977319
51817
76350
980805
272388
820719
394434
516799
963015
632334
726470
363053
284001
196520
435262
258156
347404
803806
533833
451077
376067
960027
592037
529118
789495
568268
325481
788825
536740
216316
23669
290575
159434
391931
858793
153143
648272
968278
453156
626393
601520
971462
547670
478630
856543
666288
161205
362936
272803
260503
918996
809431
12001
714155
949704
317696
917095
758403
321606
64032
544236
554373
589813
570717
250233
318241
577973
441102
246276
394356
97112
728153
118500
793498
170737
904142
793703
598526
266117
96054
271563
377419
428664
628688
283508
953539
223645
622912
719873
983680
893894
464427
580938
692915
709305
57550
481285
416454
710484
511485
448286
619895
972280
709370
545735
433574
331109
496472
89847
881374
83364
967605
603019
433368
714246
173233
257311
209585
1840
238192
369116
558831
553554
815884
635363
571705
639255
67924
263998
558719
805497
498164
267482
423136
432969
768197
481288
549789
493596
759876
16768
310914
61496
655342
854531
330290
549133
399548
182741
300251
979828
887714
516570
25589
568177
344052
536972
657009
602605
575290
159977
783320
904051
742157
794021
383728
474492
294241
416887
332517
95076
748867
796188
263378
477885
831558
71727
320427
163054
59532
421079
519336
139657
526688
953107
917337
272584
4130
124688
901736
860463
642332
827738
87853
286959
594820
858266
867555
261956
580264
612588
595005
699794
320652
587946
615570
977566
97456
638211
965328
536872
946515
723721
583950
404859
732196
272313
211534
357990
710189
597094
849668
718488
770496
228278
437850
662160
988426
719416
704334
966295
4483
723746
512303
328768
81665
634520
232210
526461
765353
231249
263688
443326
959304
145161
829429
989792
224646
14184
160669
355617
72321
760928
297254
542679
250143
936924
10046
645752
740372
815696
418583
319996
818139
811124
198593
836312
279879
250983
359388
887676
462214
468962
105398
229361
931589
998241
794580
379320
489938
222745
121050
845879
289009
436778
719206
23725
449271
122800
314295
120514
921909
656104
437029
290297
369104
563158
443091
175507
361367
466203
709719
419060
800391
94238
874576
836029
162927
109097
995042
997581
681351
445403
605914
550526
223069
941536
47378
6508
582638
239823
620896
243252
418360
90590
293005
391288
270933
176697
436427
43598
761398
553865
187766
436811
649398
850334
332579
843066
735952
441766
527388
176126
665428
248673
818509
716878
358431
140820
307649
43836
953177
302719
629221
819497
236773
865408
289157
660257
294102
246900
944247
400534
886931
629828
351258
555485
185591
413602
273607
863717
675980
928742
871763
20909
412596
718129
209530
287211
229560
845494
537371
102006
326355
825864
90923
639634
648955
994871
373552
272773
69497
599296
889569
531795
794787
790653
634334
501327
23486
417331
125593
49498
147626
101663
665665
935089
437304
619606
222792
484659
841080
980964
186263
563419
353474
360870
748529
250170
689882
172059
163516
261989
378843
405676
958008
941676
927534
3066
834839
800018
158243
932180
670023
300879
93715
979424
93093
506027
566718
821651
676534
513701
324824
179849
841308
799645
474819
997723
492605
106509
184393
114273
784856
504614
464326
931662
952532
970388
594205
807708
564022
333927
125536
988386
504767
555510
344192
346949
387090
636551
330352
99126
697131
716262
696778
907681
668748
129400
53938
346972
795699
835932
897986
97333
546531
273220
742075
225107
577344
819052
292602
996026
250375
192598
511886
211115
493716
747779
503958
379785
295118
73775
276800
923941
632984
216895
76272
592003
832183
216488
172189
214232
378164
218011
186272
856221
839705
612166
705601
901190
878163
570806
527315
409855
892591
638900
691971
174088
404781
104892
601327
592839
124539
756324
615272
992562
805836
841479
802620
652939
349085
247454
900695
369877
926661
66094
742592
179249
563152
655835
220380
173634
927383
652935
478797
704942
210632
404957
303375
47855
655769
241419
895016
549545
702998
327754
60380
824352
785641
132062
210058
95446
958344
115699
885550
475620
25951
255542
629282
660205
520929
120098
925110
404333
779906
501712
1512
261853
799407
337225
70310
613931
105562
705683
661781
626075
898639
374086
911080
251298
377300
150348
892636
308198
701094
885101
924384
516947
395458
497065
941530
484197
953411
820891
323702
225466
224989
888884
949043
23596
210828
936942
278073
944087
567257
28586
170891
283940
740030
548759
557463
219205
101362
191989
266783
201677
110978
279186
266049
523888
454971
17451
763406
257695
94646
978199
611471
450743
287741
130159
95299
611426
998171
857375
459385
687434
922956
989071
78805
848403
429641
295714
778327
68585
726037
509030
990762
671939
93234
763733
406391
126025
852608
938825
231145
412724
325902
538427
729848
863418
329612
705451
386062
206009
12002
717882
983152
846180
737428
468771
690521
690075
826349
700536
595178
427947
897522
574429
591711
89230
35229
183464
290996
39727
541234
327802
12381
981490
958168
711618
534520
534655
502088
144362
274180
770946
421585
583437
586378
786869
834875
643681
329953
405134
477449
628386
901796
28055
116609
38437
222401
675517
539310
783373
828359
557211
32897
557361
648381
242277
809875
760436
981344
335435
370505
734312
351059
745427
123090
523684
327919
16663
169423
154747
509919
53107
611988
721545
40082
488871
990713
787284
316502
888470
82561
790173
884870
204114
150446
613263
866439
496876
649301
425527
194246
138724
901483
792117
974074
528366
550710
553958
562372
631093
449671
377663
976736
848747
472034
723344
881934
631661
594191
161353
128586
205160
442324
797753
880828
243676
649233
938840
846601
911608
221887
233398
113682
964479
776438
447445
279529
559767
598872
763983
252058
458876
106638
432344
394852
104021
967449
22857
523441
883878
429185
611153
632692
101707
935898
307468
399474
117434
306731
512307
266749
974618
928310
659335
784104
375994
154309
43782
831673
163868
786255
725124
260225
214004
611837
764599
329074
790489
784524
37055
999563
18575
815574
379894
271864
371218
297323
904531
103248
833980
236739
576390
155821
61554
256553
934766
167650
690873
404564
36224
527066
886706
317763
155671
261860
595382
597671
262219
632014
959520
677121
558423
685959
674957
461969
908539
538348
285066
377911
840448
658035
70231
993191
905339
64877
975638
786920
459486
224544
301579
167289
744012
428504
552477
687096
300541
456827
907426
778983
502026
518872
263196
318321
568934
590077
583331
451759
882068
692506
744679
513525
100303
548850
974726
470576
870307
30719
154047
384561
940368
832546
894094
254990
19793
834737
242048
301884
849775
283661
543013
856351
111766
972971
111032
375758
613343
997520
392516
913737
732493
722604
98297
710369
810897
617241
398155
406208
722356
613701
382751
556081
183976
70063
85683
890040
668275
661455
208604
190115
339154
912519
621083
424475
511785
413544
153878
131460
140639
385697
709019
246731
738125
146497
410153
938884
110049
559843
510379
414757
386987
933740
22007
770517
119604
322586
839597
985506
714471
166937
210172
628840
628916
605315
199749
116395
677309
704070
315345
111673
74088
707967
887981
803836
176056
7750
479025
561121
985305
572134
35615
542330
262229
881154
376126
269219
67806
861687
801226
730919
181062
30707
349757
746000
941618
605201
756372
212201
958264
134291
77169
560655
123832
192
52840
998901
185196
394215
162363
339030
779978
530393
406228
736269
607882
497262
956831
221557
546326
717238
500673
867398
987243
189851
600036
565597
5673
494250
436423
875892
53641
181593
815676
417032
142806
863300
965649
317729
327087
234681
484761
139229
979421
290810
682443
334637
197148
898343
4806
812962
558911
178830
409750
826250
620038
273941
450340
232734
432586
371163
326587
814248
840312
941269
76058
407694
833332
681774
586169
361808
286968
952239
736618
747190
390311
838277
123440
272328
745361
485185
386040
109649
181816
347638
186201
511078
243027
184561
119476
317684
921912
514234
480746
3248
627657
258711
491195
795809
935804
929929
266748
731932
363062
607753
854052
810215
780148
246832
288921
570655
14090
102277
328159
39258
556291
984431
910285
812936
895026
183817
868439
378084
708711
339477
657185
210227
523857
752111
685957
233602
864983
382033
232850
196332
4265
692921
76676
445515
260791
178327
465440
180385
441426
650929
516267
948641
139235
832933
612692
698086
873734
679091
231717
150599
115356
583786
20748
162327
607656
726677
55669
661545
603174
696085
316601
601449
859541
107667
437189
43388
349034
484839
752780
688071
888485
284290
618563
646746
593392
578272
283256
343192
332212
451247
393665
676503
435606
765165
387747
308292
536193
798479
91464
831319
314911
803159
400771
845648
495971
651140
262285
666099
64721
804042
541669
917445
890358
452321
398196
819495
119350
887647
283148
759457
136411
54890
47679
870575
33303
520873
454476
911401
427463
668919
787651
130603
226927
963720
982912
42643
529306
467660
490890
438848
824648
731468
532801
254205
29821
731480
151679
691411
513139
674527
379716
840555
362066
933599
462225
132821
179615
65708
167421
623474
444948
837288
740281
96541
511968
560146
500802
934090
118971
707145
507750
866547
66836
500067
485414
643360
255738
999182
18610
494595
287618
467500
592332
363717
164257
128700
252979
12050
783993
33973
116046
838615
653651
969600
725928
606721
835724
643477
244084
810863
158276
39446
90698
994440
806615
152579
647424
329844
418683
995637
632064
226644
902666
662735
678172
315907
680197
331635
405116
976923
101016
969519
317273
909828
429743
846255
202895
227045
649594
774579
159532
422525
453102
315220
696438
145231
244009
824531
675603
818575
873508
719129
227104
180483
704376
491740
834578
528099
346707
885434
879366
982685
275102
848799
756663
37489
195021
293974
524539
66985
428304
211274
579113
669030
504759
594657
247506
19947
800775
91569
721326
949133
187397
557510
544770
306699
463744
750403
603119
237868
827747
497247
234717
197120
841630
618728
242880
184024
644031
522364
212001
541937
662182
910468
224000
151590
460800
561841
737094
128311
225908
384347
66086
946288
217250
209466
684300
453468
817367
215616
437996
48741
213317
325645
391806
686973
127781
186404
294625
447187
146621
437046
115029
92454
802886
661176
596610
810630
799102
350368
948776
243267
716589
850245
316701
813893
905439
651300
142699
921819
380364
252925
421671
311027
750297
800739
410578
491269
101224
416401
681822
847662
583085
726654
765835
519697
899842
275077
559611
403041
179735
513185
396814
237912
75469
234950
311222
482012
581147
10923
318531
353432
889393
209166
263923
704217
390108
717707
187251
591029
11441
113034
459472
998229
607644
564279
908649
333412
634943
441226
315336
640712
398936
823120
430112
882039
850267
813696
772156
868731
534454
500321
569594
60244
68780
376597
566184
885954
401753
951657
425281
612896
423391
798975
50748
907586
604459
843699
23254
754943
598104
413090
257052
700940
441209
518800
220132
212263
900915
490772
568039
517599
51487
565714
33531
543044
836002
49933
414907
845021
980384
194534
471038
675438
999272
653007
91191
113378
970489
129539
337764
524018
672867
273265
389457
697656
533387
8064
478340
97227
895588
848534
607934
282008
889716
592130
948004
744711
247743
640685
702510
839910
117498
921075
938587
602286
556014
997656
345887
448660
563972
201440
457677
645039
267379
496896
672031
836498
9893
558813
268593
930939
982689
471892
717554
329087
837105
465255
499640
583071
399729
676966
993354
157522
176399
891663
731482
912813
214616
69057
628802
434599
430445
877608
965921
678325
679753
717292
643037
377978
839422
566968
138028
181899
438144
491992
131075
153804
760545
301045
461362
869186
965744
518337
197383
230824
361185
742809
66451
860035
772926
197663
563863
917032
980582
781635
255515
607213
354415
894766
194869
939506
39481
301660
158806
1635
389494
336316
971166
679355
506494
417717
63671
441271
224656
179229
875705
475227
517277
507187
692698
806062
47176
334790
456362
989165
21850
540211
613840
31509
762433
392393
982771
301950
202334
955128
460709
308070
115985
259147
490829
780700
224608
801018
137910
982900
957433
585597
984355
120973
944277
669699
791702
729389
86736
179374
261765
605188
414945
192077
536726
393139
241361
752685
625273
293587
902432
14604
799279
365310
480695
588767
267193
774996
215362
202446
763453
667593
996553
451564
838416
481609
842364
137048
548179
74209
113073
956779
860383
395768
705861
813113
122552
954162
911538
378929
89594
343839
99899
653485
65016
23186
971433
516886
128607
547336
635085
606062
424893
218538
366518
809278
540422
731728
881474
369085
267413
813190
293970
44592
997508
916616
796962
920482
980268
625765
117584
775866
608587
283930
336654
511364
720590
182772
394330
555061
980255
764256
564296
813751
772744
870950
979775
370685
296911
580913
441970
15268
716037
192513
509922
537951
981416
604019
495756
824205
680629
20555
300440
666280
662889
836402
143476
668729
858415
537229
545575
860491
935913
813506
263030
880301
417076
422137
886688
608247
689166
403541
288839
182270
389018
706427
426122
316271
920667
624290
397371
734298
556882
547300
525670
548724
263486
571349
981278
230619
859337
870507
868540
690160
744373
222243
351573
817961
443108
901530
140622
26387
368337
781180
29002
860093
473737
358257
619545
238212
956031
966554
680151
994550
254124
705851
618712
274851
680122
191115
667059
360359
454956
611389
831688
657022
392580
576874
687054
743667
786838
413993
164115
984780
842002
338301
947853
874021
983453
879085
906064
660976
168644
20619
133332
637596
862874
378881
740612
241937
233160
606459
520048
463437
111975
66410
632457
832491
907022
639143
957760
431955
356521
150104
861758
710905
855349
446312
745100
886871
105154
193771
252754
86130
261352
713967
500514
494761
963497
496777
275704
961487
46162
830715
50440
76281
443099
903425
660019
244092
814110
390803
10724
473845
333400
689872
69208
782626
25562
921612
62941
321685
52178
158441
596427
366776
734983
326215
84886
484359
670280
80320
823582
629535
203789
715486
741443
13179
952792
380495
175558
820547
297176
21176
425815
869103
155913
207032
411098
12987
752986
712596
77413
487824
275912
460106
460616
692610
170598
781494
921570
962636
438252
691530
200604
45726
253452
673823
441093
258435
273950
162052
395690
22229
70925
905790
783091
957294
549253
302137
148936
824436
112828
784733
20306
800152
144699
702093
621722
774553
759180
936751
784207
431363
216993
518440
391738
133659
23072
352961
355913
478572
204830
248406
396800
15977
406636
160546
303704
928514
201387
935133
796703
503786
152445
824169
137912
253897
823517
747309
831532
86333
692295
802282
72477
895483
861999
663466
378565
584055
809973
126402
867101
408075
864337
316933
948858
208356
352389
112576
617876
931702
697710
830652
348454
220057
919163
275402
142586
317916
869934
770708
217816
103150
162329
966451
65024
808798
413661
260556
630266
367552
182090
337892
709192
289247
909055
663643
656012
758873
196335
122974
933506
589772
622848
498403
790906
41592
681300
798173
52169
99836
179084
512838
611699
107527
385870
772300
789943
164252
79804
21018
252040
332414
334562
597393
588116
120310
454950
906451
446411
936739
875474
123848
214724
319906
604702
710079
295440
139058
885100
800403
36714
868378
690202
350761
423437
563428
635572
751222
691558
548715
132543
449741
244787
318666
743852
258512
67268
715742
883590
870400
252689
208048
41323
34308
70170
987678
205210
36469
932142
597949
64464
392009
576382
147817
662706
952377
872259
58923
594884
97045
599336
59882
986993
509990
39790
982033
346670
986000
933772
610450
950323
288147
841533
451863
91161
319430
3256
545449
981626
366867
674956
847798
6877
339001
484519
844998
501716
483744
783951
465317
779974
863261
612470
885393
858219
826341
129706
26483
451658
220158
468768
815677
165695
180296
119124
679435
802293
14534
565491
319745
989322
389512
707759
33271
735848
893299
349067
774533
600959
258030
953118
75970
264182
160706
308960
454782
613502
270732
318808
406973
435447
791335
190169
176673
422338
480235
899098
336641
207335
814102
963699
896003
837465
613118
877375
972843
370402
951344
479018
789283
835346
236359
582847
28963
312389
217537
527991
279056
158201
992781
82691
52565
822103
458068
84591
507305
292982
504898
181583
118026
95286
334204
729537
224412
485204
872224
619624
797135
387333
470311
875844
297218
640656
482330
45674
726152
142091
954431
861050
147093
417525
213343
735439
957167
858903
692877
364768
295178
963324
639170
158552
120442
567347
823751
201487
189
788186
122655
446235
158407
184408
688468
376323
931210
770241
181153
52970
195881
632026
749201
413480
117962
892579
98790
555105
337516
143518
239217
741018
849524
752392
241152
926254
527695
660479
635585
322026
410215
174046
757357
196753
517939
628557
467168
6064
860576
87271
335168
462258
766797
62883
140367
160195
275974
405361
447320
551215
747920
235381
597588
391854
575618
183349
116814
169089
898076
310680
200540
161751
393520
464480
817758
835538
434844
788982
289269
778371
285168
921323
144429
11611
36012
916011
426466
29974
213840
985734
316583
893243
318624
437479
562298
772295
343138
398010
291665
536250
467042
465099
790668
926516
391839
184432
753795
970951
598472
486969
268279
663958
816143
213077
662833
252500
69466
875548
466355
135948
455466
102139
511892
565547
542969
949101
584728
120641
488229
716264
239686
712650
234862
687754
933598
233351
561728
469846
612695
426468
984491
422038
68778
485326
256208
419315
676227
705899
889899
72181
666087
999711
226203
523170
746781
462468
276235
68
351655
375483
711801
132940
173615
168118
157946
901216
861442
243375
550412
532331
456789
74809
630687
512655
161969
833913
212314
566154
584937
858246
887779
898703
891766
585225
798773
604948
656131
49245
449938
356978
787754
315015
349870
153076
279108
417904
183524
135432
562795
398740
798005
700467
340526
603036
300527
209733
457758
590814
546846
390915
121403
74813
723662
389017
999527
94176
297709
855291
911342
171577
458789
940550
493592
655672
594477
781824
928737
971668
834471
876870
371543
718030
947785
737517
913198
876766
577629
811215
313931
258567
459813
697967
291878
946455
742008
923673
505693
427374
860281
549563
575227
98930
640289
947465
278917
808579
156362
217666
342378
977964
889186
440933
142090
441443
190706
764957
772443
970968
616615
247665
895082
670922
379350
349011
177412
145854
44496
519124
295354
264234
693550
217685
761791
629010
563969
919449
427227
772796
807816
281292
179584
620022
99193
960402
994068
380191
119876
952686
471563
168147
767593
488724
843554
833610
632995
170765
948093
716121
446837
833015
246704
251351
931070
819728
64939
110456
96609
54162
324830
196133
526841
614824
133202
481127
928074
34167
724712
769673
296690
197092
207922
275186
413505
114288
215911
633121
902963
429878
601211
54190
213809
858230
594668
888652
476678
863420
676152
218138
576389
550701
331375
851723
741780
200756
371322
32645
840391
507832
289115
210848
137689
273110
46589
539235
552914
776636
459942
141229
339278
662795
912219
273184
269563
152057
990372
834978
235751
581921
777290
375723
591619
864340
165651
352138
221103
668546
425758
488457
449136
698640
779708
188242
22954
332765
449890
196133
922229
871205
662226
939211
325282
549317
666383
972678
834935
925467
635061
235639
345335
885605
202507
861248
550950
389912
17695
219646
461500
584846
912424
206631
235626
979021
560056
647255
211485
525175
293575
272276
902258
478375
136483
181879
404020
706306
659618
221409
46654
558937
759641
559164
914706
64477
727510
295126
933703
359934
77032
248625
284780
997972
447911
204920
657512
731607
841628
578077
532490
358402
939003
75709
501116
710235
817173
704734
849108
559696
147856
154986
401561
39982
295355
699168
408890
919620
391762
161126
903962
448524
386381
768422
382132
431750
702744
330884
704089
231778
289509
17804
259737
360194
741964
262923
683126
618927
627324
335578
290387
707155
903116
880994
441437
835881
250926
29586
597790
754526
885727
515271
335414
715934
71101
654818
743355
306704
145779
499426
846923
682456
604918
21978
523256
696908
884332
214905
331465
598225
924141
917443
589674
2618
835163
901628
313527
185251
41662
886244
216558
912020
555454
12311
247527
840968
369693
186383
303002
577845
406634
129185
141890
848425
463653
608511
197840
636974
302591
364923
148662
503748
795748
306818
352538
490827
226061
972467
663873
36135
546468
950364
697377
267807
858692
952822
755721
421583
241651
668743
620098
513685
199084
98319
481921
402869
913373
763296
769320
653347
917682
137637
952238
13877
50473
860995
207976
953391
464717
79018
488285
530637
436042
794551
341770
995301
749855
308043
824280
201369
909718
317358
256898
555421
826165
292131
909106
680313
531831
45876
514180
788852
865588
488928
494179
877687
452004
360633
619413
427078
440950
933449
191216
342013
230773
746773
468791
526680
928323
493499
816609
962951
395783
41793
409350
683820
336063
436529
826247
256713
937236
486090
269677
263239
215246
548823
792897
218361
928055
391923
60954
256954
448742
391711
183993
765620
567645
579498
559239
142966
46234
760018
425804
814292
312945
765960
108043
480604
361794
764515
596187
965723
793349
834686
64490
270065
178877
175918
977918
373453
955042
437407
227007
354042
494192
524816
420919
96513
528731
20314
919051
792357
968525
466338
2283
27961
613215
86933
871380
210859
347680
641374
603452
954492
830843
755525
781413
566094
562782
690849
473873
562444
672799
428736
932792
411840
653498
16912
86299
290748
200111
955025
657556
99267
929135
583351
635146
836780
965797
798414
514108
475546
292952
197706
668737
285080
785284
257324
177119
394669
591324
155713
278627
152954
647581
554148
97963
345893
359605
284518
51331
703045
840473
140190
858786
89654
207852
925253
9555
753113
839270
252056
682849
96559
406111
697169
115621
335362
551246
568453
692886
835092
819484
963078
931219
598137
441015
747660
712560
34199
674288
74526
916487
15854
199121
448266
347858
270570
905954
364853
884958
960364
680033
187450
138966
755029
397601
950182
2743
12429
416182
275602
182546
974716
387715
837919
200909
373273
914771
842913
555267
346923
171657
909444
447824
168655
873349
321082
130011
351564
474360
3315
781601
769363
472938
130968
761102
457353
797530
192149
381634
273153
22911
681537
368757
378475
885705
446063
238838
439732
601006
643365
831924
878533
636166
4895
190300
840866
556283
368550
663326
978707
103948
192300
373734
224362
944466
883740
226616
115412
626255
407713
400551
691135
373007
70915
225805
156162
960688
975687
782837
130811
150890
423469
955397
170234
359324
946700
343023
327569
757703
429915
113336
247573
151003
535342
522068
262547
314579
509455
371744
672259
63176
495201
577915
368504
738017
248211
684832
555591
631804
545743
607608
348020
571159
619457
816010
995371
619906
568995
958616
470154
776076
508204
6664
930014
291823
785654
792624
102652
300245
404893
419573
985445
25797
35771
313352
375236
145486
468840
870655
391898
680153
630699
675128
360080
755392
742908
546692
227543
448264
757977
900328
665249
395431
968061
31608
584689
915643
270767
31120
940680
523575
231326
181567
663230
903667
201310
887860
907086
705297
778691
154790
947970
968255
900112
630001
973000
95785
369414
375937
554045
914348
952787
427873
26848
81008
245989
135124
250697
864096
907499
861867
117937
148363
946188
638487
48734
566034
598777
482093
476534
130352
659189
702591
930546
717146
827325
227923
993768
522578
472992
101276
442770
327848
241263
642223
876660
965529
60510
729849
381412
238974
822321
973957
186628
583248
708664
239331
448567
139023
477086
842765
57684
300222
284713
532935
628427
479935
234231
924087
979459
577607
397803
219967
347517
539182
286562
588486
586058
687177
519934
106080
918925
364399
150802
625620
579195
554070
744680
885395
810720
460239
826593
222728
271331
896367
918410
849020
140823
476485
273638
768200
824964
739569
487329
275624
428321
372471
18651
179436
920459
273984
690863
981736
286471
265379
544543
67050
888888
477341
796088
111439
616744
260398
405799
772770
331343
735045
432363
699558
592237
207895
191156
632051
945137
295522
251181
880066
625467
673400
542960
409679
959180
996614
854532
773839
885826
802916
951675
947140
889927
903605
436982
581660
363299
133192
8441
297348
89908
621684
840694
851551
920229
287825
680108
509263
168010
103224
838099
385911
90417
239978
951353
344464
376193
753955
461635
648335
985450
849494
388522
597479
921618
90956
211352
915056
955716
415620
736882
403380
439241
153384
668353
951068
271950
198066
342381
50954
759861
847558
822369
322213
785841
48283
523260
111885
901343
462511
997326
175586
430242
907325
447548
366656
312074
612363
56325
701680
473769
796920
591730
855526
792692
721770
952599
465940
465338
905448
135484
503327
597422
997745
318512
502460
201331
63520
48175
151741
683675
726484
560087
506459
318034
421587
996357
782018
863643
59469
182046
517022
89417
143869
187329
540330
253691
950467
68732
10142
508011
984436
376285
15874
19092
665521
136862
727256
780991
629420
184408
82170
969665
564235
59883
94221
721461
726214
961324
729700
150601
942034
882324
805159
340798
466596
254511
66316
46648
751664
562547
698698
456882
175229
472317
549920
104526
663901
758163
227693
600330
660142
918598
637312
677195
939270
745471
559373
47787
57277
279106
225592
113576
433456
592774
42350
809709
472535
522248
383102
596818
513040
726661
535546
810619
618951
737058
355251
369986
669190
644725
143689
512906
933199
386244
957690
928020
343324
356679
883663
288125
125043
105133
539351
817342
227797
142344
915380
865286
320205
919359
167099
355313
978504
297265
480476
502513
732411
934739
343167
926009
742092
285106
21673
283336
344291
101535
599607
341164
166280
463335
390210
49889
313582
668708
257487
228403
609879
411091
389247
815467
646651
905972
273915
297643
660697
249059
337549
133892
628308
83428
695479
159112
505102
259571
46797
228672
180392
694754
408677
370843
230743
608769
742425
624403
513097
310660
299708
152827
132207
844984
581881
484824
721291
312867
621675
73663
455757
524118
596846
939448
467090
764011
391866
178231
530880
409142
690495
386689
935565
970351
16462
861215
263627
772178
982446
308007
827123
94456
768992
969573
710960
144492
960299
687669
809577
83284
274409
5000
430998
368380
971274
461600
212825
438275
222730
592273
65808
721062
642263
726340
525736
784470
833570
782735
793872
310873
477809
569285
487400
142472
3018
587475
526535
294795
348900
3792
631106
151571
558229
115308
79827
26175
290553
80574
959862
297893
572916
314076
366060
706898
740904
945505
600653
410430
356280
379557
543658
896139
341644
336157
593024
151654
982660
269855
354469
389585
818276
269816
680464
273349
57312
818669
65135
732807
843047
956711
405164
999659
379514
847668
51252
274609
862003
282723
631392
654886
196368
17271
878710
997118
363392
197397
451072
380507
184257
88436
876703
880401
597190
624987
663199
571870
312917
765347
886317
798360
62417
30419
529649
305632
966084
570008
974838
304034
210436
330192
246255
912920
683483
763303
237824
787719
992020
961281
477736
739464
10501
32046
931789
453751
428209
24656
994803
138088
412874
156325
399157
415103
913245
322502
397696
389436
58518
989123
332763
780817
242504
188526
295211
269651
793265
460961
977277
269109
804942
503682
385256
844942
220895
447802
5714
347537
296038
999408
210586
999750
250317
710348
766536
466179
467016
583619
752843
454774
10558
210855
418812
590132
399374
681226
146194
673938
355841
46644
60766
484554
415306
60641
286724
979467
441779
948050
865855
588830
871753
803955
178854
487115
238099
479648
927717
95153
552433
788451
512615
192845
522918
439182
428146
545167
26205
35022
369122
441271
866492
445899
950909
422803
39772
811395
723942
80644
612525
222687
327863
150783
952484
959090
387285
27854
536848
542428
207449
203326
508656
270461
697657
234733
988386
761114
977878
58448
528967
771655
723793
70823
488682
510131
513294
344693
111117
20799
504734
856144
554143
423963
687621
494235
191551
986105
438991
255582
985005
405829
15858
133742
438490
360306
39945
853010
481823
29179
98402
698614
158460
90179
605474
176192
595212
471673
205076
248823
220446
609238
749964
965585
144632
125161
18225
466115
242121
798147
948195
553545
405929
72889
292456
83520
493831
378121
910519
936183
662111
586131
74616
31990
410852
9982
514900
160754
594383
509617
811592
422881
470482
937539
489587
97108
250247
313326
507425
377551
742340
122787
591479
385481
617802
537883
967017
605957
177761
835118
887250
867409
320283
862160
383123
271850
588985
117015
34148
48529
489611
491846
715084
961975
163218
258
113059
305586
442471
610579
66341
448298
743437
168441
882222
927039
936566
491238
544305
758635
770087
272037
76354
175866
861529
197396
111802
125833
153612
12130
787681
394320
275238
299960
294948
92622
526008
138707
167333
441604
241218
255932
129390
121657
664404
803909
285535
837339
807752
53802
782647
414413
207138
539394
921361
800654
728497
416203
225915
370935
700289
331221
707767
979189
404553
638631
521142
346722
940747
542358
110272
989588
666171
58034
239120
623638
723120
512650
99693
762848
853612
88883
510422
755522
343229
513461
290645
271415
490130
926512
954609
608543
674117
343107
29641
405157
34060
241839
674431
389685
313479
413725
671516
196121
695416
418969
121161
469690
566737
866310
30391
772765
206426
249836
292359
515446
698127
626123
771318
729830
173737
598505
731935
704411
58310
878274
76826
646636
350942
259570
712577
138163
580718
80358
902673
591974
169500
271094
393546
600670
350198
250297
244044
323241
188418
983594
979202
108141
630065
649593
132120
319312
513693
870122
312519
449727
868731
894502
734900
249149
611427
881158
763614
77375
449819
606000
735106
282409
809820
99640
11421
619370
771626
256647
37844
736042
300535
889147
131969
26658
377640
940775
916403
65873
392781
534243
769260
226543
234192
983976
657288
53605
17785
337434
43175
643652
505153
166290
826673
990632
25327
939226
316134
425913
328576
586461
228483
248
946608
176831
362906
697489
338530
361678
420833
319216
760519
568091
447939
565114
775580
323335
54567
915380
90884
394335
523621
98599
8405
849337
672262
970473
9842
97163
767601
66508
119874
170292
124689
135727
534628
421862
939207
850089
319194
290447
346390
7456
124650
406912
266584
505801
476174
837731
333901
882245
862525
853393
397304
656766
763282
524090
763503
910656
343653
648597
559182
63216
509696
295874
559966
932579
614987
965565
492307
875979
176842
544189
859838
69846
418013
973662
599680
665265
807906
84969
331667
633531
171704
717856
72068
277032
474978
761640
7498
913001
678638
39976
829922
228452
918955
109339
976285
961074
45149
96885
883438
964553
704709
165747
935706
231514
19949
676496
157315
741046
867702
797540
789918
400983
868280
678906
870136
132421
372140
61993
308037
289433
250907
806784
805646
575129
591813
410211
897871
101280
879043
848002
153820
827483
381890
262895
767246
502450
896111
684752
435790
993
815449
103426
172991
983990
906438
219150
282784
840332
564533
748205
97600
938297
494668
622782
711662
264500
717448
1104
163926
544386
935643
328448
925285
35864
445802
763313
162434
356182
891715
586068
545326
98899
215628
444771
992114
161762
709922
433428
329548
782329
947237
101225
158563
155542
912117
372324
433632
741784
97752
383765
254896
932711
825103
113779
80944
118605
933014
542187
34557
87487
989466
210443
934469
276245
696126
2383
162216
482170
401495
426661
649718
110352
404520
321374
350334
136097
944780
317383
66040
879417
324818
638854
296936
32834
338276
94753
287693
935715
787164
347064
409038
431389
555778
282494
879154
139980
607448
595831
204538
911919
932307
821504
30732
776356
903133
545877
152791
13380
905465
545519
572948
684168
286134
231666
41103
243428
562593
674538
163892
202421
129416
329191
338326
421675
586373
898434
118104
903148
964626
524436
67137
176681
670845
2635
11975
416599
802707
795426
299754
380923
998178
310471
860909
784691
409039
564719
103616
20337
324953
9722
714694
551963
285091
449941
977873
726718
611329
142214
460782
200746
421717
494915
7167
655285
5426
620782
622188
648177
453193
411551
890527
167496
823583
990425
127970
730790
286006
43893
57099
718295
313111
987523
14660
160327
304800
149142
317600
251071
232277
348509
309849
324238
419859
964025
206286
35960
503926
820973
845898
176722
181728
229997
774156
763715
340954
996365
233059
939674
5235
173153
4072
730376
850913
94192
560372
821058
164868
407801
837060
511209
888095
805422
727235
759210
44956
485825
244037
913160
780489
312956
531394
839491
388021
100030
410245
796620
921139
374890
354711
326807
694693
670879
868483
750729
382443
434886
950593
891726
598578
26699
67701
297184
463414
926740
444848
516516
9804
788436
302954
613514
914184
86362
146256
664819
545838
477866
174806
639037
559111
590660
318752
534273
134805
904099
1253
117493
136876
142967
396222
650495
804900
21786
672663
675964
976102
482388
21456
847649
173633
363401
88585
69057
828649
967209
924504
648071
994911
47075
658005
363131
774747
766600
571832
695360
98463
472549
677288
398021
65480
644376
175892
657852
60345
64594
112726
803008
24087
154573
551793
558418
698272
697096
323584
123694
288705
146807
276179
502058
904340
494889
867300
32182
506772
852028
161530
323150
35792
52936
208043
464045
217451
725322
159521
728628
886514
484819
645209
470435
877111
530990
784177
418448
341220
760950
255285
530178
565598
23577
869542
460491
528031
594808
831991
461815
8411
300795
792289
195916
670299
160675
646081
852981
906985
186280
441516
958818
616080
757949
303998
237365
848851
347989
422615
168946
617636
708252
268206
17874
519507
179758
921185
959775
802680
484465
387036
776223
257551
959099
41012
580988
322934
865549
910311
346564
663989
381113
162601
556594
108980
448004
230625
567429
414806
244225
248475
107400
661554
505807
180063
882106
614908
5317
331287
370676
390893
908037
396711
6632
82940
997892
705395
562567
592255
146985
88845
123757
769856
266275
416365
702915
229810
646796
709453
294808
97734
501579
652722
614258
181589
871620
591376
71754
983474
516367
992407
914211
498941
550563
210491
550148
522671
980162
459961
346998
128223
689030
760766
868278
758430
685451
691376
507547
476231
962320
33708
349521
205632
652813
674920
954247
539310
57745
769319
154773
343176
484034
35599
329396
555412
433975
122005
168832
751195
788884
259724
983133
832307
456827
922209
743140
303507
53804
604970
871465
762030
812030
518949
66818
50898
638874
814263
781775
958434
211216
678821
952662
362091
624730
96012
451715
918611
958252
398507
400524
645600
30919
596585
441632
786664
382969
155679
46331
199418
157631
183165
135278
715708
865251
276928
271136
271729
998515
48299
101517
192683
295026
887149
611204
838435
750731
991486
40436
868771
556801
912544
577083
917630
290740
399871
897304
499473
322407
440490
462407
414909
150951
273148
273836
876869
222532
534998
579201
340914
617436
308480
512094
905857
251864
831421
527755
340557
623995
881999
958395
241908
248098
945640
707040
331135
766717
150064
717971
997667
126137
809200
238674
393241
112768
721904
3032
909523
609299
205348
502546
559058
613697
266495
487360
425040
833969
575669
112346
696288
141445
588755
740617
828560
629010
126896
101190
833147
976905
56833
961669
478419
435555
952770
867713
982658
406917
921276
889269
458728
194621
160338
646186
165184
708546
955712
947607
607103
455495
272206
558775
229625
963195
253372
640337
570682
20965
546964
457592
706666
634416
253793
710192
935072
813206
46997
157565
125939
208252
454973
248308
612208
305295
333521
906166
426390
347098
56719
624059
718665
458878
801254
160911
864485
272972
756156
80289
693772
271446
142470
808815
481089
193147
852887
439230
228256
296062
698104
164328
134156
455952
541252
262040
546324
748569
299948
171288
875754
392559
274351
726034
632911
716641
527361
724007
673889
940909
647015
33204
30528
344814
497442
957305
849558
703965
392387
351033
582661
234281
431410
624450
118700
84602
274025
706957
818281
525376
625129
690468
922065
687958
958108
743707
634621
732130
125234
707476
26495
961099
590120
380830
390004
686283
329881
339266
210983
575884
301770
922431
899994
262383
144025
581225
811375
235057
925004
226055
282090
377786
194211
743459
647392
315055
422120
950334
819075
321371
482188
517087
51896
902507
738669
560029
547411
100170
211334
985878
760834
752232
43367
779341
18308
370770
683460
355757
515258
491569
763043
165541
665125
590302
810941
522245
861819
208780
970852
501071
181065
268650
596038
471999
193899
48516
781680
433544
844866
779833
463349
107885
47895
54309
785920
817323
848363
407945
434494
356037
575351
508124
462679
82470
140429
415527
130009
828169
965125
804098
824496
582548
387128
229024
113061
57372
750793
602750
316751
119087
411498
807835
697420
170798
938629
90512
949485
980329
724717
527417
109027
546299
803291
870003
783229
910913
488850
603038
348005
79078
29632
607647
13231
761859
448536
927008
971848
776081
821363
283814
657710
15581
257255
128197
222436
975429
124798
746976
915366
430436
852965
160279
947786
861807
245492
363709
739935
30731
305618
617150
369751
855405
312778
950839
588635
102356
527199
766499
161815
143120
13205
683829
505345
523804
647600
149150
636994
81249
478936
749223
528570
97148
881157
246552
294102
552455
544782
804186
652298
180658
52971
763878
32822
602018
653103
469433
27668
967716
115200
572456
796041
534533
997992
417097
398688
429747
7604
705642
699105
813940
292853
524086
731484
543532
804979
893923
40890
213604
889145
801138
175143
776004
324155
755930
983424
8219
139478
329864
443463
670437
986345
395881
830274
849390
499967
335885
739733
584410
258237
225573
896593
223916
62423
665658
172851
603808
507397
992705
716556
949430
342023
465694
556259
697889
586372
433790
124114
342957
362979
52476
389534
578620
777677
745247
671680
438243
669656
951115
102942
187046
518670
523121
620147
431725
724732
805977
885960
416471
173609
200849
12840
609839
719208
730962
941371
773670
343790
67887
324162
388113
919196
426683
896884
149303
545642
996826
28015
92563
864369
647783
951397
883510
350941
568359
693578
191088
841110
827806
303969
95691
589197
614329
843482
734031
18523
284638
105630
379786
371876
991522
119757
128201
806012
864494
416905
661776
981995
457418
71929
551439
408425
841068
995427
27006
357205
337524
479385
497440
175925
893522
403457
223850
245592
652723
242180
28367
67490
466849
385610
170773
3911
246835
905015
759164
438487
991805
416705
576824
779446
500541
312644
175834
230093
823319
412091
266031
216551
501162
194315
918320
285495
545091
843544
911113
623001
566645
388146
674117
67520
591432
540491
458629
195609
608998
110704
123383
827279
200009
259118
585259
359023
337449
696653
973708
811093
601204
639204
726970
102162
557185
877850
989178
34289
517405
761397
717109
848108
998350
800346
633748
816042
287797
809959
222878
477627
373909
269897
784136
242056
458820
62161
207387
560946
294703
97708
672858
55729
529913
810238
130641
823233
326046
318224
322075
839691
432273
902735
958296
835966
359786
63914
477530
258565
344856
161553
833887
176039
445631
916009
864544
987076
744529
322400
576344
653623
466593
519562
248960
119603
293271
661871
189789
24073
208105
781747
297081
913507
102428
552578
776358
782864
44683
533071
705808
327633
589927
352294
555367
320885
136783
831943
99646
408269
382023
97848
918324
777435
372684
918168
501548
212813
173448
286806
373923
427297
917971
745258
304065
207186
439298
219645
822754
796826
962143
473523
233532
812805
317622
334862
68444
814068
58007
920279
227546
736507
176418
258022
525162
615754
886784
676975
113210
82367
238471
309044
129016
178614
227692
296417
598377
74860
484057
719380
17932
962672
699906
745376
594133
485617
706578
319519
922550
517136
238415
449242
695654
963306
333814
571868
448708
412238
951263
821985
251684
965387
817158
263317
91699
364964
170671
442720
399221
271152
620380
562612
672119
941090
599468
81771
531679
511545
287968
779026
514497
726808
242091
953129
47518
799921
805152
721043
507756
612499
784651
997732
780044
670954
227376
583921
344911
180681
268575
598886
480003
672367
686742
341600
582458
209191
129247
282896
122564
549368
991123
995475
211147
407996
93037
855631
89284
58997
107480
262322
743127
575437
283686
830992
792669
789933
264590
337547
967741
316
471809
957980
469997
107250
681098
125840
305565
307383
907721
439501
61857
111868
620142
665905
7127
346154
355425
998118
262410
320058
728027
344369
318847
876827
916005
266067
374895
936185
508934
823472
712302
167559
111809
377474
646556
35703
848892
186489
649204
185579
21681
755345
571814
928949
250563
313129
800382
56185
280262
97480
319369
311270
910970
92995
471935
629516
973647
132337
769935
326225
379120
500849
722195
838500
286093
433757
158992
270829
515199
302914
986375
446509
266766
701752
661408
569968
549249
582864
177963
336097
101996
701164
669841
994982
855617
250352
863435
390946
479393
783546
652038
19969
822473
759977
79779
823261
374895
885393
255996
328889
601678
178090
890448
452798
178021
632944
7947
717909
75788
360447
331590
485629
983187
506613
110564
127646
410364
201244
124888
604982
568853
166048
262093
394197
291710
818821
205295
965277
118494
389271
677037
282392
125371
926762
205525
512874
180963
292014
595311
543938
404635
321525
471582
155549
675807
753482
132898
724435
153210
381897
700588
819376
952986
414581
572477
244965
710239
172798
208125
856947
720213
856638
829432
361862
198206
726166
292835
617621
903319
246681
819513
952412
7979
791278
655936
278212
99348
503681
529593
770867
929089
471227
312426
931667
510762
946638
256234
888674
187543
785427
753204
321983
961766
567349
952182
125281
963084
713512
36365
97857
269423
893964
638155
455651
707562
25883
352589
576053
800434
799116
322394
88144
307035
536767
563709
946528
694348
848826
684163
994533
682528
763473
426564
928443
989839
250925
372840
931178
961548
271795
447685
516932
674332
670766
102640
344946
489276
890289
960849
844149
39698
108649
12356
892443
143267
359220
70860
673311
594221
541773
941300
457855
608516
950127
585816
235089
22024
985106
795003
670858
481587
261272
929784
181321
990886
725560
644273
992706
199465
404736
218142
883492
524627
289495
511292
240919
402757
733927
934997
590640
280401
900047
219265
382047
336356
341770
961956
547713
213372
347937
375786
164756
406512
532957
589288
949172
733511
581460
841049
45436
702994
218029
985823
20093
983300
722166
165501
133478
157422
559514
58955
725671
487936
521098
877271
845980
142182
568652
167177
671975
518309
909418
438038
716390
519785
853081
88096
174243
34968
939856
550366
400989
936121
607395
168803
95509
27005
836360
685734
838223
247462
541974
264971
411456
882248
234164
558692
119645
673642
28960
815458
461940
711137
153392
115012
299389
454027
11727
93116
845318
147230
146625
693215
767728
266754
76611
323080
554322
925439
846237
907431
817283
73377
847726
802141
57237
643353
870448
960683
67352
645288
399794
295011
895850
758475
492479
608892
285696
579403
931683
151332
735006
279320
587387
443937
676377
62006
679289
697201
561857
419574
626728
456412
731505
307854
153961
945288
130341
910746
689801
410160
284559
848660
372462
386508
56507
382482
484389
238341
312559
147228
376874
426973
170707
115233
903326
153654
530664
619289
88073
619989
793916
725397
412607
53353
233195
375776
143460
764990
65170
703090
540230
361184
453255
713119
379329
296532
732059
887267
440104
103767
171751
231126
354936
736134
738352
424541
52588
758726
288728
870609
365555
150822
543801
894097
320674
519906
182804
933512
14283
759263
551175
227887
445581
364146
554625
889675
28190
546905
173215
775837
261985
978770
986846
886639
381355
245987
764047
624722
430783
153533
647009
516761
379060
294280
700437
771621
899175
51913
315298
729515
916909
852262
832573
798672
980579
343644
655470
587899
516873
102015
751853
8301
499712
705490
117960
661388
737406
406050
270845
49122
590243
967153
272190
63766
885640
915829
276048
62143
351342
535049
317671
427277
687544
137966
93377
616914
947965
608810
573327
836016
832092
24414
83304
391173
166903
214052
927098
165595
751316
156052
519657
879805
5439
911791
514340
124068
608969
351047
192585
916237
474649
910509
932948
664088
981869
493116
785434
965036
116301
673263
47000
743123
732652
609294
234066
324050
793768
19535
213019
706943
219050
272371
48552
676951
607989
939596
755558
834599
531746
968842
658027
101642
553015
333601
143567
303393
345787
150921
489978
972406
655299
680184
900906
467243
69287
829222
599243
25789
878394
810107
114222
180111
992185
777681
563746
372780
706517
520886
210034
287312
454880
994753
962805
917864
156715
70537
503983
456202
427384
422424
663492
706848
296606
287770
992245
117539
426315
99480
417560
964262
362508
394666
156403
793177
829025
479180
391121
737524
146964
236870
182125
899940
809922
137865
926407
267901
762512
240130
418405
490986
818472
490302
939821
991338
982936
360549
216106
75952
662865
615512
594692
544570
523799
678329
948005
611716
444171
922486
136846
60767
133985
126750
192946
993071
23532
252394
262104
930309
206164
538372
279807
523341
614060
94605
927510
439881
443060
937596
613221
930416
294943
385360
797235
713902
248433
383080
817782
259619
227830
888419
174203
434074
824583
875839
850740
454974
637346
295190
15684
509696
116646
885819
81659
515289
9414
564047
208020
906268
312854
642024
153377
932289
425782
522739
678383
157912
417828
526094
327028
174690
153695
939134
587939
342908
782884
491595
250238
982176
235181
204480
814816
784604
692234
489542
252185
604200
218731
935762
967396
967855
632796
576790
992468
99456
126461
642534
569114
50257
850673
271127
155166
680249
244702
441426
418419
61815
121718
243259
837599
84722
538995
579679
848125
161769
46713
384431
993453
955743
759780
168320
540863
20817
77157
486394
742505
845363
565893
466679
661024
557367
783084
690679
177178
49969
304032
229690
305892
252736
515905
331687
174182
734913
913515
452800
340658
165172
477317
218109
40413
267577
60380
103409
560675
448870
946616
52673
306472
909643
185149
328218
455029
896787
727882
744181
664246
545121
327114
259533
573110
807892
990976
833214
487764
143881
99596
50872
948352
35651
425817
383308
133598
830122
11684
43278
917045
875551
527753
300705
798710
775125
178670
207770
506016
617896
272078
214553
396511
197220
243631
270115
428306
563423
252052
133701
65303
531561
688425
575138
127083
719400
546284
786080
917786
570559
360565
925479
847283
886015
325369
568000
893106
731408
777519
280785
456832
922813
37965
991721
652896
892174
288483
724139
304050
493549
306576
843813
408252
306087
462433
86605
69750
303611
82127
943112
818960
725012
424736
180417
189548
703794
494073
649550
276448
529247
988822
846163
107373
862197
470842
481065
994859
682505
569656
676690
201724
371920
918182
271527
935617
374165
516742
435489
812880
731032
722887
770791
307277
766335
464405
312107
957206
518929
808982
972270
139322
324016
926658
209226
840586
203424
54551
505355
28545
676614
939631
246959
317241
394237
293918
446827
160853
69266
258832
976568
583700
877259
590309
756125
165755
474698
445321
735168
227335
940142
408595
445390
648939
831906
246981
616981
329532
949515
924168
343137
28398
691328
334697
471798
364098
54274
183251
478849
790559
455120
584296
241333
672504
268886
501612
665434
318673
445222
433273
812091
468353
366659
186091
742775
127768
624737
102373
929995
552182
12352
623802
261545
764089
581372
248465
437227
569440
315295
327652
932182
484961
718254
457766
35574
828301
402674
795031
480110
533944
805849
65033
675905
963354
997570
256660
140959
818481
696163
333681
60523
816322
45181
228303
94659
650908
179847
961847
703519
695833
323621
972790
379010
613895
13559
438565
52418
534983
552911
922563
150656
187674
774673
691270
48170
736496
999136
695888
558792
569343
350213
182354
700399
923927
360633
269406
421030
280879
739140
667801
757423
129539
738790
604900
958941
638819
402456
835414
543337
189042
583288
916796
441745
711511
837719
45477
754488
144786
252591
118158
791824
372599
113967
326411
451503
365178
889588
497892
46952
282388
231966
484061
223533
897009
266969
414113
484485
213037
229305
360575
205519
891728
905146
954977
800417
206051
304918
65263
597424
953161
162437
44221
410530
461495
386108
651261
92495
902668
457366
648541
878163
999083
197442
24977
177301
215371
795202
519253
933977
191120
338175
81592
211376
566624
615415
432803
159524
126466
897722
744111
589166
323155
467440
118976
440955
312870
432464
909868
124170
442128
885576
947212
655323
329281
73508
234790
910631
34738
258987
345876
274239
477078
549023
204215
138860
559752
314548
767843
442647
427187
544308
705828
688388
216440
686351
79549
360163
493032
953783
688750
807761
684179
849530
285891
374311
742286
331131
416353
976757
89476
566185
158098
437189
904945
801414
26968
750902
473991
222427
440289
378402
696784
999158
380570
187075
263149
544388
181682
864305
982299
27095
876607
705136
611303
821562
743965
186994
650167
947188
995367
397187
334055
289508
105508
385015
786816
109456
568680
42388
47169
275729
463212
684696
787248
245612
976815
334786
565134
857166
506482
779924
557526
224356
329326
968196
86810
762314
313349
744512
4826
65994
109094
871616
726017
213981
507213
179705
250314
555082
695064
700460
172994
332609
548209
35805
719416
441900
349025
302866
936574
574301
130143
438675
41453
6865
638957
714927
292819
618051
331610
338832
39905
492711
300009
34299
241823
461764
800954
64487
417904
990114
727009
382822
279593
202248
28735
255979
155144
208378
164828
446210
196041
354992
502867
146757
186257
874749
117032
309312
55250
636260
851345
126594
513615
708177
788725
334712
538364
527280
820
105025
60003
967318
169622
211741
813318
761793
532856
65029
105834
404502
523637
543539
921054
637118
490858
789471
17387
986896
144408
356810
679883
342410
677281
57272
59109
668997
669613
124409
602164
283704
553375
336830
131415
20859
78022
913504
305878
380873
475684
350272
48638
950343
292970
599720
434571
987594
840528
419123
820908
799739
262421
611509
759069
768377
43842
259723
425249
50425
511624
232796
259249
162079
327903
154872
212437
484948
801119
434362
109609
689996
431832
447841
33175
667570
228485
637374
68019
299943
919177
343871
564272
506927
289304
856329
399402
680126
371052
466168
337475
88493
996354
188454
106595
110423
125973
368476
169897
215611
705360
191179
118493
540620
741504
18522
501577
242331
853093
884771
463167
313960
829561
57604
670151
451019
765133
22366
632954
816364
859921
972182
897878
135495
240556
283974
749400
528992
81142
626148
789903
923251
394619
210894
716581
530531
40626
206854
240499
508862
205973
780307
852690
196781
413949
694080
147947
101178
947755
951494
743990
822788
170951
803476
135280
406911
973365
189845
408819
268041
502768
59117
45906
638604
597800
564673
139433
606433
577841
705573
806345
684550
486722
686275
310076
32001
203559
407473
717350
944877
232280
114078
802694
994738
395311
839460
570167
331425
978330
374525
880901
657088
237259
30562
830039
170272
135841
658559
459603
622253
123576
82536
121633
264540
849609
30495
613330
714245
494646
534848
317845
916704
157607
496328
451326
923850
819795
498249
809555
287177
529880
813119
449840
43109
491815
172048
886081
944940
760008
608351
411788
955914
849299
802876
314940
273925
809744
328282
610995
626688
207577
58566
13104
221199
471702
340769
885361
265447
59348
325904
622690
778852
861597
883354
443020
448326
209447
892723
768959
296250
470414
110243
694030
430173
659095
83791
239327
980151
775531
548188
303573
592430
642658
414235
496214
530446
334181
296129
798779
573314
14886
494791
452352
665103
101149
270946
786332
105340
917701
486089
809453
120172
858150
159174
956967
811424
872545
532317
19050
80574
216708
305642
138047
603453
751333
606453
548187
778399
400351
101168
552952
963282
131765
544050
532977
4028
83038
120605
535272
432043
298152
238364
181545
521886
672747
895651
893008
290873
357501
359876
869995
215645
139697
940723
783743
575809
506822
95294
386159
216002
145541
704887
312863
316550
28886
26698
309771
336162
489760
857770
865879
754173
903330
857397
271652
323984
691185
803242
244892
101816
944919
855121
692575
607673
922461
326529
506314
54688
448037
927716
406018
823288
458503
515799
275257
442241
384454
718674
377138
529583
523935
917009
936634
278617
727597
216706
335884
460895
372031
946059
149050
212644
434376
107640
314817
917211
421548
170891
375608
942808
77344
583602
399303
244283
463268
168047
374098
666191
77194
965820
439777
924992
220109
395074
258949
18097
950871
24777
604125
886000
594351
529319
969274
763568
279238
10135
514789
133705
425472
458676
399222
714144
559217
135946
730662
781842
959028
121808
85222
223280
591552
555303
211510
928219
639141
348009
548661
427496
744161
878023
499874
667751
421973
656642
409263
365352
936194
106567
316233
131562
409053
896250
900078
947126
362299
144626
854790
176343
536302
514454
73514
409347
481723
456511
859507
537735
505324
66020
334292
402054
802733
199006
534323
695438
687394
987617
692386
878875
834174
142898
304608
109603
937470
57727
718824
312966
297573
232953
311844
766162
925047
539812
479125
912340
367648
30551
585391
873286
971932
801651
387653
749781
274348
757487
233233
640866
690864
63062
312075
78709
114983
847630
682233
729151
390255
736656
655883
168011
639044
283712
242168
839824
969759
177588
853465
330199
561326
340330
368061
332630
70131
306952
184890
299120
880727
713183
271258
169208
947778
904521
799995
112192
696154
335411
736688
245813
710378
444236
752459
74944
476937
151282
696412
642173
565980
928038
377487
847142
254786
738125
101751
949920
884271
365092
197466
57928
271914
596886
305887
461372
199524
814490
412773
481002
666129
445408
468806
761900
566260
81799
729019
137510
149339
492955
498928
885328
305356
626716
670127
161506
464941
332231
78287
542128
179937
164560
646272
65999
116968
175714
482060
542589
28267
624692
586157
176747
572386
975461
989343
499385
650845
742381
637992
273726
6362
722578
964999
711382
882801
613946
522805
13176
712767
947254
123016
486162
764018
957083
963532
786350
454318
400049
868372
220445
201072
680105
308170
585475
952715
76598
429563
190548
224844
197373
782228
133209
114595
884003
835249
748595
196202
983488
420208
762609
920921
600204
902445
929674
170076
384033
752832
437222
195077
828804
678679
687867
90949
411122
841498
350787
665956
626209
505135
406363
467909
839714
793688
923693
162081
558343
234335
685829
529771
172126
849876
663858
864191
878821
96092
499168
262764
582810
336219
782545
931590
598633
163084
707058
501928
122894
871616
309938
256825
622847
662695
209423
43860
809829
733435
152820
505782
212485
150425
360144
997339
303027
720033
610800
805142
897931
619910
561982
935894
278070
857129
644680
910404
289509
473220
825460
943969
1711
15307
781937
592280
100839
648782
769198
487252
84041
284200
235289
506634
336063
455585
375053
151953
206323
247633
245226
890401
781360
211048
538691
811653
927105
937883
45208
171389
77933
938578
990600
133934
28986
991648
525771
307059
183391
321268
970477
702740
963188
163704
666256
521313
834016
210798
409046
367282
61260
149537
897698
839294
150932
843069
39505
139907
824043
109252
896507
145934
194778
429739
423100
873642
499166
344561
751055
766674
358108
761573
575692
982805
643180
566327
387844
743320
887107
994461
662457
930903
604024
766283
73550
907419
977255
793338
224582
806513
504883
734238
80949
26204
655761
219753
312809
816886
701692
932891
490860
157176
320812
73384
564605
783656
141167
806469
542868
879496
891811
365055
796275
558960
168185
492015
949110
980689
294152
126409
997755
894392
205691
674066
82546
715465
663870
969046
518391
965503
624404
806243
578514
889262
924816
483310
564068
804105
391897
557770
679528
912681
88224
941709
58665
175606
414358
25432
835114
210926
234441
868071
376382
960760
376013
520611
521217
314072
330214
802394
224665
23088
745416
229058
578730
374251
705560
611279
747910
882892
53427
582011
325627
933514
872580
419699
840030
184545
312054
596138
36158
544921
887275
508496
923541
58223
224155
796453
834143
600176
793538
480946
29165
498567
135291
201962
53140
676044
629770
823281
32825
394146
823056
884334
813197
204951
331706
118707
515753
851715
628413
486122
984222
751684
549575
342214
504205
620431
291927
334544
823731
253605
197795
813746
466213
35325
815733
700957
400424
840662
647160
705923
106271
749358
872303
719217
856137
90570
136154
231842
614680
245919
841219
100903
545120
861916
809520
131724
572373
842695
283553
671981
556403
824499
746033
777553
839848
989342
589441
501374
226214
685764
872655
578373
881101
4839
154872
398514
529643
558078
588666
867108
44157
532274
268611
92207
782165
918527
331621
356009
819490
415059
329619
706928
339167
396805
737929
42046
200875
159637
412762
739769
568190
734331
747616
789775
51966
408136
205519
389350
811230
483328
662657
778252
824590
860019
894298
883012
767004
887035
667430
388718
448313
974946
65312
147781
21200
720310
968161
13917
326232
52466
753401
197916
703378
786539
733139
489023
347355
432511
70935
206891
789759
444302
872607
552766
259663
121686
679214
464849
483898
190260
200269
171676
972444
713399
568509
94561
491907
669476
392475
766448
261743
989523
610748
603782
355573
494700
579495
80850
402934
287160
979795
738845
247465
624863
103751
33926
608784
443900
61785
903926
821498
940248
673159
258359
572401
992845
765100
469402
348288
430313
997448
404973
589314
560528
839440
663513
503979
102454
175376
310545
785532
366391
493765
992221
195551
60268
505041
341482
371730
252855
410003
300095
82183
242314
372605
593489
166595
837350
24388
777542
394107
391389
708603
684525
571482
532631
288855
384691
10252
903426
392373
380860
131477
22411
493319
963812
399350
807054
944430
4383
217023
474213
606078
959989
357184
335799
80909
879734
159180
817859
106157
344769
819331
303342
292540
373637
387906
252835
796726
659824
550530
681579
317174
234468
777498
260827
20024
696427
922832
511653
875627
795750
73506
327882
114985
3187
863391
39548
972836
478756
647343
24023
540411
181766
941465
102190
284076
827947
499254
675294
341554
897293
805619
738730
278775
281265
49189
928566
966992
526987
979132
111405
17364
88155
818488
796027
197764
230830
266429
496633
742167
583789
453687
543089
770616
529509
853128
890921
653992
666436
251065
247301
893848
305548
494220
464927
430763
746549
151536
889725
55172
610543
136977
453336
70553
689060
56208
485645
26773
615419
24957
135643
448536
147554
510384
757753
623003
399873
689571
511355
830924
296410
603863
88621
231708
112654
831058
954000
74150
890335
912176
87118
282667
183966
637651
297121
540935
573252
978137
422233
661256
68321
846107
134511
890757
88129
874822
189189
747515
484384
101084
848468
655167
481312
176360
550110
404226
58192
884805
834367
282022
564978
416200
789273
381613
17220
352382
200923
373028
974768
545334
830983
728692
547146
634897
226960
792231
133703
357608
642272
149411
171876
783412
769619
780892
758710
921754
270659
781859
96797
468380
630224
486629
407668
761095
877724
683027
844330
185918
159785
397681
643703
178120
308923
494124
850216
602591
683840
14433
511314
461600
76048
946967
670303
181733
182717
311736
230643
264244
89192
118828
357429
300047
245516
409155
167149
254435
73862
367206
780943
618048
418968
672361
93276
971910
180991
594079
412440
711356
280474
445893
238394
618525
183838
110806
236278
599636
578019
916940
150990
384693
604608
118411
116331
562866
200994
740791
166742
715618
525654
353222
866752
197622
166670
238013
139622
683177
616829
573952
22323
46606
576947
369813
403594
246125
34460
721681
155373
657452
193740
985709
385527
773630
809948
913190
988023
530826
654001
772816
211700
943517
688777
349029
664971
801076
77531
728043
415730
273297
114540
351995
787647
104910
897552
295333
244633
270014
900815
789175
743447
553677
363935
861148
516406
500743
107971
406487
883061
886323
45135
896911
363551
805257
184524
270891
974928
527236
533274
789421
416633
101692
530927
836965
93139
919072
537012
240024
777543
312129
272480
512714
229192
28868
615593
970533
909975
574086
954268
92643
356281
147372
260685
320386
809573
520607
842505
227360
185205
420772
572854
408116
451772
716469
244634
279570
49369
239191
340465
252718
304750
406754
572348
869941
728488
504278
4456
421633
325034
276311
670488
971097
567771
578283
902912
679710
954456
925357
908394
363202
281925
499240
466235
921934
206111
398765
511995
682426
835097
704178
789958
788068
670826
903275
363986
721674
921522
655606
436576
982174
560675
108397
774740
852938
792158
169680
760548
35814
232360
78532
455758
914527
710905
148916
21445
712202
813782
684754
557970
265888
365342
175079
532357
360125
531048
995255
703538
541174
899623
121258
674808
155649
964250
69937
66287
836393
841527
911702
242244
94995
104621
576354
315457
454623
322863
907097
371491
422231
936503
774985
315952
202854
191071
135646
227346
28074
347639
532559
42543
157684
194464
120506
801705
966047
633750
999738
494622
217920
1812
175055
677014
278784
545936
291885
298021
72943
815336
871969
863107
804374
570353
186031
868940
46781
172887
482416
498144
436765
767008
903999
416006
331282
351594
658924
504435
296732
451053
11697
199686
323382
822015
425323
462919
522640
319666
157849
367197
493900
95630
348446
593931
62335
353775
333812
864870
292807
813043
661515
945164
481719
568550
108613
928671
359625
419663
745958
429434
500607
63593
544956
74466
984233
762409
111104
971531
204329
911644
338547
641066
566921
397599
113993
731259
399965
495729
685522
29978
822136
798955
981481
58963
575000
526376
398465
232424
848320
453832
11849
912393
818839
207736
922520
478373
812135
168588
211293
15804
920341
732447
154354
143100
443874
778534
338784
408377
234757
575325
840548
279791
565795
636850
780746
270210
307763
811308
219210
870934
766752
893750
490089
661986
914049
121226
806102
742870
969414
32927
200257
914433
499732
189906
797213
818621
657819
847139
61416
852599
722598
796104
614989
631811
983113
956508
126128
84958
979643
245332
814049
674459
462394
67018
321055
736022
65908
506075
275122
851264
579220
410532
262
745874
296181
385241
767429
524331
366150
602656
451849
206069
403628
706613
589204
671892
923149
877791
468827
77051
114628
498892
366269
456717
303187
312287
497647
758440
287979
342733
922540
991277
24884
314482
837825
260481
479613
112554
395010
848482
375211
311224
448407
914020
225001
790078
823176
413863
428453
222950
419052
60520
740617
3854
118364
612353
363652
62147
269877
795257
955631
973891
676049
800462
637848
302968
486999
378883
848289
527144
126507
181331
17376
180021
84065
160692
214458
891157
817746
76364
899619
346806
153316
978621
919329
756325
757078
400326
738858
139915
546485
502631
372862
774778
335240
171681
799439
556793
649535
770893
393403
798870
914946
572984
936513
814668
188433
448789
179047
760408
891095
296947
664018
464832
395704
728420
240374
514054
415217
450313
834931
11322
371078
886745
791134
894381
314569
64707
833536
843825
303603
506233
846002
83611
495794
774324
120541
565571
318607
625481
802397
367009
542927
948082
231175
192655
461542
987403
723641
744018
820033
587460
484201
127154
997870
231964
496606
930151
117521
443450
638762
634386
204025
431175
630510
994285
954917
176504
247844
369119
637891
256439
806922
83103
277188
886953
282212
593648
626831
894224
381231
20493
621807
630096
334667
966729
904718
697097
63355
660278
537866
142474
543025
566611
699240
192738
945236
323159
548789
50104
341511
474141
171736
11628
206002
409485
820628
279402
79497
918583
536104
950329
752638
295704
485353
892486
273397
732334
881441
242123
289541
7879
194480
678247
4241
229067
202095
682351
685066
608481
406251
335608
331577
257615
179258
109519
853888
105196
795173
848176
324899
457790
250569
75035
847120
240156
617789
135825
592394
503424
42977
359580
788161
350389
400927
200827
29664
146305
687891
652674
665694
758337
384296
473979
895858
903911
289790
72746
287465
352933
181491
235357
948261
191877
360870
156072
792172
516138
715302
996059
596147
706457
566832
537185
545724
777282
229951
380611
38370
645134
552214
881067
665340
66715
5053
853128
647661
613671
742422
530177
231825
232233
327130
574964
767390
702793
213083
493337
355574
48052
823420
60318
266765
62692
314731
494629
633518
511968
89519
995042
408776
392201
662960
878495
79058
270124
593510
477670
931400
283965
841375
678931
441702
622704
816770
388764
499021
178991
512050
369965
74685
227904
761896
99871
907100
751524
505887
832582
870753
788198
263654
850256
28565
206343
133278
942950
608949
633236
609123
645727
279195
447158
675919
774302
706589
787611
342909
361277
640182
330573
220614
227383
724537
531292
605721
653612
114635
176014
960271
949148
802802
390558
352681
612278
864171
682233
209531
846047
77984
933511
895492
340811
806633
25576
491651
140624
596017
134887
736646
379525
857411
336980
856737
901888
906581
906360
382638
528072
939580
124891
870938
423472
728226
786523
665614
284684
888458
576003
69635
133785
902935
525194
665882
959898
584122
407565
853250
164717
367626
268195
694613
658757
245453
131904
949034
878246
578449
325820
607248
73692
387406
199738
308235
373982
529296
808505
410954
353079
785393
583393
879467
545099
712275
982994
396956
887315
517187
429824
401874
715188
288338
808016
365480
811107
401727
745726
635832
962498
607959
195066
780077
848960
55119
8664
536971
103959
634843
956547
211681
426004
290222
82783
312079
685933
492309
73945
37465
440245
69378
829530
938228
879326
483562
661731
682044
920862
211018
77026
469543
750998
462218
870530
483958
456198
358354
234390
230742
721643
487355
728719
299415
824273
912636
841685
590263
692227
439160
984350
224671
130082
451904
724846
24988
157532
867072
612459
421620
630705
734638
980151
606363
222609
837770
552535
684357
404560
503441
753930
693344
627230
147730
34114
210337
22652
843922
275851
347010
306671
654923
596248
391913
14047
30154
86751
477847
169882
923893
174855
921228
16440
150620
708138
521184
726200
91244
242649
196724
993635
993469
435946
630712
539573
29852
975902
258876
677364
240707
468734
850652
216689
707456
572950
966996
335707
237172
594654
213756
601980
843659
723661
815060
91263
900844
617714
292514
411347
970233
24096
72838
834922
512963
214001
647382
849719
120289
403684
979415
232182
134448
312400
483181
358033
413019
202818
466132
800779
242655
218512
806475
101893
583046
62579
165583
272214
797572
594184
386076
461937
911211
355857
70899
519721
173086
578654
812904
777283
592658
435908
691075
762748
306765
921164
971913
411246
4476
181711
465481
876181
317315
698659
529200
399130
673633
851419
925122
664433
122406
294516
597194
332865
473500
56133
730056
994974
485152
301451
647113
266498
104784
519436
516858
24144
572173
399334
596761
202352
790164
186774
60639
184784
816668
74677
403340
334409
548788
77498
315874
537794
834216
362461
957178
229500
407313
783805
755281
483509
395464
641950
23253
615445
835961
10375
659058
604069
336577
314684
445523
709187
318773
627760
734973
951322
600676
479398
420492
417754
896316
639769
541439
423382
684653
360415
549792
717630
381109
485416
587142
252550
78223
414046
570762
618658
565340
843993
407109
88071
812443
818497
596366
163019
651312
150124
221608
132454
327656
966605
182821
332711
74244
927082
184569
2958
217554
691738
323222
164516
175418
499233
747827
17573
297169
846047
266824
351432
730367
473760
238253
402949
408700
828220
908293
604380
71866
112716
476279
425953
628115
198737
539915
293385
270695
64592
221277
131958
4449
116817
669738
520994
558705
233939
735313
85463
657502
113
950917
217314
673730
203113
79739
44204
640366
215114
20035
954524
625409
897875
950871
912643
119196
300034
587503
173325
930400
54906
711882
800952
505286
746255
876203
179651
201433
73150
711685
514144
872078
166034
286149
8493
591700
830557
738793
39707
413017
37518
926385
329708
367540
552962
203269
228
672937
272028
92120
884464
28301
497756
535723
924654
510701
918845
707276
635274
14204
656559
719625
987490
43921
673530
949712
661820
169773
267830
272220
146479
856936
443861
589416
683298
738476
477279
5602
260967
879841
90343
149919
52461
323572
966550
688840
814953
773420
352613
474785
704467
840116
955782
564177
380839
207431
598149
214597
86653
946761
523921
501053
14928
857412
242286
351231
407297
816247
957073
415166
535681
870725
609123
307731
499572
886124
369272
325338
64009
385307
553316
520097
860061
856565
27054
893468
784653
112987
38948
640915
547774
466414
539213
558734
952880
524230
16010
932984
739139
327680
729302
133
711898
757157
746588
143849
467374
437566
602674
118739
14768
333425
510154
81173
183144
942369
363709
107871
462931
624170
118531
384145
863466
263680
7774
609801
842892
495930
433097
409618
954126
104539
233454
547138
90354
120390
616608
727526
566014
171604
126382
258828
203817
389111
872114
126792
791070
220466
607616
798067
167235
909967
393001
855132
814298
347035
897150
366049
461903
313829
418974
387676
11777
929460
173018
326989
993519
154699
410944
209054
457699
688452
855733
798632
815608
900158
986728
205165
633351
291270
952893
736960
900682
836251
193603
124043
163437
874182
431294
645788
53568
127839
951388
404108
193170
10828
861927
638118
29017
638955
303498
616945
295809
994683
275706
913386
189455
515130
791588
794900
479369
906964
527213
593658
595408
382827
582492
148581
43564
482520
610755
748216
728452
995419
188004
74791
78830
346471
154286
25145
168947
253984
970976
988617
649302
265833
61988
201896
900378
662667
444933
23997
633933
849183
86174
949672
566947
418610
805206
594140
406589
313802
607317
291718
952043
756455
41344
19098
887476
355690
642811
115801
414786
324681
861792
66044
232849
647247
946095
983855
731970
671381
430869
993321
416800
258546
834811
39955
282440
286500
314342
245514
727907
415038
174850
512671
420166
738925
752908
86409
371284
864919
159644
251490
959958
905655
758439
74305
364218
555566
974684
550520
2675
219318
745111
729217
448992
783644
515904
304628
785969
542165
762941
616319
65208
621062
56048
687847
621643
200204
458785
656915
961820
445208
599320
795978
412560
398975
669549
678705
260892
81915
780803
387336
108732
481617
350590
816483
405781
727619
594897
304236
389061
771059
318132
120711
571793
605628
581183
634046
779181
390245
298261
321761
536950
523388
812904
220458
787492
956768
429362
181956
136928
981104
318587
738886
399563
998925
71938
326131
283987
83472
815499
704359
664733
309216
82678
218958
214900
162411
496298
550445
586297
572429
800740
375085
228369
630299
765992
283016
134300
916376
276935
648537
295990
873767
112876
131638
934954
256486
45901
33952
990141
927253
332514
946482
353589
914875
115724
551961
304336
545634
469161
166270
491735
378231
649118
735587
555507
863650
165130
814227
116728
866282
83875
441898
782799
235584
297051
260900
240919
276962
127423
33220
720905
660609
457951
176317
90671
342499
405644
657
718723
879665
35748
264389
277107
740084
624574
365645
219844
948900
641549
502231
28268
263632
176505
486520
181970
701765
582594
703524
39026
701986
257476
90980
660390
920900
4122
249166
396968
267144
43402
79726
778791
787231
502476
120948
692371
309391
549168
30370
792648
223929
399421
597136
451669
329441
305740
41077
11607
715343
143859
878510
766977
217745
665535
935965
199284
14675
733326
893946
768906
632531
780268
707547
574048
672724
337451
420535
598313
776183
693812
235014
671815
332031
395005
783914
864458
729495
608819
483011
959363
275953
788204
288040
152976
243245
272709
660362
74436
420088
898161
925725
224556
995393
106180
190937
519442
721018
244054
213778
606529
617229
330948
82177
939285
84507
885405
769000
413290
694719
505673
122007
555841
897118
495842
524678
946474
664810
772821
741565
516479
431333
743165
541117
256564
822894
968626
365444
127630
178283
55553
227102
448024
554493
108349
116942
309013
560065
863570
142094
101543
367758
917367
328520
924047
976819
81768
119092
439479
984522
154088
610466
258138
120278
134393
344409
625964
384317
438407
470546
860795
300130
807865
710551
240506
897680
107813
179460
284785
36416
330040
797796
191723
466425
709017
577389
254428
366118
662650
566230
128446
578941
453222
177591
437684
635141
192154
328722
443048
253292
595603
175595
989661
811017
872662
923667
140953
41223
270885
893140
833836
299460
320469
323678
988677
438144
873854
877953
622385
212826
925060
33584
455896
84509
124456
527435
218697
901071
290690
788325
141983
318751
203345
462796
482336
123493
411196
417225
193627
569649
16051
702756
685841
908985
503497
884795
130339
55725
203847
570122
916888
297898
40586
658016
481794
403659
321068
944736
806801
617819
970228
505322
641913
717021
844415
636424
721358
736772
711536
335882
333244
883050
990700
450969
721493
639821
341729
123735
797705
229283
2407
306414
275920
910809
460816
230423
827175
282741
354026
482854
848739
824911
683858
936634
82044
310690
97534
826292
344812
132728
771057
46571
962076
644603
110413
286987
319485
846705
170084
920636
567426
799921
262760
763058
347384
116083
65293
347718
815253
735153
103030
642488
526205
404333
145442
899537
171590
998404
886225
434879
869164
290886
551220
327736
910335
363638
940549
514449
385897
382156
816626
372405
172521
645875
942756
648769
790663
498475
558388
793452
917314
533081
499772
138346
306773
417769
615160
692986
117146
417931
103915
12982
514520
464298
871252
577806
618994
339753
58040
18579
441434
538114
289843
884704
197578
351200
474584
957287
555782
83448
353812
185150
175852
257282
52390
515409
677758
359601
921149
640930
901082
26429
444255
907855
479558
512071
932656
831533
281685
362105
873917
693181
589828
892788
829700
260071
367812
521945
374680
555239
359934
794363
733578
357152
508211
659453
18058
493037
645433
154707
676536
66342
933149
870976
820557
932283
910858
875007
25655
95289
292206
730802
742005
399544
939759
444821
740935
944279
287406
399447
527199
334938
368105
991175
845460
22438
994276
798689
806126
440075
228317
914192
910029
190468
62471
246328
326531
833230
600896
914280
205283
957371
302831
405859
305604
352498
469299
199019
362782
737091
620859
49262
970271
559921
781595
439877
359091
391479
553630
644778
344706
202316
830447
852983
477096
235169
609679
458965
660307
96798
98619
78200
553181
53838
669676
120232
765230
580531
522127
272638
796988
13850
133440
723250
970279
29787
964489
791663
958364
772698
314975
851395
992849
502829
623834
473808
370010
99478
821127
764472
581133
97632
556290
73810
412301
724852
193016
698275
214626
164787
699116
428750
290521
126306
460313
868761
15606
742561
364835
433418
314625
269324
450659
909738
866796
769013
597483
32228
168834
915683
773853
449800
274224
715028
429816
650661
54850
629458
262613
115
721004
79383
837406
41954
788078
846792
134750
197483
958266
906722
442006
178210
1314
598313
11726
879513
895993
371195
468748
158547
886724
994456
277742
826896
450958
536536
914023
568928
321877
437417
886641
99816
438220
998630
828726
766723
894525
957703
948425
795395
294675
113859
493375
479522
463967
443939
466966
587874
410495
516067
307197
557417
687745
222894
759748
324278
481856
943441
681285
923014
374078
395608
881283
933032
824147
126229
727648
893503
26053
996651
572929
751274
345745
617580
497531
294024
784311
559120
241853
957421
219835
660630
968725
941058
707700
429729
824608
619730
787410
469084
721231
740725
507457
355187
285862
659249
600709
5906
96332
763352
807754
669424
494262
252340
546556
191635
61366
392477
822077
525262
341480
322284
308648
856473
11964
594288
642243
525822
445151
131482
186418
152833
505954
544352
162127
689142
823479
356504
658116
950408
292396
353707
908341
992290
900042
946531
482174
431911
111867
564868
155749
339890
750901
759452
693447
77023
395909
218519
145561
639955
394032
112314
424335
689736
202487
639481
74570
210303
939404
556046
484832
922521
627544
995221
144543
15085
86299
470844
24271
898445
190661
473446
630672
160992
603738
429746
568073
26823
636868
531610
400700
481117
81545
699406
399118
447722
829155
827146
796646
138387
983998
160262
553062
181505
375376
502157
4848
128710
35863
859872
892557
746390
735217
837868
517907
78184
711507
891637
504344
355668
188731
358150
722585
882512
128196
805884
73016
596548
547478
820779
303036
129959
656551
479742
725578
924808
21719
274359
616817
437117
26240
44546
489721
985972
812406
552752
672440
52821
265131
967111
224387
501081
617141
369857
263017
571788
15001
709841
146646
384037
483660
669790
926729
362796
730312
679282
727590
246995
871438
289729
114370
887177
522039
314264
49920
28726
213558
196772
846508
388867
29752
633919
208878
405449
641090
984224
594335
183543
136047
469823
776470
698084
613024
258560
619410
30932
197530
660647
311497
939558
222812
228142
124244
696909
719916
738842
657672
640938
331967
881392
958909
117352
183682
547437
292321
403043
429629
170939
512496
798611
739019
170641
117212
742641
818815
367668
557288
967881
373899
589441
841460
309210
976303
313504
417957
533550
653788
322195
898293
13271
223485
754626
172120
186437
238149
534573
319976
385676
379703
646355
24759
407272
860745
765673
749219
449616
921609
906355
299003
391821
702871
631219
679766
736299
635081
854213
445149
297151
295631
486914
602102
776481
413272
691400
795389
880001
520633
182329
5029
132145
269216
670092
85139
732629
631243
642305
944218
760237
191270
883762
304755
759244
620950
990314
262698
627897
41674
706825
735191
613915
394164
509704
219092
803747
628290
32399
255483
785337
144177
252063
408489
808476
294374
47292
119351
236872
642535
865025
193031
243546
321597
881565
890025
907284
433650
863385
925463
847822
488180
60933
582805
800347
782769
751378
116211
289138
806522
648691
260776
957538
166686
283883
41474
149395
557009
280708
401877
240538
67836
908390
364414
955533
118186
241797
771839
835544
794437
655344
261767
690244
848597
916588
371973
129716
871705
416318
760445
179583
386664
365376
527712
623444
444190
741382
673206
37707
57127
28898
947329
991117
822650
607570
999442
571605
759242
166550
743655
979881
885129
23437
728006
551824
589562
242163
357379
539202
366816
296606
553208
447673
222916
562864
644929
229927
347450
753410
964696
748401
197263
693505
761581
846385
654611
841700
545309
418175
598408
684006
564404
858319
331473
4516
696551
135842
109813
796139
530698
854607
630888
836851
219519
535285
807507
682344
415431
304912
69668
723866
498211
912915
104833
264364
485004
872466
535744
590348
300172
95211
621363
488987
875436
728706
108602
63819
863981
938078
671200
216176
914829
810103
328452
724252
617476
143010
813793
474730
548728
423030
589577
825372
336593
995456
478883
394654
184266
845502
865680
626686
970316
515981
647513
386305
948052
785760
424317
315961
684368
250516
943565
149730
920284
468061
676892
956896
987202
688395
668679
200439
222199
833157
361732
755361
355110
747593
286377
304502
828358
987491
557714
329796
955797
976158
993662
579536
950941
332588
883842
322679
353667
815001
559627
286274
146112
170012
2075
735192
306909
358926
303124
250546
961485
78966
971321
119754
176484
984727
537056
451793
341997
579545
290527
669209
888708
394749
402168
495066
577657
566658
968256
856869
173828
216840
853342
813532
988685
484154
331079
462476
235465
269110
829479
456336
470479
824516
375324
275643
634558
60588
743284
792180
265347
412758
810076
556448
345616
410933
190954
610688
191109
52110
188794
764810
107382
124200
162596
553394
936373
389850
332868
489823
531731
981707
742253
280767
63386
230950
479965
227558
252793
452876
270622
806150
263837
169816
177076
957050
972429
20641
272453
657989
787637
240
167857
108203
683319
140795
611025
822118
240968
306486
142629
980265
697389
563105
392646
355237
251899
401886
897683
440899
760916
713957
340700
902324
728663
624001
41396
857439
322430
264638
237724
754594
541032
677216
114038
55668
103863
653806
84965
54456
911529
469806
696830
246409
659966
92404
772755
433607
482711
489094
323000
267016
756870
817184
314357
132478
606494
383709
993694
755058
252374
973331
631455
843849
578856
649608
67261
766146
445275
129552
749856
860776
200013
493720
682843
687093
853848
431464
818914
73426
131500
94100
627835
992692
441512
462308
62200
823047
329283
756057
633608
788587
171407
441266
931361
221563
473894
70933
773756
663773
953067
745465
959122
333270
931344
732327
192895
341586
590539
340176
392862
93271
587057
715417
281366
253734
921514
703044
795984
498263
709482
720038
435493
222695
341544
850420
429614
478919
537662
986136
602894
943673
576234
971696
671976
569576
993720
708050
751830
282595
676347
787853
230350
667902
916287
755619
848215
40629
788564
368243
494685
45637
738015
126966
88513
717735
727805
71777
978459
110573
115230
568175
918947
719278
452542
550797
433077
345916
572964
279500
255319
950519
886125
496769
931849
395750
787525
816623
559976
579452
308578
415752
412307
869704
723981
464787
460770
100572
789582
136866
504829
836429
361481
443015
410653
795073
711910
159642
669022
49799
379149
656071
339846
23638
817290
817156
534907
522106
166753
438551
806700
632635
444219
777269
363707
155640
464154
822051
594370
464650
925930
410946
536139
978720
159441
503615
830162
573710
927422
159270
41505
514896
117183
405410
656540
569073
638084
931534
676175
697411
71763
76676
643696
494793
391705
55777
302484
993659
444041
377026
808260
450778
788333
846729
261159
513613
270096
623637
509928
865249
353553
248557
566560
252665
900892
435949
979834
489466
245924
830013
119343
954200
330403
338466
946921
914220
27737
852477
445798
415099
144297
132731
908374
913687
904751
802720
559767
749152
681888
83590
368128
87022
147363
335260
689264
671460
68129
140499
626858
743152
5848
634400
35098
889675
96066
174139
677966
747904
709234
559200
561500
396953
840744
569498
856630
202608
255416
915974
99756
829023
252383
89850
600576
191288
532590
683287
563843
550942
834903
479735
591634
508007
421946
913008
281570
797060
826343
421746
829668
612830
134492
426235
462704
500861
457816
343095
65882
754040
186820
532130
146051
112173
926912
892856
181985
624605
839741
418773
871757
5268
501093
440409
467215
68141
629211
635123
677778
392348
534497
383354
6675
964475
564990
515061
644267
471439
927118
889626
201852
352180
587207
456005
211393
586993
779599
203100
877565
113344
219963
273375
737453
665400
904791
50070
170165
141927
91959
911132
864070
645125
378058
224596
167898
91081
423687
594053
10918
786974
195598
517386
573042
513302
943008
167358
394044
855445
326942
511107
744974
208683
334875
467513
767773
458835
448371
601546
582118
160540
35057
824334
604724
48880
439430
132081
632867
147221
232586
804792
238504
995291
754738
221719
686082
111581
833898
28204
544901
23575
900132
254192
16648
521877
850246
215416
953468
636815
846404
245617
342611
983209
610822
645617
658212
81691
849684
694844
635316
703465
653249
218964
349118
91690
235005
126426
870549
488731
835783
531201
661662
675085
727923
917011
324484
772141
150044
671439
920196
191560
906233
845005
457283
372308
117095
509609
478393
104214
295037
975470
166281
629586
788513
703102
295266
884301
314780
314536
129923
614662
193448
210977
147177
632339
34013
919524
96409
710538
279264
350077
552630
72232
188507
964248
73106
622909
924645
74879
575322
722005
152440
493330
608349
896516
498485
749714
121999
511288
846469
9283
419750
896395
512249
549005
699073
542681
461520
214570
345222
930108
427793
33592
193114
155394
249543
548924
599499
742941
908937
44764
210278
811257
756840
224187
126239
281161
766069
537549
602701
332453
127234
490751
758405
537407
194093
40203
739000
835430
262749
657871
717367
427136
598318
239493
544677
59689
176831
648867
289783
93296
798140
839043
71763
69830
876250
177608
632586
706548
754521
54535
622028
304233
969189
983674
458752
855456
678082
298883
20848
244328
237573
471938
929373
257619
270123
778016
37144
842166
457639
443055
276360
638102
905993
950963
106715
469513
921549
651356
211606
833396
270446
850968
139546
27756
39401
665217
81034
90988
542001
635866
834503
674276
305790
303861
13066
570280
839955
195476
93833
894199
225891
553003
944329
974996
373909
604160
898575
133302
689286
320206
824620
262177
135908
727450
971757
71959
446364
715843
91445
989256
278639
443694
78413
208232
945412
688522
299667
176725
987057
506936
794252
793457
159274
347572
249360
905270
949373
819864
584118
20157
386580
794017
225025
775078
48446
51827
34829
999310
189628
475324
596532
847733
237585
3101
153047
201783
327951
206637
569292
984566
651018
424932
261724
594193
391987
412742
695981
215982
99298
775566
135921
343565
968621
4134
986593
580248
512943
960793
53646
291247
889727
441878
382910
450544
949889
834849
515224
819060
882299
140637
648493
539611
724927
537796
818695
959689
451124
661750
762425
265660
449537
905010
917621
458591
941767
705719
585242
676547
975341
531905
951209
725635
787597
70068
390379
312913
143152
630835
850568
722224
375395
176017
479563
155477
543859
981926
72461
474511
643906
974044
659233
140152
781032
856137
56003
201737
150986
119411
9014
488416
307687
318106
673432
299379
363127
878345
48815
699326
263347
724203
554275
710242
609380
100770
840628
494964
791823
509228
664387
659625
91945
64167
642843
473233
270701
916065
803000
622954
646450
268271
8397
537064
953937
44884
423130
648790
961676
438674
749629
824374
753507
643414
879051
101111
799114
301425
611117
982922
419840
571178
437723
385588
145157
269335
733783
878897
190703
558638
817504
675536
830481
463472
301695
644107
884360
913870
603558
933605
812215
510818
616936
70652
55962
174184
27285
672905
200833
854148
792113
250190
392958
404181
788839
705908
836281
146410
168576
182880
682002
370669
825720
744421
87842
974036
165998
174951
999461
45085
545105
602241
646253
189154
420953
185113
286969
151041
570289
64746
505266
853360
927448
524466
30780
619340
512587
812736
899829
653670
963562
178140
373484
475008
855285
289734
136283
939630
388863
703170
786338
435085
80976
36798
815080
900406
869705
722063
934009
901481
839076
499294
583908
961721
579480
366055
433934
849338
484856
715971
45979
573266
460891
310060
589584
540777
914501
48345
8799
325199
319517
656412
832278
534057
55036
582428
927234
817872
433751
699074
957659
61791
229225
59914
394054
476044
26871
369889
432371
687890
935686
787717
727074
881757
450205
70887
648692
843023
108319
525000
909248
457642
25977
579059
11223
627269
739715
427728
526600
308644
659836
474184
256174
924011
21217
26927
636472
466380
316596
819732
357588
950892
732014
201913
218148
587181
509014
238359
252695
234626
294910
466562
475870
186682
132431
629670
529949
260053
747872
972579
527878
701285
333515
922179
570330
180989
293621
497313
332595
130104
518802
607391
521378
461677
771007
472292
997578
833631
495978
894951
703886
555003
36765
32650
403596
808232
871760
189330
529772
42951
725339
277965
370398
88450
198781
583805
808044
753321
690039
183118
208656
764502
786458
393334
689230
487539
453153
428077
750502
428926
485061
604769
780590
631587
976233
668408
281848
902434
63873
466085
602218
273344
735574
370861
670899
222662
990719
705859
531192
598974
449469
426756
365369
611649
680997
524374
282586
417650
25466
123961
485197
294411
63493
328415
37332
772515
62122
206308
517305
99405
95548
828775
920503
973360
36019
138983
664680
233342
566770
285198
927607
346158
205416
800152
86306
37941
166489
836373
879328
255181
532754
30471
891953
788472
166322
943904
360335
566787
69638
96469
444728
174712
168714
268785
81644
434056
434371
71527
590919
492887
120185
961364
594590
824623
956885
149352
719940
284453
176269
32135
798755
60084
529465
118001
423422
26301
291508
145323
828726
930164
32275
899244
741744
657114
639810
568255
96655
552962
428653
721026
12849
245572
400476
346742
294312
474555
486057
677008
527247
27359
685008
764687
245871
997045
741035
846093
471123
477146
974841
848920
781361
760590
969489
893063
386289
802897
236459
507101
132256
647636
69280
131026
651557
873324
169426
376600
799023
792572
326491
680110
346183
848243
776280
698887
16706
187559
835205
340913
855650
240665
16406
590852
53769
83518
604355
244923
903796
735095
12983
169263
327449
979856
271269
506635
645092
660406
161635
828953
425293
4614
145318
663240
862799
26876
804706
727506
636816
857749
757501
179847
865496
310499
91131
965598
779136
667784
659565
767527
425750
864006
954312
818163
421845
318166
820916
44815
994457
894060
58113
44885
63544
666746
548294
337373
867792
95684
630788
866762
525053
594410
838226
845986
404812
636375
984467
53191
183575
576951
199500
515333
460898
558135
517004
807932
811483
984920
183787
236778
9635
747967
182347
225940
17547
598902
222745
935391
46381
226404
393692
719891
378520
222966
625122
481002
20142
625004
175276
229025
102871
175398
510291
247141
287141
110437
689572
314367
221204
537035
368001
852000
995959
154143
173227
856524
34660
697913
931677
351272
165439
557968
386466
661366
902112
834599
811761
426515
597623
276087
928263
595592
721460
546282
923793
119361
249421
591870
526961
109202
835026
333170
853706
435227
917706
689981
291383
445128
601380
884806
939478
531028
35136
515395
259519
125568
675677
349881
358505
834659
66358
42512
21160
711523
740105
504749
153428
263983
33416
281635
277544
184113
705353
432102
615509
429221
295272
757206
82771
921799
335532
15647
633463
279701
842849
640130
637513
358557
629611
503219
976513
72857
848675
957588
923833
60941
529362
541131
561585
461752
456397
940161
40435
624371
742303
50128
933410
74484
3418
398932
265088
952298
248132
942443
376680
2175
123732
671998
999904
749581
815856
762794
997266
406295
259701
3450
105251
861484
923851
732390
53640
366880
610753
9319
763084
57041
590179
55639
796127
744500
540456
550049
576857
877734
529920
577972
154018
947028
253706
202929
316043
200402
289663
930309
248772
99952
976884
276979
402754
255122
925388
887529
989650
840934
636897
800288
723333
498567
996480
404483
388699
134879
500681
576991
872576
405120
872519
658255
792507
296162
432512
378788
69934
372061
449279
491717
118199
230101
771671
418778
296047
24080
644006
994745
167269
441953
478176
492495
192447
572255
204368
84437
692103
327552
976966
971456
496134
716308
40091
597267
503018
303004
622224
632413
371323
585499
590269
296175
541513
455124
426800
520572
513833
293522
133189
727786
689974
737612
682409
921361
516982
229480
889003
879297
341854
424912
269092
454516
234639
954710
570606
381243
583803
922739
558489
756641
545874
82724
994597
684522
802895
960949
985657
511921
704392
7270
508894
281588
448343
936551
800326
993608
683332
894460
547454
82394
42905
683806
647902
772200
981167
506564
790936
123363
328894
785801
444286
786887
440365
652410
753968
573028
345910
597063
679480
495404
501718
866768
565979
162961
890363
991770
44781
51694
500786
184178
711320
477133
74928
652556
757336
880400
309328
398443
687497
170616
561152
422379
65917
130771
797243
425673
359010
791472
875098
443104
843439
398566
475809
697087
967229
619322
668146
289500
881483
517350
609455
966137
289556
91524
886647
14311
260789
674436
922190
957294
459698
664553
236286
382011
865038
786963
19331
849145
30599
518800
971366
125428
882372
212141
763085
611038
116000
654203
226532
169803
685419
167261
600928
181879
544667
362270
714755
611906
505316
897969
730725
893703
944159
299332
557556
729416
323808
184912
607395
577403
485592
988924
863072
612068
905384
253562
468736
282686
403911
311835
670444
746309
720387
563388
571995
275935
646289
395976
143327
235963
811988
176517
5594
912378
62834
909739
595556
602321
928352
592731
584492
987892
334709
572824
388517
386213
864510
183731
572112
309777
389856
606288
30342
668568
709299
661297
331080
879585
908595
797212
672434
278943
630338
719821
137765
536579
27090
828544
782751
198778
338489
999571
109858
182725
101691
576261
632356
109506
663580
657455
240747
914286
86475
711828
554120
764690
917877
738954
815512
976826
519164
255768
159442
853479
832479
526483
225928
184992
68599
801635
271895
213894
476987
191408
484704
151918
417073
265061
990830
189091
340693
234627
905301
467036
645345
565519
37986
580190
113192
349766
651256
174736
759718
7423
18456
466818
306595
86670
369360
339719
894084
429945
90231
129330
472160
552146
376307
249296
444152
539079
176272
547092
656077
345625
733544
21979
801596
981559
427105
362738
388862
798597
242977
383971
993173
54891
304254
555377
760476
441637
856807
547645
47634
527031
71770
724182
439663
806244
742555
151689
559869
972131
328263
576847
692198
353571
643645
608401
614572
829711
400031
958474
631229
662271
381271
894827
266532
318764
376525
717085
687711
816803
639523
220101
818963
443707
926298
663197
291094
259729
649493
940718
443044
29054
558732
38509
125029
914658
121601
988708
583308
532872
213160
731432
231535
800417
595700
743631
381019
945418
808306
221096
637011
269708
111467
66028
602390
530086
63138
45357
286810
923257
979898
604282
782275
617729
334208
53772
425085
230002
318247
829727
673731
521535
596351
843006
825560
283127
772670
947882
601962
903267
161141
262185
6536
758917
777892
43863
517471
991604
334805
847263
824632
563736
35531
486173
433668
653946
680778
217041
118200
446892
733038
594488
279993
200886
389994
24401
420357
740385
150064
849423
730607
155025
653596
927231
826183
370074
50142
859198
135190
436614
27461
21413
559189
41522
407519
551163
441233
136311
648478
135820
627703
760382
164923
304863
752607
461030
421589
596493
631743
289482
77940
873726
278758
284501
628998
971000
106045
620974
480606
669748
664373
361518
272043
573260
994513
712315
970729
956835
347253
431125
600226
828530
477677
582025
744765
855500
286426
43988
67436
316689
885218
865372
924774
273238
987443
625119
14330
564332
955392
431897
796636
103481
63253
356948
720503
885213
64235
445161
34404
447219
534594
225087
888764
918578
786054
235558
801208
581270
616901
752964
313161
372546
207593
360888
308675
148156
978964
463302
199192
679759
402216
925859
758783
642519
13009
876647
110701
648638
150562
185596
857004
592864
182352
515693
772202
691444
780273
146154
704968
913125
220243
195135
450345
992129
548384
281603
357731
892017
119887
829278
871679
930520
242787
345269
754829
744153
603397
703216
701676
880233
960846
419873
460452
67099
779537
602714
605245
524533
551861
201171
885187
892644
831688
272900
207188
677198
53581
321622
816611
643676
330226
759366
420929
905301
154110
472259
233745
513214
759262
613064
497136
474717
780370
22930
998842
379078
476514
334402
964471
445389
211634
862341
153483
175109
972249
375306
22085
831096
970885
786345
382437
593224
931986
326787
450555
7266
156824
785367
818141
387451
586359
632121
157363
396215
78974
22872
345630
181607
217938
624348
211765
478713
207022
437739
605865
68750
481549
902763
155660
472532
628168
109121
83892
41564
122488
276048
479676
310903
659445
48147
977021
309958
787926
610404
450995
863902
239581
963782
367049
877752
373692
244138
249149
893656
550216
670539
973911
44180
853424
860264
772342
739011
315099
209055
717567
800971
520584
354995
110006
562550
856052
810466
409501
535743
420158
358397
277216
790005
234491
910433
96405
842573
917844
978050
715959
680765
502697
631342
921303
228979
131926
272284
228275
634880
301080
358331
664922
511054
350689
292132
475493
346268
734006
320649
103380
180015
163413
960854
572267
257858
495714
850032
683587
936531
616359
589397
277610
75691
192271
833335
225448
675843
933947
454468
477196
4700
855755
600384
274091
664918
977600
493596
521259
672862
485199
983131
456940
62961
132031
418336
952273
894653
113482
934422
971844
546825
904588
842884
709565
386218
252875
225682
557317
260574
747391
385249
96087
69710
291819
562538
135980
901607
638047
698378
138514
995770
402358
479856
892208
766205
772227
719235
689003
735058
158497
305533
222224
637410
620216
946752
128210
287520
886311
46675
147747
61597
293881
573195
352307
346379
580042
574755
582305
350552
549360
132623
421625
893793
818301
773391
996466
310942
247616
457572
398437
117107
369793
446223
200328
771468
795420
751264
708226
259555
287882
869673
127987
836647
218872
430663
802304
934311
40335
3657
429382
92064
260093
901799
283387
721801
986560
99093
878953
864426
694577
682797
781266
371467
680083
91586
875332
851768
505700
487982
826207
966425
535955
617091
246571
966144
453327
415901
613689
569860
59476
542939
761586
375332
142363
403846
343385
260265
130148
369617
619745
402234
230793
639862
669693
433527
105515
836138
539799
633310
456924
154449
950343
802896
776949
39779
94573
35836
789413
389180
797213
870780
750545
91800
65048
92568
387342
186033
729734
368360
443217
657153
909989
899208
864367
203987
116345
167258
478501
710680
432365
163385
767787
919979
612449
264191
912562
668825
610923
28698
889500
923334
487495
190323
383673
906907
206973
442947
306155
411116
266111
821858
923853
319333
197220
449056
979516
806847
158338
316366
25090
80973
953120
212874
640178
839277
784011
687607
835514
102308
455992
560556
709042
199175
473547
756427
627369
220577
755975
171949
640861
153935
24589
486229
160211
416020
286394
144
562909
518082
439195
226710
73414
485206
19463
51100
672481
407858
895337
636260
599924
65923
739330
856168
111906
255819
680811
177503
539366
402181
997088
222415
895168
354939
317477
335994
613500
431854
277174
146298
613274
294917
78200
729034
983791
743155
610753
475515
772243
999007
462093
407267
587158
358399
925078
778358
450520
393012
957492
845119
535369
52009
736184
230909
664671
199264
626377
368183
815469
537594
263746
778252
22193
622723
812619
982907
941343
845075
350077
209203
783115
167184
107267
665280
755825
61025
463747
333767
492461
71406
30874
934092
232329
902843
514595
181782
941650
781582
540988
999501
350162
594164
375915
799351
585438
873565
905745
145825
562174
965587
78645
233725
757138
405447
469008
681792
158807
903710
543561
690248
43260
374438
321644
348272
830432
519417
218695
555546
451597
367751
98783
534565
910071
322166
311395
810646
951895
178310
482486
589193
694077
52291
135877
924262
446184
895066
121015
243045
875939
588622
694672
388859
934625
908717
932417
286116
613521
103373
146590
538929
688962
971820
332156
340519
237827
601768
439878
402780
42924
399531
665769
226450
580498
725737
550509
619868
187167
100907
795474
374210
401525
351130
588301
338396
952934
19400
481698
992040
203496
633182
639146
496487
751296
210841
948183
82823
297938
91330
972395
192454
498433
601003
135285
266377
134203
271943
747899
911889
97264
906367
346123
749
459449
267097
531152
238754
530039
140143
249988
447035
847064
314227
336156
359551
291795
739675
45578
954321
106539
270439
876428
565331
953590
774330
151295
122225
405362
813575
721025
847588
130517
818591
946191
461657
173103
315530
27978
507445
776502
328710
182433
314699
358049
219605
229614
907460
452901
449823
131347
761534
44854
371258
729544
958242
76306
672940
406058
544111
542738
637943
30049
797606
879537
286137
868639
793404
161033
380914
298334
951545
134006
303343
600609
91765
73204
328949
2218
314020
740968
416673
265927
235707
739282
589301
983964
899194
126303
677406
873835
954511
831894
602023
854762
67783
867659
26756
672697
687926
644288
422868
442370
832880
885804
683980
437045
372145
514550
423679
955301
549145
929347
662877
73287
596333
389469
626349
237094
385615
215840
450514
586176
569692
997826
747520
18453
488437
602656
238567
346137
640064
219526
879757
450546
655816
441185
224183
875340
835233
146292
621680
681649
722577
73816
856294
113408
637026
306594
178109
696556
595707
241811
861852
333508
830231
590774
260768
828489
948336
934792
510597
895571
28347
833577
498784
633777
802208
798862
665200
485795
5397
599331
274706
611415
812782
577315
745449
154855
996962
867388
700104
941301
326779
748403
998302
951912
819337
889650
88272
482557
538571
579309
34779
646679
943986
101705
328338
105204
10559
589875
109326
782895
105218
859726
651691
238274
562396
590697
133823
224248
946098
107833
948161
941282
838059
132599
952444
167923
582620
216334
119189
63975
876999
9370
926307
494630
394052
614147
996766
513612
69668
951953
130930
481107
808383
849114
988814
972165
383979
645626
989787
264972
94405
993007
742660
653958
43111
393890
621259
115866
578955
81836
352160
450451
654870
772218
655674
117733
167405
603415
395584
133495
815759
143350
23787
750103
965405
890010
610525
482147
202032
135863
81599
451639
465261
147674
404911
571244
401192
485636
509205
172433
996020
647330
297304
92577
274090
746013
119806
489730
490807
262097
723311
359626
814910
555772
156569
571564
861034
387061
548712
513428
996273
500209
285216
461686
233389
864974
953819
195668
23461
317972
689710
345884
369382
385191
956622
578655
296300
75142
435379
21952
409908
712299
219072
108275
263372
418405
630589
991490
486590
175681
986496
995985
313995
478062
212867
904821
414624
282579
778849
731970
17909
285015
322367
531322
281572
119806
430645
323014
680266
696268
315528
36684
267604
584878
662282
953135
428708
9451
771760
221839
901388
410509
650880
608809
593260
312509
369631
215896
292023
187095
376923
779136
647392
845802
947503
61465
657496
20184
642924
855502
77026
880783
273796
691958
683867
539260
974226
437199
343827
577271
638679
619980
431701
372147
280654
109051
263677
93072
495174
942013
685458
352903
451632
429610
431123
775964
287369
14302
452551
691279
495660
307667
221754
330281
232954
796926
611405
409089
908662
706768
143857
733812
514722
24466
683541
34347
806765
402225
43521
875726
668083
304773
432779
150415
828804
568780
461532
260021
531686
323548
472773
481698
672533
287149
531088
719383
489226
880893
648644
68920
989297
521250
614115
939356
897883
248337
928071
447637
283299
580455
435489
282649
835932
354192
124339
824961
685504
294148
888124
514446
93164
476598
925939
814721
66114
873413
187657
463066
384464
210650
681648
218758
501389
764202
979434
354857
535950
949865
334154
498668
706725
763470
79514
414927
465140
595014
939554
660958
534973
560100
869721
930165
996621
716881
331036
405373
779080
831427
626990
47642
752343
518400
459968
396947
581839
966556
243821
721310
136632
966798
812810
47933
997563
966848
357468
724845
568099
784487
109609
123402
853112
171439
604221
824450
141389
90466
563572
850240
678956
1350
402504
353880
799253
643088
766165
631584
625369
226588
605760
390873
881168
814164
549838
782100
819239
273920
430190
585084
350958
194596
12831
301858
588260
221154
625820
115466
804165
851576
615135
207647
401013
663335
171776
73590
294023
571681
123933
153980
127003
814379
694738
179974
758190
420484
775130
946384
364791
450758
538753
47134
271692
468610
189845
63817
933458
529101
510882
874117
405507
493120
195478
475290
835805
333849
224056
512302
613260
665185
879312
326420
73557
176993
566588
416168
933402
260168
72638
123882
512554
648150
399398
474904
407839
626959
772513
70699
229478
982518
326756
553669
859383
51328
109652
250592
111657
910766
541731
681430
840097
114618
117673
505351
583698
128849
823150
647662
666153
34710
277700
406715
325057
143697
605954
514124
523166
660913
344430
16587
419953
676905
263802
987069
781691
87604
430771
364824
433886
929943
31258
161113
89890
720790
399770
907977
530592
677945
426580
514194
106346
725353
19453
826791
722990
850988
56063
96395
699999
598958
387996
813164
216734
673038
373319
305509
97361
896431
544169
106620
926361
856445
292804
99651
936338
899741
449038
853919
228225
565120
804626
220508
224534
943126
603828
186522
634766
442911
271376
835650
64466
27862
629299
177118
587649
312744
260032
148814
558024
670959
794870
225576
415105
311659
445163
515370
787609
505961
581877
947949
239251
349194
318028
483309
371761
619674
445356
193903
133433
787938
570199
187604
865717
329606
369113
899765
314300
456715
160356
301269
995042
113780
456318
94815
776353
722373
104661
707185
458326
13565
82644
15035
991363
510378
784244
236503
188459
797646
280043
390946
788831
397630
236475
131106
368620
833926
14701
53752
90432
477384
516927
792806
632112
616848
4227
964910
373706
16651
77189
933201
718249
233619
347405
47123
455158
343420
561190
404097
121528
348815
160667
461233
66425
440055
285509
449541
101692
141800
780848
671187
491439
620823
239983
967785
914583
147185
544593
616766
40094
846616
493722
48327
16280
149703
657679
25866
903060
752408
63138
205622
863614
300276
552026
999415
968681
738599
179088
71295
935197
626683
753590
532673
907667
748413
394541
228530
237256
410900
245374
673743
316542
817743
956325
405574
580473
272395
626291
424255
579900
270249
950706
831546
87868
884110
719103
599717
557477
574916
858733
709003
88057
68635
113911
874607
737798
80496
591862
118288
233465
631252
609527
368080
710875
950411
74936
534178
226235
940149
858029
658820
277644
880868
741333
659193
652433
40076
575941
103272
525456
814422
814912
640672
140903
856600
318652
448404
454715
456371
931444
63553
679273
864537
282789
209403
307742
129146
410755
187928
945484
452120
612398
197194
590850
214813
187441
806928
679680
898548
961785
998283
500952
220175
768718
676500
719515
497418
548938
900732
569030
828954
615340
384422
529251
748490
859624
886175
994556
449925
106670
745604
987201
871459
270071
873744
226610
425330
920740
843334
960392
907011
910971
909953
31170
130820
551352
788858
215036
601806
147119
249584
212705
927870
625839
386665
639986
403026
872070
755219
424980
146743
785661
392932
836632
183808
906894
819045
419936
488436
532920
914495
31586
408025
304868
620869
212080
644345
727894
465029
861022
116666
851260
598742
622831
378085
715256
557362
631861
449324
481693
320777
33876
549513
777835
232887
293121
114454
534679
702842
469083
643255
106273
399625
832695
274003
656622
654101
880634
928468
673867
479181
322805
132025
302726
835490
158334
798368
613425
32928
273436
53183
169238
679744
456964
21374
756020
831577
594153
894700
578973
361100
406491
796938
368728
47824
496272
347758
300442
706399
509508
445338
222303
717791
282867
437169
717490
516781
797622
22545
967116
665726
165239
403150
715939
778522
687317
525873
42323
772589
153204
627395
850341
631079
762071
482260
821812
864491
334236
550973
200354
789643
304237
179913
960535
894295
604534
80844
58255
922237
255726
719550
368180
644390
63570
884477
685366
704615
239399
811122
54900
143098
458602
268836
876884
307324
392635
240810
135945
447426
434185
671436
279330
769161
277820
505586
437546
470487
952493
103857
6171
817693
572814
338598
545100
785221
151513
172225
405445
69579
932668
58123
748878
172422
309012
923433
445074
167375
515744
44620
432762
560111
131789
683503
930946
407920
514231
678645
484904
847313
553463
379597
374795
408
321136
257283
861671
996737
331001
406083
819554
349179
459020
801974
715583
824257
999526
12955
384908
78333
416564
514426
611471
309183
858462
808935
597240
456102
638506
97854
356325
841624
124165
5311
348353
713356
985889
450968
217894
211220
286532
959769
958086
836373
752760
585368
704472
761624
423314
3540
159884
500279
340240
839725
261734
739533
85977
68026
433675
997824
527879
242661
636857
542327
184068
422878
459547
821075
378701
579552
39060
930320
784435
609089
133237
310446
984612
655740
248961
82681
748801
987726
915847
989139
726066
335342
854433
567558
953247
463088
344492
460023
628221
853280
753092
876257
97585
801511
423906
286497
111422
855934
373189
640626
989763
601161
839531
704523
472705
432043
970393
389590
165781
713965
196354
540178
831816
936257
940198
23913
3381
351838
921373
72955
502668
920431
37500
597612
997584
196960
484879
183709
971073
663295
509397
382033
595325
468698
976717
213517
198015
652469
450371
825489
73048
331834
936989
967429
61444
372653
63625
74052
541182
132352
280230
377961
625959
398951
800315
853471
910502
175899
682678
925579
176812
422999
403696
227537
392058
732132
93456
247279
10995
526585
545168
588276
901203
395623
862946
417430
222355
972851
772983
367616
435827
419263
963354
155938
603059
333423
414328
212196
663010
554463
919541
944502
594066
917153
431582
802075
560897
672654
361631
68315
228381
442595
413155
891924
578022
553059
305641
473451
107716
58422
999935
837213
384660
321369
335879
128749
138071
113222
344199
363375
35515
525658
714757
802991
712931
442910
528009
594553
552849
590882
753019
18383
105931
629675
873346
990499
748771
472829
698325
15554
177546
73799
974370
108382
437907
264985
824830
331341
347036
432225
148429
842916
505436
70919
211248
522131
763155
359493
833629
899321
833379
937117
184450
624837
679148
78339
634449
510248
271641
406967
224468
975773
489602
126043
612288
456676
445343
903002
985242
362221
929114
423642
892645
344989
625900
323617
512328
177383
334787
442059
754011
248069
785295
289919
102488
185650
505873
655912
816639
42856
702222
673135
943090
678429
779563
809136
321652
579435
641641
769802
172029
342843
947921
855494
42017
346733
76309
441782
898546
218357
584753
551221
33031
832942
768535
951785
354956
198001
221758
368454
55454
982604
988223
338177
313799
165561
924127
594203
793493
35401
450683
710351
666522
220484
24270
989254
76679
403082
225563
433100
209275
254160
138017
965839
935055
701968
994773
183934
343466
869796
766008
51289
318207
703191
304553
996092
332035
735723
63178
461887
573393
997162
548482
100365
902429
756632
768830
731701
456962
878571
109042
671103
173943
839524
72503
59930
278504
581161
697869
848135
421574
673978
597500
448771
105842
369588
60083
838499
387355
255196
707042
518489
808779
110070
641644
820374
622118
930228
545437
217612
225649
536435
381291
672611
93990
128333
211237
383457
98910
493374
6539
196200
715209
359855
483093
312696
59243
687220
568060
879945
246339
978934
91146
3769
899744
431176
348678
876529
383185
472143
668496
588811
335959
9575
972850
710893
93167
941243
151552
867801
443305
128015
724753
864024
482186
374905
389516
882625
930586
590496
89807
74318
189659
956310
2476
43619
114814
50819
952482
515534
637211
281408
612812
981785
91844
836494
813423
821682
943827
662794
747153
684708
11172
254877
422117
107072
786073
615488
176655
519329
562850
486622
396270
868924
548494
16065
367281
609748
704903
85978
293820
626948
76545
396266
331626
662538
737272
187634
853720
108824
567948
653362
889900
196987
240359
97017
563092
100843
477321
777148
750364
323631
273000
381491
800297
17847
434509
380947
990103
199485
214479
263862
363525
991998
1375
336901
455460
593173
560324
804317
564027
201134
744448
664451
659031
144092
631999
250902
678144
683178
573519
268370
66358
804694
449395
453526
326295
857796
430155
765334
75394
819184
715941
212151
705854
498329
736561
93907
72180
163284
580323
946328
229925
15539
398693
971294
391472
73823
946303
64654
168129
376956
370829
162300
349117
37710
346596
933565
667502
827529
853486
48604
346478
416929
103932
457276
154316
496166
55738
40915
937383
829838
401953
88163
600778
891614
716290
264912
316789
754409
103831
308776
799988
90756
868748
192905
336737
16805
211194
720137
350103
804976
904843
678917
835551
526490
362127
885313
210099
590815
482485
979667
922788
116479
172568
391312
4791
568551
638415
865658
998467
100780
393986
657234
877566
115602
384487
814921
857927
851259
316158
406103
917952
641920
452776
959860
181659
419636
8295
804811
355809
205139
440344
218563
86967
130598
65956
723618
410242
293497
208276
310203
182712
420448
640340
157135
441699
208120
420582
991918
275250
782745
213538
204597
236117
956441
399595
151596
155775
726367
66074
784120
329475
706786
634082
43349
348439
509666
881236
814110
80491
951433
123699
941065
820070
990843
676380
444867
647979
353543
73962
309893
860909
136248
937034
384415
632227
504110
942903
812093
465401
942694
600579
287051
561031
81521
143986
820112
322384
760310
144762
510108
524229
842657
366170
467220
548889
436604
202333
994679
195343
456580
826739
745559
775268
118604
216664
490103
548177
303361
658790
78683
959670
657639
870243
680647
535148
205917
539759
759566
893971
723962
385134
364807
341626
745324
733760
858707
253239
607309
433015
807009
954995
613679
239096
976312
473443
94884
643334
708010
725999
139088
497850
474291
984064
365254
280559
545532
797745
882438
938256
159205
795665
675004
990915
644077
288499
368864
769507
292022
704649
688304
125407
213586
151171
513022
370202
249047
587601
168356
326232
950972
8262
515121
331528
220816
587948
748100
834610
631398
334445
320331
466787
13470
2936
397573
228053
888296
287665
734625
150096
5236
930958
78785
14055
198360
854772
911092
700816
961928
778255
705999
514166
198609
713434
412453
737190
450715
739488
685404
613914
9391
577247
890722
820882
876689
434563
812032
923749
579900
994353
823334
299667
364018
395156
415078
736651
786624
492214
808837
851122
329145
406795
595295
225670
451932
532903
302311
898808
595157
927882
704715
985241
636687
2940
319026
28160
227156
788446
307555
933170
595014
191332
478750
810139
106690
586632
778737
862148
722134
574344
801767
775117
559853
577094
636428
611968
924182
425418
195504
429759
497480
678687
228814
277210
628113
191963
711428
950580
649681
265054
683284
14847
328520
988607
242612
45067
201963
574216
652234
15178
246494
924421
330135
976017
516388
236361
764829
308944
997677
921556
995886
56180
341569
786469
731852
582799
761830
519282
153528
585777
546121
416557
786746
909920
116722
656719
30017
358334
1506
764129
331704
398272
167316
862678
304433
591489
318084
186600
194576
17506
592455
439766
751094
414859
555180
994513
338614
318643
495758
591785
101751
467908
764311
891427
353058
686979
524182
465646
104997
463475
1938
616574
30330
99193
600813
889400
127833
165891
856576
400637
959895
947857
537394
825437
770641
565001
731360
681335
57916
921505
442527
987040
118437
737219
385804
769809
664207
276289
443114
820762
433909
348477
413202
448082
247281
822749
939762
282277
465308
903803
25864
792349
706062
306806
32301
293169
307949
857783
550093
903559
484986
933425
100521
176649
173531
24478
4956
113250
764927
592968
829811
843795
417727
23694
195128
246979
421540
87918
365498
334411
729874
82374
448609
407164
599433
635915
333987
422305
38039
981356
398923
374775
594342
37234
680977
362234
502965
941568
654229
940340
860492
860780
943014
317305
744213
498394
191713
184537
315113
645203
743250
541678
203484
534297
168642
279003
130154
106259
709839
702502
852501
632869
846153
557512
153299
694351
714929
112626
128584
155180
91291
530780
702108
573883
717634
503985
102702
30863
813313
704361
669341
716958
251053
954138
501011
406831
424110
22572
419438
473370
244241
775429
58259
126910
942537
82475
812443
670798
520127
196315
319361
557533
179071
819390
311674
913445
640935
663296
100278
943380
871766
854662
625219
311700
136558
947905
486247
420754
496053
120497
335582
945311
485575
6240
511500
322970
511400
783403
198477
950999
638079
856949
552280
564565
334635
959202
341833
473994
268955
536359
874700
746614
327308
2664
226198
97840
985201
325045
114234
146012
374796
475446
426712
241787
883962
53146
663025
778691
73396
843280
440726
702553
130634
702568
76050
545892
533262
129287
849598
577052
836163
442808
479943
763924
795560
985175
757834
822807
572140
861490
72142
775828
863780
555852
697605
952930
27725
74847
786727
811915
828256
307886
756916
524498
229503
287008
957768
288751
585916
996087
902669
944123
540595
309182
310948
668501
980676
322370
842291
255120
14824
480208
43329
463998
669334
502234
957216
346550
102446
282218
129961
627287
409493
197832
256691
881829
278588
31884
248680
113593
553539
998184
20233
489316
35811
654528
435168
615239
877083
410297
205039
540581
617976
473587
674558
788613
1448
144996
277728
25563
230084
949311
839681
186460
229674
450028
34706
574869
919058
949899
683999
817814
275974
843339
260196
154526
912910
748500
173420
417571
312444
425250
283154
515097
650063
429897
783821
926377
618655
15976
926595
184704
891131
471455
602471
143685
668516
20294
17516
149330
108118
23223
3562
542795
799184
856953
974531
545856
250967
392088
959816
642512
943115
533010
274612
903618
772402
946446
787671
349509
804933
368543
289845
155289
216
142052
968939
424089
191602
352029
254508
570596
589085
487482
585123
565283
579781
141731
862542
75636
542241
901357
164298
764049
433067
165917
252103
179658
597873
447077
285772
556860
170583
917658
54200
410453
768233
752912
835942
229597
336238
247565
301992
95497
667264
727883
511466
719484
246029
458858
870283
340312
90659
474801
933240
533507
346516
360959
321197
457126
865009
384803
160567
277267
994689
41140
164694
230598
714372
758981
294517
423820
275740
476746
502650
227257
386498
108485
949149
230465
469420
833059
856372
758903
236915
40932
476777
10668
14488
480963
197653
395666
542365
813125
736998
550330
250955
644761
4545
495927
230665
742432
416365
557345
389471
148709
162023
222296
75356
386172
974161
516741
901501
26990
774742
310391
179245
686355
883330
384858
185985
775227
317716
899213
389656
111355
116601
301837
839054
84580
302825
863197
901421
382352
433083
933900
693346
169541
889254
34467
221227
974309
835342
298948
710046
366739
442261
520015
335881
407482
6554
140086
698215
660451
196472
951948
324142
106949
453443
968103
996494
68674
691152
541166
661981
108352
508997
59105
516340
740865
196495
237237
956461
853073
416409
976094
682610
503732
63763
332500
924437
16607
363848
435251
585348
6930
916993
10141
606603
44480
943941
113846
670466
739016
345854
834241
940574
433212
240382
301458
6915
894396
355357
766325
849386
681249
43735
999662
716407
840021
560502
142856
925087
108980
620410
248122
38290
505877
203542
41515
333023
123052
618728
59638
830566
430285
823081
526560
390055
259838
581193
798671
228737
49875
728661
74570
471057
890794
599832
846537
873471
11995
761149
814012
420097
307683
318491
52680
60810
363342
156192
608057
135381
18234
216693
489905
185833
765136
72337
499747
536115
933817
943185
43390
753873
43316
848184
936046
15695
990542
830537
673708
471815
391905
838270
315130
119145
763526
914671
773155
428701
198136
62174
122658
94054
443708
734958
966779
376476
161801
284736
905435
438326
143628
593614
687110
123253
825695
625097
723611
217771
234539
967976
677470
271261
923140
134993
664653
122013
787895
523162
366768
72722
583612
491025
59752
549091
610823
340475
675675
367603
513639
27830
586247
259767
24405
599487
433399
493165
504811
820131
374533
213254
987844
536291
39696
912452
216579
157369
463073
236460
405533
300504
768208
804144
302543
580596
156299
602616
742899
860132
969804
658526
621908
479086
921553
135267
980368
503408
862976
281187
294716
861511
758794
238777
832322
468013
890186
9248
974489
247239
32359
281619
661172
706117
53446
204693
467533
892812
694377
744607
6689
326797
316866
241917
289795
177855
876791
333877
887415
531323
608882
425883
62792
647644
344540
195325
794208
866862
179956
460714
364003
751670
261528
325553
205513
960006
584551
399530
936250
770192
635187
756694
377343
280597
981266
662305
334539
258457
493557
224299
889040
64943
11349
697715
497417
10723
904716
729360
555872
683784
771786
716588
595054
814543
17412
12267
799178
11601
973451
946172
796591
291345
322020
929579
59227
748649
984365
685394
390397
990146
216248
673557
123158
912318
330076
521100
813241
471562
348008
969406
148836
995368
509772
121262
901384
750927
486437
845921
603896
417872
230146
283277
491377
155156
906967
702769
272386
232653
382492
981106
918168
305902
741124
958558
313232
65854
96459
696383
601738
843326
500881
387270
569619
559765
805961
696851
159175
589797
523736
559674
11100
693526
616791
28780
636698
303562
869756
499241
707574
604050
161022
169228
760263
687481
570956
221332
49064
33837
539396
828690
847186
950184
524854
631809
815015
47508
333681
578407
507572
505139
594836
299560
946545
277885
170973
766877
645192
490215
554885
646016
889502
462389
632035
926469
711041
508273
836030
461006
689064
528713
251224
761796
824516
268136
225162
85516
926195
489785
382129
460943
449983
14077
45004
490169
224706
534246
916273
142610
412197
74937
517367
85395
748105
762035
183607
746767
432381
691036
640893
503823
497459
464496
908535
221856
879223
64894
145573
773309
509092
2234
820155
253192
293086
347739
158108
189350
37677
103379
769858
440730
826339
717340
806035
145014
591897
227458
655872
469287
63474
677850
126400
824036
519136
535481
342341
491139
175006
657780
379331
474466
587642
441068
250493
932895
20279
93626
296107
62696
613879
584669
296808
890881
894091
884904
207682
834219
413991
132283
702447
423190
468167
32055
111994
768364
828496
825402
447843
13300
604384
456045
845283
438325
887618
788137
669548
419210
558259
770206
461360
795337
355870
871851
566450
698511
808157
5861
748000
179652
360729
656979
796024
319548
418064
389202
898157
729260
188392
150367
32334
946610
971721
867493
322497
159959
546562
871506
955287
676766
882773
513074
445469
221561
896845
740971
581301
392533
596187
965009
447920
415136
226952
395140
891975
382254
31836
945490
728005
294953
219655
282614
753161
587485
369001
398828
36541
602710
135063
380780
233689
191043
29286
66736
934097
313936
198954
787227
474551
178154
242302
474558
317674
917381
832948
687236
803105
45278
254826
844011
270382
103672
352719
656810
19555
666594
747688
910179
104988
695081
821115
718701
98736
750019
983093
329621
699414
428563
149025
71884
947241
575222
686212
18380
292898
929806
368133
873231
38812
478087
870930
685328
441340
908728
346365
321774
492234
307750
610298
939118
321490
889049
420009
793786
837315
795693
437550
596427
549334
266531
310606
7725
837132
25121
456697
774411
323604
254184
8277
791277
29403
610076
548448
432621
798166
425575
133452
731911
42013
33010
688455
597559
862380
33737
704689
807455
974500
122063
342239
779267
784177
942025
396504
436874
232107
869985
711036
266100
344386
977240
902578
208797
986324
474988
212031
642442
445062
22289
675037
390754
467737
657667
497615
407173
830179
802296
513930
933250
443875
905580
49785
671769
142996
397811
656018
836871
574042
488291
914178
125531
63124
625743
875514
975908
714925
898657
117243
901681
126395
176422
759944
51413
582828
9629
583817
923805
370696
585536
194852
538427
90895
891435
14134
446374
65076
182412
650694
230086
432124
299685
177058
515119
567826
80590
624404
33699
816337
340671
333855
786862
351905
950500
835771
202862
811612
939510
585872
209300
797412
651013
259253
158318
350233
442417
928520
567307
777500
511754
883063
869647
210523
636112
752807
381396
667305
229511
309704
530630
759191
407832
279065
128526
125460
129159
778066
615566
13659
419753
697631
210073
149509
41357
783763
401334
992385
582351
438902
878962
720975
499126
849752
247465
390779
77738
903110
383307
473734
43737
401861
976193
623541
127107
786950
177407
492277
355438
524038
918494
663203
189809
312083
494824
190284
826324
627287
811771
121836
49435
939095
156515
376248
714424
995852
655816
967327
134879
702769
651346
653171
573220
144132
262529
585301
62906
878068
685234
833938
232133
290750
612456
85661
223620
570025
749395
844721
105269
864730
429071
943516
423001
559295
86616
745535
114322
422903
613961
52212
975773
159542
770068
189268
883342
919180
75329
219531
376833
532522
127980
133168
590557
329107
538544
585854
927765
146610
501074
103916
693930
329155
492544
483883
234858
761873
173972
524860
820544
892576
875559
227126
381801
605371
488170
452452
456090
683463
559226
36007
983697
601097
992618
203162
930025
69278
201138
752142
713716
725436
120641
761681
842624
693734
704059
580662
362592
282203
932703
158020
329274
643828
101093
546416
579554
329182
103207
587601
146018
653293
338049
905082
252805
386820
920022
871428
346829
721465
767120
123766
152272
404384
626635
891618
87737
716206
826319
5336
157326
720590
478591
112283
709783
580080
107223
474332
600754
343710
807592
880646
536907
575621
543093
177328
632757
728044
447614
969774
369801
275925
353372
380314
851821
144112
295652
47500
295767
410819
8971
768321
402147
470045
222849
180729
122894
233007
819555
428691
673049
355900
298189
503998
613451
458237
435847
869329
32746
677380
960410
55864
762266
220559
627642
34711
776346
268526
347882
909818
584067
160270
365354
610550
789937
814276
79373
134889
566408
180423
774090
505813
415668
368604
710229
328296
205797
410198
762894
28698
174368
250870
447677
666124
296130
399338
643748
718054
152624
381732
495236
94256
942613
54305
388335
441838
455168
799847
546493
706540
914567
827993
569974
667146
928857
235650
702527
24911
829155
425794
73989
715165
108253
180781
428173
262355
305041
97341
710298
213610
18889
273993
234148
863283
197385
223146
547396
305883
641662
170918
881678
881606
141056
84677
86488
328174
6579
260744
222689
951873
122332
432771
464832
119275
159692
226997
500525
681319
862616
29811
230200
718962
853684
656323
115487
689816
218672
330868
654774
196568
329955
487073
615166
218415
580604
402684
831557
458627
684649
102074
594788
821961
261700
674272
143681
887172
722555
423408
785661
940078
588791
179558
34500
285177
583272
319669
956304
769222
454676
683964
680780
551469
999355
24656
985933
762173
12949
282605
913012
997729
435470
798086
242832
251691
889302
876235
277208
820284
932116
469583
881526
407174
629263
242114
805998
461061
146601
277170
16349
201401
59278
636068
382230
524426
866837
56338
146591
367806
235453
649677
746826
251946
283152
325128
534333
449057
871963
379790
656723
391946
597711
659825
85180
146903
15306
266946
700277
807988
182215
385739
16912
151345
374942
690654
713296
775554
915590
804184
653244
957518
671779
325291
260165
878280
826741
759091
569959
34526
397025
371232
841913
427766
593124
910482
702181
993114
915774
523382
696922
362088
23834
506035
844737
802034
965253
241367
650874
810249
887986
370856
982412
655148
485062
503392
281816
244953
848524
224706
299848
814053
469744
422403
14227
509016
490486
788053
428334
824125
360854
43640
29246
100283
337090
960023
152251
71760
633658
731688
31441
648979
56289
513943
475673
10652
771521
307127
414264
710728
522464
114571
147830
526773
834398
632737
482104
209496
35810
40190
832911
517967
430956
603213
843704
818055
486099
331847
509298
272651
579000
897932
349456
146428
942985
834651
578151
603330
320042
803554
303614
67412
817655
962370
883009
149524
59334
282174
736539
270826
538690
822316
177066
940036
475815
892152
938280
302912
85893
544695
577061
241185
262739
281070
752533
106283
279582
792777
979808
325274
756407
815636
855818
238629
615916
293998
382969
144445
378557
816231
816966
920207
56587
210868
519024
491370
150455
641325
344734
413764
74698
379450
794434
914145
387995
499696
591064
158652
110348
481972
95289
702529
553081
540349
709952
542769
62614
195734
995250
876929
8751
393783
529503
773250
750132
965682
648344
919821
995306
475915
477122
16274
128172
432682
196727
3734
129814
98569
922228
917951
492806
137386
827050
477841
735427
878976
196267
764766
145211
96243
122528
89857
621175
846626
388673
445041
565440
516417
203727
426679
108084
703066
838096
885857
905326
457326
118184
48373
336544
690556
505183
385598
669293
957628
591078
38707
903970
347141
445395
415684
620408
219117
728391
9465
504015
896524
430561
107681
127542
613817
340354
210482
797062
372222
353732
875356
693958
969305
416093
141366
688911
180822
884520
308626
999933
378938
413246
777841
300679
190984
114350
408592
283847
240119
72910
613766
893385
200908
159182
134885
566299
716320
371220
795858
474304
476572
90156
362292
2027
192671
450249
546608
316196
267949
128164
925669
902220
668734
78883
734991
629823
320226
7570
409313
188277
989930
102733
986834
425669
291750
876564
932399
803284
116099
830175
309644
813608
737641
784044
439866
542495
894190
7141
524672
501091
866079
545207
490670
97738
642040
756838
732644
154347
379684
57515
573043
790530
306613
489132
85813
313590
212826
177026
545234
33655
570037
59415
728637
343568
942450
775903
22254
485298
52355
225321
941008
716238
378715
429696
72798
487566
801905
292847
956518
738846
413378
425566
993658
972250
379674
943182
53363
639805
144552
120205
926000
917818
234427
560876
145946
577924
157853
90547
821342
866206
690386
683435
736437
71526
123122
864630
475882
467985
446719
970910
160526
761149
172368
305089
290921
51457
123668
249285
13800
34076
187056
193758
348943
874609
799521
338969
474456
353275
858470
543626
146723
183559
102228
843450
635808
143078
82627
106460
637522
494190
873194
789959
961796
588250
370597
488532
663146
528554
263613
912690
322762
933892
926121
903497
218134
803693
897004
377239
750242
461609
662527
467888
199412
212332
287613
636765
685760
960645
490842
910277
582866
469215
868028
115101
257891
888503
726930
42259
806362
713337
127843
187786
642338
452318
649305
937063
689775
776505
475550
990360
420451
884039
438130
909772
613233
404342
417824
132246
117078
723587
207800
243905
14976
300055
558648
12581
819830
818870
318480
54259
245475
9996
228410
654486
850577
587777
704265
99859
997832
392912
465444
46481
394210
816605
318147
176250
204393
494155
500144
591593
449903
613239
971876
537675
87418
439018
78745
32309
693796
986622
645055
108279
208895
674597
916076
353423
293855
391450
733774
95601
476933
528112
139690
129208
153254
840702
968434
603799
667635
146652
141171
148724
197136
196129
640807
943508
724656
784321
614637
755739
91109
826189
664939
567155
228795
26200
219770
348677
285002
703504
968658
301457
699114
663620
316676
558554
6591
99090
512497
463448
514859
362091
115333
260689
129226
201378
469923
26493
6043
232358
658146
334412
311041
550543
721435
840490
735319
427590
918394
746513
830036
560312
494090
390904
472468
689481
845983
425299
952600
714058
304873
572711
712859
566166
821798
788246
239029
839917
839288
158057
146648
957546
840357
463217
679687
816316
967836
389385
471087
592456
890780
970315
970823
487214
356499
163471
899731
277832
670402
510194
173102
854548
631410
865732
202831
159408
660666
861598
107537
733105
559438
80027
271030
686148
266769
991479
74287
106937
540530
985388
336278
591848
71331
352764
434288
648094
535068
744881
978151
21162
879765
144120
242912
877084
60245
780532
323782
606600
329706
525122
622386
820958
173659
205905
5253
986833
740211
66310
174600
144773
197439
668705
547528
938293
2740
578035
103365
314142
480018
975520
163513
466188
81126
739445
442567
132965
233882
880596
809813
735317
290927
507829
969207
360074
238062
492727
138215
662821
432025
714293
259211
622280
343842
475041
164679
370426
175028
845184
54147
61663
112758
539092
80216
526467
711069
946423
656205
663495
824573
996451
499879
951336
7589
634014
874675
162863
283156
388836
385440
295959
105369
424408
823630
980468
417822
484938
470026
397120
592396
587495
39847
571089
430968
911603
620254
910622
769967
514323
782937
11270
957279
163883
151729
403480
681325
18631
858633
236575
227736
990498
564346
230636
832144
169302
311827
484912
321059
647526
426175
565206
662813
708934
333671
862574
271801
543995
608039
785448
539230
650414
341725
716682
200115
279820
331099
434396
657811
424986
445059
191447
256251
106043
554577
466866
997685
460373
127777
56728
145708
323605
866333
762948
948628
424624
576962
617920
534395
206239
489821
769961
534908
161263
216678
750466
315548
420631
663692
114848
660315
746793
782353
73277
55564
289113
584047
495273
246722
571693
923187
535772
814302
920010
416348
485590
345475
52161
484672
996210
191307
841420
647815
840068
5113
18338
244118
81236
849416
13957
257721
424880
389846
132553
421935
23535
419598
315678
652918
546672
827000
749517
983633
391162
98910
390555
636904
28832
144719
828312
557680
110066
491054
714331
75138
905626
699129
263653
604363
941926
543781
53484
413878
205807
559600
916801
449408
249523
478517
396890
820443
604705
528316
338193
395520
340266
951995
740687
697835
862814
537146
800330
351736
402810
889732
176484
144333
112223
958122
773798
391799
289852
897285
81520
774212
761150
193860
884513
660212
205218
154679
643445
452984
969008
151293
585183
742249
687192
826136
517793
787190
477385
550196
365331
942547
525245
774645
612840
632654
323213
224354
354998
134158
140524
482237
458421
364600
93961
48567
822397
489745
606318
477075
97244
214402
100563
802689
61603
596270
307775
93843
917086
89485
718312
460038
754701
755632
675377
28725
998323
432122
670691
722979
280425
889993
34110
260676
407073
710903
360712
163270
554247
444166
398444
764249
191067
822659
860638
366143
344657
770984
444722
631977
606902
310765
921364
573558
188835
244760
610063
272241
45576
825104
629489
727979
103002
669762
460994
860833
132167
879876
576054
738516
174220
768691
977362
842035
301669
558499
582296
498696
72061
456719
791545
578002
121032
756566
685306
125885
728760
81239
886212
189019
146561
665609
665078
300754
203715
131769
213785
517093
320507
507684
948248
686430
950561
313522
230916
225835
590426
232898
703446
789975
839036
29037
643643
16215
952964
142227
957006
863206
842099
589044
93886
922888
196002
81265
747748
352481
140058
182353
982452
239411
152388
775821
523434
852342
178117
459070
233044
76432
21128
273577
165377
348614
789105
95271
124404
641231
182204
736403
276806
902907
991151
306294
608119
942144
698175
172859
129128
544469
422074
37841
450677
782444
522743
387728
148900
687971
146216
750600
203733
699259
289761
626064
902010
259072
474160
498165
331431
868908
225650
181405
69730
320822
271389
196740
171309
31156
565225
113542
891267
823667
20605
306197
542062
659872
519463
532830
179196
555878
312251
50276
17965
720045
192602
876003
733182
58529
729482
409439
334169
691519
991616
313219
206606
75543
572862
266063
453985
439646
775151
850129
858368
289173
996290
64342
104901
780686
105800
223746
225776
44943
347550
622330
603490
902428
173358
859060
388633
960217
747845
664040
692510
449886
867859
697519
865909
857018
615890
755770
464194
772917
108541
271589
178536
658488
215916
446484
664072
902074
622000
349728
830718
820656
892982
562269
966427
884024
874908
261712
524906
898704
558096
697085
612247
740011
463081
267903
413469
126544
728804
546866
375342
452381
877510
440615
313886
494604
408138
750227
624103
678742
435282
59480
655042
410457
236138
617134
864972
836224
673542
220632
637164
698865
408216
146332
204133
307722
617268
984154
882051
143201
584479
223750
415597
85549
853491
178221
653507
99802
74958
756599
889310
288298
969452
289279
626573
7987
830310
429872
778922
415379
120227
917896
443843
966261
27764
693931
45883
261371
699869
823353
239239
304725
961934
713798
94322
33519
617469
439132
478798
76887
249167
111612
946229
329813
97757
139655
861484
588086
443197
304925
781177
732170
111346
962634
676759
318777
640381
596905
840740
973525
818308
85331
731208
809232
21136
222690
589742
108050
217812
905838
152088
361288
66332
865158
718227
697772
55019
908385
999881
790070
612734
489289
834303
236092
784616
712015
734116
961992
126860
864460
830366
519121
907966
465397
783622
972550
453669
145135
747481
448378
698331
704605
108501
353411
114505
789562
324834
177349
214925
112076
911203
922443
229227
966515
499299
66590
647995
804541
101439
597996
724581
108708
231575
835767
517392
573013
505347
841314
661526
836838
53656
430820
529767
792466
665481
769108
588812
912220
605030
588908
819488
700899
634018
296602
396796
139082
780557
567118
363532
337928
931439
82668
409391
22099
700827
32694
464008
606123
210739
693110
981436
744889
160321
633697
522775
246480
533480
920788
365769
6953
279778
965858
329102
967664
977178
712397
237493
876654
236949
128653
227706
150146
152579
274176
268696
914996
22258
805837
704159
490663
999126
348345
887502
59359
771619
730932
791860
896634
802455
627019
165766
509521
143210
984971
76019
959511
152778
920102
710878
257942
380751
463909
220710
466714
327987
483570
488305
155607
788476
353744
657916
707796
161507
746036
734886
505378
905076
271981
407609
790115
19565
105198
976685
794144
738851
535977
145658
52080
367042
764520
335264
830078
389004
560553
124080
821628
905158
634705
197335
803167
125294
84332
863519
56744
165864
844935
460776
546460
401928
882212
797870
841614
332145
6381
350262
931908
443251
747419
596695
517402
179457
508772
77784
750647
6754
256469
155404
617242
363652
630145
571194
989779
762399
255285
950575
372704
339296
212448
771108
680846
842880
760055
675105
845984
951214
683922
491809
411147
571391
210864
514889
823968
336612
203788
404491
813558
850721
601455
317016
821238
822145
775548
657740
104845
741706
648598
827606
130750
148985
212504
758236
117576
11662
275613
821654
770051
54621
758383
720483
370673
994526
992215
670024
695674
14302
986720
852447
243095
123624
315647
38259
139409
902624
24963
149375
143752
480808
708760
440867
981157
313593
424875
665401
235719
961974
568819
220723
863189
32844
86268
815925
272944
830014
466665
814358
910963
240714
525873
593213
502677
54762
688284
404136
757075
174510
499269
854678
833940
352515
602398
314933
679102
283332
685167
813821
557012
283174
816413
219082
586718
885755
800512
706791
193476
51534
616390
729973
611739
615438
868403
606584
770240
507035
412356
669589
996424
101871
609690
236012
15901
386577
873509
671212
837986
961005
57139
511326
469229
439951
234878
461756
434245
969571
53036
51093
38074
144734
78242
920297
721371
496592
825683
503466
515128
557114
996527
670235
88889
264176
179116
592773
709210
772162
45877
532264
415959
668689
386262
235596
229667
197799
906385
268078
897954
70384
824338
545020
309070
599012
948247
154785
885200
489784
956867
911540
748857
901402
628950
852706
9772
588782
247516
185157
716015
926475
579128
845435
364053
987729
950424
270432
260734
360316
15386
675280
420492
80008
844526
793925
358843
970198
20109
135078
330858
208070
98214
237119
664297
551487
519733
625224
71315
218263
87026
127408
738736
910463
400352
855164
984555
74081
882236
718609
206808
693290
808212
432983
257707
260187
730666
604636
194060
520352
765189
358496
807719
361980
660504
897068
934242
449674
870373
283550
634273
838922
312085
627439
473349
41831
334959
863998
796669
42288
280521
670476
863122
873254
265241
92372
510749
414718
67973
988294
262133
769386
134440
113195
823388
678352
670620
526289
212311
956619
919775
717932
358702
259076
894209
254466
251616
574100
634526
687582
528939
318139
275063
342767
906184
66053
935537
959173
45395
772215
924486
139470
486353
62392
254857
132788
829696
989213
241090
656710
527108
44868
696394
288717
408382
419378
559066
156713
868664
661634
321809
145390
845839
136029
873911
99536
61708
988353
758306
150685
783700
742348
468040
563075
709436
386661
675529
422875
637499
770023
958642
99788
172757
299910
721302
83776
330015
778060
120117
961087
996749
343412
861792
923838
73816
556915
442401
104665
397550
497392
963502
421007
456914
573307
90752
432070
812365
725928
77985
102320
80561
71477
752797
621915
291093
632263
864089
304061
284672
813626
203116
139400
423363
691545
851359
1398
461105
554682
583707
758813
452077
312945
74887
95970
666561
911637
261700
307957
758418
935224
127288
611135
547451
996422
481381
792277
703903
873735
982109
619258
695291
11723
642497
449857
610779
532418
406967
448684
258978
899591
128178
26853
19718
566192
831891
654007
667138
473102
679878
219338
418115
295228
703402
187099
696473
920142
556461
282041
963738
357311
832420
718001
653734
151058
617644
815486
743494
772947
310879
33975
560211
147687
512442
592005
619497
788663
622319
877704
125805
340186
473243
173043
914473
464713
535367
297198
426024
635924
758921
67670
967085
105513
37583
88149
648071
232837
201689
190982
493989
882782
550876
286037
956989
519924
797730
992831
228924
487949
960304
479350
29982
450703
104598
566528
54938
208096
586035
973388
768749
92552
786208
288276
941048
565567
128886
488670
839047
319755
982352
14371
92062
237952
183088
375366
692904
689677
972323
239916
393247
2876
618923
188216
244174
33995
313577
196077
446318
327041
189650
780475
831991
105970
347053
660092
726827
406400
727492
565096
58425
893446
9401
396850
101097
960744
412969
407600
991662
970377
341526
362307
598941
447691
920636
6460
826997
406935
49300
248292
931269
822155
122117
195469
60883
525075
185422
813266
114926
430162
246077
558356
330851
487338
548763
213710
609977
682640
627776
615324
838010
412092
928838
772510
766432
882909
63451
679023
612435
995224
606921
891089
234069
734451
478882
418765
936054
855088
238303
101303
564358
187703
530281
574541
200562
697874
230367
440180
270806
533176
907661
654091
318334
548726
236038
79776
827687
729449
221809
422938
997186
387048
866113
288375
117856
161840
205466
242507
246136
969525
488546
652419
812511
77647
886030
349171
248986
91496
450887
75730
843331
692503
104825
612243
874623
55504
396575
944944
141785
713646
948238
70426
496231
22856
562987
983129
615882
731334
185781
259822
562157
4938
903583
414039
144948
119004
308926
890022
517333
160822
438834
618407
128900
81054
46881
613942
944782
540146
64072
959655
994621
383996
537420
865476
21598
282633
834011
109736
950763
784462
788986
777694
621623
5048
187230
216952
811191
421857
348957
807694
132162
220989
713363
158618
990603
102587
152414
545502
810490
613920
93381
55753
523387
437953
336456
128451
467020
101823
721096
433459
940520
758273
498487
453523
256055
570242
196734
318472
10140
76508
566017
47317
285839
645337
100178
470455
853708
851922
895497
153729
80367
479274
105660
353321
815501
769750
493941
330860
139480
234200
841100
420450
892348
824845
19271
741535
928492
609748
625702
44415
924198
584401
475293
450648
835102
374307
25021
543850
766734
726357
940663
33006
988595
786042
962931
277984
767573
141598
285953
54938
373262
440492
56888
636762
473708
165451
964959
92422
742467
919730
221832
5348
726771
70079
477091
305466
260832
416376
362649
396930
782939
157470
265212
863257
815615
837946
325716
112947
16039
397129
93490
179734
526855
558962
434086
725944
703708
493933
912760
954512
320398
675505
164873
214225
929747
143874
973094
347637
495025
82195
472674
57686
547489
830132
582998
529067
130704
683434
501070
854860
715950
464630
303450
81109
243275
328018
580225
313591
502192
814313
26930
807949
899211
963898
567205
538851
129238
203821
988377
794427
284558
201660
927379
354704
345488
630602
455246
182549
179033
92067
740408
443577
906768
419247
462097
634755
778315
162155
983000
273027
171546
888997
829050
152621
320915
205376
590616
871588
609351
725650
439138
707937
761998
630040
257373
847442
748622
910487
623767
639939
933900
879443
674006
798170
134432
365834
562204
316540
524571
89330
708916
970184
731884
402213
429735
81163
535529
101948
459811
303103
415023
915797
150335
341300
49628
472211
237730
499897
86995
984973
832886
376594
952327
370141
930054
978453
178726
553280
419457
731236
668816
273097
633168
450284
43599
878453
490439
524018
537041
535607
132798
262861
120073
601709
578941
202953
513817
243844
409423
875196
822010
503068
790414
180987
208133
757906
598694
306512
378633
353020
228290
535455
312723
583153
428565
900395
284968
433775
590399
423033
513749
289218
424689
304270
284246
334461
74123
195239
323206
516579
213579
4091
705432
373918
157109
34609
288461
836948
96622
840340
171465
30364
955794
234536
410166
618232
525317
723559
50919
874823
702268
15688
944523
152557
199419
705850
344975
619351
46891
690571
698322
273224
825910
907519
658437
305330
418968
758732
70816
59773
447958
717145
414457
199067
783317
330765
671294
690411
187384
462981
921738
230843
444679
424734
342663
713450
293570
853286
102610
218384
321436
612302
513794
176768
24200
883271
79738
608342
66553
783554
352210
284249
258730
785412
222653
160552
208762
174529
663567
495782
780353
154521
6156
182880
280340
504012
395711
927029
495534
973303
267158
973184
269780
972023
621056
222136
188356
43485
788264
341086
395835
570689
777336
952377
228381
259580
75054
83866
230386
509768
835750
627773
722622
947795
408200
497758
468421
412914
536349
75667
692062
67202
898981
58487
788956
784051
521698
39471
165099
61595
597197
609693
371779
600239
757818
20876
456385
636984
774462
629624
105142
273113
754659
631474
725358
638310
543809
357693
427869
636597
708509
232286
791572
613846
592865
8706
529254
726228
820331
314354
235750
163221
243808
62851
723914
381085
27163
967618
75934
849789
534604
228143
941527
700487
47704
608069
481127
902846
787294
406606
714780
493899
354013
775666
775090
930543
817698
901914
811289
655925
983157
43171
77368
589624
68819
970526
922055
211005
847644
693263
711121
500228
269368
203626
671737
410103
156483
170242
668680
851346
964656
419533
91424
56020
309464
487538
540092
92987
915844
806069
225519
743855
313667
40135
499758
842315
756502
508701
490290
376215
357195
847690
936886
534103
193793
832653
338466
781631
152683
936599
437423
560226
836405
465462
878716
416116
136853
22887
904518
538937
162761
513557
138683
971368
76837
648820
78796
170858
72865
721366
940754
450303
68432
993539
548258
413549
211188
629657
254855
341120
793464
732372
586928
391131
390308
458198
999778
879090
100058
150070
9611
825736
791217
80125
610709
991521
48655
133927
946667
648029
275516
585532
42970
158606
358750
989476
110905
504621
437027
913660
70149
285970
556166
345564
568639
387466
350253
219050
554470
309974
300661
758916
73990
774696
958326
644107
240331
945528
419000
217730
662390
812765
411877
282364
63821
922032
324170
641710
807933
748539
711355
972955
244855
314187
17248
963236
458883
667479
443358
500411
169346
479852
720224
983217
499470
904694
573306
727787
872868
795567
574797
923944
97731
967696
268150
867171
263896
582017
768744
785005
835785
433412
548554
53739
410765
459220
107633
908934
850769
862354
330082
345397
921942
823427
739754
755646
48553
127959
746025
880960
359537
993718
307379
280518
171795
683742
3190
356404
72376
644738
364270
481636
537557
770577
113288
407001
791015
338599
716741
427005
476625
618145
767118
587926
129894
959043
221931
914966
399514
408369
987200
187265
367103
177784
759149
268567
337392
135214
116627
286728
637141
627075
111435
98890
369552
728050
277751
379322
294365
73234
968656
825921
478047
498191
195236
175525
132411
62969
226157
501704
440983
19608
187688
258635
522860
521557
815636
381754
737717
470854
306478
401212
690705
886461
900481
981221
545106
823711
821527
202484
668446
184016
380043
346381
700926
984900
302463
575849
377436
559521
451532
270437
679422
979127
582131
545833
965026
480802
526255
375037
603670
618515
300347
79315
284144
338317
887805
346900
702372
491274
497189
446161
806971
285717
323479
738098
446103
885640
704402
734481
989001
656172
63143
950103
351702
441737
987406
749870
762575
919170
664305
197726
936292
606117
966113
558153
687939
918808
657951
331411
805002
408146
541336
381917
832470
149243
952742
765463
898539
482233
427403
825522
661993
144743
600720
73121
745902
696182
914056
951577
931307
786249
531516
253155
445258
889262
319838
764060
814389
488174
740442
552732
156386
635969
988462
882242
796017
979597
900813
342974
528727
416292
711550
266564
835724
384862
503384
204430
649356
318437
746887
753824
954322
478548
137780
480173
534650
669271
793765
84516
311723
643608
870510
405089
418104
381070
987158
756747
660752
600221
822466
631943
432802
819778
201555
632678
492926
423450
33819
542684
43741
335021
715274
262446
47661
716440
184891
319896
122530
674281
343330
783526
186995
839239
558448
441857
243078
713157
800371
222431
757699
534792
890164
20832
846947
984306
55960
733882
247881
97474
281539
691428
634007
167021
456083
806701
20519
219352
348013
761928
97122
115870
257814
232699
672375
906848
240666
802618
97866
838743
523565
102476
700308
963081
907359
978012
299219
436503
16119
536108
821193
397305
495849
42562
923248
553598
826141
683539
166333
34853
121510
600360
128376
666107
791487
876716
302615
209524
410983
805798
456739
955090
862816
987056
212781
849510
377570
889775
17337
553089
922513
500596
779136
203493
844641
972206
707758
561942
177521
560832
996486
107132
287825
201874
117708
429272
741799
858402
722434
725494
264932
616929
524967
978425
91352
841998
464107
586353
850529
29770
233409
570043
374283
623912
651694
781747
729288
48642
506231
105924
119350
761767
38089
817143
171402
224601
725892
655396
114554
493799
317948
471902
586361
481425
290328
644689
19923
970020
962152
517331
614736
355847
410743
27414
215148
213469
152469
195622
279702
16482
428267
833810
166913
462570
874214
886727
707760
321500
648120
141769
381887
464409
996158
208481
815578
802758
212003
162705
836476
750862
796059
142517
233550
419310
230451
780853
215982
24934
520765
988684
573391
871736
146155
911219
298254
641302
532286
897557
193698
486543
533454
734739
964547
13548
835932
907543
181049
653692
922970
846602
912370
103553
639999
125377
31788
418123
155047
62740
942723
208030
591452
517381
71863
359618
831379
431811
570965
32825
820693
767226
595355
278205
705312
281446
731647
195805
580214
307071
155561
522085
649204
244211
17519
284281
602989
426824
118085
165510
9051
852864
640064
642917
807796
814693
665493
909324
947282
909397
535039
12806
129191
180774
293716
765923
169605
505930
15114
735573
555643
118811
141648
474961
410182
765065
902441
222652
566933
881059
289292
62656
65737
477120
577462
488833
984615
648973
579463
119698
848983
403903
610669
717472
188165
928840
23230
73416
905018
625353
237907
7518
159002
817420
189048
336605
850505
539525
492301
993110
130279
913283
814074
842341
461855
103308
554077
75637
306669
265384
908326
952941
509258
51873
167940
885256
271496
284662
20114
749453
211961
73019
93546
847659
894015
258646
132611
65109
27522
996556
228853
844392
60744
345313
829408
164071
515034
206909
772842
192326
496318
845627
796556
820142
509903
970839
555343
567464
355894
279778
359423
480764
229859
287001
374771
127307
576098
512476
767097
330875
592914
118735
653119
497870
621474
395948
219376
365704
967189
19089
569889
771308
96975
404131
478457
693520
255376
519968
481121
589430
619119
11916
17872
618655
854477
334028
887852
294026
469704
887625
82132
15905
126609
327537
384445
4137
735765
454229
498598
362604
51569
501443
539896
466924
188943
319523
863927
676916
963532
421686
531548
119136
51862
30573
42050
746523
77370
183697
202113
157234
702590
623754
920368
770641
920553
960294
965059
303371
658217
858833
228561
809300
411076
243293
426417
601843
330006
108584
306051
923323
185846
703151
95583
239755
336894
331491
336818
79103
882765
73876
347937
273377
177288
794333
571003
548530
24061
544708
504432
556365
752849
770015
673122
302426
503430
760416
779116
462519
380716
816438
884489
521802
768133
674708
426099
518540
742167
768332
609694
680991
267142
903364
13596
858803
249834
963521
16886
558244
710557
997486
366054
425168
942541
197947
531071
721982
264190
273433
244054
340652
685642
59942
249521
45209
124642
939161
472536
148193
122852
102982
390892
323224
265198
280506
797072
562767
425212
173529
655052
221159
785318
81474
439754
712049
159352
482274
724682
275128
121748
29075
814029
572947
391909
462789
826489
769362
957230
897450
535120
409324
911534
61037
743604
664066
962199
243350
635344
422856
35892
344419
44973
879889
39007
961983
771434
111404
958636
907597
140442
244025
837622
320108
491386
176420
722033
736729
473189
257919
360490
741696
382867
79301
685440
159497
219499
66528
61302
278448
134281
421329
859863
473944
874282
675158
926467
692192
53370
844860
666260
487301
789724
743069
668413
661628
985620
906271
905540
464364
121829
477654
574850
109519
408594
239335
736876
253323
96349
114421
786936
227893
341370
402263
225318
130087
557813
397536
397341
550826
244843
609801
908007
731622
956274
752505
44125
679853
193082
866450
104072
306928
917555
548214
57275
74680
511443
767745
60474
218079
467876
376844
516115
450649
660389
247745
996195
653213
597129
786572
120580
925437
72923
512123
312667
534664
587343
649328
113675
591715
222563
533704
976526
336161
636359
464228
265942
202683
229427
920413
916504
672507
474499
226083
128481
262007
29872
931843
261133
606658
737833
848468
353869
494553
119107
835220
832266
986592
361912
172288
891829
690110
899943
40934
753786
263889
243443
380506
529581
155764
514339
79368
704693
977149
399637
578211
751711
838189
715347
124998
514929
313825
909738
561597
141135
44855
121296
360036
837026
175263
84804
183029
144929
558954
844056
71074
465858
12878
843107
541687
299518
608106
915491
635887
379963
215346
975555
280703
345601
551985
66199
270011
566999
762440
44937
489699
19406
342060
888755
347822
916702
790494
930756
526980
607607
86191
40077
295504
456766
389715
945607
329021
114991
613329
985651
788615
220268
570409
642028
191721
46467
372584
900916
64110
513298
848008
332402
99753
101581
399008
519378
304064
144776
807074
693629
672912
765480
732371
903796
298409
457660
994824
264086
325972
769993
138045
907987
989933
168158
392996
395376
431697
926556
1807
301181
177043
21876
126124
77333
958992
248662
854777
500838
633664
970681
813646
453288
160594
529709
222597
638322
813599
13675
751325
48149
687613
952344
403163
951097
956007
438210
747063
424084
355928
405570
451882
563588
777853
881544
171678
719813
708470
208266
297555
916306
176510
280531
54346
189103
365903
583463
706004
309140
63414
774288
39686
558252
815579
95865
701114
841047
859073
109679
407976
703393
101554
185090
404713
9893
280847
162149
75428
548772
384480
534098
509808
613537
284361
978507
258417
193132
60224
251098
752308
370899
478869
474362
24379
36078
836880
38030
266537
680136
252233
40234
738119
371663
713159
579682
630379
797351
767421
734773
781701
46544
488343
667913
990265
210285
404111
672526
301186
493881
651698
512608
19088
64691
359089
267772
572047
828262
663125
769621
942787
17085
41003
615317
908524
998762
270290
464196
298247
225417
527599
53796
160687
685160
90152
333281
535604
415352
566557
870048
319248
901079
527272
366150
900868
527025
640726
534115
369656
25873
722130
488522
742434
18961
998076
645895
587951
19857
210114
786350
817427
431417
68197
583862
618176
825181
220663
298954
560649
542340
123176
847852
511440
583596
2168
253033
542641
392383
245312
422088
782454
6182
553541
852857
757967
209504
182925
50746
576585
716687
53636
722942
273304
207915
406408
925099
557798
359877
952778
876124
965539
791605
125287
459507
356574
314070
575584
469225
323807
472675
27955
965593
774773
169999
775253
431173
396014
729168
536557
115580
277162
552325
816253
669677
640964
521666
637648
305895
783988
697178
295188
804278
340082
968428
585407
485193
712774
266291
85649
916200
389088
360365
151439
76281
108483
409513
862843
947371
188953
839977
300857
634668
69889
869266
230603
469925
142049
141678
788758
359730
818368
637193
884521
828525
600733
608173
880268
728212
889231
614320
317398
308199
228784
379158
601389
269963
911848
359976
987497
920431
666589
163003
282942
654175
872291
316729
638704
636736
162805
171537
842511
215786
537776
307529
861840
285356
791196
6990
867398
497042
426156
483691
463918
58285
543173
632304
57214
84552
583682
550775
503528
199790
408990
230813
442664
463537
250542
619928
456481
124311
398579
128906
25339
40781
768928
549882
672156
765391
353768
173114
556995
839223
419897
160876
745287
702776
444163
127414
590079
119153
79467
792896
962942
129778
87314
507410
176903
643615
899644
405503
871728
173303
670977
912242
156498
498709
678477
672084
165358
509879
457285
710595
458635
260942
254179
233430
266872
669916
587685
173315
735167
501795
75317
433725
886281
576363
317158
683874
524480
876456
110342
134880
516111
758946
826684
52927
663380
4654
807189
117270
134640
16267
798296
587522
5943
577840
722867
970749
97656
816548
14097
434765
612708
842401
906773
390668
378925
962128
160848
142812
918595
549988
275097
348827
128196
367067
865507
250944
395400
442598
212821
265699
848515
561575
945440
807228
972745
448391
67166
989334
912885
131973
805043
978376
400816
492267
740822
728196
865534
265011
389382
162750
866543
123723
59554
385467
723444
821914
495050
259268
713649
496642
518525
111853
724325
737619
222360
761725
368378
257274
853726
335458
950361
221577
202029
994758
472946
191954
621733
39375
793858
493581
161060
665160
512730
350649
962598
345689
806278
59526
673217
111903
450781
360058
876727
240227
771630
881687
789020
978803
567527
985648
332812
861734
924719
383417
383281
55290
407257
661061
794784
61315
334950
163892
665136
423564
270900
764679
51147
386279
269623
190970
473558
143107
190099
578403
507819
829474
35677
227379
233272
407835
816489
347613
948694
758708
741981
355272
135106
481790
940231
673982
925053
955368
936181
498793
472472
857290
589531
341108
656514
673711
420081
327760
46342
684119
266409
713022
540132
44562
808906
906161
543734
300924
368591
599617
179716
977527
701562
978773
739307
717114
361602
975132
269450
852631
966104
353269
174840
614114
747554
734531
876330
849273
541869
194450
221188
334372
561677
815013
304680
733761
765384
497449
168799
223625
995667
77539
882255
550406
326378
526636
291482
644313
491664
860532
31519
162881
761981
930204
476730
560387
949491
686094
835831
432303
230639
695071
789199
115436
213854
320619
289782
309388
627246
349454
85666
737551
262643
474236
98352
311274
142997
215177
187099
349016
914916
913016
466568
669144
712330
648268
836648
838782
858103
247772
3721
489620
284217
540663
300220
889085
843008
783676
793570
529907
561182
622824
712170
583869
188978
901348
101982
780717
222771
595982
440319
930112
819662
101805
462299
975358
112120
921039
627563
525849
127848
124773
215024
614141
504742
773714
522639
834641
632459
657550
494221
307730
40688
171664
732173
922980
629597
714071
227774
635688
169700
685444
948934
89436
595903
21331
401139
534382
589030
822160
306589
708247
850812
324718
791415
885421
417124
622543
867510
527584
473244
621501
507733
477826
122605
301486
162113
588436
88836
64739
440021
989452
86503
658660
145744
159006
780702
646357
103711
664538
891057
460859
462705
824348
327104
680824
558514
29532
271716
870506
384385
245397
532179
653912
89382
541574
984953
342240
811090
32740
659107
281069
807050
663540
703891
665160
995086
181064
181047
900037
810237
899294
686648
622502
385838
478254
488200
625199
73209
517704
979228
339614
593454
936888
356439
794197
986496
439172
799923
63054
104157
338737
354924
458193
623272
991354
745129
823077
759734
800487
273173
834353
405057
48037
196608
510507
24257
732986
595448
468897
457688
270088
726083
926827
294778
982472
333750
187305
330492
863798
652866
929118
841736
300775
356807
430136
150763
609047
722651
617820
402049
577422
778467
266695
457853
322096
141237
184227
788434
40442
476335
633628
285126
209265
947920
905140
193507
44440
355821
643953
257503
114486
254957
454298
963250
884149
582666
772990
326267
510041
437339
153357
982993
821514
443193
804902
463298
329793
871500
521382
973402
556729
214433
344958
449954
254661
763361
181567
269168
104805
85396
8983
172264
698301
696211
762809
340065
173058
687055
409678
925429
431202
829637
879730
355818
288697
88103
224840
610898
431096
270892
322596
257971
612534
918292
835437
385092
504705
844643
934120
338863
486985
521755
310080
919914
670035
822185
431097
849539
780220
420572
795940
268334
63941
951433
280487
276977
828795
431649
789452
704618
690409
739784
337268
610897
153922
936958
6761
303914
941930
962538
10301
624638
212238
184378
373849
421144
619285
673496
778921
181189
86587
301577
147776
284923
69350
552303
758694
221662
65111
549680
557382
738698
875642
571567
918483
297959
148355
418474
829768
351634
199385
386309
240731
325945
111131
155973
110222
5485
203991
317828
645521
831426
63983
668216
633050
907521
158125
925673
944171
860034
866560
296642
256124
409217
937047
628057
670385
134509
941907
284559
438612
904867
599943
868755
902699
35773
62349
889129
218280
735372
792226
186475
194217
698573
119323
850757
557860
731408
725566
400579
118752
720231
677547
446572
947158
555406
939767
239331
473734
743803
801338
355687
625187
389788
843884
639427
128959
178434
896729
118710
608526
351883
661899
239924
176195
85561
511578
322000
833429
766843
101271
188208
973208
545512
289301
823813
577396
608067
540034
251013
993919
758254
817757
938504
37588
591767
463709
717775
565511
903343
832958
778427
693244
86107
592388
644851
744647
403434
126548
506981
593581
242573
317236
65081
642987
130263
52265
954496
674998
429991
543275
220539
478989
258989
524080
94265
851926
312020
102745
818509
644109
560508
516041
119160
885320
702172
915216
57825
484868
522355
721389
377488
593753
301907
619336
328608
231269
868741
120124
583326
960256
807080
600942
354953
412153
683819
889522
148081
876038
338165
15516
74850
657172
440693
128737
942387
441302
814875
661181
898593
763432
665501
619801
774499
488107
916344
733064
494479
482208
583102
683588
42397
84623
663828
867854
597738
643475
734760
363996
731526
424752
593382
719271
342629
676120
613007
792682
472828
621396
819510
22255
17928
210916
329449
828438
324919
988049
423878
759568
975182
720542
642575
59104
85491
33935
600453
971484
998591
81164
857780
363959
404644
240080
889387
554618
664167
419389
454858
461179
145524
406842
10390
677928
148157
38808
10557
182908
440393
695052
24128
614676
100668
238843
168895
451398
41208
454383
716729
830316
814614
590850
553161
906158
346078
266467
678637
471924
267754
450835
12644
704265
443311
857601
126909
4307
803371
248424
31107
969738
717432
784319
382362
842798
376515
603778
119451
70571
641010
4325
167463
677230
578379
542587
976478
881764
394565
771301
804806
866555
667148
716220
6807
500094
914140
831543
415809
330112
389864
137933
952686
963286
999195
544835
946043
915033
244251
171356
270628
849460
20779
53226
362433
956154
692840
704677
173169
871706
69248
936260
510583
988985
229301
936453
891626
103957
467916
156780
846070
229741
957670
559731
867982
952851
915548
134636
56914
960584
107477
102384
543565
699481
778866
227405
26319
276655
385918
629325
704995
964668
714309
936224
594893
950384
534866
96036
187039
226438
345474
861448
333
853086
789850
572802
687382
41078
244193
912629
823880
759717
857579
544963
598669
585528
838394
770851
918227
508207
744663
748609
985611
423661
820127
401466
689990
361232
741915
762794
632940
347491
640412
375815
711055
576146
829642
83647
277598
482773
777064
846948
339189
308565
735773
346198
727795
741503
480081
224600
189020
933789
857898
213115
442199
646087
280679
584216
912093
218318
486865
435669
168862
102001
784330
159241
976322
821918
998799
687143
74428
689075
477339
395487
665216
371251
269089
872186
386815
934587
964523
448348
197922
464095
937552
73817
740052
18326
213377
919410
550667
646061
613660
65460
944061
842714
260898
764355
266663
735592
764138
888396
286957
23077
420878
600534
462154
240042
693245
18768
101292
706942
37102
675141
57048
907490
32200
357439
658009
907603
700962
763110
294526
388499
901695
759220
888379
553653
491488
27417
230931
199380
210613
930694
573686
455220
61194
478057
377169
398893
284931
503706
544779
522475
580401
425712
636125
660672
264665
138005
781776
628838
181191
710205
91257
102146
766746
500172
983245
175214
561194
122356
449383
667620
738766
970431
646996
249259
198778
844361
872288
127240
747089
376081
814155
846250
699765
870291
374183
605419
562972
906222
291234
463906
901653
183282
668788
770418
842947
29679
760660
706154
980051
772554
773770
954205
367854
677731
123341
143056
601627
634735
253611
899196
272585
780801
903312
169669
730858
467034
515334
998973
90655
659308
244278
459269
677289
577059
360402
123024
758070
85768
116186
947920
142620
736798
961886
600648
917151
419101
629551
781319
80089
626580
62622
895229
696584
793885
300245
798759
41552
629413
776999
970314
457901
911718
729682
814748
633932
370953
645580
537311
885829
952095
982675
536671
216422
443607
364397
272937
702639
458514
116060
923086
21718
583300
402754
980052
292028
934196
709657
800977
635738
388351
79032
77589
146279
994969
682622
77990
784221
334497
860394
700907
874228
234367
762717
451539
121095
176449
678740
872894
994070
655076
19034
669306
369574
685670
853844
630935
339892
621734
890430
686566
98589
138127
149399
307194
15482
1235
15258
181938
102925
174545
721032
12449
112075
819660
583278
487031
273328
950344
990078
656741
863834
193667
568143
756135
406869
282940
181110
308293
245225
929357
803246
873613
116679
340608
751536
371821
390020
939649
11311
515228
501943
990145
650524
9416
175591
211835
690898
961762
236438
702858
33180
457167
119806
670190
912511
704496
409227
865881
156814
612668
814785
392913
762526
81566
510839
819045
119422
156512
100308
760333
34934
830253
123075
268152
151767
421490
856095
755037
908869
757617
231155
192217
581611
972113
644816
663893
398205
148038
66890
790400
24312
706641
496532
151625
113897
316676
486821
885042
316595
402082
52186
267502
824038
356880
397828
556344
728333
550787
359193
866022
679220
227426
608354
984468
735813
575652
906172
144188
227677
751207
707338
334657
83907
178396
373004
29761
547235
927887
672579
86806
37970
618672
160508
518802
525111
166020
710041
385939
951709
100558
830264
315220
718133
792981
540237
852596
528542
26022
704448
706637
600128
209016
179533
173203
998986
857854
533746
173116
256500
225961
124364
462125
299214
56817
736940
233156
204835
52791
91062
464504
452955
797597
64815
273381
125341
840478
940308
120477
543888
318322
887174
766074
805207
391574
245122
418505
927828
382590
465436
534503
658021
925142
830291
982412
161591
30792
460121
510016
203764
240614
261646
849281
5663
195305
156121
722128
489360
565427
269310
439825
363814
199121
190267
813440
962345
885926
417532
95594
494222
371537
916007
826385
107565
320283
36774
48202
780729
757822
591332
901619
545773
224496
503895
923480
310007
310227
218693
37383
559966
32251
64738
21608
154378
666214
854351
234461
91451
901595
728630
642538
12666
425713
673182
407586
736930
97465
427281
215532
837839
965759
413497
762550
53082
90026
709534
602140
478691
159924
455933
418336
195349
638387
994774
483125
911929
755440
334928
248209
292277
400184
8205
513891
206627
931498
787505
369877
476483
911476
728866
777244
49043
894367
802522
202223
53294
311444
476619
498936
878703
608629
484842
970315
871569
106572
271905
578907
914197
271711
271056
137067
291176
13713
76596
818345
585913
372621
434840
635269
1794
439624
230163
519501
448162
555680
887953
646828
564071
23308
82557
957459
592511
951048
924932
735122
929267
76835
619919
97152
582197
239479
410583
2786
53550
738915
36815
135429
367483
515324
425770
17580
817326
315234
860325
928817
179701
288587
376805
990592
719231
911995
578075
307472
295013
709364
691453
385025
228751
930208
668768
832637
393597
108085
521103
874190
498070
568822
206768
613541
164771
415125
499096
70100
465473
155130
214127
442704
787042
7736
206375
907067
500174
686030
488488
780949
399851
17321
79825
881042
138201
465017
386904
159967
265915
514291
20996
67851
508139
951239
169853
866823
249374
76124
444628
932875
896802
927016
667450
920858
648723
120906
337398
305488
644218
101121
754165
916663
55823
78742
47490
368819
784975
815399
595743
454015
432979
433171
144424
726551
179981
349884
152160
226572
476284
909072
869568
827331
96150
264115
422316
805154
934445
944943
540091
554222
103646
62666
854456
364437
189874
104659
280569
959632
141883
527789
470414
893465
38568
285235
317759
299123
599512
19818
899508
185866
204755
23784
530187
332660
781087
298210
48162
982788
999038
83567
175474
372926
936790
267981
272748
980406
513606
608131
164379
34346
345660
918260
307447
210511
278550
379789
360329
836100
293069
385463
658458
235035
135191
423931
429066
83575
657272
699639
801561
184451
391494
673679
623418
121322
811788
702291
498590
537322
756695
134260
862729
824400
616019
236991
419701
87981
103007
256191
121374
832177
885058
346273
810590
411671
17094
726627
499707
505351
801729
884122
869372
323286
226984
694979
695011
640760
874541
661718
632907
446812
357820
817203
296611
618426
316833
100284
867722
538623
220748
7234
114363
43603
461383
693312
126281
403601
325140
298156
649192
686092
205142
214250
519421
241453
142976
197741
624772
281322
269647
469303
784606
145864
80944
721211
741803
319390
11642
645956
282573
388068
615293
550850
266594
47932
475144
775451
124575
496234
168233
419407
729552
691202
362132
90196
509983
895970
878374
22130
782659
906003
287078
307344
590149
686891
164171
991878
548195
658613
685068
473132
65298
130316
625658
575774
832701
331955
543665
244878
475061
189661
715511
831163
81376
568388
738065
59097
453986
365227
1394
595701
463823
645962
668870
239091
863702
567235
879715
154436
811393
523391
983272
858575
349639
796673
735408
985255
236236
397556
536627
521393
130290
904755
756895
132812
415784
383337
350331
684587
607055
799194
145721
61799
933643
641942
395951
14271
998136
42322
890746
103282
43339
570196
354728
364485
585637
612386
70451
882680
593189
691641
553408
150673
220626
939365
585041
350945
911900
72635
350628
113691
875244
610482
425949
912138
155643
745383
950186
569822
529429
63486
735294
227377
894432
715763
451942
215108
761936
899586
752760
934824
589052
996452
945782
617328
945451
346441
351057
238273
257249
943405
827862
5077
747071
544336
794134
970922
333470
40445
736088
845246
699007
100376
530194
823109
689834
781065
77773
987534
392290
324234
276701
379822
121496
372998
781669
913127
654681
305002
481468
798455
645301
764634
666537
885735
354548
241491
147331
912511
366763
164864
368764
5856
27669
714584
342620
377066
939387
723103
30379
690307
819698
534321
761700
486731
221071
608738
862322
727552
418944
189154
363517
72645
124087
988708
747359
358280
54758
846615
553891
693361
811264
788728
103350
895940
366518
140134
580173
158884
386532
616625
672200
242260
811128
797292
74644
421413
79347
905773
809488
519465
308287
19821
706311
826796
886917
56724
930526
374225
844174
927023
64085
414655
520483
963450
977653
79029
86507
117346
510630
905983
197403
580468
906207
891674
771600
332454
460567
632709
440574
223144
368781
513201
986231
103610
828292
491447
24479
921687
558017
492796
687002
871692
629000
257779
442378
11478
630752
448883
711938
71985
892464
519004
697931
353328
6934
647444
937697
863673
6842
662013
348062
512963
488280
740807
841524
62289
847632
558435
881073
801443
983996
218695
975185
543871
907335
57131
703403
375691
554877
687149
683819
470522
994721
678461
690181
650329
889067
262454
439885
31148
668305
792923
160138
976018
275333
797264
308716
679948
197236
735529
755093
356909
299744
300568
886174
368499
425138
111951
143776
683266
849781
737420
896159
525805
555822
628206
541700
4051
292052
265685
168632
562558
323675
683345
464753
399192
873871
681573
617313
871771
895722
657848
40101
833370
294916
650235
692988
39319
565834
264315
299089
151251
701258
421549
341780
693601
110487
997881
64205
197616
515415
725122
709136
602275
776220
36723
892482
791464
866474
330132
293403
222981
885927
661017
47886
819911
96003
402394
90095
361689
750480
525345
240006
319010
773934
465547
772967
316044
442511
657975
242121
356902
488957
384843
384555
727431
462786
865188
147995
500343
974715
481478
169799
902539
865813
754044
254157
299764
76739
807087
663680
604277
937278
183349
122358
28789
45426
406572
72680
225319
680769
548466
324927
613316
848620
9469
945128
853704
897808
737393
972121
540926
211828
315814
672597
38940
249150
571613
393911
426398
780852
560352
625629
74013
684068
803351
350641
489928
928925
214030
378299
301225
114093
145169
72538
364301
814015
326483
164659
597065
807181
944378
210255
779957
777233
920281
227913
313012
165477
278428
972084
561080
922463
90794
133584
752113
521370
73931
114981
749809
104712
608730
47328
684986
310949
692933
367628
192808
840149
456612
53255
552357
710762
988479
429501
966189
548163
83134
393105
904368
911323
926842
441964
28878
37237
106813
242130
775385
812731
849184
844631
906934
107838
584092
957519
151572
450325
276053
196844
60820
600029
64024
629083
546854
805165
979547
376354
24477
815255
884098
685827
976724
964648
830833
762282
579081
696036
908736
939051
771673
135456
418662
404320
833969
694276
413416
973079
234560
365671
924813
18969
576106
626140
717046
945042
282609
125475
648576
280136
425829
66460
71839
647213
293346
196002
468577
997679
687682
491923
703440
708260
174843
362014
769567
536602
428495
675871
867713
473555
198827
767443
155289
339795
817985
660196
846924
222501
817510
452747
253170
892461
521916
48667
734101
352627
729429
873286
687789
940662
780926
518434
11984
599627
919872
199454
592045
554619
406545
20775
914873
166185
570150
197022
533864
102109
31578
326347
870991
506710
219175
832233
694279
763668
966719
230455
667414
926563
10006
421802
242143
772917
515633
429813
698682
846785
567193
362141
372569
115623
487261
954685
647446
868109
304167
554991
728257
241866
428018
238478
28148
111371
232368
169265
677173
958165
875622
957635
306150
864230
357840
506379
605560
870029
849880
168652
290723
313721
272390
234575
741344
811786
955621
122207
784497
291502
567222
255850
531600
130187
102973
812759
255212
218555
647735
865758
857870
676842
333545
44753
63968
768714
449784
521655
504478
479298
360296
413496
242529
170967
366930
412957
114850
966160
995712
470864
307072
368872
257575
737291
769437
286490
708528
752632
728097
607145
243075
190223
321917
892242
85646
12174
600094
398314
648428
859447
534222
733012
511936
260345
480816
846430
302823
284244
914812
698855
883763
713195
234004
69315
282019
718874
448682
810295
401506
947855
146388
935465
707207
979024
955117
269258
71235
786355
463941
770260
881327
259059
616437
272374
710755
572441
81337
942354
529854
587518
903850
576407
301757
267307
945617
119741
251204
55088
806793
980554
395494
436345
884584
21176
552253
379564
169279
947155
623062
457088
650820
994499
821033
768008
554290
423961
917727
368991
581300
75303
886045
451660
787954
607054
513585
534395
354115
562065
414588
549904
717876
72998
250034
853872
405166
541758
896904
290564
289345
834117
162922
900816
950611
683566
38424
50053
749424
408147
875601
379396
916799
902836
149893
963427
545489
612500
831557
147451
844709
138791
631390
278979
624502
230680
301102
456460
334722
341084
546202
535185
52931
394289
684100
866856
723653
536708
609751
942138
979244
939122
791229
464292
538807
438496
465527
992513
931125
696901
266157
328479
518921
94145
127557
316146
748030
635500
242551
291401
418432
971138
306959
724646
100005
63989
516849
42187
278652
329747
121670
754410
46133
784174
926079
222137
99198
795282
352593
154429
22418
51891
997455
154371
202802
921696
163327
280385
497691
777101
579777
525713
944438
739566
789366
429245
621345
528861
388667
544002
731272
875742
503837
832975
813412
607661
214728
219178
762941
412430
570770
35990
262346
307463
945510
813263
16855
785072
763389
807756
615859
352228
44205
775345
30059
489027
847206
35648
304648
204969
339342
714747
888049
388273
127377
621284
112459
823162
807815
58262
597572
400899
751664
389513
3982
355858
134036
856533
122857
989259
791277
149982
475661
849592
716701
634324
63638
26119
104915
292613
969172
81812
941515
116868
981883
433369
268004
528196
549769
12865
830986
439130
587624
856185
661003
407298
546719
893701
336930
244120
860128
884064
864478
265327
400379
368078
351839
357695
665136
179439
940653
515547
73121
839232
54497
617382
400302
170096
343664
112610
762076
761371
845137
808989
814625
320662
171126
1754
869646
546985
293504
322116
780458
19589
246614
584856
543137
217596
159259
608746
547218
249298
268495
188969
481902
198150
274812
601207
849590
687153
283011
707883
295384
662530
524538
832201
263163
593307
640064
267056
416077
122165
560106
729212
997983
869482
186306
460203
151323
459346
308872
654374
912892
73419
727806
932761
734501
135092
518760
223953
807106
111375
832856
321340
810220
364675
335215
294483
581356
804396
75472
658647
325661
675646
97146
389115
367887
451682
549288
547047
192365
67481
557178
613192
581662
629597
295173
260347
290344
250970
928313
793269
559999
413418
760511
129593
157996
121070
208521
543834
24033
21185
686657
534102
354732
457149
980770
230056
527058
922437
424398
653126
983499
907734
536909
542129
425263
876505
811159
487095
922789
180674
201126
524421
992688
936931
159499
956130
102871
228188
603230
146935
869583
841121
551703
986150
149374
205347
917884
147867
912670
181766
732667
955870
363220
499479
915315
316458
998392
91862
634809
388712
209737
868687
62397
86389
510904
505463
813462
722641
252627
319
895552
956138
177496
205878
254037
21796
918402
531216
643439
874304
771394
509718
367515
723648
114164
733128
203006
471555
364500
819377
171654
95565
49737
434667
958579
878489
38853
802934
579481
149209
69026
100747
827259
976996
478184
649223
778281
218426
484200
528821
32832
725232
915999
867195
235626
987793
562398
357588
883929
554819
52571
564719
733021
620609
251257
977587
247282
864103
336530
700259
446528
749126
620212
683788
454125
729623
66535
912644
488762
52317
175980
492020
189208
756885
382864
387563
276422
428819
28822
549918
687525
861610
344827
177414
564644
600519
351519
321827
640438
229024
225679
84449
571538
87885
40848
822119
662931
202712
935431
102100
562894
778382
165227
832188
980247
602189
349172
377206
948633
275972
744123
147693
819619
230030
693306
917768
835262
199146
915424
841670
88788
228538
315301
231267
633894
902964
381033
574550
754132
859602
86900
4413
176306
527173
423811
78414
645997
230516
823759
677794
125355
903682
426387
251061
80620
694074
604006
483620
557290
891253
74144
642884
282357
816102
724253
996192
363344
748786
635318
870509
158543
814715
586921
647884
786643
599096
800506
829970
937326
256607
131189
907464
298923
19631
588927
778142
624597
541897
234895
124407
202048
889442
452049
590345
588781
522362
358094
545607
103235
569831
967844
45515
450462
464202
998959
779792
698966
547872
173497
503454
463475
570971
94936
515442
335378
315876
415052
375945
851227
114745
703518
771509
803682
778729
498016
992606
465854
64677
859495
261855
722380
236219
120752
820522
26663
442301
161842
370440
642825
124592
750635
162960
317554
600809
193551
354072
130497
888092
756920
267928
989766
897991
721364
304490
831466
754207
83525
958651
510805
880531
432772
340114
460634
537617
609008
829370
321629
998083
678451
786283
199719
984058
573122
231887
168589
872568
777727
471354
75049
15046
452659
591171
272532
299818
916387
293199
591433
707544
282367
70299
951841
383287
800161
902525
70324
307870
288665
350454
68561
261581
167084
223601
133598
123020
974095
454975
744363
62001
350958
470562
143508
668952
682455
167302
458691
364054
628042
591069
629813
659648
963942
510001
118515
684049
499003
358375
596248
563991
443943
900920
386592
738505
783200
846612
935283
685453
835802
245196
936920
759587
633942
530837
482138
637577
982442
179503
273260
847037
291973
636714
368935
748620
115702
716889
696389
340196
481336
484259
345867
832669
382515
932962
725385
1728
298605
499982
375104
475195
68028
521624
904204
318657
933504
418865
26728
832112
754860
959624
129104
780602
228237
634432
856706
14446
816738
765860
726946
87215
292546
423482
97639
287158
156329
310265
91527
602525
594315
13800
508707
94601
51583
701471
55747
543247
95492
888957
967278
48956
4814
795509
795241
765667
855268
256634
859410
745284
421323
192468
545597
309599
811244
481050
833058
574219
179369
148104
645952
572866
842131
530749
806806
519996
761429
572066
76629
545758
692767
361278
907037
989967
200682
55236
812432
402695
532305
581584
702544
795150
425436
481240
580718
487066
468648
753937
956678
616544
946991
331800
694906
113171
913126
829711
854593
551947
311360
963715
591290
986502
994650
467949
290176
75910
462666
754994
511158
731396
327516
870982
477916
854206
289045
632228
547104
909469
922731
105512
660949
772793
710993
722672
523776
753240
226322
69240
473412
338444
202374
580580
990286
980995
669470
770942
187560
26290
611773
502392
157369
558509
834370
561601
236538
372211
328377
931081
645916
203842
125770
251914
322324
883125
291209
914813
731478
933946
374848
407954
681451
705290
853554
127329
102223
925756
801485
566788
63535
305467
665507
405200
32757
458048
638679
127624
249172
14815
98559
987439
457429
1490
383630
294910
841935
757201
601967
927874
89388
960549
446683
28628
718761
603018
490059
789049
374437
396478
855841
29966
215368
593754
649607
535101
964820
707486
216459
705656
650062
418215
686460
965172
207727
636921
164638
949100
84996
1341
707348
384680
312564
504306
273273
659930
365624
557242
232477
258164
123107
318808
317365
585134
779923
315547
504373
523373
221797
532915
394678
226404
438212
895037
434702
583447
624969
469631
754664
231674
862649
843725
164474
438762
228751
474109
321270
958398
576506
972115
297354
44456
569454
649971
517382
415171
208881
271616
714303
662040
596069
62627
537108
585072
104269
111853
536747
763271
825624
635256
146680
326076
81545
500484
290872
212779
128345
115276
187657
91991
364522
582950
546271
62680
272959
462611
164692
161224
644399
313810
217370
788922
83521
616467
359642
936421
855458
194395
226900
387946
306899
128620
318950
940814
91683
350293
170250
374588
817904
137709
47855
733114
306115
578121
773826
626042
526616
481421
448310
41752
130126
375244
448726
990044
660187
733064
277713
65555
556140
475499
974783
122703
623223
887126
746081
318306
595821
208241
257614
775332
941204
685329
619392
960923
794181
668731
597327
270461
395498
499627
313120
959940
280666
244698
810704
25785
566512
196045
840263
244185
660430
340475
750359
310438
96854
142846
769490
18211
435799
640771
847465
643763
396047
811305
686067
945095
95423
298894
131669
774631
210417
543139
457049
944920
95863
338551
63840
684497
920864
190488
908225
812383
133504
422970
86954
108179
515100
759840
321369
624964
242195
501478
455740
245076
393217
595658
188010
986105
906300
520979
46370
600311
89994
254199
89760
55585
815002
719913
666407
893936
362525
430917
700448
853120
736363
894254
350936
947115
43749
715772
600851
865106
551169
92098
836393
642258
741927
79757
856095
282786
358227
868422
111700
581755
169490
919149
284793
880359
444288
77794
303018
548959
921965
230363
100807
452850
686109
251780
661584
737889
586665
896765
557741
976544
292257
745457
652004
321383
359939
373249
769015
370729
859139
136426
631042
784101
289040
524657
183695
678762
933828
5736
594249
236471
291738
870509
61406
806659
134945
440008
837194
624344
34402
7363
504912
99015
333381
855785
190776
442301
802699
978059
898343
204405
248262
240645
628343
665890
741193
919672
513782
930271
768754
867814
489011
374745
604488
558786
969179
537824
269297
1492
803380
757747
774568
924099
124463
246439
271644
425814
4363
747563
237390
594844
596378
431908
518332
897780
861845
703481
698840
966639
697737
238816
78823
208738
506907
380976
44110
253646
933645
465998
618747
724057
932188
220748
999011
529219
742660
380451
212620
876810
827750
996393
513275
155816
18978
782033
310655
932337
544610
606554
475680
424211
3854
97312
82864
503339
58101
880398
409049
293462
250251
784363
98620
166166
553566
785741
56926
63216
353440
417337
703745
79184
789289
623008
151503
108223
122675
129036
943624
451049
807930
538558
961313
217859
691723
520492
54854
99214
351089
52094
301075
786188
811724
752229
921526
814788
20543
612053
888925
514516
649233
94346
178975
258979
880826
540372
386910
272736
281364
361281
719615
238561
478759
574291
827057
846058
662972
349890
146902
368592
911552
449380
358036
710085
592206
330041
625116
718508
825699
643865
851902
871473
613754
829504
808813
691429
321385
786865
955893
344845
822898
894834
767523
635492
504981
671346
427218
487275
59200
547937
640102
978406
733210
548263
339493
271575
197604
605600
785059
899399
979343
970798
882616
922864
871630
601681
364618
226345
937285
342429
835717
92837
775031
287084
103206
998911
53033
954643
622127
905068
248849
791516
151088
538948
184141
591020
965129
119512
735517
87760
704729
679153
30386
777027
792233
271527
917494
752761
997387
543006
322411
644528
986995
991377
24792
325118
890907
650283
607413
187888
93973
890638
943980
86266
349174
785669
947800
590054
189359
980459
818683
782813
698072
877312
188845
709584
605695
778417
66820
456802
112291
356339
799234
118381
4642
847725
922093
397492
39177
682328
560062
196308
502569
625141
411731
449828
173731
946201
725919
682166
101612
685900
68772
438124
711241
178737
492414
650820
375262
452064
171935
67893
559580
98760
298084
30897
511396
222700
950456
166638
554529
420028
577510
245969
49319
73471
706427
410682
272503
713846
944855
947651
91332
540575
446921
76554
637134
663332
462225
813497
945465
842866
445789
471849
966805
96305
164950
14447
515593
562468
833279
954855
581977
970499
200586
423298
683043
366356
783400
243710
242927
590491
372006
281210
651759
433780
828533
290953
85331
135466
23896
416595
488319
997551
666695
777229
871813
46565
778251
319296
21601
402405
642469
9040
948859
735318
882079
307907
296480
562477
786770
816741
397964
802374
734922
564179
841598
78271
237913
264148
679417
836681
654149
242993
669835
562447
273034
455382
904390
418537
48657
753298
731747
875028
154872
747133
296624
151001
871305
147428
920992
150194
518766
418295
737207
890538
164857
312380
597945
200668
648451
668738
605325
835324
671878
992618
518725
14990
916956
739634
578578
457262
101674
755389
74835
219206
426317
327051
636138
295036
304916
725309
251324
26872
432369
141848
729090
998581
731662
553566
347756
53310
813766
176939
804644
83348
777043
903323
707380
650224
555538
146007
616926
37844
359686
11137
415509
793375
887520
255696
734847
753115
343204
772864
999340
356647
878246
358520
496608
972537
910242
376523
392272
883337
318248
494733
5820
455443
984428
304559
669235
92622
671084
696555
31960
807290
372677
5088
545435
172668
160994
795810
463785
278633
822853
589689
941961
931391
324459
355567
824599
470353
929321
139575
313911
964723
853023
64855
59003
875189
982399
384341
576084
302097
330312
458746
749548
25331
142978
37401
803123
640200
981365
734414
576747
231048
578438
840021
215700
391599
245963
336628
994881
715982
797287
697521
368165
562984
100383
200593
863511
179536
906049
817806
918936
871233
79177
983842
803434
818382
931568
146091
539961
308251
592073
789347
787728
390984
216370
543666
602109
53305
341407
53482
682846
516053
269257
598874
667462
19547
743223
739803
989490
772443
355886
227389
490466
901133
984849
78215
200304
198667
492836
568406
526928
435077
808529
831992
667836
887810
935509
954235
223369
280514
320193
721410
73050
111652
802370
905406
172539
937778
315096
320251
150763
124358
999662
102554
277596
608393
938883
838285
605947
8441
315943
745959
457895
947882
312931
220372
49377
953335
398365
29181
892705
254772
928812
503748
958395
32715
330895
721670
900895
694210
113995
172433
917920
43611
345870
937888
328645
879194
418696
754527
355552
344473
522533
748692
192574
114162
314574
947779
482324
459937
261662
128269
390749
361564
760328
577572
594303
774350
529499
62606
638617
465217
307794
918654
835941
763966
190122
526636
219584
440891
715742
649807
37408
444401
531854
979120
143270
950173
162887
283634
135134
991518
336119
976770
606728
256088
242062
48464
472445
465591
2181
716667
577565
148829
304623
673138
136480
655565
35697
155364
489734
683639
138191
825799
897404
170466
818534
586082
811665
413644
204706
385224
95886
756927
935515
599211
812955
41305
464095
471735
626437
514358
744760
249484
114848
35768
780780
57427
200425
768653
659396
386519
888440
960303
752127
794173
885429
759376
498717
931213
285254
970363
952659
711288
83121
305468
68279
359393
931713
82144
759935
500703
752359
498745
804139
523791
549250
502589
197656
950321
779366
586385
738025
94786
428491
966328
324999
653155
558673
183123
43488
579361
372729
785033
256428
958763
34962
810743
797389
353553
516405
644713
29652
234499
836067
564626
273010
276380
154095
566954
142281
813019
910740
839224
731698
769056
846491
342323
362607
579341
989017
706530
849385
653489
705403
535461
112168
14180
426096
850213
602865
330814
724298
63998
51556
283326
642899
891795
511150
632312
385799
729503
562583
678406
234344
444474
278475
509612
934282
108691
62041
654384
511905
498896
235568
903123
601933
381665
786913
102935
963250
161182
932348
64835
804163
119440
970430
121173
733084
792664
65168
494548
165495
776191
291364
416699
841822
812777
671373
959541
298189
992060
363398
310017
545120
595147
190176
389183
155413
674731
679867
629163
265020
669511
56268
273001
585225
725736
722513
82217
992767
729738
197719
714817
645434
894838
720243
744358
150511
235448
180050
242004
81687
294097
690667
149235
891165
4886
794728
968313
63790
886606
689086
763558
887400
20003
119649
949348
447668
97351
869788
763346
182565
504027
31849
443887
727836
26744
606367
13130
422305
499805
57324
541219
652801
65940
797482
228909
482219
31099
878243
506647
33366
495239
254086
979889
381360
382163
606581
875092
776870
786753
565589
801089
419245
463339
331952
361826
7030
662158
795151
474680
846609
189928
548971
97213
618043
307727
761931
365087
92171
713104
574469
877334
269024
436718
922050
78009
382825
474439
251615
643850
144993
39938
881158
610450
126472
329673
979363
106569
471631
293164
942686
322248
393015
665997
59897
409621
366722
235368
856154
423938
656544
40016
617392
989796
100716
397009
610936
563974
984295
55368
342019
805713
125452
789270
338872
838546
378693
619268
879392
362395
789286
78387
989430
460837
792051
152521
779612
789056
327755
815448
764115
196607
544922
895949
398438
618417
52170
80067
491855
885188
756004
432721
384057
558052
810132
999038
729388
973785
673088
391160
99725
893551
558648
573316
352598
282831
876755
811404
128060
713526
964488
693259
342492
617516
784314
368590
34429
292401
936488
638658
636923
489532
775156
464413
168102
743414
525133
349745
700406
835533
534455
662318
349242
735783
547114
664278
437655
188362
12099
623971
610427
19938
194634
123176
704111
917490
465217
298284
105166
410946
985546
780997
426870
45378
474786
377072
418011
791980
567712
973082
483970
415043
589199
707542
159578
734996
93921
101948
758270
112208
298093
659419
300984
454469
911522
989517
517740
973975
546738
670455
194550
736657
764943
436505
981299
913166
740193
351263
527420
442455
807213
91773
624573
231745
849783
442093
147549
42433
27810
53492
640962
479351
59010
539871
362867
138128
825110
640277
77586
744438
958816
345763
921918
815170
284415
394393
117143
617268
255599
41507
404038
37786
371646
363395
794182
879575
469374
818319
510013
319889
225239
121654
127434
968354
330683
148939
708971
298194
390993
782459
170443
251399
438757
575736
62376
430434
984650
729741
371987
629049
149790
35850
601037
93022
972201
382316
721402
934439
636110
463510
377364
116652
9750
539911
206839
41600
874417
876546
63018
486241
731398
639806
28792
313427
798038
514612
165367
68718
203591
811533
204350
502105
252102
461034
321910
118104
294940
240339
491308
212697
849224
786030
154714
75362
127131
751839
970566
101614
667303
219557
810239
127965
422623
86653
30511
431798
996352
452912
2623
785562
900445
245588
633205
192720
640119
106507
891260
241980
775562
424728
40899
675355
437068
715370
394065
890634
151590
114413
403389
529899
800885
400878
446847
130591
699461
500677
96030
604742
24768
413929
505473
273055
110968
540822
856174
609366
556680
701527
504935
186422
769950
143
758245
663515
906494
944528
799827
109384
990051
591938
853417
162862
472633
872549
958553
910277
7815
748028
226587
707633
499770
891827
740533
7577
340605
952967
769788
444491
585416
779126
423851
317621
797420
421874
333990
475042
578503
416612
663695
808675
836876
136636
868536
860902
144705
641688
229795
428748
478186
35422
908662
721261
804486
536237
285172
543730
56199
804957
172834
596005
216477
636202
73350
884048
911514
573876
907136
265170
107544
3537
295434
926829
995843
962684
642868
348867
364089
140579
21615
411845
702669
244822
939236
606511
752427
48865
628647
303782
642913
573763
139015
43586
222255
465158
76035
693121
78834
127156
495595
709240
430957
83006
497381
832786
761177
723643
748139
624029
239328
184729
820847
759895
222680
608973
300520
442262
52354
171526
908775
460129
720201
122235
763184
753670
4085
509590
351912
196545
550991
392701
269343
270576
569522
128722
426271
425130
477326
514434
837566
842993
273005
705529
984956
758776
231238
466495
59460
829962
308107
724359
904867
829254
460085
935798
79686
494628
252672
992731
397081
332329
346513
81070
194682
566277
11959
785935
631562
154059
894796
620213
899500
739970
267302
942686
858010
681100
983820
440959
546310
792697
806949
55938
299677
304243
860977
420883
169437
424589
447765
567876
898145
732504
32644
551069
730230
334593
170807
641391
154371
894085
682370
888007
519352
215983
106238
300196
372365
501328
142174
998599
472075
336671
889553
135026
611339
163431
345322
309645
940210
702178
441366
619498
829989
960306
170410
322639
345934
857180
955717
546071
783814
528880
240965
926568
732112
861457
46684
877152
750801
185067
68444
768308
886581
753211
553474
16959
922916
930751
585192
770553
415117
451750
802244
601680
389216
6987
445636
396373
88662
501047
855916
140439
747500
519495
842794
210822
396677
409050
956286
874451
394712
240998
818589
673708
166026
22491
764977
801724
467050
593016
166777
215162
121195
908221
18906
215481
279840
327379
202088
749433
292526
251100
343534
216975
113295
138988
62918
817994
620780
722097
358692
146884
22626
983139
735578
376925
112462
372166
95274
358647
587254
666853
135720
311704
975604
210463
332308
77082
449763
995347
929632
564328
505892
652283
241633
502650
504097
561322
101390
449907
680673
400074
899772
451929
506282
63633
613372
201894
960503
55944
692701
597501
99186
720795
149401
383870
614397
988173
769731
137819
842154
726897
349234
152571
6850
460348
821087
190565
376002
226879
457809
620035
679803
398100
351403
269436
660938
971453
814184
460018
516699
238790
287663
401996
253570
839634
268890
19149
412046
453952
344163
391413
785773
871777
740062
201661
16925
942460
886285
811619
787223
794971
56185
238828
547770
473807
310349
240870
451271
605317
661830
25051
213478
975554
368886
591382
693910
453232
649842
359007
183438
205532
616512
43520
751622
728059
116473
675410
93432
811686
386724
841530
578054
303290
21408
55265
536898
615172
490561
766837
701828
439949
96817
230665
971623
70453
373394
279085
672657
489767
250787
753840
26120
554272
441625
504297
389539
717807
802951
791738
364628
50362
116657
923786
369760
643679
183572
802555
225213
836067
929448
143361
506558
323905
150993
156047
291988
583652
518949
590476
280711
690023
124210
303075
860348
282078
904520
467182
746335
342976
598894
379892
568293
152863
297916
448924
416771
222922
754035
14206
85805
336986
526363
978616
644182
554189
178486
809343
515496
46475
952739
175447
622535
726979
152021
327235
750814
147626
649524
510742
486836
49580
228451
727062
80774
531667
506516
683300
426775
728497
132308
269391
632522
505530
90835
701013
494108
355626
679028
606159
999006
400593
869497
454755
10153
218884
773536
975937
847082
36673
946833
288733
826931
686960
693555
676577
848700
757933
445122
98238
560259
787622
353961
958371
99435
889353
541538
765480
913984
520489
144251
400007
454385
984905
909921
106940
986222
249927
194010
475061
951017
616021
459414
64921
665727
300815
256472
174444
263146
972636
470770
430519
22294
617125
769404
59102
295556
538825
613562
777056
923840
507029
191469
841926
728625
761714
329004
918509
184066
494532
944405
690904
520753
395839
663719
961742
228777
157809
242422
487819
23798
368557
715209
392087
794390
267596
266543
575086
908849
685241
240191
270237
438655
922660
628728
589567
163622
128953
847240
217030
169867
814043
648937
426058
63831
343460
643932
38706
823815
698364
752016
444652
46731
740438
619488
542535
35384
360134
194627
468604
488085
684612
721870
372274
344557
623339
351790
65932
195793
908707
959620
194230
950360
61839
551680
797317
881717
281708
566593
282744
583520
303711
895452
967840
797005
602174
140618
464966
808145
913923
214847
284450
967304
506320
611501
975234
112522
740864
330058
489828
98020
471501
526824
88979
764500
390805
171392
616554
792897
100608
275381
547828
702501
686113
159090
12734
286419
936294
46810
545237
488223
896125
38928
929225
640368
455500
792019
391503
50840
24245
874927
115749
520368
246255
715398
815591
808807
196829
873400
157345
738271
5636
801307
331414
703216
737943
497380
648731
373269
985270
379998
110038
954036
560200
967276
552841
305169
223694
214716
137734
861423
562266
785576
788444
422564
407966
831084
503308
559763
197213
16222
261579
241905
428201
759543
958495
821283
352231
285059
282811
326810
620483
789746
389203
494080
254467
167892
281238
82240
693089
817984
106640
806020
23807
442229
518493
674535
220081
654369
525566
719520
324507
997632
698619
255231
157608
114382
61189
749598
175552
94495
945133
150278
481894
446582
100635
90883
872659
266927
719638
95939
764351
296006
134455
740946
666407
772584
10484
973877
250456
911366
188609
639855
875692
404866
981880
337350
899549
673524
118670
332363
770650
351053
47852
230998
912902
929583
135666
671528
915556
425476
697662
895461
262828
121270
64804
25127
737037
74768
607822
961662
846930
268139
926289
117663
540900
55403
362405
126001
74754
188760
544961
474269
699972
765005
208000
459967
214501
40264
913751
406692
877191
884034
868581
412665
373641
271965
570219
122742
283518
305913
59955
326875
894905
782790
122444
812850
377492
977335
393311
555860
257267
65939
965891
406976
140162
106211
995849
174859
524695
837517
111318
861823
851396
41063
400807
600229
507487
155618
496083
286167
442054
965008
828081
84932
288612
274163
818994
132640
243699
973554
660751
526325
526216
95259
316509
924253
125699
239369
651849
870143
465551
382978
349004
859955
28197
458251
442199
774370
482248
500934
595838
860126
356394
459905
530719
970139
353035
850121
568130
372771
813719
868283
852911
978726
362467
563607
196893
853131
735372
502456
666679
197685
651239
313787
884710
400840
308347
795818
732638
606696
747107
43326
340508
834500
675946
540700
770490
102552
764281
926455
601073
464261
26785
940897
734716
603012
55104
572548
450894
516081
326096
916279
408724
126645
795769
778380
436354
678971
174977
85001
208929
691279
446303
886380
593269
847598
342162
121884
644214
811425
886458
707982
931853
774520
50647
624188
8335
543938
107478
284461
704635
22168
497373
672005
429583
361864
153009
244362
771530
55388
130509
724666
842738
974378
766408
212479
97330
838292
905668
935110
219396
815156
843143
540808
114554
609611
699075
608748
570888
136351
980707
356822
392793
255357
818654
241650
131356
220023
371918
763118
356257
122186
105364
110488
60711
696232
709546
257619
732414
133127
102182
954842
216387
578982
50733
469268
100573
847232
559579
413317
580535
346439
483191
254544
65935
506404
176042
292896
329445
563418
16444
756127
945894
19471
161210
444610
993452
703286
993559
285833
666346
567284
842757
539337
606164
415579
758337
865876
729990
588418
933119
183891
169019
859151
851368
430469
204728
657424
306880
400582
661199
733236
390496
979921
270485
431908
23896
295805
494279
944156
918412
226135
88452
669910
253990
6697
770379
280444
548675
520076
551717
156725
873680
362638
786004
281883
266181
912447
422225
211722
377678
583670
203950
980020
550928
839891
98149
42548
980336
456890
960366
171892
878778
671505
194709
94933
609735
320459
958985
216839
901010
202499
606778
144816
130144
432525
948027
207926
629792
840478
266170
817278
732508
602750
690581
660588
123084
933147
190080
911545
578157
535576
694481
288126
579354
919027
554831
735503
121066
720312
119939
235718
438228
941147
932253
449266
587731
76292
176806
201106
436040
136431
891581
581173
700772
229972
753428
185144
257856
31985
623093
379322
286223
304420
679489
437631
22223
45331
645221
536664
384555
1381
535149
40101
410741
583846
406686
53555
184798
275679
306832
90293
573900
848482
139156
611261
323084
839594
47463
164253
51408
323084
862149
465524
825733
893505
535869
107284
207720
815713
994545
797119
33967
658198
289227
103311
69610
650322
144546
572627
905658
608441
715565
616008
304381
772652
612269
841261
70340
490499
228334
924172
294627
166534
241406
981709
374686
480414
314153
591851
807690
603638
611833
208178
173207
333846
592246
948623
970621
840713
394849
538742
106737
286995
535154
934715
955448
837151
891309
553730
368537
386168
58955
978029
915799
402702
182693
142616
731762
887746
215107
755744
728049
607219
614842
118355
517102
578164
344380
756402
278828
570071
955292
111331
156356
188198
253391
246535
378496
680585
703264
224087
194514
970662
470771
114510
538622
750778
476060
265800
465562
913494
579919
377709
1167
626935
851958
508615
355797
253265
115638
736039
339375
842252
792143
355433
119772
999836
505984
778073
248219
318219
438295
674803
626148
173729
765217
122262
403483
644287
119177
275617
252465
390060
569868
460254
951911
927642
165112
586823
325482
774842
713806
132005
695315
381131
736067
805992
129534
797722
31972
828233
327708
329433
625405
686269
377339
559402
800052
182488
510420
754066
512142
390007
11953
356052
875513
469366
553704
832063
385742
873883
136093
125618
392138
258059
286480
428037
609260
910055
301715
519653
34498
949195
364647
194980
163563
265376
22062
646971
896347
438703
361063
952576
69031
557154
460710
731337
921491
77747
900581
650025
451711
577539
169429
748938
587008
103494
258919
908857
659545
298299
46873
357646
293970
251721
221268
731190
156181
406059
896217
22442
916668
204492
910946
418401
836287
298413
541708
160077
347350
282688
794684
388059
773873
145327
341742
246713
934715
773342
833177
866149
921612
539911
182051
67562
821982
443266
100155
551692
466423
266423
379019
878036
601729
155733
552557
784026
354363
996999
540859
10425
811346
143961
493147
567142
80941
298718
571535
646153
363300
649523
21871
198105
968162
16335
464281
338439
44659
238224
424411
314450
808643
860627
795905
681541
679920
653536
782351
549299
282561
726192
587014
620535
167835
490668
66556
841201
276881
590359
310269
130044
335322
555828
471322
501253
814957
12743
151873
538126
405681
833616
69364
479660
414473
298637
769807
666850
246823
413381
956122
438355
437430
483489
977150
176247
55884
177240
438667
617673
722195
25354
725627
145486
882816
201602
505705
20491
731302
782070
349305
237717
231241
414904
800538
990578
454777
599536
310250
382583
219092
487275
134262
761367
646515
961162
698274
77880
157142
473488
188375
352225
204013
61147
179315
483799
293381
593658
901323
925088
115453
388582
631687
264336
143899
587348
636546
726185
834972
912901
717216
769104
234378
25999
342540
971227
748882
963587
821950
133554
419437
672637
263605
623705
888576
497289
736400
729052
397181
687269
279211
634494
393040
803759
173404
469164
330356
529423
548408
427663
654292
47967
544974
177471
509827
616611
529711
367812
921853
119949
786764
939019
34018
163547
449851
668247
717795
134437
724696
863972
106887
781986
984306
713124
355944
658580
404054
675579
803903
909406
531250
872409
729931
682328
111259
348496
174877
258338
412925
508107
343943
525394
657320
34732
412659
61029
23139
6171
810324
111840
334865
717226
14610
815694
182289
849033
406306
811207
829015
678095
214754
27181
262418
834381
364373
357008
675112
926216
280879
261758
557417
747014
814234
933819
625245
779565
643223
879906
924993
27604
208603
240521
568945
5391
203499
131018
783856
837326
504228
694708
306788
561900
225804
590332
891419
498125
721842
750441
797078
568782
161876
362881
561953
619850
843069
514931
362780
180920
829532
423723
167520
276197
658287
24715
993328
105968
125909
64726
977526
63734
77547
661901
187430
790088
558285
686549
186488
13801
383802
386265
755214
62057
584881
658529
373193
237327
927910
948020
104354
299065
967920
466391
801134
763159
871972
782921
703781
70371
35497
118397
696427
502342
466932
507688
528300
919938
194337
557710
674974
179598
253365
314574
325144
52215
761608
654816
380518
311114
843821
319213
338068
740727
379822
62244
974202
50359
931027
838982
409041
740317
549172
686666
829772
466995
65489
710286
135956
914480
751550
639034
149927
6882
401227
482395
366253
72293
322854
336922
783476
751049
974081
561769
43122
182496
152413
871514
902807
147191
75423
66761
405230
485038
854462
243370
861374
587641
820125
76647
763514
840740
452019
405336
110298
930174
784974
688307
275282
413099
362835
23733
558995
841675
230394
716333
804407
630349
609833
269927
173146
951812
824326
675098
213820
827945
585215
365737
334684
894000
133227
23501
808159
486812
954110
26667
875980
939441
71298
568406
385887
782098
443078
27689
919406
723619
7361
985242
864424
142953
234538
795759
227688
616589
931567
502542
709716
300052
567005
78352
528817
491033
775914
792324
890095
597522
655232
996087
13217
348329
64247
981923
725208
639132
508066
969549
223598
762595
791978
467577
843093
272920
634349
938099
344514
660818
64907
842358
269043
299043
12912
561323
933400
858209
930586
798180
595033
227642
366465
771807
705934
974141
200811
278111
982014
359429
622035
885736
275156
809947
189327
391140
957238
953501
71548
200637
888267
876612
837885
483773
670680
263572
89211
386910
380900
350701
68237
405486
454800
281273
780593
338709
355867
444440
876754
962130
117975
292544
234982
940175
935028
735698
671650
28484
542113
155616
312878
640375
93249
265978
428816
180781
418475
522976
844996
308088
63604
20052
756412
951252
841211
434201
647165
914585
980072
801973
885047
878554
932269
615561
706673
684584
937840
600129
920459
610645
121102
30699
502090
384485
369029
297695
386499
909724
506837
906929
351288
503020
887866
220591
6299
955553
60199
136586
452399
768357
565215
796578
936572
788297
973150
13465
640747
650814
254714
707351
515272
586452
685989
749397
429994
185986
757281
940743
360436
443943
63082
486409
14181
589556
375102
128923
402
325938
470329
824185
995752
933218
652861
324014
238787
717890
787724
176990
728623
358965
914581
493410
226261
332955
971293
655371
995174
222395
484032
184148
599675
479634
866829
538076
380784
751282
571270
464754
123805
989687
381330
740326
658770
578719
812507
568416
587890
811859
965498
717429
95739
123427
22810
110883
84737
133167
597918
845022
943703
330086
807263
193198
630107
712320
66262
465713
72207
237075
494058
447844
52369
825393
293944
854547
575550
722853
836595
405232
779903
719211
825209
43065
785918
702692
722842
45097
256005
513547
162245
115444
424459
693635
14370
633777
438115
636462
118412
58360
674508
956004
150605
423525
154257
893972
819809
951177
67738
390894
590242
150803
4390
49194
880918
865790
800617
517919
614472
117804
884267
460802
684642
789038
920493
565496
787876
303059
14525
839106
125262
897982
439797
158212
59799
480321
704030
314413
312162
834071
157910
33337
95226
689039
899704
216123
739825
215673
380516
220263
683519
377330
210794
705973
80699
848231
565642
139670
337027
815880
302782
524616
387461
755067
987433
297979
407855
366259
504389
423742
280682
552754
53414
412164
433758
775716
180167
97157
594184
293314
684705
321740
737344
907456
760546
679475
535892
841115
153858
256676
56956
843737
600857
185343
715245
387164
843061
803550
930898
206083
112728
171285
785238
346401
141243
542859
831241
265303
705079
532101
879173
761608
392377
339998
122007
500008
881507
477930
624395
817571
445664
239579
600387
190199
4753
217733
955564
135950
424244
878678
360460
756922
131551
40606
167778
746548
202915
23390
548051
57635
19293
362590
708011
470755
454232
514690
42114
237081
965095
167499
365444
935538
139568
506241
935458
268955
342247
45872
678544
611917
924355
393898
499061
184203
649443
259955
887461
830968
956859
951399
356631
335956
791240
146670
354317
879106
460791
142725
6844
728681
569817
65876
649373
518085
436601
410321
568270
376031
76319
74030
945685
582806
507580
33744
482044
276704
742668
49649
48848
5212
28186
733638
242261
849490
628808
945143
793457
317725
361720
157949
453117
122995
911721
72362
732501
488685
952788
370004
715286
848023
299079
60355
67349
519082
7123
594056
402831
980898
951198
431407
947566
550697
236126
765553
105947
832382
141072
621031
963184
855541
752947
738950
394382
919495
12492
626315
864613
706577
572552
624457
488373
906361
268738
175259
326234
696684
663233
896727
875513
12601
134657
782402
738772
732812
90797
489023
957557
512384
125959
498853
956465
512083
422341
418479
778520
61912
701283
57805
33101
655241
136382
253754
296621
428388
121310
2937
900259
260598
221993
458859
343346
126645
412339
30138
152410
172644
351329
635440
297270
25244
34244
651908
539924
937616
629318
389889
523035
137150
377377
383097
846323
490175
478201
380952
160015
841355
122515
704196
680082
803571
337409
945794
105593
407471
263489
644326
397
972041
298797
350345
282122
155381
964119
632165
353281
178501
942001
741786
981769
611090
993462
2026
304798
143358
732320
389646
312827
145953
720670
966751
493207
321917
586871
839418
160787
759474
637244
139933
749173
614471
899207
722814
201248
427209
476711
232892
134131
936227
135773
840526
765697
102445
662910
975359
742522
926107
997367
691763
855272
395458
420172
843084
813667
552402
964685
65285
363290
636071
417730
507584
745304
803264
918033
62912
65160
541614
482222
579403
168816
499677
389736
439450
304494
338880
641635
536108
270646
967714
848742
66054
95829
439554
17350
315602
661869
275440
455247
504761
625479
65934
725029
756026
94063
565166
708436
486137
602895
994809
196338
935918
683467
759566
466410
987727
680689
662594
967865
95010
310866
291024
147487
989360
330395
548043
682246
590694
760887
215672
297370
250170
32722
841409
979408
876818
398396
522461
880858
245163
818866
253798
929175
772241
607458
923847
308437
682282
175856
530371
68451
220742
163475
123829
479753
57325
259996
944931
196227
347153
806312
904188
171907
970813
18926
372898
253467
798768
834933
905258
716360
330072
631491
26413
296952
483776
460209
727264
749274
448861
153811
346572
574337
770736
569272
92535
86751
890309
174505
767911
866318
895133
20770
693870
461733
479109
459141
797174
523801
284758
931855
674121
770209
700
132176
573405
598211
68526
434840
972734
363262
368774
39301
401746
999768
827925
452536
473559
874996
524995
298825
116140
524388
420678
635601
737965
916830
933701
957336
795024
650771
460533
839713
2008
606283
392702
993247
70357
745162
194020
67566
144275
6694
616572
351643
428549
364254
892470
942256
416193
179969
76631
695163
673615
192857
38926
231413
761873
950987
577598
918813
456924
301856
120725
623434
881710
595733
898422
211432
565941
927034
488246
281910
682238
989939
323273
147595
463528
3997
30899
953152
590489
534234
494034
454387
649548
394146
413382
481033
727519
777470
486885
670943
48503
607456
66633
615732
714305
697357
356191
771157
827678
185353
680035
201049
559092
307930
802740
332262
297020
745970
498860
517917
117021
683766
917251
847427
307166
852410
66062
39001
492753
928195
701722
86980
29290
226467
875551
976069
676309
811935
915472
462135
656870
307469
149821
361212
221370
735503
331623
674132
501275
958179
976308
963454
698638
513242
767183
647485
679871
92417
866174
89494
358702
567983
545411
752141
298120
309086
877884
418235
989070
982179
141548
835982
124730
263989
826519
900727
925956
350658
172303
538585
978300
1547
566770
774016
999363
46705
144038
267704
856119
210447
823851
270116
473981
163509
899077
593002
449560
242924
786189
170663
622092
982391
665101
593041
280883
375089
857584
223194
420935
751504
771159
235763
465949
420620
418224
128971
886705
534013
444133
697227
96939
776419
517718
982559
366558
780898
248654
854311
733735
678087
166276
352324
613179
265651
582906
619848
702836
852148
348026
223373
124317
215163
955751
131693
932315
537658
145577
87574
458289
689812
648717
201773
586915
448884
336246
104991
842319
380042
500344
665936
823696
707035
429816
365705
868160
112141
961596
739556
655910
112147
469113
532584
549668
571214
42601
599760
836017
930971
378546
228858
400709
547616
880805
296954
377957
404432
572727
87236
224988
920941
857791
833261
377788
820125
694109
105019
723005
782165
933360
607345
38692
991917
313838
886416
60901
746371
738047
585902
416960
917393
673605
56960
34457
280273
900270
522004
89490
628292
736546
420889
991997
150229
935950
884453
324139
678370
360611
61344
30504
285610
123995
491756
40998
134755
769084
159626
449232
783951
549574
121571
182368
929054
273332
67303
820678
251192
383729
344006
493505
586567
694270
402305
408637
88688
79537
122444
852800
77067
314508
494046
412927
628101
327427
116571
302094
249106
584709
941574
578411
108662
595434
828071
252635
302981
619727
796798
251526
778358
253727
988000
440731
562793
766894
552420
473374
689940
750226
593311
547986
913108
451823
124151
222434
888920
186919
496155
525451
260199
935615
745797
214419
49255
922094
313655
485664
826277
553552
935239
909636
404499
184535
268172
717339
712575
172305
515351
839886
767449
726324
736864
145443
456332
988222
60369
364892
477022
970315
388950
121865
928666
584548
8390
234677
509290
895839
677029
377448
274401
41348
702066
541195
392156
112198
115689
899374
974940
646749
318322
669095
523811
62996
334518
77906
3673
8961
656079
819304
501892
585972
191771
676328
892792
457627
431537
828083
143252
742066
117014
974096
725146
123475
617710
496850
78115
719359
847105
809822
254108
113287
369377
210396
551933
755222
172819
656866
265353
745753
603859
544641
74312
856358
20268
850204
543749
567407
179186
216144
891189
684345
324002
972066
997128
466854
490519
968051
905414
306906
869144
904555
142085
3021
389128
574004
128110
368375
495894
334529
407708
524866
570008
844846
186712
990348
195255
337051
448345
84843
641529
539327
587341
265988
498388
318175
73332
726253
460000
444296
519446
77807
705447
173212
298813
669654
873986
246071
840057
353600
194692
544869
485812
737665
782376
61431
238825
659032
167739
90239
43260
239923
202894
935782
856875
724561
286053
651616
418056
498734
717560
239846
503909
463279
37328
892378
230593
298710
975652
58561
681926
184470
851029
281483
671791
117426
434558
850053
901074
871063
110940
939868
648737
78855
522378
171794
618732
368465
205374
505416
519320
470404
552911
216795
679699
586894
581213
207573
91021
811814
767760
823815
459085
633009
389644
956901
873458
348484
374591
910301
123129
746906
26890
212688
800484
101745
8166
414514
221499
528828
975574
769726
825001
215719
812914
823409
455665
743494
888913
757326
541357
386708
606572
275074
457152
590926
271455
173818
682085
76305
845153
702102
177642
652040
230580
992659
141232
48765
987445
775846
717731
327975
86601
462678
897965
355872
924171
918992
7153
481403
909285
886523
683676
626174
213120
130575
630195
205379
159968
244355
342604
801000
581115
514248
76672
283102
131524
582619
193488
806108
223358
832369
757992
239447
967934
577321
758994
61838
646413
264060
792565
75752
948781
39968
396545
694014
194645
515614
156256
902065
563977
858976
163217
980643
571746
623343
887255
666627
786993
620235
513477
300271
878006
614664
478142
787257
678235
139773
12417
122111
532435
939954
857199
997020
316336
332469
267411
588493
861062
891557
244106
591182
997181
328371
537041
425078
946782
286325
997016
926126
497766
871119
583398
919622
620223
983000
156003
704385
401588
171380
945319
344964
624911
253079
848038
272804
377647
838339
947154
414654
682238
266501
533739
486359
481277
94358
212621
66495
478154
220055
687594
873832
539139
519468
92830
682449
710268
163354
69296
664693
818344
908560
604222
852290
929034
862646
212527
516883
988500
13281
989423
237175
55989
212762
972761
784364
760030
279813
575789
983871
441045
128429
796168
472601
802657
495208
284614
362477
683945
680104
329414
786710
387996
263868
749446
62543
73411
907616
700276
635047
896811
225930
422907
214261
860934
787512
470628
337307
443728
179905
144351
796384
363073
176075
413191
744026
483625
356101
80290
732602
365284
644319
996980
929291
105703
68223
901242
558865
641648
865947
755345
999690
333367
999017
960631
148358
775633
574120
796145
240513
337369
839503
379171
799051
470928
188823
804339
479126
185104
799979
633876
926381
170213
883712
9427
342364
714720
723517
77692
733275
123758
655971
64798
969430
48629
586422
527291
274269
567866
52953
89369
317061
249292
144706
967409
674027
115092
149179
787918
877607
865820
345278
704782
976378
172582
953482
510954
138109
354467
585189
161054
867980
788184
2673
581317
517026
995325
826771
100859
279657
972137
175532
292987
458834
413372
605229
941765
506049
748553
191192
927150
312123
79241
91741
155396
402717
975574
160415
958007
558657
335482
698742
432224
196601
185347
378981
32896
744987
685420
967166
790989
394606
930976
784303
600997
254881
879539
75102
532308
760587
208976
884870
987369
77808
895068
496353
146410
778993
441578
866290
201156
407450
752856
505086
550925
122278
712818
954035
840285
213523
361145
345333
941166
201973
662694
716254
992205
72740
736487
521335
339230
134923
216199
80105
24908
928169
992295
290353
764667
764438
596610
736960
432572
964221
185346
18624
783663
232099
21775
839879
945882
73495
966484
724488
766790
24962
283755
914208
36232
535507
547692
521806
443323
539828
60080
610453
794132
508874
777805
888641
979232
997874
983594
810370
686971
129839
251897
551193
923729
241805
927576
590150
139541
500433
686979
937206
761480
698133
380751
585310
276884
67974
777830
314988
964795
659998
330846
295691
165967
51166
95387
284657
788715
706300
569387
301640
586730
957381
163744
133931
571592
788560
833315
829881
401369
532825
966381
780361
881522
317514
816611
236061
540327
812299
543392
411203
393753
399259
7289
520325
135851
350664
996189
980196
296395
437754
121374
809959
899709
233976
805980
302135
505793
662209
810892
632
307874
389894
583681
364344
747260
741865
894069
886764
94099
504738
870852
434766
161629
26241
462212
585341
739865
145744
279428
282338
146572
251643
528239
589114
558072
71337
837675
995156
231083
944501
321394
461810
212708
387718
451796
547832
595937
342389
408042
494089
680812
113824
322689
799872
319978
290614
100318
962240
383469
720995
384309
544256
390340
475484
227818
323970
807748
781422
502479
483880
558587
899076
188667
499387
200384
394516
371980
125880
195706
217638
85954
886319
406116
104331
837118
761118
726398
798913
922231
10249
94649
902275
954897
794853
182075
94766
725033
157022
669065
747997
260234
763869
463151
289307
121085
796833
416585
491380
313034
838459
712139
759969
695436
817731
658874
421641
769029
25151
834675
113940
766697
803101
270564
358063
771360
396197
153460
786170
496371
870751
857714
359560
10950
713943
86242
763797
622228
272171
399134
843844
336789
347455
775771
96624
280121
360839
869941
479391
657412
865409
916207
351511
4181
678076
205957
299604
167671
311060
71551
7632
771769
633528
109652
833439
758127
18915
593794
777215
514909
272272
219091
109422
799618
755508
268827
408875
757293
404338
105104
229216
385456
109041
585159
155960
497135
899279
121601
99927
387522
212324
447656
651381
512034
676267
370592
286674
65770
994748
463780
245647
180484
244819
418716
977905
481618
572682
179733
630832
438014
691457
64251
302776
19997
44781
140735
68189
158285
801030
439257
610306
408285
200601
297809
881942
276361
141190
182888
822759
278343
187469
235225
617093
73330
10380
404887
395591
962569
767126
365255
740310
267567
844597
999745
7183
599180
893593
760576
348601
82209
511169
844017
215630
558788
94401
18308
807559
321492
676774
405792
166497
775793
419728
45635
302069
788730
244003
175870
163726
510580
739453
100758
41462
677760
244924
425856
846701
156408
560840
669933
474678
464248
551547
772890
94548
687115
817758
106100
614843
461045
852934
461868
485060
580676
17138
971914
291108
405668
610012
270028
334083
947966
710165
105911
894896
188687
477257
878140
361778
907944
586768
241119
763498
462867
143427
853260
48363
139606
414765
273625
229545
862911
408357
58767
246958
534572
795483
457464
446918
185789
53397
18003
642805
389529
577136
857093
351578
930809
72933
962152
662148
48387
751544
559394
567269
147070
628205
822361
436144
525293
352563
581753
660687
417392
222335
375784
519848
929119
784773
597808
738595
529572
931435
248661
361248
262357
735640
522561
122670
200104
715369
836240
852145
672960
518385
910556
719497
622789
171088
616880
913613
240808
96947
800401
377302
998645
876943
339054
900360
449369
707783
881807
330668
284949
586295
274103
417256
801411
230694
324867
123209
974248
29644
60162
838986
278098
637534
28389
552217
878920
342416
814331
797892
158846
311183
448885
829936
86783
742415
837559
881508
259709
283935
520218
712877
673270
936231
257070
272559
99294
74156
512611
131391
989694
451652
976917
566044
946379
516263
584776
635550
122932
62645
489010
860752
109751
44590
575411
288464
467494
135388
752770
394045
167392
771257
186921
908339
918958
817805
619428
15176
938014
936580
698187
321691
910724
266239
223186
612406
219879
140237
881037
820518
657320
187048
571773
31235
712989
772164
21982
151103
646431
189993
157103
533258
669046
187585
964879
894122
269480
24655
680138
635901
268337
36896
51968
24429
604184
415327
29585
326946
858179
887685
707329
623000
214743
755859
647048
858926
143095
735339
107924
463553
166869
978996
104211
777105
748843
958752
603886
600776
748340
802249
468299
109804
534721
533121
346943
111306
105062
136979
814654
850232
520389
849541
5679
676449
832480
339330
482493
733375
924687
192191
989801
165544
699948
780330
879153
840309
417983
127574
735245
471473
37321
355121
838994
343646
127060
571520
827131
530405
3320
988227
38380
59290
985132
608022
165936
432867
6416
200561
43651
652312
467998
349486
307380
402868
145832
112187
548907
57034
788307
281502
456242
95512
148381
925129
52596
490299
992161
704096
600203
912520
255871
580290
10494
709994
655081
935703
459293
55901
368790
902647
526389
219991
38789
903548
394814
235080
57795
385071
234604
305404
356384
829430
822864
884948
906769
794420
712983
785337
223115
186012
411138
582456
356470
553838
330097
830882
490432
586244
713183
361923
311718
762901
880707
640830
821041
117025
891750
678092
763345
517584
970780
14544
651966
574523
498020
981385
814879
890582
133033
246020
730623
823100
402512
610444
265078
497690
110794
870421
36542
985966
424428
688153
839115
253425
684456
507595
462534
556356
885497
808610
623512
53247
184848
5498
432499
165275
89372
574905
374273
701583
556486
777454
432793
168051
470861
272244
435295
573674
590593
307806
904731
351721
904370
340399
264938
415147
5166
82951
709055
847454
909094
737581
98697
921505
15338
140490
537576
613300
503218
776579
983319
444535
710930
323303
558060
279176
788895
780491
590240
940140
826133
878405
844209
878011
750431
401371
99241
566047
403276
803750
373605
187086
997140
794109
412032
232360
858950
803975
936855
324554
863954
380558
596700
944544
217051
996061
812472
209272
244102
195549
820392
439099
697820
133281
436435
74798
555249
607507
339442
964908
431686
941888
232451
511133
596574
580735
897706
932624
680429
206346
920796
979870
456929
79509
887077
171058
398038
321352
566835
787381
679745
132506
910874
507657
997859
530044
991497
465360
170063
263875
721205
379647
404863
791921
214218
117249
461087
187587
884074
884424
382581
898484
45375
778215
290708
96621
337708
630531
623928
904455
11189
735510
683062
801066
620018
100122
289920
809366
406084
730008
966599
665029
63547
410424
197373
360633
133575
439366
908399
209223
448990
429438
887140
524203
247
485741
381776
895842
34670
84325
499954
630903
943139
646996
7335
744077
285222
330789
637120
341709
198837
484989
515522
781413
454931
893701
554098
693520
69091
571183
853665
430919
450920
903194
883911
399986
222705
793599
279195
939954
6114
227790
61223
730035
272383
879024
151892
169523
575763
442246
197266
963764
970548
925281
909091
7836
531521
447462
171461
601109
466708
385330
217050
57630
88054
578542
499060
960912
24802
573192
669033
290748
380836
143098
432877
795009
170946
848478
7906
646150
374047
243477
825715
646323
233061
500567
423026
759289
401661
614103
290299
933564
380387
300323
974587
393065
971339
562794
580711
237622
154658
778573
666534
16028
613226
450088
266615
652768
118775
508248
78465
194442
913519
126624
869723
95757
898142
995511
682059
914666
792747
835423
254218
229754
997316
545610
255301
648472
236508
366071
415418
34128
298178
179779
376648
980675
411615
805247
336292
356152
29422
813402
529608
271916
752077
507115
635479
24223
262781
403037
47360
668249
297869
913060
927272
809463
905693
184705
165202
801666
501094
952361
898580
222484
572197
692212
724066
543904
19506
762009
677516
989080
444708
122815
902308
989168
656220
88683
148397
187706
428123
973701
794954
53984
510950
456957
835909
767866
388841
187562
43706
700430
251422
691052
953795
952571
387177
532807
541359
885147
666053
878721
144211
261300
356436
503233
881410
341610
932862
869502
85749
640667
426802
29823
953119
525463
149655
329382
461666
940098
276419
437406
356672
431598
140313
736602
795198
644658
909285
40607
517752
891078
865998
499869
853572
881114
882292
230466
480846
939647
289215
334545
877850
252491
299096
775013
366640
226302
206489
823195
677472
83085
66280
781423
575734
502801
707410
244534
83646
926893
421322
926959
285115
814195
371077
543461
453851
387228
913008
233480
323815
649577
655204
221721
452899
679376
687642
312210
48712
820345
113675
692189
955813
900999
68980
263180
440195
989840
206449
862472
722806
130607
927605
924655
190717
845096
248121
613188
868730
198270
603586
72950
272621
303529
657750
335141
155351
577383
748124
955673
713243
271499
264320
686954
253603
851703
157553
211006
794760
776541
175282
644720
189259
458863
180404
423589
642086
762139
445140
782017
695849
688829
85664
356537
636890
582742
552295
265354
624963
871232
442815
410069
448253
327212
557035
958045
518915
245757
670491
861517
764769
61436
433388
30254
810057
165025
416321
790108
775159
686815
166857
888332
370446
559614
451499
264918
329804
47469
393356
705339
305201
686424
40689
84337
789623
989319
787179
278826
762686
223395
700183
754643
107038
29271
831455
30557
858516
922029
167003
443286
479309
796895
75692
987658
613400
590612
63190
592141
963290
772765
389913
395023
222582
591256
821155
818707
186675
577923
735083
795752
721655
987804
463453
502978
489473
733218
259884
318448
301631
547850
790014
194588
100746
572621
56775
93111
840936
282254
935240
839821
608511
891840
44605
600772
750391
79588
485247
934525
191702
970415
595815
34626
379385
893336
682650
23804
732370
722484
894818
650792
183426
100359
109410
870301
258171
765436
754260
596740
309268
871593
214952
993962
267502
703945
501191
552759
125015
222126
213784
83300
95054
148617
301965
956545
456503
181
425224
804188
418784
990621
236946
398097
659187
867585
493451
365844
31933
895590
665315
648438
359756
724136
706535
382782
490431
780485
167847
558520
419583
764954
774398
922590
708948
588717
789923
781351
92516
212043
469275
894895
629099
895696
899054
198124
954238
343889
767646
144449
32457
83584
809353
284981
334543
519793
850796
934472
724075
944462
412835
121468
985331
451214
110295
268070
176809
868336
967042
985147
799452
45685
15519
449203
30924
238703
871102
203892
422408
242871
776970
208785
320192
491904
914193
932917
607690
401550
375637
68413
80380
922601
81726
425431
898292
625159
415728
503212
573221
16604
434657
570152
982183
3549
427198
84088
953237
691902
305400
595890
21633
759693
257355
131664
589960
723194
812422
527402
344548
932851
315036
680890
382356
331692
219017
831016
620907
105007
318291
199631
778885
298828
749326
993874
527432
875946
576568
582163
635950
427836
877841
454488
923009
149096
321443
300055
884299
586399
524072
718043
905551
626445
277600
17765
599916
791186
761743
735287
464256
458775
507656
118835
969512
766531
647378
603844
492164
224951
331812
170249
893736
774615
229388
617451
371892
247239
474720
9910
588081
238466
266130
974280
245018
745125
488508
270546
985619
663571
914461
871439
636525
755081
109554
880297
256397
911971
8155
77537
645551
732979
116282
231260
778942
266017
159425
889916
26125
977935
345572
146294
545343
413676
702745
781513
272785
597948
836509
897693
765438
673133
24068
2086
81073
825718
583936
425966
658511
465913
878434
978699
630864
789473
523675
952939
766976
169806
627837
500492
7182
39508
121994
681511
110192
528315
72521
2815
278274
537134
551179
781450
37441
324716
531852
100231
834359
764096
539376
957645
281900
797969
225486
458358
142759
972135
301408
834519
794653
108385
644633
852035
994410
134222
948937
470795
574346
630536
198492
563920
840800
157233
42846
357292
972457
356281
270137
667552
134320
45640
19924
359966
591558
176958
904420
877860
699130
62963
314474
155171
23957
552863
541188
36838
399465
794509
288006
766459
562449
859746
530454
200311
474254
717294
442863
372767
989569
711171
386039
910011
518662
864232
859306
183875
867572
507222
651135
386802
492869
187667
982610
427742
954854
948052
198779
463219
366318
328257
30509
762812
585287
684514
85614
916359
127423
149285
757286
574237
18294
110721
817431
472727
105138
406412
763939
795183
794235
184532
649480
989865
404612
527977
377248
31402
141071
557053
303007
959148
261952
802578
490829
1633
950376
290696
55461
781972
64078
897158
667302
794545
738067
482734
692292
614520
695068
524277
771503
937209
760431
294067
578354
926729
230272
370000
202473
526292
918009
801931
832033
902802
901461
788850
587475
746837
256030
502555
306595
781313
811669
239190
236031
832759
202961
78716
314266
694521
589663
852739
88768
458464
500491
991704
922007
529087
727240
478966
522564
60997
74260
519597
982500
747262
106311
169167
561248
97759
829164
459019
163570
387513
410119
775941
525042
295180
230508
455072
814049
774424
594443
573581
156323
511523
500702
471623
632644
973627
64917
762419
547450
467786
710500
184656
125840
328307
881025
877563
166091
389193
139187
259515
990742
313694
552268
423275
975431
526239
224678
762612
826376
400290
375765
396721
97096
771173
544574
444214
837421
758877
932593
168313
551305
352061
410964
594768
490210
756330
403517
29682
657911
801765
294612
5588
348141
254395
151337
750550
193839
950047
690357
471376
823418
619405
637057
800855
138960
452322
211499
464890
656709
925349
76543
404170
567807
422531
596726
267048
60506
327181
684437
202080
525157
360750
639886
969674
652243
82054
270759
933629
963968
396342
975856
961297
427925
367434
626751
85617
971220
802276
584225
177666
17336
178661
832379
220817
717813
462595
368940
325269
609317
516323
662661
777878
341266
97602
962003
44566
73918
931060
641451
473224
897500
223985
110317
517363
135452
78297
751161
487691
90332
197255
110066
894492
23117
662005
614248
542635
592170
954010
410329
697738
116702
901802
774492
818
631688
759532
859036
370343
754543
932166
928109
709816
573726
259114
531483
860895
652496
876338
513851
200450
600421
401473
712202
521688
246590
467898
994146
265131
269781
954686
16875
272354
773730
293729
794305
824616
101171
269234
545578
520090
567171
538639
779005
495776
738844
148665
125263
243110
371698
859215
160141
709567
524595
490476
211428
389248
615064
911491
346046
847953
311816
246477
963471
14124
377003
558805
674611
388987
14183
675463
537345
889592
535788
120396
650673
943769
462970
462809
643812
932216
95778
936878
2741
620946
37829
102548
846370
238002
690732
552527
450886
187979
702455
273047
330471
928051
883312
238783
7836
896438
964967
581517
608756
43788
251896
316148
603324
680340
253844
419482
788591
457103
63225
477370
650080
519245
68482
297488
709924
474361
360549
930856
549644
586822
63069
111656
470430
887990
802567
308343
16314
386508
669978
376580
953044
443991
682833
276507
448332
573613
374433
110737
494354
780593
203498
904189
428404
109179
512091
202978
643187
104729
430543
349468
408738
924287
675068
750143
818151
670409
419168
744360
370668
537370
990342
584691
743341
843357
434632
563682
455463
225625
604924
466550
335987
748167
345957
36180
473441
716079
640191
983255
867568
59317
657675
486444
223312
772937
954240
896942
520771
517780
908793
890523
998080
540852
685896
858330
790436
352001
40353
242762
849464
266757
311631
591991
568172
159190
178219
880958
594622
624593
860205
614614
942844
396691
983195
319885
375612
53328
150123
600655
15681
698802
735888
649485
695130
601225
494955
26497
84080
487921
601188
977785
774067
717785
42823
838434
552858
619495
845101
546032
950383
134485
561334
580701
758424
651682
341941
460301
977403
725131
188425
204928
717797
26320
848583
807365
337348
785698
440339
567379
17676
953259
545912
550091
705194
46405
693858
601815
137766
337115
168792
911705
155283
314858
269395
966954
294791
551078
655535
526914
143797
294337
539844
654950
536019
956670
631839
962092
527122
495021
904407
299736
692737
722832
613583
894176
904451
192215
51099
745179
265991
420056
453515
874808
157979
476060
382616
248133
359112
756897
883238
787703
798269
674382
275569
399694
400850
917140
242428
270136
194479
796297
780131
302578
671836
228648
848961
445177
703668
665739
466703
910421
926456
395803
700989
859326
82580
276476
341469
977475
662458
930040
585559
571316
370090
528977
261533
874140
44739
764102
213636
59104
279093
987295
471543
417757
562900
905820
21241
574932
103076
840525
548551
259586
226369
688785
464713
50374
557240
906487
386019
304767
281870
218036
24459
462165
47263
832639
118600
576581
402876
327869
373123
114469
6313
854639
474251
553292
816208
728413
41634
426084
682409
561449
208530
453733
357014
637720
983445
702353
260639
925385
689382
141416
604197
376588
886380
613265
883973
280095
225215
184468
485295
598153
166568
66589
768186
854078
951414
200648
109711
807974
509240
70673
627463
181767
633107
283402
456210
993316
780736
876987
888515
222552
835831
292401
215145
765841
550290
139468
985078
158702
755378
420622
81836
825225
612145
873378
766763
5187
27773
248186
950732
363359
96551
306706
723616
437915
190604
107873
955616
476621
487329
591196
998206
738183
516894
386745
393885
502284
328531
481070
702558
990654
495607
132801
79729
146423
801341
727860
199575
764066
169959
682860
911443
870111
310970
605405
462590
685738
928389
948071
67548
316186
661078
683700
713255
132725
43860
362835
609552
830122
169338
584569
536846
943551
461010
934184
589105
35972
380694
443713
454029
197865
763387
42161
825642
35639
754117
65629
708991
820455
378945
673456
944736
620700
304775
776032
340328
713963
910950
724003
658080
469872
424407
9942
854420
827258
68401
149246
810525
181568
564232
113764
119360
329680
213862
74970
37305
808521
740761
771148
926123
246560
921287
264353
142857
564697
245968
841858
477512
748267
599968
723269
812201
471330
331116
618511
832451
136667
630206
846779
239460
700814
816725
299468
719847
193536
398227
800909
812176
369599
710742
934619
813354
457190
682832
523204
116626
409745
90218
367192
690685
150378
784262
799574
46124
671479
662470
229819
816452
878784
346186
592811
365479
487815
329462
400950
61216
342565
835055
910707
936339
918159
384462
202132
938032
891527
25275
948560
797394
362564
69790
664077
87469
267768
36962
185143
890399
959889
768657
484206
748722
805613
199768
698967
132230
328127
17996
719123
886771
263461
681709
273293
985526
153242
660436
700018
883039
47099
96025
352480
768427
700162
514602
306614
687037
624742
736651
595803
994978
530170
136769
270292
823650
81811
614237
581090
255573
185812
690413
226929
793993
894694
954390
673926
303536
324205
721949
517746
500269
957065
626494
963625
944265
301790
157061
189376
144546
100182
885790
775201
389894
924841
500020
915887
361704
484857
272560
144209
961284
466683
396206
641181
708788
479626
314163
570582
999786
650001
673953
89113
488443
188820
538891
408163
962016
734306
579146
61473
384988
225803
673853
44034
264002
754983
360517
152140
190684
319999
778610
163649
509234
344057
424171
975648
524014
498199
625421
85494
165125
592937
628980
904675
346470
924675
471673
312207
260641
982908
919463
280725
868540
534589
830972
482337
744313
974800
151976
401691
530604
685679
482690
85918
787461
660785
684821
451543
447984
478107
953061
855928
790339
182464
620793
570429
582015
851410
690517
708632
218153
326098
782827
248234
596386
980532
599527
953022
6683
388980
998273
795386
977368
968424
984988
113875
63572
655109
305838
630553
244190
133979
256578
386039
16800
812722
851002
639162
787425
141606
637927
173861
97609
241473
191474
135165
234539
357264
403708
963280
5733
834450
579918
902783
571285
906692
701727
45388
213601
73102
321203
559061
442786
41515
855855
341514
800764
767346
391446
280599
669523
225702
774802
363644
941898
386919
743588
905400
379027
872412
773843
289005
668121
829697
1637
580904
778330
345699
726060
599618
334003
339968
9026
681042
826914
423004
971612
207222
893213
829033
254032
669717
365217
957453
788463
824214
365239
718288
299119
283862
834265
588524
823765
468715
17129
269747
910338
961712
258699
950933
533412
500706
965712
211267
909766
405144
218368
726603
364434
79427
401902
238213
537770
943615
649788
350929
418172
31084
524752
116384
842983
236875
582686
845433
444142
56821
1682
403517
521213
559009
843307
534929
216069
199244
578393
371772
74866
975963
750567
551276
739469
597729
152318
494216
569818
259396
414613
404689
346476
854443
884767
955958
253629
936076
83185
494086
853408
278247
345964
286769
278393
645236
716108
247350
190443
648674
641966
259467
267941
151824
81115
334588
136780
312969
905323
316371
227394
120280
623023
660906
28720
524562
192981
806294
448215
362905
349236
295200
476034
812309
945579
75589
382878
719345
343964
559831
982017
533999
958696
495262
529076
262736
396049
485569
55696
827152
22192
724708
623682
291489
401096
13657
198890
305044
720192
500625
428180
504390
117207
96081
544155
593171
49293
808070
428051
723578
185140
574711
374247
729879
585736
746550
812273
924608
380122
653333
678326
603555
692853
452445
307740
646846
89033
527757
473149
953611
534641
95837
136230
424672
648981
361825
964521
37301
769600
697574
302930
888681
197826
514691
704471
35403
520809
253559
475235
381125
419362
48080
542740
790858
689850
270122
997150
300416
758924
542654
743069
863972
148896
364940
200217
731905
592379
790295
915165
700581
302715
248269
41499
942442
862485
493374
250837
295003
178927
343020
523336
928316
842047
420173
133694
857221
262553
399108
741443
245204
557494
211853
261013
436923
772647
64207
528381
931507
972416
865770
725848
618453
121881
348096
34273
303815
576594
730809
494446
491723
482640
824840
698630
777015
438486
624103
252879
79702
634189
454200
516542
139650
480624
714903
453748
730220
560363
326263
920269
205182
171334
705572
808141
939119
723177
688935
537647
717083
529954
489454
978217
353131
845179
802823
372978
776839
506101
363452
611369
817266
26545
802573
668109
62057
672887
364486
810075
126402
366107
652922
336460
44878
156981
350772
58334
377599
504955
931267
115452
2807
599879
253247
188525
712150
296262
873163
914003
931585
953081
559274
922325
839559
56652
918901
906227
772066
879470
787207
838148
992339
663284
262991
497912
112485
999277
289338
62848
517438
740114
790215
415058
750872
572508
366891
63400
535887
731081
745269
130401
366804
334687
811195
585104
681501
766696
534535
471918
419859
981275
281405
995593
275979
542464
738581
136178
669910
778992
598554
710650
602365
495614
162959
322338
787331
966788
665468
573494
649339
557389
847849
812177
488986
687593
458151
293527
414169
727670
109918
709150
323306
135689
567588
972909
472398
975260
465092
175772
769795
504271
697980
410635
424004
588880
634234
122918
406320
272821
519518
99480
311512
838290
855096
384280
447793
888735
217778
995845
944157
807272
135515
238242
234490
306402
973154
580976
492928
144555
391564
808045
535182
376572
583849
48942
574745
138418
642580
845365
715519
399956
641874
123169
209006
75508
177725
456664
381456
126385
147660
915535
952772
956484
606508
24778
866225
566221
352244
236798
808599
300239
993942
811569
401760
743406
458695
806884
259155
715858
650800
64580
137053
273833
289254
616556
851844
42695
705087
439864
305640
178456
682527
552709
579298
442827
905177
536193
10751
559520
636678
449627
96908
380906
763949
232712
346479
965179
980085
397096
926407
487671
891683
708759
812750
714075
829800
173042
687302
311960
469546
723386
505459
825076
323922
716375
47988
269143
913942
164373
628500
696232
450686
254249
575162
379883
296324
906681
677906
762683
904172
337646
827422
578231
945243
127474
689662
651825
500641
394700
460253
28119
901013
37780
339978
118931
185875
419514
744260
214994
608473
400611
960487
450160
973900
437628
143555
270515
1267
584226
799184
547730
657158
678141
150925
84030
150693
75420
802731
309435
603376
428555
138687
48783
994028
86086
17748
515065
661689
846052
824409
875327
195444
485061
458521
640028
897027
326366
290589
983531
913439
613751
294063
299196
298966
548620
128533
763804
745609
397689
931575
346337
645231
728247
877948
546930
352387
231814
977137
634646
629383
579961
905044
986191
471240
424558
459461
296945
791091
698915
52297
842463
837492
414451
580456
120515
293111
407502
24562
718320
164343
603307
866516
188593
346457
650315
469423
944923
53161
131939
195618
528639
299303
580521
542458
981811
409502
212983
776633
999402
972090
642367
892421
526070
874854
138124
910311
200813
703727
117792
921920
879620
25730
578573
300988
324878
702286
340896
159555
911817
714737
150158
88820
269746
499026
735137
790590
670499
581403
372047
64329
163124
548819
141605
902263
959886
402580
153477
850522
964897
556082
697742
179467
791070
869135
581902
579531
55643
442393
129185
11374
821298
136897
790636
541707
177946
556395
206714
908805
248295
623407
137952
477871
268570
263868
112524
71741
618747
974742
10288
916451
479032
795424
854895
417272
992336
818640
120327
418877
58199
601125
771435
621150
624429
900079
451193
302628
130964
577701
6575
907985
921333
658740
301192
490980
975572
198498
5067
21189
558768
824503
214749
102246
995713
309919
103751
117699
94631
143243
562906
628241
785379
676861
519679
919700
770577
64847
116867
218045
900016
432294
654814
319376
761852
32706
844018
479182
277706
408974
677755
930292
729036
469646
627730
956910
977318
374187
664466
635019
986058
20066
394804
566042
220887
178310
566695
577221
54454
217677
85890
593254
604459
267916
827227
111442
528383
404972
838186
880986
643634
472608
230449
636117
131419
495805
267628
995918
139199
869903
352751
996247
728055
750316
138344
126079
530632
298414
488601
558944
727433
93320
983465
883132
869888
284715
321992
277819
461179
864855
928522
612219
655318
115299
791071
48590
535205
166944
364537
321778
926442
814731
336800
842355
476428
572633
411664
838019
628277
493980
926978
597909
344685
936720
742443
599766
239029
787305
414297
646370
788946
873555
987089
679551
347735
25292
479274
571636
704208
99586
103605
669497
536387
670474
619669
645935
527736
146878
677245
614979
372505
786481
49124
313668
366534
692835
478258
685994
251083
594318
919709
58325
97556
461151
678135
777790
272019
641580
266381
455858
72390
644683
643541
286274
551154
366462
890175
99012
19772
935037
140706
957638
203224
442698
969591
271692
947577
519945
807961
188795
607193
494816
319495
123178
147112
417932
973850
590524
945898
700236
153123
159449
906588
763370
198301
133947
121648
934609
612106
806242
704805
224764
169398
978888
927770
289179
313830
706216
729734
926525
827619
83432
326710
620490
668286
965600
864042
39214
223019
935526
638958
374895
874950
464622
13731
271884
101356
23891
995148
886217
21083
897900
660607
131074
994
176013
869399
269261
217684
806329
262936
134604
82421
329169
433142
64548
981961
721432
574744
930550
49
82389
697079
614061
144046
746683
491655
574554
711057
866583
928289
334788
104413
126224
363409
373670
10616
180431
403866
128612
612986
659017
412566
167916
230345
661890
653525
292280
878001
558397
92786
268107
983284
911476
212043
384726
511845
709079
160637
156111
792475
599206
344597
493179
573145
148010
686166
685540
591993
669972
736581
101850
928455
569366
782223
962028
697778
131343
268170
212199
148363
867790
127563
357341
524026
701577
275011
730820
424465
251055
454624
663887
876904
482267
165733
525146
963792
571466
586745
528684
435802
39013
800979
149076
313706
17423
598776
281780
436211
198106
549181
556141
369708
868666
546361
97823
677184
217010
257744
841896
495029
860585
847569
972712
195563
505311
769828
866398
585920
453370
975521
689926
363488
104174
486263
12678
235893
722847
549652
853658
510480
272379
510391
518753
149233
617351
423656
406421
969459
378663
600365
458847
887788
950403
396061
536992
979563
757493
484776
75433
892377
742596
650856
431181
887126
341588
102202
193047
51124
614863
718931
656163
652187
888040
108676
894060
113440
394750
504516
906929
385928
771874
843332
449763
869686
424162
309302
18997
740581
7962
995142
909307
381769
104475
978659
797550
832600
281035
536593
905530
881174
785855
34731
516517
814641
580048
190903
55429
173622
745575
268447
238610
570700
710494
550952
479124
72226
19449
610900
797317
226667
432097
445461
114542
218990
528045
64471
304886
602404
526159
685204
788058
200683
666208
924537
983450
587248
923101
195074
843184
532778
512671
309101
777948
607284
497367
974620
542540
577153
626337
790316
645269
2151
885723
845106
287378
856580
382338
105757
590718
235303
234017
805257
630552
729415
338935
655975
53029
990492
930028
264748
466232
596164
356082
269019
823249
351446
517553
311316
547943
664769
950168
238936
11674
686685
910930
783368
570403
921408
256751
231269
468465
275952
852886
810100
350335
478291
390256
508316
838388
531481
978241
118209
538367
330296
647778
733029
455000
75958
27510
497073
596541
189947
179329
108015
21194
564489
97511
739800
200730
265215
707059
579932
792087
304623
900598
550404
273232
842045
14777
216774
791056
445714
415363
458466
471989
995364
940599
680113
310590
694206
836042
95653
491784
183494
737881
330364
323749
195631
158394
931229
228935
11252
848895
409207
945872
633977
224540
477730
222859
48352
257447
947856
411660
702360
695254
336674
217493
117602
118780
813476
156311
924768
450864
917572
176435
645921
427655
510875
464838
724527
155074
138850
773878
6665
481990
987498
489475
73544
117114
636913
926451
147428
758095
715085
927951
864873
386266
282322
475737
134189
917777
436641
247173
74539
44719
713035
75330
13186
843432
233205
142436
105504
218290
25630
784722
558904
521841
902172
130269
531126
863354
255562
865784
757949
133192
738612
565456
478865
879119
211240
375414
127674
211586
404927
172938
866498
192961
238902
972280
758363
260714
150105
656821
402253
575176
314945
792167
314678
554079
367342
748772
385217
555665
627022
620679
68423
199781
730669
406020
762357
313136
852740
327883
440750
920852
785206
373518
1132
453033
286429
216239
440507
69474
377886
491801
319025
339933
618690
174574
940236
394438
623968
773482
3459
551299
217653
188689
893492
121265
528103
249997
797806
294573
487104
712914
835539
232090
177275
821055
206866
847423
621712
1285
86299
483344
182404
668368
936266
391813
526826
132032
299839
700157
729787
34590
741081
495939
222129
624237
111220
914950
987312
606435
109474
449242
207443
250746
543892
874232
974339
818689
321131
966275
445602
611052
810821
856576
779636
271919
543262
978648
392184
731176
382008
551979
456013
158293
916764
387582
197821
983293
168475
583756
575327
779794
790837
46466
62248
449884
919325
187017
759145
252796
901709
127784
789330
552549
910100
226579
981635
815021
26006
392556
94761
999675
589733
183860
846235
133773
443545
680048
66240
618652
901233
223493
188412
327654
662256
785942
773445
438119
528317
709650
772373
339665
49789
630268
176466
452183
322214
574848
686302
497277
551671
925729
954079
931197
507
988723
454407
260855
27890
802697
323536
226755
919632
445010
425328
944201
123139
185644
934514
969261
681310
230799
682027
271812
164670
398823
297391
473629
982301
365591
481984
724608
412557
196701
705994
222597
660194
722127
270748
721970
806683
870444
651332
75374
632968
548853
390001
396731
936195
283319
880458
219193
951659
692308
269840
896995
964676
300456
48272
106339
178919
908647
38021
194661
643610
154744
54870
245021
953934
869496
315224
80072
365744
323774
846939
791523
480326
434605
392696
57882
738606
775169
698751
763209
166732
227339
36094
737359
773360
427194
721179
891385
35847
253994
189590
297454
586365
385705
659457
1298
266295
640272
330295
803351
274060
463089
344277
7676
961230
419733
333805
11325
290408
506884
829341
815770
397373
217298
720519
367346
690320
990316
148070
430705
820374
73569
393991
724901
548965
529378
26079
834765
50159
800977
520749
936474
824423
817619
778001
347370
226024
540523
801090
917031
522170
187838
802510
105505
583777
400514
225977
928667
719969
289810
308297
255478
913901
981531
79869
746940
523302
892567
829367
7195
19851
145490
848498
174835
699921
993401
896981
205512
54583
767483
987698
418759
858419
279743
299661
947638
306632
51532
282395
75496
786801
947061
835603
510701
116772
882773
384708
573626
546781
800494
193336
507987
993002
249259
986804
318461
731826
743320
196358
588614
847317
814907
676835
506042
828759
397581
729610
873859
852337
117784
484365
228671
380992
578118
879398
676831
40260
788709
651576
91640
400922
328120
995190
814856
661157
557322
899555
756468
390541
496693
2358
580290
30892
479208
135708
362118
566240
81667
31828
462558
258783
356806
943770
301844
323271
681720
458926
962452
820335
321873
554815
757950
388053
229736
46713
658179
706462
488516
236321
852700
44993
600673
189064
298087
682255
179849
21801
636345
953750
277106
86335
405528
742458
997384
703162
952271
840347
802794
98721
175209
489421
382615
377049
151986
135708
534601
100050
992641
510077
245248
89469
856144
681477
321190
688737
53202
369692
130617
154769
322667
652425
933000
737061
986347
523895
721248
346889
398811
776892
329622
200174
701396
286749
841466
964350
541158
944190
957269
444217
759682
690514
268553
139836
249903
277010
139939
404059
702445
489341
625835
862453
362869
137765
639241
417975
613271
277659
921214
233031
344482
446611
765669
976600
579095
891095
520960
937151
681279
836007
629928
202885
35606
931227
968194
835365
800994
318810
242963
245668
442719
994814
850529
138030
65675
462296
105202
445060
563104
562252
5684
660146
8983
780518
983504
618262
976674
273448
199790
416250
545041
966829
76157
303249
838828
30673
590288
258378
839462
523540
827890
652571
696263
579314
176187
215352
805849
492001
819300
355311
663801
53095
738790
493420
450696
809388
855797
902515
114708
228106
662691
45795
556848
12345
947127
617047
500840
304002
603364
288164
173737
941332
981074
848105
981364
61751
709754
465113
683338
317940
960440
362767
950745
120055
79811
922931
653979
984980
287536
977207
493558
460064
525778
607509
856353
445911
232631
427134
135099
63522
900632
638768
39708
90907
811278
323132
844331
227569
359830
724149
777800
96215
643026
703233
798931
91887
786755
459263
989236
696321
382373
489777
40362
965825
696496
267437
377586
498900
103570
37913
126636
2788
344198
749944
764505
589885
227295
819042
387343
410856
421933
131391
724689
906365
240313
801360
981609
173208
874697
960928
208656
83223
484436
808620
794187
890991
111335
326059
678918
739352
426015
83335
330946
987480
373540
602993
514280
170942
652354
402689
785082
664416
340955
530534
250593
618600
315879
646187
520080
830339
727291
38093
385926
4587
83611
538676
831613
906304
706120
537024
159858
549478
800634
430838
683686
62508
955632
419937
495460
767157
266598
931430
535610
53858
372591
114958
560288
605380
332160
499309
435723
380543
888352
132623
75899
180411
216326
653412
827307
578627
694680
577608
835419
781268
924366
906996
781749
723796
81894
919263
883345
819343
751417
611390
740088
48539
256954
88245
62768
711336
315806
162459
23868
839037
730460
341299
460463
734822
535140
974860
51649
986589
941598
563279
634095
962407
981490
759794
961552
615623
386212
916731
660676
228315
440211
34310
791419
192276
777291
336030
860304
768048
609608
343486
931433
278403
672459
535173
749758
68302
87483
697640
66831
160745
938929
687229
279197
238171
332950
356824
968160
549118
822640
830998
392349
100619
290727
723205
753142
541037
954588
458940
611607
673189
498816
566513
258160
379468
557878
656437
365532
71782
473134
340368
91489
927702
50589
831790
940851
810124
654389
214823
420474
258464
345621
155928
686124
258427
20589
79506
87277
438671
249740
866631
471107
839735
599647
555970
485279
301983
788824
899394
436400
424011
480031
186001
430730
314906
962624
449247
129755
386307
587043
19220
875929
288341
642692
267479
101171
74510
661171
660484
697981
964096
741414
62630
153167
664376
253240
926989
328504
594508
309673
165724
823479
636882
928285
116169
396416
444998
455341
810116
76108
81794
281960
876836
49112
441617
342923
556366
838911
940184
758224
522300
538244
24140
134797
386154
69466
941067
272222
46182
378542
276352
35596
847807
322247
881223
922373
921336
623727
607412
739432
39659
600221
799454
314653
396959
305841
806673
190168
399135
117721
982362
594966
849073
852683
143713
807044
621686
887204
539906
324652
209432
640320
387612
755943
132558
76111
441364
215441
680409
651345
414871
852739
544476
617145
851265
791134
921265
953513
378317
639654
162352
337741
241170
956216
922835
60032
760344
798650
122001
895433
825389
866532
528578
562713
418350
242850
444772
902168
711310
114708
311031
866614
842888
423520
829647
775995
215142
248024
610509
634314
361832
696578
900673
107030
234995
63969
453843
25434
586855
379519
92799
155810
940874
959290
977426
491158
542200
162642
952705
993840
318457
593732
372469
691666
120189
204286
419952
572041
153671
403665
785447
140238
281091
251254
126905
112106
870599
180526
414927
958438
945785
292510
236756
157192
87098
383677
75583
244383
287246
47505
279066
820435
143071
686411
483181
822188
791246
280953
217230
601256
244964
622302
718494
331215
784296
936825
72341
293366
469060
784547
240603
771848
470864
688025
953697
878880
812785
585162
766592
69665
31635
323306
678698
215896
278494
792952
907676
502757
844153
242416
463241
344580
51990
295085
195872
981264
628265
463879
839372
19115
232391
657677
277029
720790
995649
151176
448816
20499
501524
223821
81818
890490
240329
28355
925637
757998
924681
786064
475652
653254
137871
397558
716228
497788
773593
993477
119817
49840
615093
676050
802029
917514
454624
667747
73448
798920
394778
175128
385944
245059
46453
131517
516261
402805
724456
275929
849939
313891
578472
484787
633002
241514
113987
179357
263527
445070
609482
820540
889431
576461
946889
728881
947543
457451
747704
592426
754067
81279
270262
274803
860063
595856
113160
449207
235403
181605
547069
926844
450810
790070
245039
593233
671385
783699
796057
752629
7173
709230
888475
647443
503692
951155
701779
770872
859844
614316
690133
490049
440377
68198
263660
755412
79227
952361
976134
177171
227611
363246
433389
996650
832442
983498
358281
840166
774969
436675
28747
364480
915137
738665
42453
765306
103131
856057
989991
636459
390134
503468
667114
743481
462966
559036
781654
74413
314154
593395
529090
43557
135548
558631
443944
393910
114744
296530
280632
49240
561218
255148
358082
372090
789167
841694
229073
462105
91255
910699
879360
705522
64446
557466
371442
447936
837996
496806
405568
598974
512753
729314
958753
237288
468956
569840
410270
296675
795920
202580
541883
811198
818683
511663
825089
521397
328362
130864
548530
660396
838010
806260
488911
721287
339125
681345
261218
405797
24039
495802
684881
813578
726828
224522
602186
893711
618308
663949
567121
539746
249251
853695
744342
546055
574278
192821
250587
492634
754204
123946
744236
862202
586507
849671
609355
538934
983008
958872
488172
199444
323918
616918
940324
651395
219060
834798
923399
720458
870930
274103
178123
759925
73946
519902
221510
665222
66409
440665
911590
966608
468084
453259
714498
739665
368006
55244
756591
367576
667651
98731
187027
846214
226703
444550
452538
737213
501306
233068
606679
373270
20040
780962
595053
134524
341894
926235
981706
80585
604351
820625
389380
610293
132468
259514
725330
747422
121684
492762
35709
185167
648533
599843
162390
738730
666236
718483
430310
401492
516550
915139
346144
799033
719024
711545
699269
76717
208910
971991
110163
878636
704399
82510
866380
159067
541643
305694
511455
732481
936833
127298
587115
633561
681490
34003
545043
386536
771449
241334
655729
585055
21772
322487
314472
541274
131681
511034
453144
956841
224822
474112
790728
694845
603629
780981
185881
957464
758642
233177
96628
47371
553474
153777
9315
631029
100602
474570
266940
80327
57446
444951
878994
818994
933827
509432
627327
873209
263116
772912
358603
45225
292464
462143
63446
599400
611540
554505
490958
641950
33522
127902
116317
263157
221563
847676
919333
50136
304119
875602
714092
760812
742369
273639
671496
914291
26886
335519
221676
840014
73055
734611
136164
313402
782176
280550
103546
657051
126960
911666
106903
65371
312642
448849
340800
72034
65452
872082
724201
576015
473161
33027
629120
501230
540325
25561
506190
696315
92076
704822
108385
758296
517646
796182
891702
750319
488759
829881
417077
284225
89327
205472
304106
135624
586214
46447
148136
20299
490745
807693
631854
504977
110433
494357
134730
396533
973302
399054
943129
810838
917550
629250
306620
602616
130270
317243
535557
212219
369507
436272
958568
783599
284288
103102
523735
720514
382786
106749
625396
743022
957948
172474
142817
990944
73552
307589
929405
785087
579111
926058
648338
543461
441078
252287
201874
962552
22203
486705
464594
78910
544691
446644
981226
391396
613728
930461
187684
72312
824842
389203
89382
297799
747029
961044
413150
310414
999404
559329
828916
102864
144018
394170
532289
554305
384469
930599
671397
385521
861702
212454
628495
304326
515157
537299
151070
140345
692537
637367
957811
231499
866596
327319
250833
171873
398083
178086
466856
143845
268210
918703
143338
113763
456831
429221
176640
101865
424473
937530
101630
579045
503774
568883
507071
650570
745292
917771
401058
981220
828473
774532
79710
663883
109514
159065
420279
116873
829098
58012
772716
278374
529203
138145
944103
567926
971483
116709
79989
708372
612720
427296
207621
101343
849037
909189
325346
284248
893506
568065
242034
641484
464052
601048
149744
812435
770932
752699
71233
327761
788310
389896
556262
130164
640164
208547
294419
916685
60827
925186
996642
262703
254929
966757
180256
496825
787275
938407
117755
976134
8259
140857
959205
186930
639349
16642
361467
103165
486820
908616
738157
646227
320667
340918
450989
75153
94835
15728
926858
4597
593104
515410
522087
100738
734600
890104
397769
828920
625124
537047
3920
820459
535797
54729
804993
919894
616268
453183
211141
753091
573759
910619
224114
203409
758974
164255
315262
210438
795491
888725
591196
41265
522592
183748
959385
678831
32916
986827
59547
120968
647845
295142
541926
741478
300176
713267
499185
153402
544088
308511
973465
129188
829526
561630
820211
695948
730532
985913
724751
431934
296990
717216
605655
151514
49229
850715
910547
442593
599197
576760
405418
580241
947848
570248
367524
95466
939665
977176
857375
216647
783897
964407
846241
320475
976212
561615
579986
651296
19072
22395
496326
341443
357517
818173
209126
99412
546567
90687
21597
390138
209279
881127
224836
418284
573276
673822
455600
606536
504955
201583
53115
317310
740746
586069
388356
439512
267785
551315
482024
671131
456649
985763
820564
937707
499776
882917
826044
977802
167264
872587
586020
586230
378820
594399
588235
332419
958757
787363
885255
483417
815564
543252
663604
920127
899878
354168
56912
664289
542015
336220
997796
697908
220080
50898
741374
938413
402803
785222
199439
688442
723366
963688
626136
138773
36594
373564
762342
907491
284188
385184
898423
539968
932453
147147
33092
406825
528276
891957
201962
973747
462862
167588
297529
309114
626522
474241
33086
231925
226751
370922
791173
884913
918184
590452
649558
973493
917254
413487
461537
388253
556190
433157
720308
893725
205207
47647
145601
860556
334204
261207
805720
564800
832752
685360
58028
755735
184953
879332
79778
582914
601421
754937
638312
160224
808269
761875
206431
79742
117133
645501
845162
970853
692234
652608
585810
261089
642222
711277
443903
886779
982700
61562
784391
401821
248174
436313
750581
938562
168921
249836
158937
577849
52036
89364
904067
672587
692450
675653
469235
730594
813322
624471
726004
332790
691574
131571
974246
384800
378877
556348
380178
693652
74435
414412
115771
973189
118884
945494
218245
499864
305081
416286
133440
362583
238261
829043
630195
625046
479671
148902
859099
364670
445561
98567
411280
991976
96806
208683
637049
285214
786857
715027
385713
666371
843303
123708
467212
377826
513756
25351
754005
220630
635578
90085
659645
606631
882428
413780
194730
145759
848325
939907
768984
834748
553147
714098
996512
159868
877471
404199
498206
318532
781444
724566
197579
864516
424723
570220
474216
582055
445519
46549
324421
182589
9037
503220
841243
720968
625399
148379
959110
450423
571379
182512
131172
670868
101895
100050
166031
492465
113432
182921
427304
920976
636030
379360
981087
707838
957521
873850
460956
789749
540246
425910
907873
934173
209981
876216
415486
777925
804230
244207
871527
470961
132947
912040
888508
833466
654346
150040
992
138212
60681
706968
60434
948336
560177
676563
47305
734140
865514
486741
603827
734888
376624
225666
99755
915701
801881
467397
196069
578930
448729
34743
367011
212327
735973
109867
312080
652192
953329
724172
926162
460232
861200
229679
464085
936641
185965
601911
425378
840630
523242
174943
571180
450032
896692
722714
486436
120200
455136
532064
471494
159920
121062
697116
694692
519243
195481
825402
573920
965018
627062
393123
793599
981560
238730
746703
825727
456945
380145
217810
8194
535074
345091
181764
774469
166049
864937
20543
105449
188911
759716
385099
992452
103306
503725
124565
546543
962573
845413
832533
562190
965466
396475
59965
959282
360214
156165
368818
94780
66705
680492
275209
367452
911088
763423
986081
289774
788211
463799
6015
692975
858466
152778
216982
341872
980268
64488
838809
394403
837669
977914
554156
745166
140076
58264
725205
495196
74932
954368
754039
590650
842764
628794
321330
800393
52110
221732
625204
811809
900168
393241
156836
331867
318876
628758
251042
856625
643162
620276
820704
513426
495015
943699
381151
940013
312125
718469
728335
707322
192964
729859
527410
199974
968408
348046
298206
876481
668234
786591
479547
339252
514
385762
300622
670362
261409
333095
398513
294788
466800
684802
915989
565910
886324
847692
347698
773955
780495
939626
45975
99531
956281
386503
832861
708893
460151
803361
757785
983670
619215
955808
590468
568726
239069
435754
858525
828735
174869
860647
571090
89545
168456
815298
591293
16886
108336
10089
586638
917786
140495
350150
911880
725083
773528
577741
586401
420290
289188
156815
307313
772601
142019
387727
529879
314647
790736
449518
535379
20944
811250
303239
441283
82308
184318
607678
730104
524948
561160
955177
261606
698655
906301
721976
945809
638782
764822
603935
375127
61506
867156
312727
782104
881648
142164
393316
864217
962545
36663
982739
656306
189863
810220
290217
286692
692445
340893
586214
958439
707865
225492
375797
480273
514572
849053
713905
987623
231485
300938
990270
122936
91491
621965
590377
15287
39311
956032
806078
776448
34703
755065
773694
739405
738448
552621
667263
922131
840252
674188
849447
487295
231075
968085
729929
949631
533124
258410
930105
148742
347373
622614
346928
257067
390655
882226
314429
592505
263077
652995
623196
970698
962395
675452
314958
956740
973935
364422
521386
543667
342738
839138
974154
404912
193399
848237
822728
157022
646709
31609
828226
121459
503442
904795
200200
115306
531298
626621
657399
536770
661037
167272
537459
691742
729769
625673
484630
256045
141900
250836
547557
992631
795064
877740
233184
720465
24396
243497
530713
356356
323644
597667
96261
633225
125582
450560
813161
582603
966614
704015
451788
851886
349793
255758
56847
209286
496134
862259
623765
914584
605622
902364
342182
166027
726825
806776
631665
84519
545946
165605
403619
725834
906300
680485
71411
517631
10919
449021
170740
949947
946714
348516
554863
674489
640066
361742
840267
921486
923817
658762
249169
528023
860079
725307
616066
532415
560516
977113
696285
421095
676740
72712
618744
23408
449895
853645
424884
931464
409399
768258
319323
901565
485159
915471
968129
356524
910944
972168
41177
872288
734114
702345
807825
154527
750489
785153
382542
143886
50516
729002
788468
505903
493964
790199
152273
723127
25507
747276
677978
203416
68515
980677
654663
462856
649960
400004
116575
39169
383257
902192
831445
645604
909313
515074
82757
276623
3368
417570
944344
738190
374461
983227
35196
692664
234596
761615
21042
404709
799560
438270
791731
344689
750257
969993
287265
380103
756275
68939
121897
525715
876223
539673
519479
94019
361407
897303
723143
867081
263528
350156
65010
616563
768596
491613
985424
417295
77026
113167
209659
433460
463597
288062
929925
398566
390943
264569
699095
36427
608085
249060
854006
419491
485807
493405
621118
697619
185520
132570
649256
214930
240529
193308
465586
438388
102638
6298
400470
240566
700518
200912
478454
632159
620204
922647
119106
893569
7172
359360
579331
918922
389035
906280
483384
477452
504335
268003
534970
833379
101294
831563
15621
740966
955388
318906
658301
149149
410069
412528
791189
286956
523655
88732
293940
381504
767719
850301
879665
704320
12857
49215
297752
168696
78010
975346
685207
222308
116108
530107
258646
133931
412654
836661
640788
594238
614474
419110
71386
105710
32462
978176
706610
647106
328150
1754
810603
694155
508489
548783
769520
764097
70155
739217
536801
342235
662748
227224
229310
487894
166541
176556
675373
924028
154745
16283
52705
274228
545323
52809
261488
478832
935341
217113
877363
239817
955398
772945
625657
983675
459026
600505
632005
922107
254317
614718
572416
689201
124200
811557
201017
275149
780869
500215
176369
489143
489036
743914
891843
108899
963261
459541
142957
645510
290648
67299
595688
923853
742943
218486
722785
472653
748344
550834
877128
566146
337047
476322
277970
898419
158233
358031
632161
794763
514149
587093
788318
651638
504634
135759
225422
538358
419582
322513
730585
963838
29294
192651
951180
858853
661789
451945
215388
189852
347873
7089
394402
642583
178429
127646
441403
971797
831975
774228
254416
704744
106372
636187
983587
380952
497984
47388
837731
917461
979138
253779
81677
274264
402235
832890
158576
716381
323915
112288
212339
720333
230682
420041
76921
838083
928110
652836
68553
458486
282525
57801
915486
209753
194377
470491
719660
808677
720233
562480
696787
895946
853909
7367
503132
764641
713969
567331
733949
131539
230270
287059
803318
295105
118416
563306
993844
312258
393560
511883
776239
324627
940292
487321
177409
330375
264180
136765
241130
766495
189852
458450
979519
568667
617892
133405
727613
238546
978630
452484
384371
49338
998965
304934
411935
471971
428574
23262
43438
823838
529895
862504
724025
407222
501851
394143
231090
8228
392632
725767
825999
522868
568367
12507
288302
533463
550584
254489
777158
851484
490270
439863
245679
799428
693971
466233
627168
684393
594836
403539
487391
331650
28942
441818
117509
942868
538787
428311
586462
703911
814773
281353
658294
938562
202518
343366
380018
755536
799710
961534
490678
313141
632777
984873
932601
745692
991576
572492
83361
927116
516978
244767
730638
645885
859337
631503
247747
143271
450732
143257
508673
786881
48620
850067
632565
739064
894045
339033
693252
979139
925642
704845
712662
819124
687691
975193
690160
865731
512311
874489
908214
813072
101469
707848
923875
15065
511483
237543
405119
701818
334883
831770
773022
972161
476820
866038
64262
74154
456119
470673
614182
861682
506875
949828
945314
141143
344645
852627
263492
242253
386256
815948
128723
362709
425050
395148
997453
596158
772852
366434
867152
313753
786914
81691
123505
27490
254656
951679
377788
324657
523708
532850
379885
715354
931913
757870
216317
320670
648462
153137
243782
769672
810429
67546
180300
563873
212169
351501
744323
328128
754770
409328
103631
518728
513171
588209
666494
400961
429149
210628
397368
609185
457747
339419
774468
716426
619678
644679
289673
898690
32246
354708
530735
135457
145894
626300
714319
681249
713958
449584
349964
3620
365988
540554
588747
787269
351517
533652
776681
478096
346605
512430
822387
726638
489808
434023
381809
446241
22509
434548
674619
200426
735330
156394
411673
266631
280209
437516
688598
181813
972270
940729
928133
875514
448934
875179
78628
328726
331691
750378
225713
207611
146000
409246
632601
440853
323202
248970
615004
787660
211846
767350
495791
17565
162798
345190
941991
250117
360713
693761
775147
393483
931436
71328
636538
979719
593391
421305
394823
932555
270240
245036
217656
536906
211852
672926
891749
324045
954257
243580
555798
158288
374535
164640
592597
781062
833912
233855
409643
177110
671756
968423
170269
598726
103368
459336
423751
493238
417880
676639
68561
405304
300529
68200
482589
224247
659468
248699
527806
799670
363411
914843
625174
96641
396952
283885
902080
249866
688476
487844
304703
788125
470404
822451
239807
122892
155648
80099
723129
647551
284302
807791
314305
822592
823788
270028
908885
873768
228937
514607
373132
299383
570338
6368
461091
720924
804519
502817
555575
602863
395497
992455
898822
201573
680598
383223
508513
870702
849304
893703
263091
455000
584357
496806
328467
886167
421390
135113
814207
865885
437967
709378
492715
518987
23728
518926
88405
98379
917989
535897
807697
807785
211292
813822
888268
677577
806386
485948
669761
90979
194422
635550
516315
647529
629033
578252
546409
447958
607899
214703
875724
633128
647399
977922
150828
961072
636809
504572
137954
704192
23967
609648
955913
784684
638930
697450
317937
729723
677952
199185
182717
717969
849155
885752
470222
208174
284452
874807
555623
120077
510779
474031
139756
736179
476950
423857
732835
120486
719985
961447
392058
243803
390963
113435
560636
533228
774780
206865
722221
241287
650988
456648
54781
911555
299733
192448
642930
365319
686615
692567
81865
882082
601737
952071
696582
110565
234982
245556
74212
642056
934167
413029
765803
717093
586428
414992
216376
758573
450682
574783
174396
526776
591874
93021
198655
31366
879124
914534
185244
877349
146447
523498
772688
341367
782655
459448
767999
257799
383611
899566
442671
401036
985529
269421
341790
802724
614814
523720
615021
912570
636526
140358
833978
795613
981436
723881
187746
450251
962841
66801
170965
187245
434808
786330
987121
344010
785206
931314
693963
512703
701882
245598
384976
3018
77395
82139
573687
778405
552249
597249
25802
687043
97660
42301
980033
946211
405843
367008
755932
937354
559967
259069
648883
355319
756854
102803
486271
641312
753397
97990
813488
843453
629402
965869
12307
25244
100999
245291
689237
389502
730608
584473
56533
222126
284696
961779
838329
962430
866372
848030
277701
231160
664069
389555
607756
790589
79609
464763
169025
457538
873149
482768
1153
224052
821621
909448
665632
284703
232148
803677
955481
939196
896792
739555
504766
357333
629807
743113
191845
720920
645182
497651
920827
223913
767760
489401
952671
733262
935055
453504
220449
687118
511216
30930
834001
809169
293476
432783
694003
886232
975452
112336
865709
20154
440941
702337
628369
926632
350172
797759
603554
397055
433674
543326
241800
892954
96911
65194
240690
13649
378155
194791
482327
678949
793507
957445
971933
417186
455438
579982
313315
3927
917911
535813
235155
551708
281982
826608
171272
879370
522704
29162
7963
687824
579554
987648
616973
626257
796766
205659
527050
960122
129235
478964
726248
267315
212727
869453
271037
486624
808804
550531
607347
209414
632613
370030
777384
991717
700122
7127
59822
284862
368383
506402
877327
471201
259847
372521
742458
136016
137112
597917
624019
140110
83346
237602
203555
188056
827526
820617
98443
74335
447743
655401
228657
363424
784855
108791
841379
43051
39050
127963
717053
370283
498577
32181
274801
750138
254401
368204
888034
799979
237491
715744
604897
344239
785152
277058
280993
61057
348712
993638
953989
848907
204886
237486
604372
352062
30721
115837
945458
846765
675255
819191
12698
242729
888654
262139
215168
421433
99647
134849
811539
779816
466524
84327
180206
568743
856108
949781
217878
434718
539077
813884
366145
672946
280351
434798
135369
806865
947894
336292
523431
686345
613597
199653
608959
381310
708579
612853
249169
668320
530385
854907
751672
511721
318388
655218
988729
594413
122418
500227
646528
510446
473238
918544
288615
586634
551416
549450
463166
870045
682278
858062
593897
589750
10839
582380
548603
52357
745540
655575
791601
384660
788926
767030
203683
835775
619524
279547
257744
338067
936445
779192
211379
944102
703754
205321
430877
982088
588190
771448
319994
261370
356708
933329
2265
595397
285441
765733
905910
983688
155833
671678
21346
206111
327474
451263
416595
816203
440851
828948
681360
479874
375386
423095
131821
407742
281971
328537
401827
146783
258416
925617
380383
513207
32863
250533
29634
794426
79792
397792
987418
694145
114014
776758
166662
306724
380067
506593
840688
392193
294633
897965
101028
697315
796562
110736
40033
780546
241833
759439
514117
748496
860452
605994
42440
12693
723013
727197
53581
845548
3181
891729
581068
491279
690826
893818
122804
650551
158932
870327
511106
667324
23683
916742
835408
128955
427600
389601
157474
298305
927407
974788
446492
255415
704493
639407
585987
409613
459535
364693
678218
729134
535134
548107
211379
171872
189621
533584
704866
208159
834657
64793
364207
995035
728619
326851
88902
199657
858030
650577
785647
609868
532924
905529
216802
988551
470448
706396
794830
259742
564147
959623
78136
459290
170767
12781
767262
448207
40364
903041
534340
204603
465540
351454
500299
170422
434974
527785
345976
757595
472787
142021
161255
636874
338047
453556
189145
113427
768093
154753
73518
780095
969620
16132
724926
750444
974123
428920
914143
299656
149137
270693
477000
345895
807112
383407
604009
862463
888753
344954
760239
4422
915250
276188
185609
912317
398895
562370
657259
276447
384459
639166
328383
403787
685840
846994
191383
599364
689288
42051
320177
272546
778875
123256
89393
720881
549745
427147
886144
816859
605866
395298
139711
500938
766956
104079
227515
274019
324814
242144
796197
94968
22332
75041
140760
734409
770559
101318
413831
409878
528524
699601
439004
442442
978170
131230
895620
671419
854635
669142
40097
138838
948666
679905
68391
462286
874916
333248
71330
379896
28169
101354
132163
347355
225751
238054
218924
21970
289647
131791
452990
374020
836091
620625
549612
358849
442927
761509
986407
726247
737150
551054
230811
68358
164282
218165
980762
775810
506549
850860
860868
605919
649381
202853
88852
917478
991834
262802
757760
401528
152324
627427
36422
843918
646761
719760
395577
772932
966556
381143
756191
869470
297314
591584
416360
977240
335902
719425
626490
647925
538623
883602
235365
237131
748162
718203
319769
675645
303829
521001
732033
716242
606558
401753
568855
342933
463100
537684
184356
753950
64149
724345
382471
645832
198236
785650
791844
62665
477821
947550
681200
661026
444554
865587
77170
364356
655598
198606
172729
822225
107586
995399
467590
940977
732898
998451
197103
980261
14046
714136
962416
236
774317
755904
750182
868436
921006
112160
801612
455954
2084
503475
306123
91662
391815
23089
418046
180531
123790
603371
619246
791225
504066
346429
450913
782702
660401
419324
578159
806257
168509
290178
809502
134725
160353
303241
400984
930159
446655
270937
643199
544971
249460
320614
358954
961383
219600
893192
386614
304326
950986
200979
960004
752562
969007
825357
220444
31619
918420
466538
315887
96790
255660
698741
978439
783427
772513
31599
190680
411196
825621
832202
986971
96303
14695
237669
970861
69485
228227
393411
21698
227073
143930
783691
575005
204222
533243
639204
262330
356585
437654
840384
755070
417170
839054
896795
846692
432630
128863
696030
71223
480195
196078
929502
656984
313071
978160
266456
228633
269573
828073
734276
308328
415316
813092
139493
259748
473171
771054
316906
308097
297349
408004
722838
229251
994239
339977
959145
35706
702864
584377
501667
176642
424990
418264
831058
158715
864136
472606
664350
434801
288141
536912
238009
125818
216651
206622
549901
694482
778730
441632
378465
371991
207589
86389
196148
933897
46017
455507
711488
416654
716113
852496
955453
567810
197002
462128
561593
1978
544768
358933
949502
599644
556144
602633
812724
734132
911426
810667
384345
37825
306188
896132
660286
30916
924308
722493
194971
116245
389143
895214
477242
44443
585133
434218
759307
491738
661092
403997
535159
145901
119942
863935
852500
840285
683349
33509
740390
659743
294438
182470
86803
9020
899311
457930
573795
781112
315229
4161
318929
494060
583538
604307
101812
268221
287949
617448
491977
227813
942726
244082
846831
605251
318886
785486
128094
966276
981764
272685
950797
868214
726642
251282
406192
369763
194891
94149
989559
680413
650996
151262
340887
678174
659900
789508
742224
304464
874493
856844
677825
190559
698504
887004
95690
257912
888548
291943
249377
478651
880000
582800
244950
149135
323715
867789
164116
669915
624688
631480
597401
17115
321165
130063
690564
547561
592163
164065
493646
7425
633198
41824
954514
384017
313078
754162
888204
676894
677811
237261
142869
581864
650061
66804
193602
279084
827138
836189
158349
155243
795857
378099
932137
828025
390957
797374
54194
37
456676
233327
409943
92732
383298
421133
26305
176610
809638
735600
52737
413707
984741
97398
387229
950380
419467
422171
351772
658411
255507
724675
19884
458936
993655
718103
172595
371997
671792
392873
747394
91791
595775
554612
788320
736023
828038
126377
647036
709657
837994
39556
229272
768090
181792
621911
5411
656294
38461
986669
527393
923589
443258
382161
330751
78290
204131
946148
902457
241503
525647
479926
391731
120143
617200
702334
607302
564402
163807
630638
608327
622539
181324
85051
907790
628047
883793
393593
38544
872202
497028
73696
112051
459315
667559
47987
884382
470435
939694
870436
957476
232908
66300
59129
470669
102403
525641
97232
278878
16837
203729
503961
545244
767741
781206
382239
832396
881860
200645
806808
988241
962595
81151
680237
357712
144098
182837
405715
916440
174964
694354
228819
315600
970875
142162
491609
196206
74551
972964
942012
763641
182774
806723
434923
770317
840544
847216
91127
368942
435830
756344
993215
317639
553536
156924
793380
163670
264262
646047
682458
533221
176103
624186
695837
49600
344495
198817
79905
477424
73880
922476
333210
360449
57839
471038
878614
276891
450715
355905
288702
678861
301614
69238
125176
980157
214481
459621
523873
675685
24237
503634
125465
783720
866587
462220
368899
302528
40017
30523
33603
742099
640282
480402
104913
430776
161904
640451
848086
906042
748669
151768
466440
825443
349533
389063
695220
75367
740264
874348
318814
618172
336001
178675
766752
823942
55163
35600
315387
926043
250996
464817
927057
536067
595437
868731
315032
236222
557870
135172
864271
506629
6865
153549
277759
159953
305946
540228
884289
459420
878540
994875
323581
889039
798491
333769
999344
325465
584123
456028
354513
90391
774158
955053
678189
277700
447050
637585
462308
18730
975969
619266
101807
912732
518249
399851
370538
527148
716174
184718
80039
617933
540771
107938
364227
806892
880555
565022
104502
106971
942612
227789
540916
446434
142735
6349
298548
241268
65920
435751
947345
695095
994381
964602
670983
732382
565264
515527
403081
269927
477415
562844
69418
668490
70231
494394
969856
487116
521027
621213
297555
836370
171481
85200
717427
967727
542591
439543
397238
351348
526834
731928
208591
479550
458070
775799
555054
606905
928073
53696
40930
219345
700458
950382
939655
919372
997568
842357
655843
717449
55863
816966
643294
590799
166359
504566
684368
972911
422218
355576
542818
990770
783871
532384
218433
339429
624808
305257
991595
1211
970428
179319
703478
88657
132722
840074
194595
304081
937840
186215
463103
688768
569133
814065
635059
645444
218973
60798
721338
834467
519949
281677
309747
962313
372883
587089
653163
808928
927629
873136
147245
194735
592144
719002
448557
154816
751644
442542
804769
766314
16131
271587
118139
660934
328371
760984
949011
914790
858602
599982
691002
663783
38765
693736
677202
486339
56344
75719
546957
914488
383109
234648
775967
889378
106850
874401
577553
350658
569701
8592
313668
128785
727479
927368
693630
706839
663622
464275
90197
530563
806699
322516
638271
236877
354478
947507
581342
706515
603046
314663
278312
626212
6458
38763
744913
529647
392434
800278
972564
365193
29200
995351
467653
939276
10116
376781
845629
925425
225136
227541
509387
901274
956767
724823
137482
436002
161841
129669
708293
105431
28156
297308
398256
505398
456198
660667
669104
421824
333829
471198
916799
462412
805000
554770
55652
486942
127633
491124
76484
416109
113778
675305
401025
45059
77106
717008
409713
437771
653444
97544
795810
210966
516558
977289
407066
671129
217226
269799
506801
229678
296703
785147
141160
377692
902179
712262
442744
996241
785785
63027
124641
940910
964566
755333
211714
477596
694002
972064
657864
60571
919885
3503
965023
775073
868823
218514
486994
365437
140457
494884
206285
385959
158069
734735
93820
740426
270761
544614
546080
648942
967625
475527
331916
845797
702832
380010
302952
82155
986456
782856
431153
37528
679881
464498
120686
299029
162985
635927
245006
386951
840223
519695
186202
27220
234540
666043
273054
279183
4863
673679
850426
8253
553695
371849
888059
470368
657226
818519
586601
615579
915823
30710
125692
787455
468038
697450
314186
205945
604697
11484
926526
729488
300589
691315
451019
402639
526665
280999
987276
787236
237878
597811
615987
633928
291565
926667
110456
658048
977727
507706
47720
812589
896046
4139
863004
862092
926303
359248
750671
549220
596541
234463
891901
149982
207118
334138
117047
805994
589706
823118
31211
704204
155163
191440
203746
334387
690200
733175
56159
249622
352777
289011
333172
318016
651267
332343
972564
973208
208047
614663
53324
138006
249308
477877
344254
174303
834822
293927
787096
965947
289902
174525
162471
625193
813993
218938
3253
380720
707959
508483
959948
157260
853937
471382
801325
99207
537021
502651
408115
159724
445506
352797
997480
617374
193368
96899
337495
433963
723259
114758
754827
339206
131405
45511
766080
251620
388457
532209
604220
540434
847780
359744
108469
49232
604046
78964
782920
439846
891934
394779
560086
157151
359031
550361
183991
362375
902951
654283
621552
631368
834149
339646
305094
76765
629507
589593
818635
118764
705330
447663
859633
894432
570824
907488
748741
437588
761328
177640
288598
467960
724172
845350
98771
74079
60511
661957
542225
555985
474260
348879
888510
505360
863756
161424
794458
478390
649965
518473
13700
94093
811595
955951
868598
865775
848403
575475
479320
815805
428439
80116
438416
748101
8790
850749
914199
201033
718032
432898
907355
7423
707787
645428
572840
280790
44209
399777
302653
832442
589708
640594
787313
764436
251872
559818
30304
14234
81924
570376
315601
174926
28795
235532
577693
86402
580535
25247
476402
201249
376684
409752
997515
229876
610250
290850
152753
24242
737113
516355
397673
651955
479510
423876
466344
975694
363479
412170
905138
66863
3221
578849
249072
635194
3194
846886
747853
909309
994579
286029
947203
472507
517217
723008
747275
126213
640941
752489
466638
124315
950513
450284
387261
776367
974757
866519
924610
603619
185375
858791
802669
112136
131775
656012
761127
330198
59457
275311
472608
730191
435222
52565
699724
770999
591434
48157
158759
853328
768104
646778
251275
896932
673241
394400
70964
966509
544650
245435
226723
806365
222796
573735
602735
704604
543223
278064
856396
477307
201032
409926
969015
882004
173960
750639
601118
100616
206235
782216
519174
127492
371784
769454
19771
510494
710406
798813
207586
68508
897737
338425
861144
682048
6561
821302
612296
455937
533767
351377
834946
17785
755916
728729
559065
782175
722746
857979
317407
877675
621538
614685
225213
668731
411863
322629
590876
103811
823556
475151
357243
388150
969264
247231
849128
618733
294737
709274
700338
310631
345303
378354
893007
477855
602804
563524
129112
572608
217555
212967
472477
94080
64727
816600
413801
475672
790221
949890
681394
31275
241959
341488
840922
35796
940976
713432
887748
659600
746127
762776
196732
613486
265017
798946
499189
831970
535690
480072
785453
238801
304277
640770
832054
138747
248444
28684
706001
157791
230855
624129
924355
161696
107483
812833
679701
734229
512992
701007
472991
260635
431442
434463
985778
718150
455789
87566
988775
246380
510106
234190
725075
571170
203991
731388
290687
626801
182683
708998
994868
492678
62687
190294
409323
658754
959864
224688
269478
477855
767131
131737
268904
357463
783938
635784
816411
454080
187234
174497
915311
49874
826670
497849
728057
784028
778568
762129
805358
387929
37256
268091
56834
894188
760028
385068
377847
352508
84344
641458
865950
535055
350185
245835
770846
982836
79349
800787
417996
547739
67524
709718
487617
224991
334581
250233
757811
628014
802550
61619
515729
183826
533472
445394
666697
508247
857032
945644
22296
482302
876547
922703
606445
412435
922706
673948
322142
658992
185449
951465
908608
371309
906916
155836
315297
435139
307934
97902
802374
564790
36062
802306
972766
567391
300455
283172
477420
632338
60490
436460
779739
894726
685600
636218
77636
745429
72528
65290
529375
632949
904926
798947
137925
276894
328
667229
819610
692502
561119
178015
803308
921550
889826
811775
771942
76605
995703
685954
808770
57752
269312
803443
203243
485722
713442
537006
724102
669788
359375
596399
706816
30028
559073
128793
783700
435697
680143
760552
855917
837357
412241
359698
650510
284812
601759
338084
132708
956844
305238
15630
619113
527750
720654
432019
36500
714042
106717
122144
824655
797010
675675
153604
300408
639568
696128
18150
141987
755171
546382
780377
616680
126814
358750
984705
549695
254723
21967
666243
590219
649492
274456
567879
327144
361184
762839
328510
854946
568744
769850
818784
144929
647547
483567
602067
696520
83092
917199
966505
215176
195993
775273
841687
377603
729681
775924
323544
336981
67262
706766
540023
683979
471960
538173
273596
691829
855372
609408
890451
67415
579716
975587
488907
120132
168862
831327
328845
282763
317256
40072
868166
787983
338248
813415
823742
324239
970261
504354
420363
648562
816412
483977
639264
709445
610973
741671
987341
576112
49171
713987
734849
676328
995842
988746
581881
508016
24303
450479
647135
266084
274959
593979
383898
502509
564941
399205
37735
40639
10550
420162
530508
382355
341117
885495
389517
701306
691205
450473
775904
771241
294859
304535
793073
59576
873662
314272
808641
295986
236453
396388
887659
582292
648649
379823
264232
507851
18838
258905
135310
229353
218950
242567
931836
359461
124714
328157
935781
843986
932207
890192
858508
265393
501845
263003
808703
212313
841887
281049
152802
394823
863728
121695
117254
768257
48364
909529
550287
7474
859128
592281
429803
880930
990252
466838
868259
223148
535405
601535
946057
639980
750240
308775
806718
403277
144384
499408
953360
258142
652905
659798
168638
638992
972926
578625
912185
330327
443114
818919
182914
39505
214334
270747
471776
8655
827679
25436
138400
924910
239958
695778
965571
231111
671884
371859
556386
834419
252915
436335
483365
56562
840974
549973
676581
552651
891160
543591
633317
890169
807624
665032
169335
366153
756805
972643
636891
251285
593062
601492
669970
708174
541185
437927
302833
856780
414690
579246
283150
846634
454161
323905
413951
658411
583029
153758
671966
219555
349050
271285
841939
682711
656958
469213
312119
59709
575324
795829
357676
565434
187535
752489
579492
790042
614906
981605
62853
930181
855974
301620
166924
484677
695961
929230
604138
76327
403125
838866
453092
194111
974862
195776
583248
517634
343718
353446
15214
692844
501274
898096
284036
402884
695455
86207
274505
275419
72098
728606
681279
123846
159472
307444
700448
686382
253973
275272
241323
852639
223336
782343
964905
764355
291635
17504
19058
432758
100880
596063
580482
565811
598256
666769
608189
6551
784444
766874
168386
927367
661964
21549
185797
927185
985135
724277
138399
856793
283275
765358
191877
349416
351008
344034
575680
526309
334179
353690
138465
308912
353628
766097
10879
35654
525419
421674
155373
825933
950806
823718
465552
591917
745219
704620
116870
268425
103761
298710
814976
207319
335674
266261
79812
261821
436541
95821
473091
865160
799285
711969
226496
19173
242917
362835
799388
605443
118540
492786
225218
721705
573753
268461
230277
122580
981555
377674
900562
429223
23896
883732
278071
100954
981999
535315
861254
909373
702349
643365
909836
899857
499564
454631
505747
412310
40759
541596
11831
631269
14987
633014
77929
125587
100951
935151
839901
492823
100506
891884
484172
958304
869565
157277
605249
152496
858423
975329
235258
697018
532475
701967
34309
54156
235127
148331
43446
692688
924568
587223
841595
3432
229799
693201
366934
358188
552434
183722
895407
54175
912397
469690
467799
258577
215110
642130
715541
179012
77623
797994
751724
493481
608282
548401
822488
423187
629346
407314
931928
300337
748714
2484
128252
394144
938073
49113
728499
110817
734764
460723
184449
967020
277010
230311
872656
604283
617773
829887
875652
273362
185327
492912
134699
963277
687059
120185
374371
691119
248586
723817
612954
346850
813475
275289
754353
421940
550657
293106
951591
760754
126431
720808
535142
627350
868534
24365
563018
557462
633302
596622
863337
688138
792616
237140
777974
185077
524395
255638
445590
822253
120128
115623
573097
216140
791135
895572
951395
977586
246564
490996
670952
530956
528714
679375
399986
896246
665281
853833
10591
950190
414078
921313
31316
240147
497656
794658
603826
712405
164826
797273
522213
180371
76641
190879
118738
829170
206584
502650
690008
462712
697057
177177
232185
395347
864748
88101
383410
219298
312024
188535
365813
653660
979254
764788
580979
66890
901357
560023
945702
553567
554327
119004
958308
400775
861035
968438
584288
787801
431958
113245
783561
583398
621407
307055
300571
939363
318245
851107
700562
188549
595521
570800
583880
855377
410853
369431
958228
496619
886145
530393
845123
575328
270471
784337
813465
530823
779244
284950
215222
127974
361740
512681
865236
214710
831903
879598
484932
676363
999907
4716
549326
820106
223997
823464
260432
554192
294781
919054
903547
373150
226570
417830
398427
529963
505246
817897
647180
712475
908611
363789
824036
640982
127241
534613
434498
278541
505219
942117
428141
219985
49759
993554
571920
344715
713144
893358
516144
917464
957109
476363
700474
738399
997338
514832
917948
795828
459777
666264
916190
474545
88028
698724
65876
46020
668
774713
741238
264459
309100
907098
366376
617706
494794
299565
660093
495895
979932
353262
9346
898649
569436
175092
486781
491256
851868
370104
632628
27550
574791
108153
240638
19417
33047
469398
856462
619472
453331
869795
905121
657925
963718
456326
524244
60926
138141
35364
320485
318966
701188
35321
686063
923381
963515
859761
478302
628955
496534
614037
6143
876678
55339
966769
53792
785661
390504
633045
896816
206673
913293
618394
92637
398303
995491
887744
157038
811807
882358
481883
943347
117430
513565
225970
6819
801888
979125
850757
144325
907379
67545
237613
349657
337439
464453
817469
85263
45403
855355
565688
226454
831357
713834
491361
892489
926338
984564
516440
311084
385305
305857
994359
290804
508991
223936
259743
412192
853333
650501
160595
847241
352214
830605
199942
963264
641487
369526
995399
816673
207655
440817
826203
567997
929934
813531
334458
133690
265771
62050
807626
538172
6377
748910
98226
816308
902061
638917
200751
172886
358766
304682
844560
601445
466657
238931
695231
509263
886628
130906
672014
305865
944730
592446
84720
817571
651920
426683
176471
447813
813836
83758
581086
70818
159262
813361
826262
863542
500158
718918
47909
251629
684132
728642
803196
475844
496423
343864
828681
984090
17700
950814
397775
582259
969781
948717
895550
210417
782614
617250
550749
236236
805086
397922
257563
673688
582639
24935
443284
181803
819596
772851
496452
684460
980148
921103
671169
560102
298187
56794
841082
228306
368266
808531
874905
699738
542709
613772
817531
763857
949214
263136
779343
750515
328267
452052
963086
507082
251651
773069
804965
568134
976258
525424
997805
300357
390673
86866
622976
409505
187507
48093
254614
988894
501133
673750
422295
998731
265481
734052
224277
421243
28289
141304
985176
622876
923760
664081
39036
793522
248638
113299
158331
540860
301836
269979
254331
980785
415487
110976
121699
868259
225843
51374
868373
299581
410656
364081
906618
899036
656646
805611
829424
848216
123211
119104
325667
600826
509226
40101
803432
887599
789642
364535
166039
936799
942418
582881
915020
140537
419690
54604
766364
331359
632698
221149
373013
884837
647097
389323
162108
940929
975193
702021
57460
408225
953725
271527
529487
737886
534138
788785
622171
85583
783145
437434
940174
631826
504131
691966
942064
590618
693505
978587
106459
888003
235632
823188
632180
557520
705157
332865
308254
126071
61926
921545
584976
895889
639426
659753
162517
987975
175286
60518
314208
316381
495308
382391
671918
981706
107538
375017
310205
361451
165387
712972
705365
783554
889142
905738
268077
494352
316830
703239
413344
637512
214843
171237
150062
575636
454465
256424
871254
732069
708168
190245
37034
174169
373702
748893
684950
523987
482695
76137
201100
203348
306908
155539
250470
805467
565074
55642
291206
863152
595037
998062
868636
717214
730446
607391
962615
545027
602583
644541
806463
188680
472609
795030
360919
83950
216939
496843
625054
524865
522446
867571
960300
135584
259057
392195
617592
6007
483119
50203
71033
296793
995365
137427
56034
93269
707137
185983
141201
313748
41299
160480
672253
28960
4257
329535
432863
922457
425885
437473
61470
809836
432558
448844
707981
798743
281725
795427
669373
700139
132422
352267
309179
20077
153600
130643
551702
977593
556317
219587
334284
473959
352365
574720
644599
979344
571200
341518
361117
355196
455718
482403
623729
131933
458351
447361
158181
591179
29024
452090
122270
200526
157057
195989
380928
374197
15526
292199
90817
368502
133794
426459
142769
930364
524411
45529
960886
210337
422998
76142
623359
657250
562919
661728
92341
808984
874411
375045
488262
816152
268634
348068
179775
905865
3012
442189
61682
633427
71041
59419
124024
55835
248972
771574
330160
519810
16840
32151
15653
951974
484603
145563
110090
668845
28238
912666
884410
262791
437279
381455
122928
15515
506992
851954
892036
937088
607022
367003
671368
599355
451838
247625
610211
609821
743086
419955
568420
725356
642877
667717
885359
899404
794370
993390
561518
770543
30478
16709
521040
290011
652141
273366
318030
541432
911165
372725
745088
204115
527836
237153
935268
712916
11189
917536
671890
543463
114860
807206
989853
651575
345373
448210
124459
350089
373602
822168
95632
916306
700407
961219
410702
782630
533631
236849
902936
83216
860384
753755
571108
450212
492870
32130
301252
738667
548009
785284
489876
351092
710628
463990
764150
278573
638889
715303
708036
377663
754042
494114
477626
496013
299499
438875
233776
147035
382005
161266
540249
194276
564210
35739
373381
397627
75454
691787
64652
538305
410841
279020
703641
738738
114000
326904
273873
491729
583264
68088
661422
121815
6332
478288
761905
251631
840255
397807
86282
726794
629843
393453
756109
742316
158817
374187
320332
713157
933483
363504
872892
947855
131004
597030
648700
967733
746306
144505
470250
122689
393853
414706
787323
764920
761737
76623
724942
490262
431191
771148
679361
891799
146047
560268
589788
435098
222392
741863
31592
473641
588872
229068
182207
718900
483320
566329
568726
309239
502957
491279
481170
396187
595650
922108
397235
471326
811104
217903
422620
775017
517451
558670
846269
97444
637802
827874
702327
368287
853884
171783
33879
743094
70357
977714
614535
260434
771557
99283
156606
801349
313337
555636
173801
320543
794220
238219
562828
22355
411680
546567
764935
705134
403715
686492
105350
621514
296015
499337
679175
986995
617789
479620
546215
86485
535986
462725
211863
371501
857414
761810
984928
316505
368048
174701
137732
234089
65959
394548
781315
349949
111050
701716
185317
655288
417912
869697
246426
410824
918517
666642
836311
510166
854725
911475
719462
273790
361720
133872
212219
218434
821825
970973
512151
93690
969910
290858
444472
28521
174190
266748
546241
940815
661270
357278
809303
764960
593200
924761
972268
287090
531157
805851
126126
80468
729998
606218
736789
380173
178139
647553
202273
796087
571993
733383
431945
987747
96874
960196
286680
783894
733383
730201
257938
391095
752203
942536
20456
279834
38115
508353
804830
422999
224548
825621
324063
859857
891766
540878
100607
261471
225852
505573
602859
95067
36636
252926
777759
511544
821496
799712
225105
574746
703825
645264
153110
622061
216501
259787
16583
766700
849912
975168
352140
188127
616298
992678
933720
625416
104121
33376
436087
913117
908785
582681
751554
216330
883190
891872
107170
232020
346132
830697
395543
373832
252906
173000
2768
964374
580243
647318
623026
158753
103900
598150
505962
92827
21765
494822
156822
655632
305867
491749
340933
144300
218677
116604
827557
882561
133386
705604
964551
57118
812736
307532
161277
808646
796236
836378
391378
77949
18382
457571
962731
501614
47225
338023
52279
972220
483774
202136
121131
706372
429299
921542
347038
330023
26578
474238
707064
78484
39484
292979
8698
633926
4431
825745
985843
894275
88856
225300
386332
186727
344409
198650
316599
737548
932532
231377
324666
213600
179737
61170
702685
707034
836637
938167
558068
492506
467305
30855
47091
77822
508394
636768
886803
684156
992622
933861
138643
426616
230199
396179
540060
351407
235835
147239
200751
735987
913216
643156
944334
798829
307779
656849
802926
751393
810382
440770
195057
21019
103885
320737
921460
330416
363947
947289
348597
535941
87120
56422
791906
731149
854037
594184
635409
386029
866080
747522
498177
414861
488286
313883
691255
219062
82992
474103
561004
224776
92924
932233
115435
257626
785016
801287
162369
706884
104692
50130
65741
531760
8566
635078
834995
346780
564954
799629
354769
873543
222233
872497
383066
604896
381310
688453
772248
871814
116827
901640
845535
722462
778767
826277
979535
863610
104850
179846
922828
559238
260018
829252
999650
621903
832729
896682
693660
33499
894034
752842
817236
701619
697384
101971
57885
609144
551195
7220
513288
192703
47159
759822
810777
935101
847699
895243
598933
103328
527117
267854
115708
380645
774881
901528
785067
205896
330265
592842
242678
931923
572370
968616
427936
708431
561942
59619
786203
219583
50468
452267
353673
740756
140532
175742
63106
891574
952595
617878
997358
725538
739171
512290
127963
703464
748611
725015
694977
770954
180773
219012
474504
414026
564074
838514
72850
443549
335883
507950
334749
891349
32388
231503
436384
504790
730569
654100
273447
682247
852335
82589
565949
81897
856808
705650
304290
113217
459403
907475
96397
181255
971241
966711
972570
746238
980788
617006
590152
270809
739047
21740
793866
323127
625999
924378
544089
865007
829138
608298
126952
742777
632555
588384
435917
298627
316639
970035
746320
453890
791248
284542
244913
880976
461327
933317
976109
748936
826753
395378
468648
465907
151426
13670
182195
276945
461247
88250
410752
780882
446739
708895
412597
596104
672199
224450
869879
431934
255882
791683
345918
429971
820348
65022
664357
217391
31328
465034
537742
520518
953209
594026
261287
656854
585792
705610
968074
790730
76733
588867
225655
246270
88230
938451
123060
472370
463536
494316
648423
284622
623833
315
889565
633483
810997
533039
126169
292849
990282
513649
11407
538061
646299
81684
622494
841575
350431
409546
857879
694469
39938
960652
202901
246493
307027
380979
206946
618628
627600
893242
412895
620832
95183
933553
618891
671443
459427
697193
694947
471184
312002
48554
25853
152167
121588
939875
830984
860511
669228
572802
651569
964121
169233
241009
721582
388217
308906
131819
695871
63544
100308
701802
409631
941802
488318
760082
541844
402701
29269
222477
959834
354471
944880
499666
778283
226465
520356
217051
219848
537481
818996
955348
927786
869435
638109
871425
642817
783349
164948
359368
694761
617394
43003
695428
19917
747458
933813
789428
787670
281357
812806
288866
76493
877229
411727
407405
594195
948064
676837
72445
224960
849543
526790
50348
828688
980013
163902
163
542917
339665
172340
871293
750978
928443
510909
253919
449497
528404
406882
703538
46144
478256
695028
582727
235019
750066
168997
362328
692268
105067
926570
456507
406749
468452
152622
243501
339596
753081
848896
785451
136519
777230
56831
799248
250016
564798
786454
787180
853797
540648
55002
146154
452793
912999
79900
352392
460389
305271
365189
471210
845528
165978
682730
555147
543625
241268
184860
363640
727947
734291
642160
963093
80961
475145
747057
151305
96639
863096
104801
833429
974219
760422
620615
227992
460033
44427
524396
516892
773335
321149
525013
250493
589931
315101
753426
814703
806923
28319
673723
150115
258124
458343
873006
262619
304310
188144
282631
120458
629220
223022
521667
163995
850794
590649
232060
840128
567104
165783
930136
684195
393326
143594
319746
719888
161135
593961
366743
100742
114328
491010
348037
193906
187414
227294
153223
772468
729119
96007
536612
450737
177656
912452
260509
719887
955951
808969
234082
492110
160571
192591
637851
139156
175954
675470
322403
854018
875436
875499
89487
610853
293258
709587
663113
343634
298320
733550
440711
361533
566198
678510
832103
524836
850358
776902
254307
704899
974472
179747
650150
150328
338767
433217
854109
462928
910604
300571
840125
707911
88352
997650
338038
545422
763677
785818
745425
379115
92470
359298
97818
307271
996600
337704
963998
98297
435995
609228
19318
244117
162874
697566
339275
739442
171995
519274
752230
638101
935891
791339
624921
52545
437681
136129
299759
34942
82528
911602
720987
339398
115715
583456
714986
177442
51519
430697
865465
221235
936493
984469
521717
598548
510209
256713
210388
376095
416043
727835
542801
707917
912113
856753
63431
458870
980452
251806
448785
221153
55699
399453
894999
577677
961957
951168
618684
911386
343316
700785
548808
212885
224400
699678
252620
695280
878168
59848
653340
733410
241562
346241
362079
991793
163798
48886
703095
665057
384799
506
434526
63705
20663
590116
491052
34467
519142
924575
149563
372534
851997
772599
926843
166747
305192
883817
271790
880522
30460
114487
289115
185877
103868
611687
87772
733796
565568
974270
328252
647274
567397
14342
268664
958770
327660
695949
626963
751431
336821
872021
399499
720525
652188
676116
490680
291769
903871
362023
775114
516877
219946
283268
682896
295931
256661
253708
721228
987679
487794
60008
925019
598330
943139
938345
633047
366311
799883
55362
288281
761151
962782
564599
851629
130942
90843
942727
568983
603852
326920
648590
968229
571599
579369
218931
49415
251784
145309
345797
387486
920227
889554
55343
519761
890066
562525
629329
171429
29904
916179
663615
425418
422051
481154
842977
357865
716271
130650
875077
618943
164314
297957
632468
538258
303626
355146
629764
347713
119407
849992
500380
849005
661093
71283
128989
837277
314065
740722
542625
983148
70161
584957
883364
384822
514779
71075
319294
378180
131394
345315
911542
552146
657534
58058
236958
913211
591045
819883
299164
344513
508445
56375
351367
227815
604206
301148
784345
567741
258061
97688
524179
804987
890384
958829
642187
690762
757676
43536
659983
802124
198562
345968
457356
129011
796909
670762
738352
203810
471763
256053
221391
21
63051
981654
497365
793369
558566
254946
87808
382933
136850
414040
104967
47328
949897
933571
402011
36463
334725
3191
345867
284654
627408
857680
89777
448498
486763
275522
266574
426932
548771
503567
652083
157157
791993
884812
530390
971371
452464
495917
14751
610205
362316
526405
28327
187006
968835
483782
553611
880041
267881
140186
8466
354894
205503
248978
421440
82264
994055
527448
41365
878334
375327
888693
911855
327927
45369
433985
114751
880326
55678
863773
388022
27725
949958
669652
998243
432556
467760
411393
373043
997888
716884
571677
998556
773671
544808
203095
298703
354471
825977
455937
326334
631715
225538
544669
115954
149359
551126
765770
830851
746093
711983
508466
194329
391853
595475
404422
392426
669886
747871
49689
270844
581315
37239
982682
54376
969509
789982
177659
143116
767571
715955
724878
859355
787168
481383
717991
582295
442510
951363
440831
197401
362473
846165
249580
711433
942081
905372
649219
878095
646217
267150
45891
514330
10354
21793
927267
82275
773786
495153
712871
879799
789866
950953
643013
255644
107306
136442
981285
513601
616011
895880
312527
682990
763225
263807
339177
87779
456676
597676
885201
232067
305548
20041
412281
504113
647642
884247
711346
737976
406525
646076
505793
146182
58860
452683
408096
240252
852104
863032
81619
936872
600621
134018
206095
517215
356694
3539
885263
228420
88303
124348
208457
194780
569116
964804
758763
6461
992559
38549
2853
189292
394015
262705
983313
222503
526383
779028
230879
900831
271418
179617
664007
91647
988344
503833
982
16571
120195
637689
390110
843587
499140
899482
163291
992519
543407
704555
125080
801592
480643
353032
100861
216014
808309
487906
832917
118072
475589
549705
611027
879834
690505
82658
411359
896073
68131
33580
574196
529389
222315
79608
548346
977160
113479
84854
162280
546797
168937
313490
645178
307132
260238
162438
846315
307343
151108
760505
369166
488152
150627
281887
647886
470076
112111
610713
430360
938802
711016
515936
457081
183413
662983
620249
988338
139960
641782
441135
577755
970842
736781
319506
129664
494189
29900
498742
574991
346723
831481
375580
991104
742982
116569
279395
452902
467325
86243
226155
338288
653981
215459
83262
875064
198428
804162
795662
654843
409437
997053
766604
936735
698146
769466
441702
933987
241738
849815
523549
863154
549064
974597
88179
386570
835586
522228
161385
348767
760691
453305
898116
126042
616492
385076
69445
37641
811856
123813
810797
86640
763829
75323
656695
481393
509395
731466
6936
75966
895743
288654
674034
70908
455745
920256
451353
639158
550480
739356
792798
606892
802672
313456
894420
35580
847365
317933
467877
231571
631244
682542
621947
36255
765163
704945
174725
397517
303955
498633
87278
928818
147799
877828
489631
868755
232301
864632
90469
624696
616477
633227
485141
497973
239945
271452
79735
623534
131378
529621
53718
284212
567696
924870
481793
14128
655319
505653
966216
523760
733002
12079
866193
875248
718465
284983
320353
577172
318999
758774
959156
725799
783025
797516
827422
177152
608068
300562
43749
667114
18616
843013
90415
380562
632870
55847
232308
27741
308003
916261
873114
972162
28700
477574
402106
966820
375526
52084
283044
290793
735062
582122
703806
900388
687064
333210
863885
689115
72036
529080
411660
167961
266977
721046
221418
845072
616177
895412
625631
216556
290816
425067
440639
490893
781248
204503
224974
866465
478522
428167
631363
378687
214052
342627
428201
700097
313947
851718
577380
560176
161328
355474
196094
569981
309355
380991
529339
940711
65574
86537
208700
291531
770121
463852
471760
890839
170073
448961
954340
247537
446320
941500
608837
186710
602243
564997
127533
628806
864814
376886
869051
349304
651268
152478
116669
223719
418908
167350
745031
284460
152908
923338
905120
607465
724495
40531
438527
481054
788542
383328
468889
394223
891471
136160
42766
456054
97238
271751
547649
435514
591340
794120
214974
788955
539311
515704
193327
69516
577908
135843
523996
110795
685003
782361
325053
608954
606366
273762
484816
50398
218691
172663
868123
711612
305370
665285
932831
432122
513846
649270
973512
614606
85661
990052
348732
953588
984494
102256
519454
736350
717402
478604
5899
259483
36026
362867
798095
598059
112313
689981
949229
320270
681009
446149
278344
922034
571618
938908
769156
483801
72228
941648
242415
115087
821600
128189
306466
368432
810281
68843
58320
727995
969404
411569
11780
95526
945771
829635
358891
236981
548628
469264
746806
570024
848478
479504
280078
273504
881530
820994
963128
846648
686548
849161
970792
474526
268549
230447
501874
129080
156639
453742
309642
511002
512039
450806
651589
399035
360673
138520
474304
408829
59597
249113
381641
628925
316328
95470
667098
124384
347286
543686
569243
500102
478099
212957
469122
298231
351322
768547
196943
643747
818797
346108
351305
879795
626615
495432
395207
481212
449806
164623
50382
854345
541618
732244
235210
475010
593636
132097
312807
231068
384773
799644
30765
580043
924952
62779
737376
765076
452225
717938
336169
815664
796743
518005
997115
543121
516483
985541
842262
616171
667704
252959
353817
348163
518579
412678
847974
622945
51009
285574
203104
667516
89779
930180
51377
504381
137344
726339
268238
465929
251243
333969
595641
111212
717969
997855
547500
574677
440040
888330
611309
40969
885485
567711
703936
349766
613545
764665
88609
527845
981626
47102
502551
313202
612160
583717
520581
141655
830331
439170
987529
349725
118096
173328
773907
963373
420559
820803
487969
758963
773851
847614
966565
640721
608925
717091
481417
913260
653679
442077
363259
377874
909280
361092
29750
650535
245451
782930
422920
858618
912867
295965
91071
524185
482160
631870
153132
200460
548174
725954
115277
821645
535896
668490
940428
264591
208603
693
714150
170088
921036
273839
23912
587472
603855
636560
887772
654314
615591
709613
623744
181837
357138
471246
571584
631712
62818
363697
110354
159152
455996
543606
80502
247657
36399
767458
773005
739217
656655
345361
50665
771893
417221
590298
49474
249061
746062
523824
467102
489891
184670
159886
367975
812568
601090
629476
91931
481302
839801
324496
859443
804228
872576
38221
161719
764296
646088
622397
930875
853092
251915
880074
926088
976278
252097
979604
39030
688062
651130
277721
904636
284945
830832
309571
599767
595011
876565
331862
517029
624412
75635
751838
974005
574549
231717
428591
302841
947966
777886
961428
212287
464427
853014
978095
957424
692738
328043
274173
433732
214575
164353
732080
541754
719604
237639
496316
124490
420021
765312
877937
565014
594697
438514
6730
362632
462244
979487
447669
257171
739390
504387
54264
906006
862885
312561
953059
686103
759115
657527
249645
802452
976016
656708
818267
712845
357527
256143
382671
69305
2260
613804
249718
671007
660617
319839
315763
722203
187246
431011
52023
417736
923368
125489
241608
88625
818126
456506
574125
834274
836074
293345
583355
898917
601935
767603
475237
332713
427287
569698
378787
824538
647919
372576
453152
606849
450132
844947
527555
892117
162499
98665
607547
345104
694365
778708
397179
76880
72825
203201
204415
484198
797985
707138
140975
425184
424192
607343
361731
36149
135782
637778
744850
926043
289830
770577
189039
297503
592249
557368
566474
547429
621919
754437
672586
741459
781330
974548
134134
794923
717005
515994
273644
752556
734236
1070
272363
310959
341071
476657
639985
174490
719694
592141
534516
612892
537614
83992
182101
668618
158774
203353
343233
189184
854714
632178
927639
709788
275566
975816
310282
119231
590096
503323
683289
346803
267336
199630
356789
553989
886131
329568
761433
596621
694512
512780
518776
651841
96903
117926
859955
360389
826094
586876
108133
763476
288281
287105
200270
283781
752666
501056
844518
192331
623097
936774
936805
12777
73500
171747
37422
820574
757581
471228
672479
546663
389646
282962
710810
889142
3717
727201
458132
611705
344658
622857
559338
579002
558888
853844
193194
605912
725108
970352
894334
898376
202720
399531
125510
446181
154038
277988
159259
645381
582538
326338
668105
153180
25722
683562
766580
365123
101628
915284
809781
153582
194744
408029
177745
736924
205292
710655
152603
642634
815260
400997
703554
817948
737425
81380
828603
365632
668276
104606
901979
29653
363590
184763
249363
842401
686414
482910
722319
953049
98394
295152
795437
605523
614401
233086
846637
73959
79016
368898
554916
20132
977047
876454
623213
109207
738687
497271
814961
663591
274343
6062
915549
424854
877349
10500
390888
497670
624165
662547
367169
79436
118327
2889
839673
401256
409181
654683
561204
442714
984673
591672
105793
599612
681849
223073
99945
82016
247079
56684
948503
306411
453179
125531
35965
438912
412418
904573
460576
676406
701473
607519
133755
737210
820700
294499
894660
765553
684382
931251
558004
51945
24309
779172
188823
291877
260648
83961
181344
322
136681
344278
399446
134638
858941
163801
92343
374100
948127
192132
684964
488463
866211
111694
92942
586842
911268
524670
873410
685361
83654
469445
692051
679021
553702
658331
826609
557189
946595
509308
528173
221651
149556
314590
244399
263463
713306
228234
970566
354958
635213
56978
864570
684358
959972
425923
833911
809103
100135
340638
16906
967724
41007
450713
759364
679545
488313
602475
404652
83688
656161
368423
912647
277938
779212
745934
819037
581018
606502
909180
549578
801023
20069
50140
649048
910385
859397
426611
576791
522428
194203
665242
863837
353570
987882
259169
341808
871444
114670
298194
397107
68804
102418
974099
6869
263181
800241
813550
90280
366451
783601
976555
867293
459199
222302
854489
151674
673247
200533
333106
634110
238867
537122
195272
727101
263023
88580
754719
489913
763650
187063
673440
75583
761431
390229
721425
198935
108820
734279
860326
418964
461328
117846
64191
480898
499255
320043
238153
435982
760790
234865
576780
852290
514140
946983
608367
391712
99304
524018
989147
603076
588541
318435
470592
169869
205798
902166
83460
359003
205253
27916
380658
832263
548124
741484
842060
850490
5421
89588
708133
769338
276661
298878
369116
634846
90742
878387
22592
620477
970187
516615
582368
924836
598370
263965
46727
239569
954369
921006
612315
817760
360178
394056
81469
259552
100911
131145
692260
358209
887075
490952
517174
802354
251751
796500
211435
726590
105373
591828
563875
479948
15089
545809
142661
332946
275842
117112
428688
948420
139823
943026
456671
837565
213726
837276
230741
674913
761944
34786
268114
147777
38288
499529
943928
140137
309280
873762
429956
958724
275362
665290
786229
270128
563652
655156
342761
187317
689921
603288
527918
369265
417908
738997
922401
352544
793191
230496
349629
584100
211646
205686
996542
719068
985846
348055
4753
275094
705260
770700
156217
507728
230210
88860
979834
367027
320342
149283
732436
367156
707841
836887
759728
528811
94560
235486
991115
749920
333190
280305
451353
651599
976740
465673
359680
861922
53153
60842
707958
820086
111332
28554
838123
271146
948488
575887
535827
309405
490262
943899
220672
861048
441904
933591
569061
854704
258307
466015
808746
494704
880865
123515
32369
233308
562051
756483
272245
586490
683715
778316
763514
983475
430473
5843
439166
189541
273323
732153
17048
471770
962308
408691
862536
871898
561867
538131
149435
726211
330143
132151
238105
839902
263490
736378
419437
991528
644489
370940
742391
163555
760841
841827
492133
231167
10674
449903
548977
637877
914213
636629
819901
473049
58886
966643
488831
382867
4311
779336
55321
681448
41050
740776
943604
867696
675848
979533
322362
389735
289928
757630
360135
720477
117451
627261
744270
815760
467305
521808
594169
784895
797768
577328
838521
931867
485194
703635
349894
71796
553106
831665
802022
895656
49691
994880
603478
912745
822225
122099
169868
814323
876227
260918
640048
362382
184698
651084
442375
25412
880150
439715
408257
696123
870117
636871
875561
655369
691529
820374
14199
191718
798047
924189
46625
84808
597287
961178
59053
178952
510448
709084
32712
215276
887041
849091
598816
345469
328371
212537
947375
238020
205857
900551
246930
800074
393944
456960
315704
616790
467891
568853
140159
84963
308826
72794
58811
212331
323177
938486
615192
593750
14033
350371
530017
194670
835809
722877
40348
976909
580298
543705
527669
520872
65682
543350
145993
512604
709389
586534
110609
789459
751483
852901
81843
864924
597192
391897
62886
625616
275319
924087
238165
947865
997161
789143
351013
56711
278659
157957
39088
641261
152529
110090
538409
671618
747532
83164
335630
971698
584317
394163
613271
58223
698140
694719
360509
96337
869120
617898
909174
232675
686637
487335
192625
520847
805431
523774
87316
762776
589990
667888
835101
620269
696352
168687
301210
914725
856786
874426
6795
657079
551665
406798
221642
433564
968105
709372
740163
874378
595140
645812
445709
403266
308788
82512
918507
548707
866812
359148
64953
501575
103498
585565
300256
211644
74185
949060
515364
292835
523209
837360
593963
546965
26813
859609
689761
891007
17177
369801
646128
45129
459172
756427
672408
285598
511008
949580
340105
589
474302
173059
463945
567713
389372
214194
579213
279993
934693
366206
723870
330300
58780
365267
217798
242944
429037
613751
698947
875373
435856
751221
112323
622952
552462
58602
174010
182745
701218
109143
557515
183881
45575
715852
112818
879934
343950
10498
960006
364106
883311
578185
550809
141927
574145
273819
536610
459097
244886
983098
603766
486452
102152
265416
474345
862757
970421
908942
17413
647214
507764
212534
98672
647899
318500
931405
71061
556761
534131
396860
13152
138914
294505
578501
397808
947123
968901
42842
360139
617875
874410
679929
744525
130130
989447
222011
76636
734781
107807
606358
447562
625620
305043
843384
70623
82337
918964
344284
624252
988432
609530
888189
505786
246170
467559
564943
467062
446782
739083
284484
583472
521248
497953
618211
950590
361042
861226
86248
911392
208367
738892
391056
462891
460641
250983
645385
569816
446824
770676
742783
901768
325464
941674
509921
352967
572039
395658
885812
76736
707731
649644
348209
958552
280420
241860
881091
905970
98945
776546
275003
551666
277068
137112
487655
350086
742556
462139
111578
549222
626946
739519
73270
905835
858315
31016
261259
551246
164913
902369
88308
654355
894511
502445
44776
933640
967190
742127
515626
725000
331774
808065
680472
494033
986879
876231
93966
133398
623791
64797
905726
977436
841770
956078
349281
258366
130959
76183
785563
223211
907519
467450
836170
166607
837146
823363
939022
427229
274282
935416
981616
764444
221218
57556
666847
995844
38207
98476
544332
380322
442462
898452
484206
619154
61090
162774
554223
950637
483963
344417
846920
367202
217442
797539
744657
692641
175584
164763
696504
29318
904413
453518
521327
200497
343297
3487
940992
614122
193070
982881
203814
189219
828488
362883
519153
497044
105350
530215
507523
475426
867684
310773
227587
495336
961627
626344
722908
260876
13611
615395
645065
406376
70631
41862
425143
495996
7719
120480
644527
806539
337417
987326
51924
189113
439514
847019
538942
737178
232881
883513
179452
372279
990111
971841
299651
610840
843635
12202
327396
134349
159797
924272
81745
140367
668545
778069
538256
106779
751437
487169
548270
792543
149391
618907
987090
820833
932956
56971
703880
470621
212799
668919
299514
918047
710548
324375
350899
95427
125193
983015
77080
200134
877213
911759
48022
180846
929821
6901
472348
913941
503422
38239
363890
570746
403276
737431
235267
631907
729378
131289
797388
959793
82726
425755
547595
639604
176274
51668
273855
670497
754356
40781
839758
38374
741999
356974
118267
124286
272487
709533
560198
385988
785640
491667
546999
601746
620026
47213
181314
732080
697738
434108
675616
819771
317176
23826
614616
469491
367994
428927
837304
833932
864263
76306
812369
747626
150112
926051
766449
509760
870269
208314
816795
314027
702834
906495
759849
80036
173288
146760
349721
188911
586928
272868
429140
688590
80505
793964
489146
525947
877246
341496
775526
838926
515714
486302
187925
859470
424303
625789
342615
597857
751124
671710
806160
843696
891867
306697
803165
544149
933293
612438
12831
684785
41647
242907
208712
927952
100492
970318
869488
5053
374959
525360
305900
927165
869836
500658
741821
771124
664195
937561
362417
960434
881595
873065
46364
415197
507025
829429
43140
162089
497505
677938
675027
804288
618348
481492
132329
605517
172309
990755
157604
876076
390627
147082
35342
78502
209932
381642
412308
366707
205894
305824
350933
238797
42156
773978
778109
318879
791342
103637
865011
799212
130529
539678
70523
351536
243368
249171
564704
211636
201012
343290
29437
837140
227891
717313
870242
614212
139439
370241
139940
416875
607579
441050
920644
132357
453522
213403
239104
885549
558044
73793
309043
851349
614946
60305
674402
677531
611518
298672
772529
829009
861655
472157
470483
588201
834462
533964
634665
811809
849473
483160
839434
214142
986712
154786
347943
408251
587768
38173
864770
823651
45790
639759
865667
867461
473939
147692
452111
457627
213649
501146
193943
307638
278576
17794
316636
180302
418627
360836
808034
301294
4942
806029
134335
839423
260934
445673
789100
759883
911163
78415
694359
150042
836922
799344
274663
247735
740028
67073
50874
75393
810414
93040
823609
393341
338838
599574
711171
902421
142414
573880
508552
263774
750218
105631
22196
823147
899145
339682
385125
850583
391893
202690
478994
145357
634777
180511
866176
613663
810140
356814
468426
289824
819323
201532
175076
406793
195014
139309
676943
203711
329211
169802
529445
208346
723574
981409
52442
834737
990955
523298
746305
987948
169566
478312
827451
702941
805995
555204
9504
55417
376674
483225
557232
621399
248222
10764
782242
875549
248784
942181
349768
747134
573186
427180
614763
283049
457043
134513
594630
74786
133041
149496
220557
446932
245402
864056
741753
798435
485572
397864
922491
501717
360495
677891
906908
799488
592783
957030
161692
182784
822558
41727
532488
970824
119069
944608
663525
709449
478950
16001
896023
315067
724176
282262
613459
999684
151441
495491
166688
90337
231887
998821
252967
370736
228006
738104
152794
288300
527535
516194
465062
719332
112587
89806
746243
402673
584483
857289
635036
88819
656036
752559
112333
419283
768021
129078
467874
425224
635437
652875
363913
686261
378325
929002
57645
856384
441377
251417
448920
619597
657876
304338
232990
30528
929330
191888
524162
438585
492118
625216
395965
621195
987327
139233
753431
44505
948694
683848
791028
514917
240285
162536
412929
672459
432816
356984
71053
967696
889978
820027
718732
735562
773151
377698
708282
221179
731088
411011
891341
835272
358320
906119
427710
175611
479007
638349
475518
708590
62536
842090
578906
661914
738593
237035
599451
630462
672523
204316
544495
645393
177010
677936
340479
796686
816984
300227
431279
702328
931073
19178
825051
58865
319987
939394
582847
553803
734853
31782
241417
358912
252984
834234
346696
973926
151905
423537
914661
137843
27583
143133
557221
166037
358743
174337
613515
682565
113777
806300
813030
67072
568039
213545
791877
505059
151571
376982
697495
50890
712227
866912
87528
444354
394233
162249
718505
19315
645376
956802
630441
952037
746893
989171
594714
453042
842949
631629
760507
994117
308862
850400
974843
389066
271979
485674
402611
898041
643832
839019
637572
251360
454096
890897
160375
744663
703739
843374
919970
783275
110470
865730
651026
347222
120118
325052
242812
118187
82940
704983
878477
915391
591451
565420
823864
737340
364871
797395
228031
795608
434520
258499
201131
809284
758266
650367
677408
217627
195588
433282
229665
556071
889879
994763
681397
738880
71964
856445
614219
631734
704448
570889
759350
564789
704963
890441
140720
745814
759289
81026
208240
659575
319206
479603
231606
385994
212737
601973
432603
452669
107156
724853
883175
838626
838145
761898
23806
72264
853928
855595
125630
400149
101810
458844
987655
830098
205414
711046
128021
561102
254427
916569
748833
411667
935003
86520
761322
962059
291909
950286
879537
988265
190248
490330
348667
115426
591384
567274
753118
969873
455347
618066
610099
203404
967117
95261
156998
253028
9033
789715
31807
992012
326782
515050
612112
83194
214161
871940
966269
669073
794726
18233
763618
965579
611751
92568
436639
563226
504205
272170
918780
278604
379678
783105
986667
370155
667220
423284
881332
588191
523991
32711
616472
479373
618786
627788
23612
443624
692496
52248
413556
426913
755154
958893
415857
978300
23082
272492
681558
697907
564693
194208
890248
556025
311225
708811
118255
74418
119502
117646
609074
611065
709092
144475
616342
421245
400307
633005
204478
367671
917813
690184
803759
309098
267566
181725
787146
448534
943426
691272
878007
592592
355399
76968
628487
996852
939666
408972
874199
970930
584946
293117
309302
441790
618858
594763
982614
627591
837156
39653
819120
970623
776058
975699
676098
861236
473530
848164
184806
387697
833651
669035
279818
731559
785469
843584
372143
9418
735272
666267
744815
148965
450180
864603
868925
305391
574247
382
909897
697044
315173
372254
229293
911835
981602
218164
139436
906712
337450
678140
727937
529108
192171
500482
957873
952058
208664
743157
122329
688624
221890
971741
275761
400575
163825
434411
220126
672349
194693
756880
613716
254870
589811
936487
4213
398632
626145
846042
501999
411045
533960
205123
338116
834673
601451
698099
527560
923871
588686
778622
461022
2644
124393
712232
190274
209535
772891
294162
454031
467470
506897
961643
233197
608680
411984
527134
848986
157589
780115
458579
286597
641433
563220
178592
681525
75361
181981
988179
544661
680749
142355
801234
713606
100129
990380
888822
524719
161670
91313
460853
269308
884350
82443
639501
646490
712614
189045
824312
851223
200030
522593
346677
663844
572555
169830
999416
523419
557898
674483
193902
276491
129304
719616
235677
135666
263637
4230
296684
797209
536905
241745
950380
615278
137765
394759
535498
817538
445588
902210
731839
134636
814440
507276
480297
684099
180411
49762
636407
548582
908649
543061
938207
752848
535759
35811
639858
351107
507379
413567
908077
638410
514400
142670
119169
405995
342740
982176
931553
155475
209764
393824
499852
267285
163358
581523
205165
472969
550254
844900
80643
908434
306369
683083
546631
649101
644202
795960
849427
232906
985822
821001
78895
51892
256263
992952
764201
769462
877658
808319
106022
434493
794311
282645
4905
377509
551427
820010
283289
285989
629294
295307
832931
424642
937996
953506
284915
46614
785085
981678
305839
81248
580203
601631
535108
918385
803817
585606
412116
783334
392963
138919
673013
783960
108964
305117
86906
439950
39632
715429
254963
100641
126180
134033
613222
351403
953941
307483
77084
218760
845179
209607
20270
108803
375366
346406
834885
371054
633367
49591
330485
889874
922488
567735
221088
516287
84135
74973
842707
708619
177671
635431
25850
286710
229176
785097
142975
117728
189530
958373
259630
552844
996732
474862
432735
421935
416994
924801
660734
592189
210800
480378
186835
515424
777186
426786
347818
536251
420042
215209
219233
266000
548943
920769
519122
523874
598941
451154
399919
344802
354853
166284
847358
604169
306784
570499
146368
604681
912635
339726
396237
50422
667291
480328
484328
321694
733304
669186
345423
857496
722105
420801
937987
482169
497989
348836
497648
628064
56101
61587
773141
165397
169191
260266
763476
506993
530673
87890
601388
786132
719789
805752
404804
72699
715987
421799
815134
721233
113579
510675
549073
268584
546032
771968
330905
67431
401866
486411
122718
35518
409903
613383
162269
195848
677617
668272
308555
328094
660782
364775
591321
364246
26400
52511
163391
307481
971912
230206
476198
406491
352272
387655
677439
27759
580521
781541
232601
994679
50375
266643
197203
146227
512556
619853
219901
758065
632640
668417
344302
403924
903958
243480
990359
553155
249429
365550
399305
47216
311908
89993
420878
396979
416665
906385
689547
365046
833987
666790
636570
568316
975475
210562
154822
580647
730676
22275
962941
684676
388504
172847
954524
710795
659205
321967
584534
539098
743781
952731
673472
634606
891115
483844
536819
997941
565123
113682
581172
516429
17903
54229
114682
252908
357187
658215
497735
824355
216485
957376
182983
377623
249946
482473
624564
868358
902858
144615
295738
845888
797090
489955
680998
510807
971304
704642
826909
885501
364792
955209
264830
710355
729682
898954
892287
464772
115139
39305
222579
78028
222363
188232
204692
989341
983770
886089
936527
843652
121293
749145
365726
704991
433678
455076
472098
905354
991493
82946
410706
992468
780930
430550
290508
794124
92201
758586
244028
241849
76333
20032
421354
107430
219807
430298
172187
704263
657306
507443
45463
434161
294753
106834
44481
182470
849288
169955
94004
990157
128306
2278
221950
955854
607708
260435
316435
349313
427434
894117
601535
958615
339539
497386
15605
559357
204948
441378
572761
539347
399470
136639
125092
828916
580823
528488
128258
763447
17682
235558
964257
550037
550316
57757
134058
409299
622756
131611
92026
591849
253381
208566
475796
386882
589442
466024
928527
706450
405647
474654
191542
261877
905721
68349
862521
165277
834585
409977
660328
439050
882749
876728
716258
377034
729033
292462
716591
801212
571764
163850
756748
490123
767419
727107
509043
495334
692778
263355
1219
348926
333968
770499
401956
974
50917
227774
531532
454821
177033
152644
536255
110090
90730
195052
873611
912668
501119
946517
753198
853309
840784
196033
745213
713511
36510
259097
838895
538171
874159
894169
232121
995751
529194
253841
385024
300108
50725
105424
874054
409280
132347
12214
828951
881443
940354
714390
580484
21634
54197
869886
85388
708012
338492
984805
520615
885110
466985
221639
112673
393978
907755
216242
712470
889984
826493
686163
645472
468522
919649
882182
374147
310848
378490
588321
145468
101803
491037
992696
358052
505975
492244
514601
791256
699029
952482
401457
983411
581112
694786
634509
276414
177815
632230
172449
487936
355045
913148
662293
645825
257551
300907
299551
870036
304412
542797
54917
506312
733207
412803
926488
754095
350107
401084
374226
672231
707127
159996
951832
553080
986450
992303
319259
407984
141024
703376
461649
683170
935054
613428
682743
603619
193362
596027
72802
384376
64470
37272
983195
633483
585946
66621
745563
736042
685854
223220
580989
257009
261415
510253
113375
856557
164925
947875
734393
322520
632576
548419
670444
293080
87508
676022
810214
567261
164280
453290
468681
596248
396323
902874
770506
539765
499001
158161
254019
208165
944414
518472
195590
251631
827935
174302
477172
714480
840339
691744
788360
625734
865575
261824
968758
428057
157055
235961
601391
790752
468313
793623
763424
578528
176869
478190
814871
749877
106379
63069
711398
956165
161450
121657
59657
406942
574914
981966
68168
121068
555711
638984
51004
172247
376324
576028
786287
680485
972845
632026
207324
792785
416357
926241
753263
535747
810281
951020
909463
512641
514205
116148
844876
967241
494953
231612
690784
910661
692870
982825
199960
560116
213206
340590
56338
831669
986069
606033
517
207846
773181
169276
829835
318897
62636
202564
501972
575856
643280
541487
499634
905406
460344
581458
955973
101037
8001
959065
447274
150891
705872
633222
456814
910424
377208
498736
573583
247963
748290
48865
899703
869851
332123
739099
899355
769408
802367
91939
943284
167712
898543
849980
621559
860780
240715
185988
733474
278666
40778
638315
333118
507838
818202
697963
463747
299858
260567
307559
68963
887303
376601
550085
996811
778694
725372
932604
125646
63845
215463
998931
583818
55519
109672
95628
140437
428636
20884
408383
696378
387137
349214
957947
28380
747551
120165
478728
751204
594972
693502
560862
160407
714112
282686
854528
999184
105006
456760
527593
455028
847212
430899
763502
473177
937671
570524
972945
81601
117496
474985
694644
587070
559469
567632
276103
952847
193253
952301
898522
973122
216483
823320
127823
495663
51065
794866
359540
972157
896915
113234
25400
880069
452428
614836
10975
467931
998125
955111
358629
884437
128126
896061
727639
249283
361356
720460
238042
151825
870365
572956
696351
882023
293923
719803
126671
89237
706109
264755
316523
7538
960152
667886
684248
435780
395432
143620
601767
647017
52093
663805
159256
79686
193672
839576
204727
156754
943020
879807
401263
532461
595887
311366
497902
735658
779784
561810
263964
985755
442815
163402
163828
505663
641172
545737
290977
375697
133504
231313
773347
730757
342972
270104
903565
380828
725196
351700
262090
839971
593290
318619
468282
402574
835849
348466
958237
115312
717591
650674
174585
117348
771968
448988
400090
435086
2364
793408
683644
731026
867381
493483
861087
665855
18440
492940
358102
70244
559720
444888
356470
364427
308660
410529
449791
671543
980129
865887
710713
825533
904673
984087
875986
533085
36969
938032
781735
554266
989672
679049
985100
968388
557153
564099
597939
720737
628354
34565
996225
473129
455920
377540
265313
30159
776940
292032
652516
646011
272435
218588
33198
924765
647532
191414
730043
185646
396992
526381
869707
985705
328438
109381
708874
480809
617419
423213
144644
432325
828724
733889
197913
910128
133702
61897
159093
887732
133215
283665
532879
224335
702074
184018
324203
800820
663322
79018
765772
561279
543849
2954
136224
570362
907185
820785
749177
985144
406373
736888
856833
292600
758270
24722
838580
503853
260169
813482
997737
290059
208750
782053
222282
667992
229602
407922
78761
225315
465290
433574
619172
773815
155192
57081
36057
584729
529089
983213
842439
456750
621
668416
853739
951964
279959
205760
433675
751396
326138
570979
198320
646207
591880
953882
437320
606325
807565
316153
10438
922608
155695
110415
318317
304165
538584
528479
500997
70032
298355
979790
403123
749785
3992
147391
492005
424648
281447
282909
484714
155485
254377
172038
822528
736162
238398
307069
722775
167553
690219
834928
932297
478663
673357
430312
974556
295044
559666
619530
377880
789075
417448
736628
481036
47189
271339
258857
917686
195427
703402
949334
260602
505611
531021
878981
370454
608848
565432
292519
50794
875349
196320
538325
667615
393955
367540
622598
415063
303957
666158
494168
91317
700001
413632
348170
801022
316788
816768
650942
762419
984650
370964
551914
542702
163590
826468
663074
679138
624466
795209
792764
561284
716362
626208
642237
363856
357595
328454
522231
270414
831918
773550
935058
431242
294841
688077
759042
739767
203514
134584
581653
921120
884168
111572
693758
805732
627188
506767
692510
657326
237197
887067
743512
655511
601480
846162
316538
880482
387793
648400
449796
251274
700189
952783
71760
490479
603629
285663
412959
415896
955527
288725
664172
501994
411717
377797
794543
969206
801723
958721
717523
82349
354099
398943
589753
95116
285186
864417
904373
261243
883557
30113
124327
538759
562124
772657
986415
779109
794505
197700
576146
745684
94227
828062
581138
142428
950278
213784
777662
503884
589039
756156
658555
776881
274630
784869
722073
287683
990339
733001
475676
232915
141850
589948
812778
9076
110620
444360
265593
523591
546662
810782
458572
780669
624340
330777
320104
594595
975030
636787
721121
733922
211233
23830
74513
363283
337441
85916
963811
738376
30325
324387
411183
115646
37013
243492
483109
233541
360953
123120
372179
907128
546283
572687
292107
15543
739252
689905
817532
642426
545264
369060
134782
314487
366900
386318
123959
397510
541779
743362
986275
525030
779206
527078
803616
770395
758609
214862
201466
808579
161540
207690
86123
685517
905200
247428
16625
883963
164082
536785
748302
788588
475416
813769
320960
263677
289817
102604
811163
977269
378254
588573
649850
791143
1536
34873
292482
64476
247170
137697
834351
712235
294428
491065
175244
45611
512681
277195
761113
720749
452567
197095
773596
884848
103136
542938
893287
382005
910253
246387
667641
115133
954838
394033
904775
65279
144693
103558
375341
247461
159471
170377
418001
595628
124500
744798
25057
191022
723249
529068
378425
279524
350208
571191
606350
604700
489342
844817
54699
593385
989590
90207
43106
816681
664617
295536
640583
901258
986507
717613
841530
896791
763142
376557
796877
491574
593048
848169
739720
186586
456619
287230
454189
429594
258340
555741
922866
514810
914951
86736
545130
746514
85882
355667
955156
241445
176398
387338
37687
695825
488428
768027
120083
613545
372887
456341
648490
539901
58001
766479
406999
753603
975939
189506
260934
247375
171935
456419
620917
990416
924923
533226
620894
313229
553532
625944
808830
480949
504442
337265
641987
85936
724046
469455
613029
726421
177838
909016
613275
538779
222284
830996
963125
257742
872738
629541
525238
653958
186543
920753
791375
419594
97646
166590
430519
859613
302787
343886
413002
800962
48216
497594
30161
108050
386278
437594
509725
774385
609686
847873
319138
462662
486401
884191
728591
979523
257758
903596
598779
585867
981463
325505
585644
794203
951758
526293
306572
367061
789815
355046
24408
428113
975059
254515
914645
121327
493858
897857
505079
216510
965479
264560
944717
910703
427170
360821
563037
952808
506546
932618
735465
261395
952574
34574
595274
448494
785030
430791
50260
267803
572118
484108
397104
565102
1577
680659
686401
684503
258307
467625
848747
546430
212617
840756
599693
338101
388954
518629
532854
227975
732246
338923
796205
407557
263097
849884
702593
394615
253641
45134
606966
206678
57813
301241
20235
606303
308958
437918
163580
696519
917115
436886
482223
468785
75146
6996
846726
729580
306737
63358
381179
577983
548684
212114
241549
446297
986622
113434
351947
872178
324778
657687
476686
749226
123281
915149
689818
155828
837932
658423
747518
271028
557539
245492
239976
724701
652168
517174
115284
688911
698870
983431
986045
885995
519259
766153
182588
723811
175272
650176
975085
857569
541958
160529
49151
742076
95145
877811
30801
232093
921046
128175
31266
327362
656529
988542
906625
622995
6695
289759
601281
146133
362514
177645
767916
650713
117250
212792
530116
630599
683529
543231
153995
367571
433003
424157
54260
149895
275159
430909
797805
9888
893314
219710
348352
555691
752358
910050
641830
159701
762968
69810
562231
270701
667879
393953
486835
743506
732209
585559
172280
240528
153194
84396
875306
363601
151273
526729
715512
212523
967709
470071
904384
529712
564971
637146
613660
160031
828115
886677
862620
119180
459425
34053
39591
855404
518482
832227
797445
803362
475315
568799
10110
272099
296165
517027
590512
597911
436215
768119
748772
209701
248895
310775
449300
72531
923104
476317
548737
534632
376991
787443
670590
408582
986988
671256
776436
938464
870709
823777
326701
338388
601045
802727
645633
534731
703277
86955
590333
994159
65148
118658
928788
853480
580920
730476
968954
22892
301112
211540
607621
587726
733409
197471
989362
409863
969967
673806
149272
363784
13036
56536
248221
771135
998775
82545
212663
555145
727979
289906
930210
989055
556883
324895
657689
738379
773044
234554
404744
536312
447504
425433
640490
136164
694621
932984
682459
840821
738410
605324
770081
773274
346732
864557
283826
514894
437381
321273
266050
606272
953724
379841
54156
738458
502778
970561
221244
950257
703309
987275
532465
882770
934437
136609
975259
740985
639581
974070
988973
799991
466128
297946
948096
559670
378095
390748
580471
367622
282873
410417
932132
292170
17488
585328
441423
806828
441759
249458
683750
910029
99723
536890
665789
408664
919082
570280
148291
792515
146395
31143
780310
344246
714659
347231
104606
957145
897727
13476
650552
792212
759348
363580
933424
287796
514612
878661
855903
581615
136230
160157
527246
176064
210467
370171
280989
309090
662423
245978
380590
572760
501917
247288
238639
928227
418747
151342
427760
58747
402987
319779
825585
842329
200290
994911
195859
474932
513242
272684
118563
595322
64553
53209
978825
356329
68108
69549
486548
569485
59119
817945
588061
955401
773353
291546
284987
850504
849725
753943
351077
458453
750493
864834
386217
229853
758505
800049
220834
85216
246622
416732
660046
969889
946333
830250
415608
301451
220276
750170
632505
752124
158334
919283
242121
873574
98969
543354
70259
874804
539538
978287
446533
203712
97214
201931
80442
759973
9136
930836
478432
339192
261411
502384
92775
986328
47500
38668
708853
764863
252935
552262
696759
923776
490389
434563
255304
586952
674282
598798
298917
101462
335101
47539
327123
703155
737787
176803
524245
738236
778504
787423
632606
754099
792112
640487
72740
692493
746157
543511
747117
593024
394739
539161
514670
312098
526206
776036
539023
573839
739956
877022
748197
755487
230913
948780
560160
199658
726501
506714
768651
411989
699620
370237
894581
12643
536819
846309
377099
673678
41278
445162
754376
314868
5570
567410
307382
864762
283829
659325
319379
199208
47136
818302
70216
235271
412593
341646
51962
647424
574859
232624
793861
607356
445943
91361
561013
62611
968058
859989
365110
211059
324419
410029
406917
282659
795390
446468
558035
822633
822667
881838
329868
505044
191902
608625
881030
251390
542946
580857
505811
399171
755338
332233
792832
878174
606877
958216
277176
31307
992346
843326
183828
200958
165425
492024
188720
128967
251190
329109
642961
193435
912928
342286
110455
391093
583127
700807
703232
978828
22815
358345
331455
338029
101729
439384
476008
895401
894870
902946
16813
465108
200531
969201
432632
645361
844177
493247
569953
833463
492608
762719
836342
811949
68796
103434
802683
368476
71874
528889
182074
93790
809885
954692
572942
148767
989327
592794
394291
835506
637869
747011
357060
825892
480643
973187
555666
574349
594261
151918
167132
884642
307385
585745
151062
767313
778446
84602
714696
38607
47696
631702
417261
608327
74834
220299
51950
283479
693443
231580
343407
582295
710115
941462
511125
124423
334516
564401
921305
677551
702971
52587
832697
848387
784799
319982
880013
905848
365569
788434
876459
193407
652014
664593
748979
938704
971563
551139
607593
352793
30380
208231
246743
858177
600441
315965
680970
183926
199543
7457
30560
318392
423888
842606
37711
511877
380065
162853
949372
231220
952611
841096
77797
741489
518885
199097
515141
671530
385024
684591
485087
212444
699182
653645
330676
204502
921353
501583
102003
236627
243899
732057
348678
67303
516885
389674
983964
388305
635384
638066
833710
66619
87826
40424
894763
525105
219478
546946
516515
428751
199266
39591
927273
274552
429578
496769
287607
862814
870090
39970
279353
526402
644933
66760
138455
71047
263647
437597
776402
906244
621110
839882
695166
14027
528814
855072
597084
781706
58419
90993
658655
900707
254813
76605
477977
26696
990066
110661
227547
157908
629155
770571
288975
571007
473760
936211
782417
724458
39947
508221
598707
486692
404993
319108
222040
294121
742104
231565
385344
130592
166757
850196
127811
113850
844119
185226
825011
430068
25893
283665
31495
826262
215495
377645
120651
124409
824404
206344
114738
250134
792481
421964
313512
88089
623666
628987
147871
817072
133339
79760
808005
681
665999
792262
987036
714543
890820
578957
221757
351071
238032
693229
813851
518472
362529
801421
458072
841661
146441
920727
701592
991481
869432
648591
89069
45077
644752
264700
25738
691277
375312
826980
799075
489815
42325
498015
100934
397704
646844
758713
751283
774573
42770
988060
141328
961233
981711
391443
579199
903092
568767
55143
333575
593977
3258
199901
668370
546542
225422
33560
122112
659520
830145
680579
44390
814271
609029
974154
311074
884925
215523
666993
667095
168980
298043
356979
677743
276139
241837
383901
596883
286348
807320
584457
667358
307977
13724
352304
161918
347158
455790
768386
503617
776078
709444
254263
990059
17861
149845
422940
754628
464436
5529
337878
866543
966773
801809
749402
694784
491630
647779
917164
181806
93214
604489
167369
537437
195222
682191
650646
170372
15855
491205
610236
782611
847654
617418
699065
143158
329398
145358
943087
314636
411057
994986
446635
2572
811556
802263
636575
522960
598790
687301
977536
139424
297670
616348
925511
990311
901036
620015
782132
774777
384456
544881
229275
40089
76795
811217
591320
122047
539451
612463
169257
165776
784173
852920
731066
430907
92717
482643
457780
462267
780336
454264
352776
739522
958920
99542
408624
168889
667202
964318
51379
267831
512897
352258
57921
730580
765828
741801
397460
833256
196766
372500
607920
743894
721786
126222
856791
221781
393518
911314
604482
477846
26665
704456
5282
508308
683934
103007
22750
87640
665999
679635
899662
491426
1238
797784
898094
579761
230562
470808
758021
695890
12369
661491
459495
822194
441925
545871
995086
467970
317092
584435
826749
777256
768655
186959
459779
707487
258793
691769
174698
168464
58653
407162
85703
261222
736916
975275
666323
381991
696350
742129
505018
336231
729503
131029
299756
98122
756311
109295
631716
939484
706648
79984
264098
860772
195017
79692
828731
630179
14957
207713
861902
446083
26085
509723
440586
777959
151990
895128
746541
565539
65853
226869
670699
908641
227046
3989
738909
890668
673352
252037
529103
246499
378007
336304
76923
729044
53384
986194
293698
722579
281446
944000
980071
527512
944860
368368
388782
929275
465558
711334
458623
303011
632084
538177
281571
109358
71463
758285
910566
775885
646753
155901
775729
46344
507827
158123
213590
813353
821210
60771
992198
324257
708114
566683
850974
989347
951385
1570
115020
71370
23302
550416
276890
714149
378990
701042
550073
545778
477849
233952
386138
875022
499410
867884
346851
363354
279361
653108
18979
940507
604394
528224
786116
111183
501568
881147
476520
643450
173908
414741
238828
874307
580741
814254
514323
886074
36161
149883
626367
419593
737578
263562
891385
295094
423994
578056
451721
28000
559285
973752
295637
944821
668011
448688
865798
530884
467356
296070
410686
238872
288959
392833
125694
387837
620375
53405
48613
858687
646201
825622
275717
708727
887449
607404
252783
855126
435468
204800
646992
999826
519821
66491
850071
647740
184598
493024
156459
139511
936082
431009
201099
353350
844486
227989
755066
961646
264130
368459
905537
292539
971887
14963
812322
270791
565702
659977
344420
627267
244840
282651
585879
445845
820870
774946
914774
751230
237466
567908
983339
504879
670046
497813
972606
143530
354421
228958
705453
389154
241495
503160
239574
325566
430189
458500
452033
651738
714227
864519
430842
690341
675856
700361
457760
63370
466681
960586
859035
865340
16763
389571
46272
818237
830303
648756
800428
790375
455999
804661
981312
16099
200374
183282
269770
952021
828518
60022
298269
907216
378697
176907
285611
984165
165444
623508
675896
401885
282736
680974
523103
685046
20407
210207
5554
103684
705389
682316
642652
5011
516488
244746
157812
759456
379901
870204
780593
606871
148735
732280
475849
347388
227940
127171
421551
692383
775357
297020
278958
493511
107347
235078
997686
667422
897510
896089
632114
201126
540182
71047
36299
24350
69294
657992
719519
236658
169643
84110
869324
326378
828762
122831
468679
256013
597626
668617
754396
588717
249182
866825
591460
757125
240026
589674
381422
90080
983658
893658
584410
599306
114561
934464
29262
423105
983487
281400
396362
241606
988911
78901
318949
464537
905510
240357
437780
958819
512688
22106
789674
221120
11495
30842
775794
729597
520923
199117
147242
795038
921652
946132
751416
646750
677031
718223
174053
979573
263762
819125
873427
745869
706647
853547
751118
625112
293008
3628
50817
515376
910077
976424
946080
344434
763273
183570
329039
103345
551436
785469
875674
42331
385190
869009
401247
677064
745946
261868
678903
421662
188797
378312
414797
477049
36009
876822
953090
521189
16462
690982
694626
933957
503804
133942
708472
579564
936957
798654
367629
358921
957350
822604
489560
704969
319474
270561
625376
820119
453774
410291
661779
753040
48981
42555
341488
992894
85536
810222
477503
911594
318616
57168
668550
806306
842294
391463
666273
769921
744963
765486
556905
911719
559208
201354
558726
800861
331504
365917
966329
91516
887272
322569
998207
204079
803927
100617
246964
120991
529835
531390
976036
907315
707745
557233
188525
154709
145723
369756
325739
888273
137334
12507
673949
186902
959387
570667
15299
511626
293920
170976
668120
343745
801175
968707
161835
908069
770118
756181
427674
192272
80031
740632
620423
365102
144
27468
673574
864863
608681
432805
293829
931655
166423
999108
153428
790872
5303
100341
18175
30510
581538
591118
635872
680090
411560
939595
234193
629243
711673
451868
965046
436124
101168
146252
333906
168649
252290
291024
994223
752757
882897
338391
79563
356447
155422
897994
637657
618251
660356
99413
499883
789952
983682
520335
484766
513027
434501
71635
903935
278694
937215
216131
456528
924624
325434
65775
378295
898871
104350
441996
118646
711300
44145
213220
524804
386230
281012
453250
461363
510073
733872
138716
995162
622924
761815
692752
277526
627191
893728
181058
44548
554313
542149
12405
850051
574438
936241
338897
362570
591886
91008
64726
600825
779227
838157
482906
756789
119034
411787
589354
543481
735910
662222
247920
773401
994537
831536
264345
369554
712029
291615
565246
845530
866499
127947
686363
678812
249277
95241
6992
379490
95455
169928
667199
982463
997309
125949
446207
310250
27592
567920
383362
373122
870621
409718
573495
402130
252386
45807
953576
832723
123633
346519
915414
903485
571549
964277
809657
618351
636416
332873
803538
563979
392143
188574
492536
935188
586815
428586
808355
651231
961182
436075
667566
716058
881677
768669
155703
948508
604779
782199
960327
690694
945680
27647
448651
860253
862014
609734
959405
465126
441737
449327
819146
447409
833231
421496
899264
334238
946718
117259
539010
402366
257717
717701
47352
412392
430103
503724
141061
983612
579168
595629
366643
692702
214293
412860
187676
792460
434680
110996
235878
832165
995988
804971
55173
311515
670469
13910
824251
436466
154930
630834
684835
526034
758282
476813
45110
466135
412949
129276
277068
80904
127704
772517
583285
48050
350013
493711
549879
747340
718608
662589
15393
935223
544016
716208
869093
384824
935331
514300
111421
830484
728852
278104
714519
817043
543855
328898
168707
791342
302725
992090
231660
413738
377027
392588
342514
361052
306153
478601
728291
115834
268979
417274
425361
340406
304714
641925
562751
294037
797868
828769
820945
973083
421022
838842
10686
119871
273206
186987
467066
557307
162787
997513
365968
560662
883598
225949
653120
578687
371518
681075
175633
478614
961802
770139
387669
973985
329370
484142
966298
961647
696329
989708
807758
200746
314747
42790
525963
459678
714325
963804
973469
275196
286896
180813
928141
271761
683995
919561
32033
499666
601946
57540
715223
195201
465446
354758
198138
146179
880234
302808
460723
859298
594833
398410
554078
340783
480606
494064
273210
392998
903344
389043
983786
596194
488451
931385
603614
397550
79893
230995
549849
6553
555778
138272
329272
398569
529544
119896
155186
900583
50441
884378
582405
184689
802876
632118
731234
543707
183139
478546
263723
393969
449370
262594
826367
54309
393725
963860
176156
574011
301941
684961
745436
503079
239876
920694
757434
934430
12532
325506
354317
115221
866105
332678
657172
385425
276350
578323
870187
789562
166629
733150
467730
73124
324579
121698
938271
191547
455179
170303
369065
376551
839778
352245
150435
172654
939494
879783
405201
523690
220859
991507
4474
852619
97057
534669
486516
394557
715672
825641
579185
6150
418357
252396
135815
363422
929947
900563
732097
598432
832364
187827
847392
414107
265802
113357
370477
394614
778808
526150
190911
501838
555248
140998
963088
27354
447976
85628
501544
949216
169323
888550
876178
319763
754659
953247
158064
164698
342745
803184
529887
708299
717863
902463
599882
340243
666346
879762
234562
645565
854067
103572
882954
547570
479622
388006
392417
45573
844159
789702
378854
227616
767795
109532
324451
626037
411801
83217
642879
918747
84473
347608
428488
164025
424584
866112
495885
194615
289326
894402
901104
333217
316133
800765
542504
649534
825021
355464
515935
208962
332283
53856
679209
322364
847042
901277
208953
346001
856615
31513
797429
101189
607387
633322
129473
170737
715088
826746
549582
843050
502895
855438
350058
247870
126846
157397
951216
381934
74517
314406
994214
874062
862248
176712
991516
739960
2233
447053
228063
561672
165911
794207
64055
225482
715872
540154
463437
893261
250264
611167
793336
856355
919844
171526
732032
829294
491178
887657
804156
698739
984519
317028
832502
355458
520499
868766
170748
828563
794680
139841
397512
615882
590309
591567
356068
528534
619869
992053
970166
473718
319174
639101
358472
703313
654552
722135
604842
956838
377597
554239
471572
841950
976650
130756
586685
990884
111528
247514
420351
630405
776472
679989
620284
813702
547388
36872
280510
9894
875193
246868
665473
981783
81934
465438
766707
657364
712622
397645
672086
46440
657106
58415
48618
612284
389648
69899
148643
204517
814246
916279
197865
314162
963470
469287
471822
206021
882361
957170
967302
809009
227951
278184
817009
52314
724028
77977
416742
432429
921464
234812
336224
631827
335288
902706
746543
985452
740800
867000
727964
841200
486730
895470
280136
487750
404496
577586
531161
673421
920220
693843
123724
212206
973442
521104
642367
269946
378880
692898
504372
536015
336157
303534
961829
695037
799934
798130
551078
972308
85155
62591
53281
755383
892316
360245
221721
126391
526296
292536
366238
152191
665186
657211
317946
737447
242812
467899
838720
641865
828228
964047
75180
503044
96220
565196
456198
174361
160963
972669
479863
824454
636383
171827
140712
924852
847191
171593
484749
273232
144863
779881
291838
538856
637952
23120
491743
653804
873737
854170
798435
252877
354309
533129
631980
674131
434800
66747
80085
990755
763964
490589
482427
995413
910501
346414
107102
922794
66186
622895
319457
900907
445350
437161
161925
834042
824070
278021
290264
683486
246051
320295
759585
489866
106245
250568
236057
991226
953074
558648
281549
642344
879836
700954
406931
927723
413911
805979
716678
411496
521162
528458
850268
457794
125782
227487
170371
484603
40667
26731
326598
569958
208978
759418
171673
401480
126982
144715
227234
767719
179788
679366
958405
98598
41589
822135
475185
56546
692050
8516
194641
915444
583697
994681
409221
661085
242665
58844
122063
490601
179307
135711
541201
90414
564760
438678
838858
102450
174011
263326
128752
700788
205186
823790
759117
190324
907583
854341
749114
359631
52676
237846
460666
45276
856567
870272
597001
722954
214165
146068
817996
756854
282174
319402
914114
744114
907251
692774
217388
440123
759371
426181
789735
768770
420949
935620
605979
382535
436430
459470
305316
213246
525053
62849
556861
868519
135560
338540
797898
492279
356739
502945
929556
666420
263862
266316
549640
692260
729094
625164
181998
479874
538635
553191
585493
766800
208435
277315
196716
320826
645703
274867
391848
238592
110497
216149
155087
888678
498190
466989
155351
189382
425812
517886
117042
662666
197125
684064
69914
847543
635328
330943
286074
975529
418746
621846
321579
51060
23715
267884
586638
723016
368420
553097
379414
796908
6539
539175
593436
992327
859424
980226
865510
137180
262260
679468
971400
360971
634615
916375
455872
697075
973418
66611
849016
316732
224527
990425
588968
535133
411701
63915
596515
513907
63498
581055
639694
545726
151118
761481
524924
282873
388700
570465
735192
627413
92595
821088
289824
983136
764791
291923
261539
577423
736738
13075
150414
234770
908808
252938
802994
748354
540497
940822
403722
324232
429486
156046
991824
589626
531142
994113
759205
383639
388641
141419
174521
352359
66627
367507
745395
437446
210702
203536
892527
822786
448826
58687
590981
959946
351808
131303
479049
315302
939536
227639
339101
102872
376409
853900
683935
53192
814460
723459
746033
973423
399413
461847
410175
289909
53313
985098
144482
258313
340528
59799
88111
457876
620982
152575
553484
262398
765139
796564
85873
889782
649842
534435
29515
273114
452492
331129
875084
866583
778808
674331
906322
927801
889782
213072
456227
869542
536418
336242
219406
891951
811330
968074
149133
599762
471696
685309
245942
378751
420031
728613
137064
549258
833238
393859
698693
866528
44126
286043
712813
557995
785717
599995
926529
624112
689356
320512
540223
76431
933118
457561
914287
307987
700713
697976
147851
490098
417806
181088
434073
79848
842875
840685
50270
908296
63764
450638
523028
558135
67836
62930
769286
494390
617432
514695
408897
914806
714632
848330
958498
68204
297839
200407
353400
743632
292291
518931
162482
846340
555071
641443
104864
256911
899556
510543
112333
530907
777799
756465
887265
754991
908842
130381
597329
248222
930114
517071
55140
710600
242357
660429
56340
488174
382120
514585
850693
300347
542104
558306
700700
792784
300083
382319
338797
227025
261846
525333
62784
965335
600038
259081
939483
291507
685560
26581
870070
604925
431822
1409
710261
485216
450760
223468
675616
109409
368874
197495
419216
197480
963788
348211
323637
822062
315772
44957
952699
52702
777402
379814
978108
420046
374198
381513
326800
358384
570564
614839
890307
412249
361710
232343
411509
76994
38243
545054
443019
174260
557392
408005
878946
739886
921738
980318
279949
227811
178738
123793
797440
119447
178977
503358
944712
576955
76176
368161
704691
214745
749895
44019
187413
737288
424233
235639
872942
779274
358670
262574
549998
997502
370034
851079
643861
344809
586666
145523
864914
491772
688371
687040
884589
315254
410668
625707
518481
924823
903187
174515
826932
328790
573104
699712
778758
774918
341505
914192
67415
141108
419385
48965
535887
924203
869088
893393
878843
205609
683770
499718
834132
378090
558332
940622
643805
835621
433395
169626
637922
971703
881641
803274
213186
217740
500691
403268
436580
525460
397926
665716
744805
317162
780222
330283
758090
982925
790848
358398
773129
92328
303328
638761
441460
278579
226780
329649
902182
699729
775373
36641
991221
930406
867262
418349
551451
23447
624037
637998
514718
390005
235013
643243
830754
884484
879444
560442
130366
476821
572738
954699
872530
900132
552468
896283
971204
831872
953031
834137
292785
223406
425983
417951
743822
478165
835542
94170
806037
65363
339432
182470
201448
274471
578677
406934
758869
254008
674547
374659
632807
433393
819446
99196
13128
927729
684396
547656
688605
296275
166120
171591
665559
827275
194102
773761
97862
246195
854956
257014
560202
846553
896937
614995
251247
226453
370500
893926
848860
146701
805173
555534
963524
981652
88692
313346
289597
794961
118095
119829
368090
861584
722693
424741
563995
413192
443914
30218
43954
912324
312837
112335
749019
646023
323672
700230
415806
10215
725503
9396
672550
93227
914945
270939
713999
576862
291731
166948
610449
789680
619956
486042
123750
743600
930721
967689
384354
631230
550263
8174
521371
329354
909525
633578
454399
317435
638826
390118
229389
272384
293307
955067
130820
548132
604206
733343
819236
99121
818933
282909
805244
8582
998878
669586
469518
807913
794800
609467
475285
399155
877744
605067
796820
248224
65971
39830
496390
400782
43966
955025
284379
399915
837751
890318
813851
239518
196186
895642
239353
359566
187884
179621
576774
569655
300375
191075
235016
994346
163530
989975
896350
343320
466200
782575
540761
642390
503872
41380
683035
284607
257402
616314
455889
843721
322035
211256
643880
714887
476242
530724
338742
949560
50070
198107
606273
647112
879133
826028
678049
134267
685310
150444
864152
656177
30146
600108
730204
555367
705783
90865
874590
22617
637084
277570
226181
895207
725224
470168
35804
279540
237796
332677
961656
29150
406722
699489
251207
64729
80198
2818
449269
445931
606961
760577
287760
447976
924713
858611
845399
644362
269128
501381
401435
322487
976886
160111
586202
557243
804641
687695
489978
603145
279198
24946
705814
668056
287040
592791
544791
299847
42759
507043
679963
144179
303288
380016
903717
934967
295354
747339
664334
869291
925979
546843
78363
871229
940680
552052
570056
266831
153483
812114
108011
713510
230795
119918
742966
1231
470289
529339
119782
969218
120250
453125
741810
173730
316533
471789
113440
374919
122151
208258
894039
229754
369994
192545
197144
956531
967214
433566
619851
609046
762115
841349
756828
835645
133353
215786
866197
53925
393335
603370
771008
725932
366147
22211
693324
176194
17190
729968
366400
795241
696
389122
737378
394173
162121
6991
914494
888411
434558
197326
633904
972739
824248
860586
40364
823109
736274
816603
76740
165270
433142
436863
525146
938605
405259
109701
146907
602342
344729
516487
511746
958269
704572
685271
880072
915382
226547
844311
102620
584439
500302
277306
562005
218003
222039
450919
322885
654703
118570
145870
366756
657265
447672
507153
712651
471299
89033
219004
821845
641415
850360
692432
411429
999210
80885
739122
818581
178808
552959
705810
370933
725795
117127
973636
519070
813493
10257
555801
458957
25947
961903
480134
169371
714825
835902
653420
810121
541074
426103
477823
355636
410338
309770
825344
698906
734040
784271
550770
200729
239140
363310
430408
398228
64570
224874
952739
845674
691851
83812
904059
740757
548066
333697
75165
40664
735576
167931
973205
709237
829428
361346
689165
929320
361437
636006
894307
139988
405474
630972
723881
341501
752085
789309
652999
157967
242325
437746
638244
296720
143299
393262
989636
497123
337143
18429
553654
521569
421074
217278
917123
259120
747000
977004
882648
559473
266286
665114
849811
578772
930762
67946
921294
381822
126608
120284
426510
934444
865698
253205
382043
183922
761738
75825
440484
583118
832977
642529
12251
843310
922745
417476
757616
535537
13876
979834
431908
415603
313617
618306
73054
225577
560857
661198
476658
735954
217069
34396
242114
592286
436471
166568
856665
84087
326399
979498
261771
559720
17259
128865
982967
414096
975606
252174
401372
920093
231645
294972
825888
760886
671722
842649
928946
508672
544502
864255
147843
974145
187298
879012
336625
307169
120447
872661
302056
100172
681052
523752
904099
861891
304393
925568
224143
605413
751396
494603
408875
743144
832478
403136
574945
158057
776038
316843
242518
641760
34733
285274
462989
275532
437124
793648
751137
714577
270718
676550
518227
24174
527859
394461
594394
957380
535580
795312
727692
732852
126155
41902
216266
169995
486077
934821
884059
770734
758753
909307
288933
830169
47113
455187
506712
217007
955828
367917
844594
462122
742816
71980
35306
480517
847729
754172
425560
142824
479127
20688
817528
806882
853031
551381
285460
461860
610992
574494
642736
701516
903494
906027
984945
906817
915415
870448
670046
120361
370134
183934
806536
692345
113651
83466
815524
497003
202526
940676
626320
379846
298184
909689
341679
133877
292841
247790
263609
115392
965794
561678
856136
508896
495196
799319
57341
88553
93022
84910
489649
577052
405481
371487
44759
736584
305559
798591
566084
764435
460673
583314
79809
346225
338162
809938
295969
406372
998198
149957
201546
568940
471264
640262
243464
725899
568779
162336
529125
689515
829289
948672
175318
372186
721079
872679
934220
619546
244864
899554
167877
421603
609772
942652
584826
309717
264730
438109
32068
25715
112787
959740
580049
86509
661633
443599
199013
50629
625593
108125
233344
347648
861871
993137
388790
676552
651755
86421
419473
943333
863110
265468
161348
452733
265906
911276
542186
874145
378962
426668
90617
137178
523210
130721
143641
964358
301262
764606
998086
83154
887475
552791
870030
58642
490055
559017
977372
6333
371230
92886
41216
292383
334507
636549
159582
851726
220624
270314
200892
442587
389761
426892
56756
694397
887820
160347
169561
67266
521021
587190
754392
827504
739977
786778
12125
967572
838967
333658
604818
800249
967729
965187
323733
249980
595972
38571
449521
754302
862808
566226
803228
415168
983022
286634
619928
91897
528271
218548
909640
687417
823050
554873
259414
60883
214662
430116
707598
936673
434567
894713
218819
785837
82902
808042
57942
860907
588692
771986
321268
819536
851346
68791
987506
387905
277856
370501
244788
764351
221950
803977
980938
107071
43394
640896
953989
767384
356559
695167
947350
49082
116347
379806
774912
986977
849587
259109
956564
20290
746573
567432
438090
616421
575682
923470
125474
976892
81403
478482
70467
598096
966488
153655
864506
906993
17695
50380
694627
452951
365614
34800
540895
166971
535102
160357
507615
723649
636390
724078
28264
378205
766637
757686
786747
500319
903888
519953
485075
217952
490768
623734
563047
288918
320503
810000
915965
617175
908353
878999
583163
395768
377550
839869
564157
600615
659549
484709
977342
924126
534565
868381
442207
551933
366347
963374
851755
181585
270655
324006
412783
461045
314703
591309
933383
772416
4799
814186
977813
532384
6015
197906
402759
737248
51244
677291
841922
391342
392589
177120
779508
698292
71677
218670
430446
844016
773659
571064
53658
38386
467650
555716
179659
345164
137403
166892
828626
736523
964303
870635
493216
192630
616338
318029
665398
506273
373918
696896
536951
856829
803374
121170
234460
850823
860999
734721
948806
269263
519286
141786
119937
677914
896357
440855
628159
424046
801355
678406
238621
193732
356119
941923
248981
614422
757247
753954
320569
134839
138960
627370
839005
610060
255121
447360
485196
211742
806524
333375
666402
674941
795384
641871
228020
986508
125508
535774
207716
261305
777690
49351
160502
850486
997727
283279
649695
15488
499378
790086
327803
513239
664552
926997
800958
532336
82250
935320
984606
93088
508581
995014
158458
502314
82643
752795
64586
968881
72087
149546
750299
747266
234722
645639
828278
721012
49624
334610
360425
577137
36237
708789
945695
390429
549769
865227
266622
28177
60639
806038
67485
165882
815175
139155
323143
516937
150446
961387
66702
167383
793012
209651
327040
638247
531213
439681
78094
346116
660553
793672
723707
707188
825516
459275
251815
293391
537823
421188
614891
966350
196000
259936
842307
980037
636435
600185
714163
702236
105672
284149
36588
584085
450463
272232
393593
182099
159992
230460
441400
569399
994366
103063
46670
170000
148320
611209
664426
94361
68706
914057
393820
540284
116364
490267
522661
263116
448787
829946
47887
645363
422538
609998
265123
436826
190208
836577
134490
582538
307631
20639
824589
94144
153092
422245
29724
380300
731338
997532
388516
571058
216433
736274
902503
978410
626677
756805
49683
931525
630629
806793
350719
722825
306951
555969
718798
321520
474678
918614
844258
479643
516994
807134
532182
850792
258874
324371
27532
845438
446370
984534
597269
771958
655073
109164
579144
513848
471542
816859
802745
109218
346761
336429
283939
400588
572539
832429
638853
841877
66853
796237
390403
327093
818051
255071
856804
434847
340287
13417
6058
888252
135376
219079
584553
560571
253152
960595
857961
287444
316798
730718
180717
129557
229918
967309
536095
668413
110386
192167
38493
899258
580660
150659
585645
62780
847742
282874
289984
607927
778064
591458
593251
150641
412154
272789
727842
839218
19576
793696
558343
629389
621878
49886
978
16792
257087
719395
775731
77696
217288
842012
744815
740338
28095
270744
355609
464340
849990
103905
168675
53382
819966
575310
367779
477896
204660
737377
603516
593423
499093
540096
603520
192008
925538
26035
440181
358385
807334
726192
817918
179413
30361
46774
964479
299123
650047
872562
764559
814856
892964
421749
777011
951370
100937
149163
250724
459253
507392
493550
38772
150287
928086
399306
188581
898309
880652
466156
454630
163458
708925
510432
273713
942281
850393
230311
857839
21018
684375
309131
584129
666038
902887
892835
68309
385128
310498
991197
984110
682684
705967
449527
585518
918650
857504
108371
201069
813606
775161
268334
362376
925856
604399
754281
130423
334974
776619
192464
142376
319561
701093
125902
472945
682920
247843
795033
931930
133153
165476
457933
318903
742274
618202
756857
819696
818605
309554
405371
559449
856625
381316
957249
985550
233001
188109
871592
735610
957363
668682
839161
258295
892895
39403
716584
302472
538132
727682
289745
148352
224425
80621
613229
838893
647107
605953
126346
513127
689649
536334
905042
969036
841464
243593
708659
448285
748467
443933
146045
997305
943788
229275
203678
549157
822974
891625
322258
779624
989656
545956
17585
776206
217810
240626
382022
721662
310744
434562
851034
196387
940144
210572
595925
106389
606819
167930
40283
630458
468452
831110
888857
266321
628612
316724
630721
367012
325135
165923
311706
306381
347518
314079
26981
697910
722875
390550
237917
159853
334854
389231
884477
201461
843806
731343
272886
745577
275535
733364
399370
368338
827485
439090
400416
728554
256751
194600
193965
882220
116677
735326
38650
366639
248718
277165
456790
613234
331959
125897
778624
435511
119966
760848
699966
177662
169567
501780
634791
465115
570938
481959
460236
637786
742099
96137
230110
216807
37042
660991
873469
703658
813332
544295
976556
386329
879646
907074
954215
160968
920418
422764
338832
429611
521058
439382
576189
447288
696889
462940
383055
458633
534035
408797
538798
958870
676419
762569
113031
946885
270310
329571
291279
222487
201858
392845
473058
481596
983957
966419
36569
484229
271554
913429
681601
131214
93379
651469
826978
275866
321445
119636
817810
344303
949276
681658
611836
720763
284125
190703
260424
438645
588915
65901
852568
387915
730134
69738
683701
307434
328531
323492
891512
660117
759870
356896
576161
154725
435433
43928
300544
504937
800280
196090
97562
775067
23191
703479
38648
165842
924326
108097
255584
28125
211105
339165
180609
141678
392811
791260
742306
993231
346937
399042
396639
522470
75127
105120
277365
615793
927198
735907
270289
64339
898831
248124
173584
923691
708485
216668
140961
846160
580846
999386
850676
60447
446163
940081
674958
334421
641051
373636
691996
224526
614567
864559
441942
347153
807156
266982
215064
43717
121054
942531
58040
249855
844579
544123
93453
144436
78902
609225
39459
28140
11942
105327
606370
481778
568375
559286
612313
801956
685750
330367
14694
692783
764737
490435
476752
723271
819991
12023
171725
347849
99027
287909
984036
442896
934336
939842
910363
753123
154393
772689
26463
589903
141923
776833
599013
613584
388796
552487
264558
403654
313442
435708
270785
22230
759160
59793
707689
296343
923685
276353
605209
252188
37789
639069
658034
647624
952463
17930
391004
720558
306569
504263
87031
294239
455708
488911
605954
168125
381293
274265
784407
494905
639319
331453
970362
326048
914888
201087
216952
130665
814284
429516
469020
818899
503866
6768
637873
820159
774133
896092
845374
132560
580785
209484
850960
731714
554596
850557
741773
741176
35115
215398
299859
753362
417325
261026
631634
6310
271617
755077
593973
9919
226699
725047
309017
912180
433480
759328
278347
530298
955468
472952
650349
467765
353174
115439
550529
186818
872094
478735
455010
657053
683064
535172
956768
535971
105741
28180
866091
584257
204123
774730
609631
456310
780666
313340
57435
21477
513337
871239
990590
463525
811395
673673
613016
834165
318688
371968
668287
136979
729492
253389
442625
541374
197286
527705
299348
647011
650746
183213
242143
181060
944922
445853
593271
500761
543592
875483
817508
626467
940720
660888
410708
763451
454366
170803
979637
585877
203094
73888
893139
528759
619352
554414
756918
294721
729669
196616
141946
775250
626510
705535
372712
706608
516969
131012
273965
990504
455725
832006
903510
146751
310935
824898
213177
566248
153026
539040
232201
208392
165072
597474
804605
682241
349427
587948
221319
518960
264952
747286
774001
973524
7513
136482
333832
867486
252135
649630
610349
542943
567238
579715
978040
868796
168187
923116
966985
858271
41668
524792
372411
855928
245520
407966
887217
755691
691093
53828
884020
60811
324134
825569
684344
981450
288958
892594
813599
748369
644644
261827
736704
72329
719065
996018
39817
345375
810790
660099
222476
475734
998848
691156
374373
540302
736206
63577
952297
312026
387564
723252
222707
296002
428190
241454
313360
491060
670154
986858
708286
618950
993715
340278
593069
324198
228726
10780
645205
872627
909562
665577
341181
497657
215862
43499
534958
172521
266068
998222
207879
521767
859096
277239
219089
777163
744493
379287
781584
979964
619915
619418
983433
312376
426112
200839
646148
245844
844752
245613
240829
547675
600212
655803
367307
795960
888202
494648
258514
976094
741912
810069
76311
283631
585433
427735
785557
69878
365388
216332
815496
9251
806356
216176
612497
661070
596670
476127
39538
777301
784599
981587
649073
875165
647686
484601
146823
143732
774996
482792
416435
229670
45239
38324
782974
832204
27720
625837
572877
41996
112655
88106
492411
376266
355836
904543
650551
871181
912847
771681
861002
583935
845511
272850
343138
65096
584267
189335
354385
569271
375208
184755
796910
501729
200827
859479
300281
417281
372239
878335
820472
20420
797279
475740
558257
583417
317495
996803
708100
493970
801040
579257
244009
489856
607588
683784
292223
314207
694934
953088
755469
528430
327022
852758
515960
683678
431101
294994
58658
440756
883284
524552
604951
274109
411000
625066
346567
213013
618847
189699
771260
776867
539372
604762
781813
868347
834585
559804
273697
187093
390123
625323
410155
637093
187718
833418
915622
508373
291311
253339
200607
388601
243394
458591
268661
381042
785099
392620
552977
150031
573352
382235
1497
320877
399712
774638
967564
762200
846022
950733
904541
650485
871981
419218
455252
380020
726103
364348
22097
907423
623217
751007
274262
67498
644477
382209
395045
65186
670837
985543
902225
979251
343152
861530
522525
756379
587497
878869
577532
902662
240200
414227
392138
770792
934880
779805
608753
565369
953007
667416
65821
733167
137684
980644
732213
980527
205057
67349
1967
142579
700499
826882
416048
346022
224073
599942
605373
338109
592661
338253
96295
237892
951179
840394
271971
787573
165697
714489
482964
921853
475551
730791
810494
714484
278346
9632
857601
716719
339202
907636
505474
527913
516352
435307
309039
759903
388161
253343
948915
555989
782632
98570
937558
715427
978895
638872
563952
629837
73398
210254
695986
508654
560613
47696
220806
17213
586586
791648
798913
524021
823540
375774
761831
358152
207262
719588
688705
760930
50171
902747
186800
615677
690253
418258
64865
641185
128485
486416
197269
621395
768057
201024
466384
235209
495699
166419
647163
38353
15307
10001
896649
899977
825556
370119
720038
674558
139517
722766
839996
374648
54595
175615
122619
480616
756800
568504
947320
577462
493491
992632
947088
581061
34680
691219
764048
53671
609660
270245
244086
735444
999151
9343
582379
750835
202924
635022
638546
496134
124182
170962
92662
388052
364039
108025
57793
454023
88790
424855
901525
1852
910655
222674
189490
484437
531457
569294
113095
165373
474290
106682
372635
563316
26951
947867
300323
185399
15347
791452
282822
272285
448341
909829
862740
178052
508661
332765
294519
432907
684942
256953
144950
357648
196808
652898
398576
561027
116214
387971
634933
502343
66452
107433
918415
209822
912641
454121
686648
414987
96354
235095
475782
378131
313414
250673
51868
965245
599878
541918
913730
15402
857980
755936
321666
344718
832269
541828
307566
771345
220329
793688
168598
123463
831290
521553
776332
980378
613635
626357
824544
378684
892835
250081
699522
43643
546078
690697
624710
538266
436151
97718
95638
705124
526474
745124
505239
429139
186039
351954
445719
552411
569998
240256
234462
471927
461421
638210
560675
260598
891535
335045
878540
273473
546276
691756
895170
999965
240723
40102
368603
483520
110949
735529
686822
49738
211812
870224
345013
248917
254932
340388
644082
977779
342171
573457
481139
208448
559044
558531
463444
633279
603575
878892
700051
375358
970427
510853
644293
306742
403299
706386
91760
153096
415962
238832
906953
172048
585894
68088
701986
118238
71400
51706
679549
899530
832606
251467
211764
753725
831593
333065
879545
153798
867786
585623
673824
537950
47286
357072
243562
370964
970193
580031
184139
712790
935127
248534
130643
245700
794582
975063
469753
747999
14237
106951
794027
556946
760787
479478
126790
159684
63162
320717
211886
963328
888297
824659
579944
139310
592539
712304
712375
625314
194486
97431
788858
202386
491047
631300
988297
467123
800519
978814
251922
724434
166275
693295
59669
264772
730303
201315
67100
38825
650499
752783
150960
408463
354577
617197
103659
287687
862583
854897
276374
994329
120296
442377
420670
244838
70309
118990
149316
214654
48150
892714
609834
905412
519634
760400
735072
634588
552975
521016
198229
608126
636160
602544
475732
290614
214863
779704
724558
721242
941186
33152
171739
298356
381963
921062
784611
379081
261178
282229
174648
283720
626499
419995
17917
326959
214785
91712
416778
230903
253839
780868
24204
889978
680041
31450
243761
908007
476202
977290
856835
540
506354
469064
983249
559835
931687
998915
366964
727642
144545
845164
741149
201122
312903
529843
159991
719530
673783
732050
839525
61144
858330
978765
284640
92374
808941
662444
719587
676160
869565
931649
373743
5163
448950
152378
921644
20508
711147
723076
761254
292468
633866
624883
456348
692452
100249
538563
825953
57342
330268
651951
96127
148154
376735
272088
879850
1835
828056
722908
305913
27392
225891
718992
205691
803330
305162
590718
676333
434022
251400
711730
932641
308294
908928
855138
966393
477078
243765
307184
768668
349527
400436
432642
145833
75180
778247
229383
696048
370101
733025
427252
144984
91426
819348
874451
282307
739876
349443
494584
586287
318679
637259
906162
209468
688794
347208
939956
203935
346900
634849
318468
443407
894194
135203
637155
193280
89982
37091
976741
457987
520151
778684
304276
344838
896875
571675
197286
68746
818864
98060
908193
74639
499036
931899
883896
804085
977229
64583
807466
577962
998977
150279
459821
927771
912362
657907
581108
907659
905548
665510
724920
102694
439658
938610
200273
474917
93364
4039
692950
194280
836591
211595
222450
543036
276664
55986
396617
116250
235148
941028
837403
752681
487095
811651
937682
339533
483408
915290
164364
406878
254284
229359
602461
806308
418820
894100
83791
727595
366241
193830
920044
5379
543176
262620
12762
362536
826250
1275
451641
833077
658849
661058
936416
253856
651815
821762
588523
47157
559876
796788
960695
366211
635691
377502
847933
580178
2944
605266
658457
476735
979824
920611
476392
550486
15283
511904
634445
138645
539439
269471
83268
279817
651699
102015
504288
78535
405389
170231
699932
127745
321171
837661
175246
906571
289790
235633
263943
830411
405783
572635
328067
472031
697045
216695
940054
110504
412756
488160
876973
554852
187739
995768
654212
508733
444313
379253
506763
665995
403486
285432
707707
139989
612831
306509
378944
879987
465214
554441
640188
648455
692209
820638
374031
508489
485579
331784
554757
627101
303834
925234
85210
900152
72813
298180
120622
297227
450129
35383
918702
119950
942430
871274
265740
705850
221177
380963
130226
450142
912486
640316
29669
350911
931229
809035
519435
395367
72541
479399
152
324233
916742
286711
393292
425697
271131
824759
261710
662592
318195
106446
410871
996766
300891
270444
241867
793389
285951
552122
394247
2540
454111
743118
958858
13927
916813
901782
816398
661658
756850
734497
158973
45646
5907
626335
8326
851384
935332
657333
658956
127311
543722
260774
659901
651933
472818
649298
506443
179914
350732
955602
248331
389949
287792
948471
899144
712632
985249
45208
365710
454828
186027
553664
107252
121015
933519
311372
937212
160042
572750
557950
520061
914140
185970
56112
539570
783287
144161
667005
410007
244188
201190
637766
491241
773758
978297
763135
200053
220415
3408
277401
481553
906882
371869
315171
219276
592939
968010
96699
740807
306786
659282
895492
289850
862365
243078
450239
913384
978114
873168
303648
293269
992886
413228
781888
922562
961295
607995
529288
921032
55924
410495
162199
850211
131393
842614
760764
371784
732509
843925
514707
414549
713361
496923
918912
384479
748193
700455
8227
862982
912462
604948
654316
763422
763602
509190
672654
715881
768433
203715
433824
123532
213885
972816
352502
344000
171946
639014
296137
918094
554225
315280
914051
324309
357754
318427
177165
839534
28491
713168
893017
451715
83236
456995
467763
310209
948949
422675
929559
212403
115356
962252
481757
271447
315034
323839
591275
67813
761434
570637
363680
692745
912868
181573
268039
290794
662271
468333
996087
659444
558342
582704
758745
770277
268288
564064
190660
896144
691355
457493
199690
51730
21819
4157
978550
824093
991845
234565
860320
209832
263217
821029
446487
373696
999330
916208
368802
314069
761983
872334
73654
711042
850349
395859
288138
670106
242158
8547
185181
800995
33253
784197
521440
373977
358561
504510
988444
7800
623276
272599
406298
310989
373544
238805
932068
423543
31383
857931
146647
499910
94329
319153
747999
981660
257843
861203
501023
750987
807973
402654
142488
365857
767098
740495
967806
459964
321557
141414
579390
972695
337452
602388
938146
513522
111688
102570
791137
944885
463935
171605
61947
593089
415632
962917
205377
104855
313219
30547
292328
529477
432681
529750
18269
878782
215482
494184
797852
23450
782154
517360
590513
656834
105712
536124
11657
536513
274110
413532
967714
695327
414196
71119
908111
515724
322470
154196
792416
713222
387625
480034
226580
87597
671588
506511
70068
75987
638074
103568
421428
714847
877824
837955
892294
337687
935155
232376
976102
52944
56236
515547
215744
362124
945146
866619
774562
686126
198345
321690
930101
677031
953297
858258
130677
101312
830003
371566
160436
485440
866473
489672
389313
40943
622815
937999
287289
410501
471595
145163
119999
75955
369488
577529
978346
345899
308199
779343
850839
384988
379825
941601
443696
880163
871081
993258
449683
784403
208369
458962
799097
240090
562259
848860
263331
447437
368443
279604
986914
875999
927536
878103
670387
638122
204335
175050
506760
582454
710177
323227
967431
252440
562521
394302
312198
851807
907683
434418
191939
958829
950943
895766
45671
505607
558586
685814
63267
943817
917389
810816
190344
211728
682070
552431
31123
198134
607340
456816
63150
669605
121273
752437
827942
28781
935308
782177
498262
988031
740936
23523
898210
627751
954461
450486
521234
44614
306722
452286
282633
778704
588256
362338
164750
533309
356504
674205
699216
584468
891581
313960
379179
309280
102520
152604
69389
694853
103751
975601
704598
889489
792763
486477
718231
481997
763307
607489
324131
684982
348699
540770
22712
906522
452651
780891
667510
183727
761384
982851
63131
892647
532449
848488
378365
544720
861009
5757
863293
990171
34442
189337
770331
58329
88056
167215
163241
342735
290962
883616
92194
375759
494254
953261
240680
278312
765507
349769
241107
840351
855759
78201
467543
979609
353553
352943
687797
764599
464417
577516
152689
62428
993175
51868
926234
176061
116979
784013
255673
249507
376215
252085
746813
952559
101765
487236
392730
557685
500716
344487
261211
675040
91792
661652
668111
776526
698510
82915
617034
190644
765398
296917
238777
479802
528180
595023
185036
883623
241953
435440
182986
659996
136152
635671
64922
861300
807912
39256
593833
263168
97600
776454
785411
113212
911653
787727
489891
625230
822201
210089
993405
865883
832559
117823
326742
758376
242260
618742
112199
226152
456001
147863
123716
359382
55749
476842
387674
229607
565948
409949
510631
92080
320242
212470
639170
508275
631787
927736
716702
537819
349019
897639
810023
506093
256987
322618
323937
44854
483733
702095
701250
129473
474553
893784
392752
914575
538827
836845
547278
666181
225663
316778
480235
499289
576468
826346
885850
448137
841014
390978
534128
631784
964017
528371
531746
766010
138004
624082
85179
938176
480100
166273
257841
917996
596771
229589
686553
418331
844790
2291
969820
562227
492547
112144
848894
507874
553689
652418
549977
897119
657542
629680
316789
47401
661778
356213
735181
951304
653047
98450
93385
21660
230948
901487
571252
164946
223723
46199
407203
504368
424048
258651
416965
65482
324721
269017
835255
270329
367048
266251
731805
76808
295126
784572
829321
391881
897032
91517
71010
346572
818303
507598
288099
398937
732971
855484
397881
561341
102926
448321
324216
98214
249554
881828
178233
617879
520861
679803
161056
24572
130822
193214
611682
559015
989171
170319
57615
909848
851373
359191
955074
527295
740709
261844
279346
466923
165840
832586
429965
255903
51708
555419
602846
343631
177321
890553
293158
888746
590482
189129
923047
846904
105393
523268
228544
823443
704519
235338
151434
327623
678652
801053
800667
883041
58374
72589
660318
173999
757823
693549
224588
87179
265760
820439
198181
212454
866579
280439
295146
70891
179051
151258
385364
37324
969127
695920
945917
963417
492078
686340
768729
939440
812102
62688
242706
610125
438726
848880
664243
466986
582825
638142
252574
361742
347591
219057
795717
508199
662732
498396
905055
885447
670529
662734
668569
201743
432910
97231
849561
785250
275290
105752
258410
50092
717134
275039
486387
807490
128617
157563
423284
750522
333312
757145
444068
667886
713242
140905
214893
502541
180784
582824
682044
113641
347182
964352
353465
723645
303953
746211
413299
822032
483202
720024
955053
541449
202368
338848
573166
257482
578550
744080
242496
591794
466435
962403
838683
908338
676102
149256
802781
298927
241308
455405
328046
45368
567486
427383
675378
745613
946111
481139
860754
791748
266767
305240
679009
953535
392400
435120
140667
559017
794003
463524
761914
911560
481836
140358
97854
246463
474023
821770
773077
540135
998774
445220
337020
659130
575095
89169
675649
481276
109235
670097
717427
546601
90762
848227
258019
330305
386846
800101
453916
365794
236232
104059
250734
413492
369834
413985
516804
369421
49624
898526
524550
21619
848028
67030
599837
374810
618349
545581
266155
118002
373111
522705
161352
55565
994808
581888
363562
668858
499805
398352
874979
871552
634033
208075
239901
579606
338643
371087
989265
962681
723293
734292
462613
114570
107373
500412
343855
962719
71077
263127
730077
174460
607987
654336
19690
319939
248951
795896
30470
409175
698505
106393
63104
314106
391122
942015
218257
329683
35841
316976
412433
190846
930339
468076
134278
870309
263454
228546
342359
383157
360326
217986
77644
541011
882911
406524
500907
654668
538652
415170
347768
278102
45450
157166
423031
732544
356611
527289
961786
241023
589868
876008
572238
240985
645917
445470
905035
153559
382619
605386
498511
384106
87967
274720
460656
900604
497709
153990
303888
393023
943270
582326
257495
737298
133618
556429
15641
366723
442251
713655
177995
27056
139759
368165
886810
713790
358837
263976
387345
999835
942178
793143
124932
234521
759404
189682
260513
112844
853008
581347
686522
649741
128981
691036
771090
19175
157587
644358
343559
26511
127852
108915
520504
782679
490516
46040
924650
718008
304206
1737
879929
316997
148209
411485
666572
934620
150847
514935
934754
76670
878915
46439
96904
806662
649927
491364
218012
306096
66
54514
434431
829251
498468
554758
448340
465655
947459
705544
251971
698380
292290
810501
892934
440446
862875
260095
644918
611625
35876
854149
814486
90995
865935
193338
336905
950429
177926
803493
301156
994463
43487
522331
239410
461435
269862
728450
859501
550090
738392
115349
818210
872217
733056
776142
219556
450168
906577
642164
539099
953666
878428
461446
475709
867242
854022
738881
527687
916289
538876
411395
448489
688045
135922
705154
339461
545696
421131
770118
140806
581827
388814
136108
245482
307542
95522
405782
955647
334733
436064
97224
665801
971024
218727
492872
885104
403478
233958
975827
132949
635353
952050
347024
755572
824429
931865
492771
492379
602760
744731
563667
570877
120044
46457
88479
255111
31533
810755
945124
11195
535690
896638
585469
65778
693716
29782
180490
891015
396428
456837
199193
534191
350220
612355
161979
451210
875250
483585
748061
183903
294741
619474
189158
344535
537687
967123
394071
995240
464092
171546
145362
549879
938579
320321
248748
207140
537071
368135
309428
757376
751843
541317
683063
699510
209922
426428
58093
798220
742410
900762
401825
457191
95580
663917
274456
712161
647365
598454
58514
999033
398299
777383
820912
797495
328378
883639
581513
40618
778321
725658
342839
747650
36730
796453
456300
651007
826956
233432
998180
432137
881166
657209
969267
369990
94689
633197
255813
90052
110082
644954
769100
152838
237583
975797
521619
238008
718284
320194
491672
346660
558753
354778
302754
145036
194018
162699
809367
692131
746354
609207
989365
325561
332880
308593
958006
196407
35092
13546
739900
416880
564386
138833
652931
489391
131341
666481
747320
904669
980862
26868
201188
234701
927657
366441
15389
250333
141191
151824
563391
850852
40576
231012
344310
660585
818520
299023
862208
540212
151230
594654
839391
206611
42571
55998
127636
228475
753559
152894
435043
899237
122061
116752
342872
948256
371898
96049
344080
343639
286447
873666
987774
327910
190802
345878
687497
275257
499933
50168
476769
292259
230617
97346
133247
563989
7044
411692
241379
153397
984878
45671
604451
608629
490639
694002
426916
723784
43295
84792
127844
957467
514921
863602
994370
669742
45411
440637
727883
458609
713572
73699
896316
839300
359319
573391
535403
528945
953189
163489
546800
557887
41680
705589
976876
337534
105770
221767
786105
74576
449011
81392
608817
48353
599675
529351
321518
122873
469101
724569
662933
660797
196824
572443
410786
333304
112524
542244
559498
964617
652843
223781
78083
875857
423687
793057
237676
628146
926660
166736
8656
416260
90410
580246
482467
54065
282940
472395
99115
541419
41723
227701
799433
679874
372439
675034
86077
347351
738303
606862
217223
561134
839687
786641
663324
654112
831142
766784
621564
267621
705411
206835
143755
104604
608440
872374
570144
177760
421813
79943
496180
734635
714460
146914
998336
880260
149014
111574
997305
262277
904314
284742
556275
928872
800964
451853
382602
661818
340580
891814
148484
629560
315107
262379
35894
477518
825927
592339
701825
236803
214009
786503
896705
9837
240427
289653
76767
763368
494017
241876
463840
195580
409666
993270
152850
870887
569148
524683
403570
949658
807858
2175
718565
212555
960282
535285
76533
338492
983058
468247
37265
601470
525299
891431
227362
322574
831148
440013
291235
63399
263039
139536
279333
17822
417165
248418
355901
214540
969178
948000
288939
321056
904552
455645
684524
337353
642515
599604
395954
285056
708660
864422
18050
861623
328149
657555
858366
427417
944995
42638
779862
576919
344300
11080
824617
141084
782989
635391
2570
735394
573838
277093
113702
460723
272270
429132
717791
893469
685378
648286
420278
910868
214857
892053
455775
592600
666087
236793
509613
336525
724813
398165
270340
133021
698593
126526
389944
689260
249690
159757
510862
600733
202046
39266
654789
787260
691181
486680
75227
423717
431290
25984
707085
68914
803666
382191
44791
470904
937669
419919
453256
654517
333497
241606
931381
883212
508637
738645
882723
191862
536494
316022
282803
424517
114038
704658
950752
609489
99418
577641
802957
666832
415512
786726
127083
73298
220182
417125
186317
619876
919958
452563
210389
72495
384707
881007
44965
808696
48249
169697
457660
387480
816915
962142
124931
118739
818781
596753
852753
785386
386285
425625
436864
5611
584173
933012
545011
669494
956172
537585
789345
899053
799402
40862
206534
204501
241230
104144
854992
482472
282901
148546
800272
755045
891797
914552
815443
529825
439370
667776
549480
2605
178765
207829
415583
791308
216993
729467
612793
683253
501546
737006
776558
895211
164076
591327
55957
138711
389440
462136
70766
947343
898037
312986
413482
251773
699303
792951
789046
850878
188405
903107
737275
74938
384206
437713
848126
6898
124659
618057
189547
231526
789976
425493
908930
154608
859689
825894
145327
543678
181273
460403
982834
480915
402279
184151
737754
650100
662997
384647
140296
724443
47874
648288
645477
251401
511734
410573
596221
945682
408916
156329
53970
505709
737504
273397
677219
67991
467141
459419
797286
323271
730773
88378
777613
283584
839552
920739
77987
603475
237954
208242
648102
428871
851574
27656
122125
65947
575839
70580
556891
501981
578069
796528
980903
17326
408795
750746
34733
538507
365152
830870
291830
449445
476607
283956
941101
314973
615053
526039
820680
492742
755453
62233
935681
148709
945311
733094
808550
331665
656720
820054
525778
861789
396290
881162
134640
611959
912215
425587
44643
507685
958261
91901
73334
542150
710064
483742
242658
849086
66740
148687
24813
479697
303763
508692
724079
549105
28538
867132
386294
560827
140506
194256
303978
113993
157285
665879
83630
329268
443012
265270
120517
460989
75798
509287
789747
832255
949340
820702
431293
90910
206150
189953
359962
923163
340434
716942
952340
396741
320761
99455
310017
23006
541596
990033
655600
549175
778027
505823
549950
630123
681041
265327
685495
645634
515420
343702
282886
982806
585348
556611
512703
260371
706900
786386
423694
9431
21095
936338
863690
338709
446289
727903
578151
392491
595901
343570
149379
404215
16109
785792
412088
978607
901048
388121
853404
217929
763538
186130
113447
18317
559283
627394
716215
575194
355929
353117
930181
393196
423356
287020
668066
358884
800724
409393
542962
422326
854554
67643
944395
720176
298675
920978
816953
173191
341466
723745
969331
850518
806578
427095
144191
722800
756890
436526
347258
996992
607354
831482
900262
426888
796514
473328
600637
912889
271473
7303
898894
654683
61965
25505
969522
335298
171828
270119
382668
742808
104226
998039
73088
302573
88573
78207
979461
575185
313616
646428
630930
332164
732386
351674
473909
482450
789429
803902
287961
7764
805595
734658
354608
319380
18270
650567
9082
187012
638097
498097
789844
393847
527785
547766
554862
174197
807960
703963
435285
724348
950496
186189
956936
186509
941735
899086
856167
787447
623985
22954
834320
498838
887803
680392
203111
84897
29415
588563
408906
33198
3825
219910
313150
995498
727275
206230
75193
896482
503023
330681
570447
520913
771206
695835
744744
350666
644327
569107
962956
985358
355557
913631
366135
78191
322202
239929
291563
108466
22396
664298
607910
819033
972322
632231
583826
492543
93350
762289
883693
616477
42526
43178
385696
403923
900373
692992
974161
540421
720883
787734
607424
876198
617637
982866
13516
577885
148962
513143
360477
488614
107702
684542
584681
749296
470810
985659
998274
645391
736148
296779
18675
560390
753099
465732
918459
984973
892446
796303
598189
346078
853940
493016
256395
81244
855107
117650
862736
880956
130330
326030
739791
473008
912163
265687
464617
256700
623532
220278
673954
495520
348453
342954
17172
199558
519578
596547
804676
878550
759844
55480
563475
232180
168498
239566
600692
124650
452058
831505
526454
268051
497597
363803
504329
717069
319754
962468
489074
824661
296543
34666
215146
491674
626113
655373
8708
787906
190811
508674
549853
877528
425517
847366
241502
640985
628640
129542
951501
778087
243928
25516
333857
197788
324795
950947
10464
971446
814665
335763
125500
581449
852061
106576
492016
607591
650692
870805
36830
45178
785138
660626
124810
256768
716126
12706
877513
413721
602672
102668
565626
136373
357327
921346
46825
740414
924616
656400
294201
915402
284401
38905
871765
936402
874629
488531
315066
957945
495172
588088
624775
667062
733936
440517
53520
274105
755736
708481
359656
911519
297453
224485
361117
405342
843261
986301
369504
467100
923555
714100
993591
460360
740034
297431
156889
519655
87210
699449
544131
159334
631467
839020
381472
439238
552091
68815
99197
42021
77047
691858
260010
88048
216271
746607
255884
483379
831498
521528
350957
479690
486034
969
611568
587016
229184
229609
163999
453480
584497
786837
629559
142759
64541
117228
573810
297942
680198
403247
64140
537404
70411
644127
374795
507869
712759
106146
325139
9642
311287
800007
618342
475725
575824
858622
840911
774190
719183
994230
125485
944710
822502
108102
937654
474463
608822
199122
19894
462191
648194
981583
822291
607001
627146
421481
607008
273899
619091
877993
64397
67512
969470
740382
595791
621745
422808
939832
621489
286497
990221
522023
88322
67971
846424
133375
783615
415187
679939
359142
278711
367969
137040
796109
927902
546837
244739
893100
142941
183756
616914
48537
148025
269727
365053
160099
550911
722036
77321
56426
251804
877091
76599
731656
108010
248250
347761
523653
923993
460055
607143
398121
567351
852524
929993
963190
700763
381241
518020
583315
330138
610502
976121
873102
981145
727594
751200
430842
641003
471601
885869
141054
590711
40705
678223
706355
67555
447812
108001
58064
261397
891081
714673
19888
206130
391614
439177
434680
73349
483150
318378
729366
500305
345979
294188
932694
952434
797238
671665
437332
483877
479735
685485
111130
549379
733906
691925
840260
939658
699192
633183
148829
152209
462689
729269
732425
721309
741406
609159
954507
469935
993504
701976
649628
254566
440585
399931
602331
907645
605829
692429
132983
536215
339282
665384
206290
363843
929542
279327
386965
496621
90174
768568
863297
69638
433240
155100
390273
911485
269548
917433
572377
896247
59418
87964
160556
719313
666712
50838
871716
178422
865224
254220
908774
791611
437175
363237
230832
524648
853710
84346
217753
285410
329624
781759
534267
871703
99531
199248
533096
207723
781157
936411
964868
407148
11067
235980
986453
196149
964105
184564
869775
710380
594169
651427
644441
988258
647502
93333
186083
29552
953830
662475
517396
950999
256097
350649
845652
892794
320700
545569
782729
828234
834225
524436
308782
856352
521385
984608
419051
384434
742084
255896
508786
866038
493068
835257
809989
378436
805772
446522
137829
341034
266138
717411
120048
236008
412033
403834
105936
274318
617780
963692
885895
413862
735821
864669
370941
765025
708397
334377
463933
937345
182491
80255
957104
733314
532358
16182
446785
721010
288991
716986
742178
930497
538874
967260
652387
39402
124820
488928
135826
811989
376374
308043
384191
811435
537166
389040
743760
834125
346446
29493
976014
944579
471045
62493
672696
567388
200970
704925
468905
88909
621929
952765
79715
935176
833861
971996
443981
360110
30293
843461
664840
58072
540282
729918
59557
57078
168334
278483
745698
314943
866568
356059
776820
480154
217965
381253
975151
494317
938219
767223
698602
62130
759823
500595
41496
104126
26522
204549
896047
215773
20921
468916
260583
345022
30587
228769
510196
519336
176149
535916
231185
430820
994512
632023
1841
58840
276959
669177
709629
682160
589857
842826
562974
457212
427683
174630
280294
104401
827592
361528
523560
790944
196119
549837
696226
788539
549625
786927
888661
307251
238260
759473
719641
574694
769549
258726
440389
958260
996692
40667
633489
519671
447968
741324
235881
283184
209953
511901
212081
385865
950455
830697
635005
670470
264499
48609
254401
235130
524219
561662
683188
572203
505139
350962
736063
335197
175302
840452
25862
112419
955077
137332
559516
107055
514677
878192
24247
282390
989076
483442
335578
873623
924314
494174
876851
16457
225133
15251
886543
478990
764717
720990
204752
59620
397017
783282
813054
495247
686507
856931
444735
349765
580933
97198
39778
550910
877795
366085
152888
746919
763262
584517
521022
252186
464797
320977
144971
371185
552298
144837
994091
403507
484615
364188
839789
41456
880724
889595
668772
312806
43278
985608
924141
62905
175833
518250
1809
648982
59646
247470
422239
41098
435996
65234
948454
632054
239888
665455
616294
302276
318833
350050
794751
500402
96277
760176
942927
844524
628694
364103
185957
547645
270779
162118
903373
343772
431504
750370
517268
84340
945125
935823
303016
887726
657618
650558
770546
656562
165457
324483
693118
780879
815151
894341
494
372125
793725
261684
553205
504067
462204
148810
412737
357664
413688
752896
85709
359681
501282
615668
303797
774863
652963
805764
150052
499236
79243
382635
874051
600078
603395
855492
932311
396502
809330
501775
980704
895592
703557
421961
212541
729351
251345
988512
422954
823321
606498
941045
454183
414625
754076
840816
194668
401294
185291
152482
343958
50250
499051
336038
157115
866459
548299
805183
994500
944606
664049
952736
885837
544656
115363
142957
822280
370764
939034
699594
510170
692524
11102
318770
143660
497122
262173
546026
658512
239090
572725
415745
668313
428811
832758
623390
684429
580886
880181
683189
995065
755147
358700
263169
341184
980646
938290
557188
615646
78489
771100
208101
937137
645385
519399
731192
775442
151760
28343
190124
855708
168905
495298
996067
477117
723143
938135
866425
957110
184951
92958
760533
404515
273700
213658
617231
200278
651852
622872
37368
809933
133547
103850
20191
122113
701073
462223
757307
731651
736408
701297
732517
998981
719064
398698
234706
377855
117382
649219
457405
568756
679716
204658
755073
161620
30113
424443
887592
943852
907125
707780
243870
384608
385861
833355
116551
742461
910390
333033
987386
605026
603080
886267
876683
281935
350350
671121
671557
808155
752957
998622
390441
497100
457451
563770
46106
722044
771922
69893
824829
490692
953023
74088
171043
373016
273676
762784
465932
984207
775396
199207
670377
454097
490037
198857
510162
453658
398837
43729
515922
859811
416328
693406
631636
664205
975282
109010
139551
226536
722238
54050
953520
408718
430113
828133
416133
825462
274986
378524
713138
645677
246878
309218
275119
822795
3906
762544
102730
152091
139837
505272
689104
893172
352424
152938
139222
136725
503127
991243
441641
689262
75665
390048
551286
370241
231691
12543
905352
217783
411874
931717
432225
36417
266511
655625
219135
691994
764900
732723
430094
113438
475523
401532
715813
408111
313466
772344
109787
598670
78384
286685
24301
784742
274250
652560
961016
402413
479947
573050
148703
547695
90832
72566
406799
577144
107077
845598
54857
553431
138955
127272
652490
399523
151250
973647
625578
673828
178393
859042
970102
723836
531732
868833
470783
386891
189956
390982
228494
33754
356624
230675
305218
597979
656742
37491
299523
217543
129910
632164
346255
48245
719611
904339
844529
525750
317453
349341
223100
118759
160131
219202
273808
229960
304724
231683
346298
994380
89158
948095
602570
164471
728029
281451
753843
98113
295725
739342
686090
973549
809855
583801
433974
518532
768416
669268
82727
318629
496332
337689
449102
194487
720431
269385
573800
610015
811685
939405
339105
34567
618868
256433
528689
508777
859696
934034
258654
604488
278096
272091
493372
88748
107105
567289
860505
923490
131056
439237
106312
323044
491190
972711
379793
309470
414809
23898
229979
623020
190316
831900
200490
290436
818590
218441
405134
248851
182709
414031
617250
646933
116356
184653
42309
542950
283504
831
783764
839703
428286
138935
449173
914385
880047
121555
956082
913296
465578
530228
86273
502344
654130
183076
748272
295151
430847
182078
202111
66588
919852
314419
752921
276761
471844
203751
379874
917403
969144
99707
83997
365631
398640
92349
265054
243783
35367
698702
83968
414917
750021
236121
803713
280314
323883
205279
496779
739911
252449
461524
376556
202095
960612
707520
665405
439453
48312
20636
589166
218755
599109
500866
449669
527860
887986
47625
985294
519596
638724
974012
214894
917426
588550
645755
952094
479205
405941
200357
506153
957349
510821
224944
521846
590122
884324
649893
792433
774147
556616
721663
574413
300188
254444
233352
638305
213216
313739
238376
673687
734259
660864
690854
586376
487058
996433
221146
378548
953749
222129
848627
982311
885437
650795
887985
186923
700798
928536
578801
944386
717461
121277
12641
409456
320155
972325
837716
948798
192114
429805
58020
957780
339337
714811
594158
129785
945371
220602
496668
908657
463585
425109
741517
938953
468022
947974
721290
535840
977783
249520
661079
615799
397318
941415
807284
692664
151140
217838
22960
781624
413004
749671
724581
678363
15426
867965
282213
205739
118247
768782
659409
892049
625898
996588
572745
946903
396403
79284
108198
817001
83813
951077
524115
154221
268061
446556
312404
585557
268261
106641
722325
211433
513963
675837
775604
528564
523445
846369
513397
428861
168759
319389
944992
457488
845579
383827
4032
777844
379190
340812
560610
988724
571941
187899
313351
152737
549134
178655
816555
653748
405169
355075
104373
683639
458295
840692
133158
486239
610719
429955
667886
73651
91599
655966
808274
711596
972791
279184
895168
646693
815153
499417
385986
722412
512411
997638
427708
731363
88131
419757
341768
989098
511027
576720
869727
170142
56766
78642
802907
546933
964093
528989
871486
271736
522777
787552
861712
924225
422540
171677
328504
784904
883650
948275
906072
160094
428902
86451
50417
400621
902814
875682
232741
638089
110157
679359
754078
961575
211169
943125
484975
368993
450748
389466
947020
369528
219591
943042
616393
62134
350713
793131
703155
638070
505699
759463
648479
971853
515014
867323
899424
972592
599669
449335
906702
344732
336767
158201
605298
631105
989505
875923
230743
719043
616094
310653
662897
525609
310361
379838
431645
365874
820681
410392
73396
705394
441355
881151
121218
567685
954619
617568
227075
218020
614077
21971
585330
288833
308432
709620
265660
545767
275327
174686
66731
947739
51196
416101
864659
19282
149565
123814
820172
30554
663240
40204
669587
956680
217441
474219
557501
620323
636449
949257
960560
67904
179816
878771
854400
468334
566195
28599
617679
524653
582068
659113
663524
493704
720667
190667
755862
489008
23559
182420
233502
65635
381425
774540
608739
664809
922748
650881
228512
532710
839607
807085
820826
571072
592833
694246
787522
87134
559895
185483
455990
981677
690930
188807
365921
58000
562616
22577
302231
402488
839626
932755
209075
377835
445606
653422
861043
648556
318381
750648
207196
162869
538454
702633
236559
731500
31057
112637
94064
534276
849932
509133
77266
871561
506767
289661
366738
638607
905864
699056
407835
468771
268816
656330
240666
695607
970598
908620
955546
752986
39710
280239
581807
88607
664228
880550
296048
172053
806843
375724
403519
889251
848137
497183
764307
171011
727358
508994
331590
153519
651727
211398
666847
913470
277870
847462
853955
796100
557984
501077
92363
820786
110546
306427
850513
618929
219430
282013
995200
489576
272719
902711
894880
592358
237719
12314
162387
359936
309527
969925
244779
172690
968964
334540
730401
570487
688082
567989
59937
969321
153254
474426
340805
664613
330720
730149
291130
759745
394171
583173
494896
206536
170784
889144
321425
258951
896984
991246
824990
565547
855314
81950
655678
501911
767117
590058
23108
424234
131110
586793
892004
192263
581803
386534
721656
484930
877385
528576
703447
893950
194940
654150
699220
816381
670126
159196
861925
430015
178460
22643
45387
998424
632887
744980
389364
191368
824398
688539
251403
356874
76476
944563
594447
332603
21996
571687
479532
550764
756000
697020
894234
328737
875612
641397
127069
135920
556307
522534
544616
975671
389262
921752
960878
932661
472324
416913
476076
951073
714148
408445
151357
864001
300139
740390
424554
998933
58515
375923
50260
575345
456950
838651
926973
776214
121318
284089
469382
322499
898200
354473
297900
313686
967325
736348
176412
478784
502692
238632
28541
195954
110633
968712
909625
251122
74045
345215
148383
578776
224945
777378
65683
66806
276124
686741
12849
828916
492965
508712
592289
779170
450183
604787
986565
422406
577155
302974
170398
386125
979147
669659
224329
125049
44682
832698
489735
655680
448627
763455
101720
957525
762668
11827
504115
543820
611924
815307
26748
869333
189094
214974
654569
455771
704754
528067
112105
79112
114924
741216
776567
200185
107108
19431
679442
399532
492760
242213
436506
934614
321279
705859
700276
1217
149077
102067
899612
914127
355461
931829
133533
980373
218750
134239
517712
814942
913093
294754
920653
62413
96129
467707
206792
406813
906880
669497
880473
900229
116463
360516
365248
830806
880612
273058
877363
140352
211716
534112
625002
799690
628283
13635
369033
42399
984172
594856
450769
251362
73118
827131
621488
487501
864114
989469
530101
625863
909607
803689
291807
720897
936491
531664
803295
947642
206418
373869
59689
829686
227340
881196
920145
70366
254947
129860
969181
825536
105978
878795
806987
788002
131706
789594
450370
815111
326664
715735
248648
938226
397129
383303
757514
668435
893446
267136
694048
330746
375475
817210
396057
541700
28541
774076
504639
754102
803086
212292
378488
180648
813718
536865
978257
91139
962709
482527
114751
213266
356949
757670
836676
558112
950849
643863
195442
146834
681857
425408
510817
659895
205158
947073
270234
117274
872084
799361
835895
986060
835355
248080
316783
786344
196039
12351
25729
748089
492280
48037
125802
491163
764275
878524
564349
901906
221940
329636
480620
179845
255331
109522
427950
169902
507058
71851
546140
703599
336272
56822
835334
14840
41264
653180
888968
979961
606071
222581
487495
263710
89319
347093
709994
999758
942677
930372
342679
379833
343488
927809
188976
72359
900309
409765
217192
307776
817814
261187
144125
281332
951172
83783
749559
154879
124554
134205
97086
75312
5868
568081
378356
312864
159409
503761
843296
516811
133532
288635
378334
834326
543583
104213
903354
855075
901695
706765
606560
369701
139360
651813
444251
803844
223994
361306
326519
383689
761924
305323
883981
310535
182136
657388
216986
570195
736208
762081
570550
758299
128702
379746
247157
155670
711056
798530
421990
807570
759160
468215
556048
723129
501721
245848
301165
355818
311651
307858
523056
462755
501836
448475
861377
639929
898556
133316
782507
452135
852141
73327
902808
852848
750883
594800
34632
350731
747895
432776
490861
941845
15031
955518
163098
769294
651835
213806
42948
446244
689110
687808
893618
268308
393594
631467
803343
468117
184439
959012
143159
447036
871408
75117
454210
726490
892963
711533
612001
549056
318398
113269
55069
52615
711597
475061
877952
710278
582895
805044
648184
454501
712143
480166
149446
129699
496161
182757
492055
428517
331046
244388
976796
4067
938840
564059
215870
283024
467015
340325
533526
119279
531954
506027
661594
595086
174219
210739
630888
77617
89209
307441
354550
510967
592728
956181
856036
816
538146
544537
435007
773656
714872
699855
938980
899947
732151
46236
690586
263886
724014
936833
345521
823861
364112
727560
579815
196253
866234
308729
158572
823098
506960
760453
274317
528941
212746
827903
814973
967820
906880
449571
666716
41196
540340
543718
103186
522419
580762
333924
619521
199211
743586
891779
756480
367883
76611
308221
564907
796575
421597
249581
808260
785791
265757
984804
8745
390650
557358
357092
179204
532631
873861
180559
768476
596147
696142
317155
376059
889132
694952
323047
618576
821004
496994
927029
689438
264319
523111
140972
288241
200923
868666
430266
983175
453684
655537
312161
771284
830479
857878
952990
780181
261356
766758
676590
53813
796802
515480
149447
268809
372862
23898
200579
463092
359284
432374
923517
357869
701799
870167
449432
350942
147766
204727
667772
909582
628640
154830
652884
556663
170362
380139
145211
726626
126632
239163
430701
972536
324040
207027
387528
350212
1687
79468
469138
720872
336783
188125
959630
730861
165239
685365
932306
776830
95938
823409
306582
57976
215183
593191
83433
455733
858703
990647
521801
584535
788681
598026
564924
13634
552252
104615
368916
901794
537532
189935
902276
518254
128459
551144
898001
37507
41962
735247
160634
439746
866082
175160
617869
988147
898881
233250
707206
981558
672306
313870
643061
5468
792843
534961
193554
795848
548492
293800
400310
72809
385530
4048
66061
748478
494601
702670
506081
454625
361664
233259
499784
940788
402400
371475
550671
32093
664245
666618
363833
766797
212870
793306
745008
477770
299246
958345
834500
590079
197622
377411
235033
9244
671017
678979
556912
201929
227603
425264
217926
51196
703233
275578
552031
404961
985016
783547
638525
490558
642753
464138
911478
906192
253588
729095
755837
391548
611460
640609
775706
423092
839956
310397
670826
313596
920239
55235
911884
157784
45594
557804
392394
813597
291842
131142
748629
662873
750606
458612
387635
517438
960501
40059
400614
947194
317964
121626
694559
931169
239699
75888
772595
827015
173594
585082
584821
951271
543816
910182
662740
730414
49996
915647
813927
581670
763144
619128
520502
43305
354670
953970
512885
730270
487945
947752
364075
847258
577063
982384
86226
152469
481984
953407
283327
323141
288720
907215
603667
851735
321289
795187
284707
632480
224447
972966
923480
883405
982242
587407
847731
441600
871132
144925
964865
873685
971822
961002
740348
882974
908973
40082
813525
210706
468411
543143
335858
285183
126307
427366
104103
482966
931486
607159
631568
947311
338326
108845
409285
38200
94114
110012
81359
396642
693455
869861
114087
734519
121746
347225
653564
375174
919624
181729
768583
658639
388980
752491
593799
719116
67153
323825
460832
474546
174275
324032
353215
624374
921992
205814
387236
166583
505576
855219
698414
354903
158755
693980
168615
273331
195309
826032
964725
318455
816113
888924
203073
255660
705279
272381
58303
153647
762397
314025
979243
855773
412363
902760
443046
584113
450831
378610
326178
509375
597121
421531
765608
913800
221516
906397
52508
110298
405418
106410
239808
487245
289505
779502
544700
91397
968465
768529
415020
376494
371069
355635
611070
527796
328492
639588
840429
732964
575539
289913
970046
15227
874461
340104
128030
767649
896008
374358
202422
533903
654767
721264
510877
805629
972479
931444
154791
978299
216582
447074
314957
757716
619608
4611
992825
438577
598370
218936
978740
427578
277882
324451
377203
931067
69193
76558
350222
992978
368534
749756
303915
893289
160376
260718
932666
968357
50219
923352
383415
702407
408997
256054
412500
959555
792397
896776
180396
773795
78303
933549
858323
58980
925810
114982
5406
636939
536710
298826
373909
320870
750260
926706
865564
107390
471277
990982
292654
318697
78077
961536
480509
694150
684216
133460
501284
274420
281829
27928
127586
867907
153183
990073
571219
588172
846279
641340
192832
714474
130166
9432
314186
131732
517075
839944
343611
827297
954374
293871
164320
659922
983071
82677
596596
993624
824685
348400
67267
326256
332116
651410
555469
417255
895979
110943
801674
507231
469495
607458
515485
7459
72594
564057
178672
499710
226102
650479
301313
889349
447009
41767
945823
394508
70423
421720
456099
174038
612025
465831
974240
601304
261585
240018
750779
673007
743496
799508
27974
587560
103142
397145
215964
120246
431650
696951
888418
615133
669388
347680
824001
421727
258088
308820
932905
4361
312698
879435
741694
939055
166236
884024
359909
730129
833756
879664
851880
923749
883534
911691
438544
81631
182488
400967
736624
9708
360474
448001
452002
926584
671394
369148
739274
598116
203562
622812
723126
953017
392377
673157
198770
878064
821897
578671
318038
269240
228444
262080
26881
772638
973810
715470
804312
75762
567802
65537
499425
422498
920719
379242
388383
417965
558973
203174
278679
476130
592645
159816
915571
969319
636913
341233
880249
517225
863565
719858
48631
664042
198672
93673
702285
159757
768387
707358
856428
712650
494155
217435
860174
757544
892623
501576
776506
410875
618863
39943
868434
915966
776943
712536
984050
622750
115977
880931
621952
385604
248049
782395
107934
118348
704383
15104
465268
706034
31718
856873
263478
537111
830936
959281
992838
934995
944869
983587
927450
420971
4784
311741
461935
929255
377444
172944
27769
604646
113299
812645
312630
59477
344458
671670
411265
5699
115536
710822
752050
977039
795337
703286
687375
775710
96348
573200
457352
931348
902389
762961
469521
184666
936283
771082
223503
657755
581867
827704
697004
986624
331094
167220
675234
672367
391541
657387
986011
116243
603164
399762
586681
501448
948655
564340
992858
757079
546474
905195
39219
341889
737525
925182
490671
623159
307091
938329
883202
340905
711971
300960
208413
510738
599737
842824
5875
425674
219391
217182
700275
444003
648675
196721
879693
582548
220867
535232
617341
957495
343115
231009
482084
369648
156281
441460
504666
986282
968962
778094
830600
699149
654523
134687
182700
691019
678697
103029
747138
480508
987764
198454
997779
936291
811909
227876
472472
107192
104442
315877
39274
417963
253479
627590
828870
576375
513066
4996
78167
525874
740265
520115
20226
456215
227595
688203
593681
986489
545239
604728
603069
903288
343835
20001
743862
990642
723253
478618
681620
730207
252210
956301
515528
932303
303094
220076
148855
612554
620531
815016
169105
559792
891846
351526
519989
224493
602181
214383
435416
291538
427540
390571
646420
887307
8083
98866
491613
317470
729453
486186
345707
625994
25628
985728
631723
110548
189514
49174
111784
548621
798069
676095
741573
86662
593622
933962
715668
95251
324420
460611
176997
657345
389490
385869
923162
881317
722538
53570
225538
326042
61360
457256
665149
771053
147135
753157
928520
491733
903021
244671
734333
543900
229691
247564
716322
877693
525086
314371
385348
272212
856465
721341
803985
984339
443122
363610
230481
643996
92819
69869
406810
48602
876097
798857
911938
259985
60729
741825
998764
510245
320584
267197
356291
19657
551430
167565
12380
276481
142498
149713
289816
809143
484294
475021
948714
526474
987947
497134
983049
70924
235360
127770
793029
302585
352329
555548
322571
993542
831894
507891
912612
516872
481246
774011
830784
839905
572026
52828
10183
279270
622002
613883
744366
290205
427164
418400
414422
630763
953135
734069
22791
451656
984992
739171
161810
571844
899979
431593
587114
509228
714748
995553
61035
978098
920614
847195
865852
514221
793163
845633
744480
169948
889657
804760
828733
856543
568586
659100
530354
991187
272788
425122
64078
445358
887477
193866
808259
802487
81765
658533
773504
460245
305908
462525
765166
123118
598464
387830
172852
626237
958934
54831
688543
4293
932865
230013
865028
118886
381648
354682
342674
189780
164950
349981
952843
425594
402099
384138
490618
627425
394546
569329
957395
206735
876817
674967
455124
79870
560322
239119
562725
265068
876025
941409
585295
916898
840228
901118
206939
454380
1414
778248
349605
524169
487763
210558
391210
519058
117715
755209
767580
90702
167776
443988
51036
894993
695711
553733
739554
435973
343968
975414
900000
924
334758
7505
358292
622301
14342
108091
141841
511456
282924
417013
681187
887450
691294
343006
609153
254986
353935
50083
682401
917286
974103
443601
562077
374259
411888
568393
449690
699653
446377
323940
896678
302709
685578
946995
96145
600728
92430
309449
672752
379731
73711
568052
348610
537375
158430
383056
782151
159704
931993
399485
749991
129290
350761
971369
892514
160370
678912
777161
353738
792649
354908
924113
821366
212183
436258
799339
79812
518452
138187
720153
395785
26904
564431
922779
884102
831159
539785
121926
673142
848916
395144
124482
282586
815939
470297
778790
106091
776968
684025
357730
472507
873048
707417
954217
61441
972294
646390
7509
25147
963265
91496
635686
860111
232465
634835
171221
864473
750464
815336
739898
607596
654936
15336
213134
746416
92958
765361
334605
993452
525805
691962
493860
839598
98542
135211
306964
242530
171903
433739
721903
326726
432449
970584
773535
67750
986445
658101
862630
685613
936809
927692
912626
990442
288359
451160
805352
542702
955895
919990
156785
292866
414943
764522
648431
744509
905783
611671
446620
985930
229861
225690
355531
915777
826268
302835
341209
324392
21059
254092
658149
701239
590824
790934
129744
736889
801467
572780
182608
999594
659702
34322
630533
780998
308031
980417
371857
333174
297925
809560
760455
440037
824978
125704
898500
143436
810076
720482
4584
917490
254740
355728
123564
164219
957516
531686
34700
839168
657280
775849
182290
190690
187792
489761
524878
161036
459811
308176
669279
91781
977055
143804
661900
693572
261994
319713
542225
413102
432233
366343
507418
236168
766724
265306
838691
17640
843623
407446
528809
948510
502129
448855
68727
153299
15999
250046
667155
10040
242500
237142
596953
877954
754079
270877
370367
176122
358419
379234
132209
888829
210320
836386
487749
3731
942198
310396
548349
784761
341273
983936
551212
911612
176063
130734
972387
703122
45381
874619
180377
340610
43714
636090
824857
671563
33261
564770
681254
670742
375378
539171
897754
789837
544360
841445
276316
691180
328977
95593
90585
81432
633705
939697
220643
552721
766165
303744
777365
708260
727763
442048
285103
219932
382515
856261
721977
332903
577392
81736
528593
550722
303500
176320
210748
787107
135043
120146
866032
854158
334601
199206
315122
237167
550672
458931
1722
765909
985870
430303
976658
186358
961882
546699
982289
937762
616237
794461
627561
910996
269575
672895
190653
88362
211773
601050
179757
575367
739715
674752
681718
943797
782141
418161
214765
717944
282662
914585
600390
278006
498980
320131
800588
747881
694933
281810
280559
499315
77980
561303
371110
733864
940537
214042
295631
289786
555451
91241
161454
595095
845060
401426
211552
791503
47888
913924
611057
556433
529719
572972
204153
993157
802226
368130
542440
93182
191139
816297
216358
851712
276345
849216
298386
720870
782445
231145
574173
285633
800992
788491
640130
567652
276408
506301
457192
235877
604639
532198
939110
775078
637679
948806
374501
979615
445597
970553
750566
991054
401744
381316
108296
251287
91169
249445
59064
255509
709010
806401
392590
36907
705010
286507
874054
303326
147577
983008
68961
372787
650752
222741
976679
599027
117540
813894
992966
391103
882179
645942
196753
304113
443196
948969
93251
605071
56335
739019
660106
371981
846696
16885
823532
229262
846938
812025
328741
489914
854645
672061
48293
206587
223316
536484
583218
969396
933748
584234
928338
882810
869756
503021
670881
108184
195635
550462
149090
51244
49634
655931
186857
335259
284454
922925
455064
233667
655026
174150
947163
288285
158174
98081
195994
219526
715787
368142
114914
954812
756121
546569
278630
858621
630671
699743
865917
322641
960615
648994
795027
364900
949341
875442
709394
898836
639713
123648
422446
206741
671118
780936
149102
85690
277754
467025
232751
390179
333459
762550
852574
308583
812038
544129
534216
7175
926666
465642
523474
392958
985831
997437
310997
281369
215134
961030
70702
232805
269076
311785
292579
29079
400534
66842
771985
837105
429910
43623
68802
667607
319731
354333
986739
973125
392060
44882
625661
551656
738626
724852
325725
812164
421547
733639
87691
436047
290194
236383
193539
387106
218706
517676
652803
932873
833225
232520
785718
111648
367009
129289
661419
276180
879380
224927
274981
636900
397587
418822
76439
412291
320435
164330
38036
937594
258894
256937
449877
351026
271753
833971
463507
640361
873038
449087
886096
823023
975244
235472
762959
61480
809722
471982
831827
173178
224427
856742
546828
783538
646882
498032
986410
673055
415051
641088
364787
320189
971966
675558
445574
827172
828940
350874
616345
341114
879278
313781
616058
342083
161738
777127
804420
768222
704141
258892
451887
396433
275987
671716
43052
271736
447587
893597
881520
73490
173254
541924
920560
211392
745363
330616
123647
829505
636940
905402
120990
682149
788053
495999
285670
619735
587077
595730
223102
678683
183846
282571
954884
790605
454147
401869
230017
703067
510117
535192
968185
565116
469502
513959
371767
532065
610270
770759
545331
172360
138228
201077
400013
776861
230729
643881
291559
667543
888073
599396
303935
382007
894772
232022
365115
648544
867430
85876
781565
464278
999186
545973
795544
171690
19045
156566
421041
792420
62829
800959
168517
662152
894912
745231
738071
310186
975503
705666
888886
437591
515632
511637
962061
252039
722364
906951
758872
134389
146145
840665
345776
950728
421527
694494
972260
458207
196473
52880
580090
517738
73571
896999
215179
91824
557403
955466
914347
766574
249993
484138
552469
899051
654982
734709
16697
447749
778135
707431
991515
246152
908559
69328
761687
429722
34577
717936
361432
763634
902661
96362
860536
799618
379930
813658
456176
442846
36798
870665
199253
795237
794143
33661
698599
975585
321408
252655
144027
18357
297769
482492
997703
164662
874051
459942
925484
51584
406341
854126
796001
289016
614093
146798
112708
800422
556942
142717
232569
951802
600986
85536
764744
859112
894766
270084
937182
638878
758974
410705
668744
337693
484426
334164
580292
812480
62900
282348
661638
49562
448781
347924
100129
132644
364755
654827
6474
156736
129711
602895
206481
751876
633376
229572
489729
145480
772900
123084
125013
445530
121454
856631
283526
630813
371162
799182
970589
58082
742363
639892
358178
352896
200337
788539
410135
643219
641335
100813
158388
169801
325920
911
523184
752190
348060
386670
699036
414108
901621
968175
138973
264364
893591
118196
876610
20372
541482
30322
345233
502861
718331
105856
619778
470066
51582
972212
999666
463281
800242
278838
429629
867754
828105
78082
356293
283165
112126
329266
257141
644080
767121
465075
933038
822115
998911
754409
388677
361111
353935
779942
408359
149099
764587
180722
267028
274233
398176
706018
274769
177717
608569
647048
526490
365433
315213
542905
428379
284881
8905
700891
400553
255639
771001
307065
554861
895462
941521
925572
152677
103140
549454
9337
840615
952067
639897
900554
403281
332509
966885
60777
293881
826562
858154
66023
772048
970151
723550
199500
585477
453908
78997
777821
7516
871555
363332
140442
632
981228
861159
817672
538021
714234
183970
698057
724280
81911
851100
758415
902451
984828
725398
599722
557201
209559
754982
38004
502207
881338
172876
641119
297366
918390
323471
110061
280667
233178
446959
421817
312828
567050
817294
450127
888954
215785
864270
133243
274758
565016
415383
625378
174001
138260
191193
854410
296834
648500
37221
209894
196409
989472
665934
111655
898201
626421
408265
627936
351327
267092
559465
988403
382505
640002
951652
758017
96613
579889
885925
768162
423858
82485
31011
681174
308926
564722
757296
657896
887128
139792
338430
373181
276588
84959
408827
305975
191675
361627
300222
791238
950267
595336
451100
326535
750169
26220
198646
468680
721604
659381
825667
270791
675393
453412
469869
251760
313617
364348
131626
272454
987352
808164
996337
838776
927979
42098
832023
878535
172444
248081
487810
192085
895937
279811
509652
959397
276236
723478
631992
105666
467963
565896
831736
466373
169589
567659
295581
930453
921788
126735
461940
129420
920911
369145
346368
401369
796432
870961
70798
762083
897957
330519
513525
231857
187516
305571
21611
765417
474019
567772
14948
59561
881021
370148
266103
175611
680423
800043
863885
598340
601663
996186
949057
569664
582457
12049
699156
138575
139397
734157
256391
264727
21557
926293
565032
165777
183402
935105
231858
831403
470264
764984
340739
945626
240844
735968
435582
925494
100483
378284
866419
33687
326321
41865
695918
651559
151042
629067
653333
688622
709861
196371
807260
786232
81100
680840
373822
460550
71329
245387
246037
789334
318254
256212
486098
688136
274286
655382
216746
997075
392334
792365
931682
549266
679656
338730
784190
479539
224516
420126
526543
509253
621576
942110
337243
150877
355439
600533
105374
26139
861218
488498
132405
112557
208438
292054
400852
95718
194988
190622
879550
504934
581835
637680
578498
605961
212445
111459
45082
389544
481212
205623
66649
412888
576374
299704
366426
422001
514690
499418
115277
59219
739461
470031
560219
425960
718464
952615
167695
142006
716001
107768
264825
960465
128311
162820
582364
757615
923735
69721
534965
315639
518344
870205
634273
691147
16863
248588
549828
675805
35329
926739
350595
627067
917200
849465
33877
984891
541182
345948
77918
872023
964337
733078
19499
550250
370523
915498
254447
349440
179386
657065
944472
714575
675725
955736
691400
322557
934971
210196
440980
374841
53570
882626
670226
898221
636328
898032
27900
489856
844820
884244
366986
839843
644604
342507
351571
700564
289910
511618
268032
618992
573197
583507
867371
320303
159507
910127
3968
366669
910821
810048
141487
638964
22218
834996
562240
153543
887866
547355
511561
139088
559689
763537
820766
64666
988914
978076
45113
528651
823029
132168
468183
203530
529654
318002
274430
262020
716499
274912
523005
507112
227436
481657
305923
773883
725802
88687
238228
618146
714462
2007
960363
345975
443756
493700
681793
598379
611441
721536
517515
497427
610117
184793
83308
635699
667652
794056
736166
581442
96416
306418
819874
664649
529027
840889
803457
107224
914632
809576
513788
650674
129792
496784
905983
814691
337114
188165
409233
221338
488814
111321
262197
200196
891893
305824
210755
734030
167361
63522
387382
291181
465083
417664
997502
700971
981445
99707
818750
776490
204760
769980
187970
136617
511902
922068
734909
810517
714024
196791
133105
621718
867134
182531
867283
967261
829623
374594
674950
7034
394636
167711
115412
320151
391228
826028
789693
421759
671598
289924
559366
769804
794313
73335
925251
752156
920265
150964
508596
874384
456455
703699
100790
289660
946492
816690
467580
877552
22201
216836
181848
334988
307472
113740
980760
712818
81950
379702
777909
817621
584806
790572
436819
10538
649895
906535
496759
624173
881279
13060
414583
135346
869768
561725
279763
743941
474579
430740
802026
826928
18834
471240
312635
453307
441374
766266
971245
626102
513227
664063
178614
365328
648979
101801
74038
970418
79852
305650
178269
616167
140452
674885
69549
148503
565865
322893
269734
482915
828609
50270
824922
909900
946303
251754
597016
955490
342158
69820
168847
594425
465599
920756
998012
665725
888292
703718
530770
967257
630641
932918
721139
176704
910546
38564
714957
688664
842415
899260
594368
744333
283168
323251
567734
495814
82742
231141
8775
400693
55404
964262
217892
425992
554753
373412
248712
210569
503899
386718
945045
923917
825622
882829
796048
854487
884394
784226
969121
882327
626839
205877
147132
999112
233210
642165
896685
886637
476742
505340
550644
679096
828218
327290
705172
484572
237039
576315
212629
654031
154114
582087
824259
208618
695924
233377
570634
119914
762767
368707
861563
370205
238765
450912
971817
179834
764075
338546
616810
76786
500868
497548
406178
540117
772325
792056
919756
893938
669928
955403
165223
384476
228057
853181
241257
738555
54360
228625
919972
837027
497680
920581
126513
679343
123
781114
163463
833137
13343
563486
70687
532344
249356
258563
479018
16073
518831
959565
633899
342516
2864
177625
965877
593077
598470
408779
459984
567080
6103
719251
939406
622810
991090
885514
953162
601634
730744
150126
441913
690581
675606
979721
983371
531776
258875
450366
734602
196057
141351
684674
426391
685977
214824
540180
3292
310374
454380
479389
476308
532487
63801
27556
869988
880565
441371
288537
840009
990054
963819
401243
90638
879316
328571
252390
518151
148268
879376
743640
733818
427661
984119
637260
434854
347434
538462
111523
709051
776657
229998
90544
229393
426443
227085
153749
433629
547446
818617
792475
96621
571548
990813
330447
731457
521197
79389
524956
319188
194634
933798
388361
866566
723791
119022
970845
959239
844689
238374
767269
599971
762762
589213
369178
464384
157193
50336
725459
219431
374174
539933
128881
336377
268380
709416
822191
309811
143945
453815
389549
833352
205786
300395
115860
921297
527894
932374
499794
935211
745803
170124
492342
519710
124150
139457
579658
491859
975507
614873
426006
765434
639659
516811
12066
226274
228172
155863
355427
633327
101577
680622
215889
782984
445917
11381
246349
639113
90281
425090
669590
460008
390004
559993
604731
569217
234803
102236
13068
400893
731460
820684
637228
117986
726154
351929
272904
619836
991436
734215
848217
828178
715853
951816
144335
676219
776223
439275
815908
13678
667433
192184
626324
807460
123327
638417
735385
411028
20083
725745
975697
632772
571919
20161
923543
698866
93401
420566
444809
726361
973844
866813
818187
376161
912566
887282
653958
505228
154015
507680
265048
51168
598332
704511
911210
376962
851163
835183
385854
832526
381936
756182
852786
822215
101997
701284
715079
778835
374805
366055
379961
252705
707419
953640
758179
28649
102243
355525
772387
31996
654818
476009
622654
199803
304771
852071
343537
358239
934353
69379
963684
661044
473977
468610
4252
379684
113917
386867
767975
582619
762587
816538
560432
476928
159169
884680
777002
262448
786402
706409
787857
28438
548365
822052
483354
150516
396487
834032
661894
904730
269991
839005
449795
633505
86239
56108
184876
865786
374738
531847
650162
47848
310116
913804
93823
215265
948244
736793
905806
570712
471184
420270
990477
368427
892615
24523
380477
88301
904823
964922
159792
512101
435775
189155
248975
137861
397228
646735
668344
414631
230127
260949
497040
927740
370071
88910
764191
321642
607271
199497
738505
155976
924976
771455
971900
880616
738828
765006
139484
633672
777966
684519
932209
432557
548238
673572
237211
915777
380934
974821
81592
275945
121562
835041
872454
460333
630524
519789
267285
396239
760194
356717
543760
198762
864824
403995
711526
902144
143493
61494
728191
126407
350481
995340
952865
326529
546485
749003
585215
911630
515354
926752
378754
644991
233530
33755
61051
576081
499960
268963
527019
438758
202433
118727
753266
509499
438274
484034
306471
202716
271629
806813
500930
760079
616137
424285
660618
803964
364639
173317
977395
103800
588192
424991
574547
483924
510161
823794
416945
956625
707570
358015
736063
759152
879690
761443
703363
112443
963377
131175
583430
277399
731068
380756
195445
246356
27878
743762
453958
625534
75527
345916
759285
47750
258730
247098
918733
770745
287727
218208
922589
306681
971860
188118
853759
971876
912907
437854
529346
638992
217763
580374
500246
959131
460207
249668
870126
947444
890519
352465
979957
355452
980647
418007
600505
678795
864536
157365
790327
548857
539357
793544
101111
68095
834474
873165
773692
736983
527700
464649
127317
760627
510752
214248
209685
156281
319041
597239
279588
932115
122859
76823
634707
474268
463907
826646
574975
138421
345605
665031
42263
586533
825741
384526
803328
549197
603702
501578
705419
50621
66298
655118
473389
898810
537966
681340
205614
318624
50667
859752
69884
810490
915548
820957
5079
937944
213820
906632
813488
321008
105709
321287
561588
725083
880096
529967
2435
810044
848064
755446
273095
91555
60106
771190
886400
702420
669234
875934
367433
925289
896662
785436
992852
84915
346339
264616
606619
234185
575600
929533
655554
380257
408930
902016
780900
36876
981058
911145
128205
432875
935310
547851
413482
954567
157070
228127
108489
812436
890381
332073
109376
521717
815671
781487
864707
591718
398882
164435
587106
369806
316829
461644
249969
823559
183375
252203
619665
234216
941342
985895
888843
847267
492892
814142
322474
107805
971908
74113
893762
15897
403692
70508
495347
669105
179903
122213
151726
26427
74732
361249
710644
680947
489484
354058
385061
704365
544164
418170
118799
426277
17426
97583
560976
674660
754353
329526
492391
131773
180623
695105
842649
697196
298046
409736
177022
60647
46545
846832
283199
22988
819543
293900
835478
262661
133532
777996
974541
808540
297476
709094
856816
513274
232836
50024
639533
452382
743987
594550
426629
714600
618050
679417
157689
922314
65981
880553
613559
661963
255371
622049
826999
412238
832855
813258
247007
47554
213276
758834
108410
940828
768379
242571
290670
889406
258982
398845
162811
452498
9693
58970
598814
459169
87404
960874
958337
737942
530529
952395
800049
405562
563356
441669
85191
715880
266087
212024
831158
852939
41997
841597
44632
522887
61827
746474
845093
923998
555578
161942
790670
313608
143098
157153
503810
732269
89351
23943
677657
268812
835488
640736
201845
922993
234408
975687
377843
522443
561792
475964
680230
587599
329567
635342
69914
62881
909832
413804
592465
788963
528632
263813
34676
644682
287325
505904
264087
33746
555531
959663
279677
646516
346507
299225
170720
364306
4301
315360
500504
584472
714574
16528
801924
767820
862116
683155
624342
684472
598158
215473
877160
568621
308
513676
21997
324796
152075
487292
688110
850869
117714
351584
137908
76367
747027
963440
459838
41178
872840
986724
896931
351961
681932
363022
951381
161870
128418
801223
175169
751122
20422
981957
193196
29716
499148
925009
387806
186248
389734
901622
28428
941786
138285
801892
486701
981261
620287
601851
446658
301487
116795
814997
775266
34378
961335
766146
12416
439436
366316
542855
329670
636196
539727
939442
872705
392607
220589
769288
564611
266934
189161
665903
248909
601030
474849
225540
898145
820748
67587
236063
691108
345254
734259
339479
664586
87270
470315
497015
37818
826141
686110
374789
506264
503431
428774
177020
676180
2422
458115
302267
525855
572625
317854
684487
903704
175262
517267
612805
993157
559981
356577
384098
219725
518683
260801
139529
720632
425238
66265
718187
741622
714021
379023
348730
398735
28926
804226
862641
746187
110598
811374
409963
864452
70262
492483
467878
873661
807939
491861
781685
426345
353709
378551
329744
228916
417912
235926
817326
567135
405706
488318
786466
273568
116856
363927
879813
34873
924619
27107
264812
45723
206360
422318
577466
660505
269087
124640
724518
2733
399025
312864
340468
863331
92872
703565
666334
793159
133351
19060
170772
737626
590520
528271
7625
274906
877061
643723
571052
427265
269902
686126
161294
787074
410438
544573
648898
891923
493313
371119
696526
587566
100283
790161
90608
712079
752538
250874
560509
378718
710268
244526
271061
14437
870869
242677
258526
198292
236481
552958
774282
795822
464667
25907
654804
892998
309293
513686
46682
934669
397414
937056
669576
397605
404303
861484
825985
492501
108499
685429
31671
723673
10976
356360
379116
302179
167984
492160
319028
273450
265102
234449
84876
670360
19514
103639
924597
848899
507989
986131
686299
177018
533704
159077
285659
21006
491040
917994
993973
256660
853456
395687
905106
663331
609394
909798
382829
3772
238215
218104
204476
865488
113142
10621
714500
475361
221980
321935
769271
754922
194957
394770
571701
694678
339620
920625
513145
213653
254857
915107
333502
406488
840767
540587
945995
999735
104392
559203
970113
385014
421749
375643
506125
900066
286736
497072
41494
96313
807694
667522
567912
372799
419587
746352
446783
535593
66068
253292
460564
784152
631060
742151
257812
933273
172751
709036
731303
373326
914671
365579
300602
830774
352353
572603
40255
724958
155108
291002
261177
360015
19163
435538
522520
756081
169117
436356
496795
624893
31088
463048
841761
714043
125828
388436
55901
697967
437748
138187
882313
526879
548508
987060
6505
913561
925979
645912
973482
355073
16978
555953
441277
152560
188590
379964
841245
256619
650505
245973
526756
291113
786972
985969
965411
42091
392006
415741
247019
360391
490571
550818
295940
819384
601932
153690
414400
999122
924399
85201
69168
582434
462498
58555
359178
571912
541081
907814
751399
719820
438244
255785
30835
422312
715925
378509
128788
686211
192159
411704
125961
415234
318954
606120
923730
928899
619512
551470
993135
156896
676322
102358
4861
758919
927596
845145
427287
709236
388840
960755
68610
614514
522910
233820
18674
515064
807949
509885
116497
798651
313651
589797
71284
976300
886710
584961
181487
239518
915321
206745
436117
662207
872814
193992
733139
330272
595340
298039
922170
360264
762693
43311
831926
655273
190363
224861
65135
899657
489029
965084
204160
155030
763960
752204
60566
694996
299461
916519
871122
341515
921080
613896
947244
527913
19622
368133
232738
83975
658397
880034
201512
692686
127896
615420
482372
259532
314692
272616
252493
323057
98925
765456
409019
704034
745927
318621
638095
485226
626323
794983
405058
322799
593823
124065
444490
344404
316693
836022
841759
790209
779935
849965
737520
790994
155149
235566
111861
331673
12616
270933
286842
411532
287515
879264
16654
326273
883685
378928
98119
230353
594709
323875
379369
594914
87949
431240
180111
702988
170608
272271
830296
6600
626920
386634
987865
631639
907164
999937
392118
15456
26125
658405
645294
242381
197783
624277
220291
621107
931554
620495
555522
148196
730427
503604
142634
976751
170846
928783
3998
715454
748016
652955
374013
103698
623588
127867
642346
45752
632817
985033
435618
589515
955270
560787
900748
844092
301438
236482
625777
602484
518972
604997
306231
515801
524872
570190
486741
952227
71046
847268
317485
33540
318483
326617
845069
418479
872937
378403
291308
584511
353074
380183
62816
103104
943208
454738
51755
602702
213000
527980
230481
65915
52343
120790
796759
379355
152236
42288
771998
145595
791320
795517
699904
866915
169200
368839
267443
389262
977592
249645
249129
648809
416284
891008
762356
799707
368194
568202
877058
303889
364317
528429
783750
130689
119899
7518
498506
219319
372671
902866
834399
693066
626853
914822
899958
514388
531960
24641
145647
371036
16068
508510
342648
621702
94350
656141
971258
34186
519376
386228
665026
117823
324492
894525
347970
511264
137970
606850
42205
756180
391731
560958
184698
828384
567882
268361
90450
389945
229015
725375
413793
608938
467398
974076
801035
609390
497806
41421
927026
737845
819188
110856
350944
722756
788462
775208
529836
677869
105875
849605
322763
988765
715773
119245
439413
307632
179930
125220
45372
521880
173267
608135
957396
225228
939807
391064
120532
297845
353245
460923
315772
130597
755429
286841
383845
193092
175610
336676
160610
835668
470917
250457
944431
306892
814982
850475
865523
276735
382114
180680
704707
292391
531280
751258
453123
825752
284743
82634
311657
886560
34428
956612
388648
722276
950755
202938
580090
687962
52377
505644
262157
464160
509547
508147
177223
898460
62815
614835
46524
187864
187496
444144
711918
333452
186539
629231
873394
369117
463130
335968
825900
633201
675335
706882
232090
749172
875143
833806
792458
185527
666459
225291
330339
119979
417485
801429
938990
926637
55277
217318
867308
973350
255779
945894
856521
415968
86495
105555
950968
161200
469816
956665
557902
323449
712576
7481
773276
540178
766847
931022
724172
865025
938859
32985
250319
853975
106624
862345
52100
67733
91140
917026
619220
121631
908315
751387
466777
434377
615613
769535
920620
605062
899040
207240
815623
832983
925089
124887
104875
113717
700788
923500
619623
59555
461074
361487
779260
675997
31502
300097
991641
931229
429682
131404
110846
859237
757720
367832
982434
298954
456495
687407
761624
242846
855558
19594
535795
943169
743983
347933
931553
770331
987844
561911
254108
661929
501060
941538
247451
880274
158648
686316
746999
340775
302488
478665
532451
6612
150638
317035
324468
678031
232642
542173
911740
12738
40115
633780
242176
760162
605644
160877
787656
343788
187434
82175
464243
245164
239881
475409
842775
438745
826095
982674
872652
105423
490779
145557
330660
768301
507845
88107
852656
279085
678455
732690
142744
390569
534954
563324
595630
227040
700685
581352
636394
822592
278499
335765
751407
63881
285410
189898
485271
993558
299069
646855
381795
333569
472609
630500
449876
484964
264948
231757
479549
876326
760291
160378
699256
373534
65019
964087
259435
878544
470067
605054
449205
324830
472811
5523
274099
417531
222239
110304
589295
542360
308292
164572
533267
290054
546825
345614
346235
334999
41258
953393
30016
156744
375128
327601
481293
358688
706617
891568
855598
859218
677505
234103
333545
12476
406959
138214
976986
347344
831425
599368
13334
171436
814769
52729
326003
855795
492181
357766
505449
834336
670639
43116
90234
289302
64479
454080
857221
577303
559149
124651
208638
911488
388324
571740
589347
446269
643862
486690
334050
765506
423901
835953
342954
751397
344144
629529
550723
565211
595220
176698
210140
677225
462973
198572
907005
458686
914811
360704
857593
677050
660988
788810
622386
965384
959798
231273
494665
216177
387229
841136
429603
465514
206541
894410
332531
662627
596945
6959
222529
17481
49112
823148
27306
866637
422156
34823
747925
226230
509636
561935
442496
951778
234322
126147
76173
344100
920250
796822
496225
206095
511821
109599
377699
845855
199232
359636
64109
753968
199261
183796
428786
388973
97675
222623
606987
946737
610866
423926
476440
675501
921066
356591
177523
166408
153045
948540
580516
862
412627
168183
811723
313466
985118
144661
839881
852163
799704
640881
221785
990628
706379
799404
847932
983722
632692
102539
252155
252281
857492
422106
25385
359512
460156
559355
254170
373789
325791
464074
883805
416058
631776
747614
279674
54430
317512
533483
7078
108060
573331
151845
226183
780452
560874
15432
879033
999491
894554
123973
244456
63356
553475
95422
778682
406981
632145
766205
82444
72323
964693
138356
949381
802695
604334
437928
840202
34558
680353
758670
23931
565377
390307
638314
994413
122692
408846
989453
653512
926404
103775
492847
18063
321772
664782
652285
459029
79325
167618
468879
64209
655472
409788
712408
759600
117222
678280
656376
101707
258815
230033
313433
235499
912388
166401
785080
821861
28876
755631
27278
217995
32563
836397
33326
985784
551143
285987
360586
120350
429285
947739
569768
803683
106838
778119
502701
913760
913611
656658
880374
605029
928369
399002
535496
261060
159724
958680
741427
218677
658728
244389
698387
772418
884475
744376
626872
711791
920944
121280
243839
191421
80132
961449
747049
46752
492286
563141
824209
156735
801509
234417
523393
223042
449615
380026
801443
182958
277611
314454
260597
803654
174132
341811
184492
481526
535816
350077
652747
9290
191573
889980
220380
52291
808558
395404
350356
381494
739286
190461
597507
518015
44459
290806
40654
766689
873706
262499
299856
121926
810152
328503
115640
857899
242345
476157
310532
971606
479452
525912
233638
970048
156779
318406
754919
94597
115227
537838
717267
739982
19728
5659
754807
553482
405025
178409
132289
753204
566643
452713
330082
692221
472456
645038
800018
848753
306578
217689
492913
95795
656414
482342
707770
974665
931615
338769
923674
88061
124649
632120
235872
446323
458669
498000
690011
482949
369479
522568
783649
282626
629981
573393
598026
60690
199205
792191
29034
49878
136578
42607
839188
211685
69309
208666
471239
105628
465701
919694
96650
70407
629208
455114
263583
484435
841371
126644
819451
652236
730534
349278
453368
434766
841541
926105
197099
292041
363837
751852
381834
660533
838354
972878
175273
36718
552040
803341
29486
500905
761744
773579
128918
305823
355229
450007
958556
518097
330920
591252
588342
84655
136017
357006
371205
276802
963055
232635
358377
595893
959239
358141
153534
984647
575616
163234
98958
20568
62528
781301
106297
501626
838946
733791
917307
530381
862528
883142
481027
94564
621146
318198
457790
423828
592
494386
855075
181188
623953
676108
229398
504354
745301
217758
694684
800236
462002
794497
134527
623315
751756
691925
427655
267221
12727
911292
762011
304633
611383
294429
65417
378729
1875
417213
786679
91716
812716
423296
528335
412671
70340
960280
753600
625568
488008
455007
975794
572244
52219
752162
282289
685535
227798
368246
378187
263953
595381
508555
9658
771253
513847
332211
996175
62243
820722
216660
2932
148903
565244
301782
829897
724152
129044
121698
362119
261636
416968
770057
442759
747038
502327
986236
288084
883922
362262
69888
983479
20703
478460
439275
651983
383279
391650
317757
767518
91665
927892
553090
10917
47745
958614
590833
406188
475710
693188
749417
5465
330953
543939
283709
127588
846445
296207
723569
221405
679311
54623
164069
18078
664178
554877
173873
947245
40599
841935
657998
439974
614775
583350
748411
139318
412558
91973
882496
357443
286525
995993
270936
380568
253883
933783
302149
680600
32369
411614
607061
729075
745667
229882
188052
357565
846720
996215
741456
985350
987529
479888
790843
234330
975351
760985
950667
538322
486178
736341
443103
224237
163612
441538
231359
319301
974586
290881
782980
231579
893029
258091
411811
684726
110756
97591
998512
751248
979536
54091
357144
297053
6580
602198
754947
835394
140731
758117
692842
58868
173959
333472
747047
404246
204119
506576
235248
43214
623581
420353
741524
50938
782107
217297
360342
856814
490122
98072
367380
450937
94960
77344
566540
391018
599769
523829
364968
321423
996381
834946
47931
560264
168497
894335
567372
62891
408140
902263
167703
895558
429387
675263
395094
126192
626527
140184
142118
785619
521661
633028
410351
513664
193932
843305
207624
793974
269571
895596
982160
84
636645
450944
691022
41916
727050
508262
10881
372799
862480
783545
641003
165435
382254
285602
124879
382127
893187
407078
101934
108120
596060
172545
536592
556141
651866
972044
903392
630169
841764
14092
794919
544916
458876
978090
785376
768517
647056
692397
962566
124040
777176
583386
657122
919528
250978
106776
932937
80849
107706
917750
527369
268056
220978
107029
84394
613612
72366
883392
799999
342013
373497
66755
718574
695937
767253
912242
801803
483717
214075
767062
221637
476740
907991
249268
922095
698000
959529
314348
938558
41638
793785
273608
117303
362802
888873
595645
259846
997146
345015
608195
99899
950611
937210
578186
356890
208222
973883
535378
415147
946988
232887
563219
581508
273147
326358
603585
937444
250423
885296
131955
752333
758216
265779
461857
483508
451429
333114
471100
400078
322740
467784
127242
66252
511826
946376
698029
267273
736378
803680
332726
500698
77958
13799
70645
25690
15899
246199
675090
542036
319650
339211
755259
135683
274995
810888
241488
173444
439498
993078
396119
931405
942062
781802
305196
162745
276225
548930
538543
301722
35648
263421
860369
370390
181589
845102
859151
968562
852799
318385
58994
996349
773234
689061
621775
986392
831538
783820
629440
737829
351603
520730
970794
152402
665078
330429
378425
906185
422768
593499
729901
622136
888001
917878
208380
358553
558168
392573
673922
5444
435197
950212
913511
473389
144204
435087
869094
755426
542955
558226
344297
938694
423689
800688
149904
412531
448830
712155
908812
73216
572930
491162
985174
587681
475039
968575
532564
372944
796347
250198
651101
121726
775741
198275
507067
930400
479705
885410
219955
107919
753022
941415
247335
603552
259338
135107
40174
794389
341955
772432
999741
158075
255265
452898
378384
726780
925344
403658
710790
953
438774
756050
529985
430548
266862
327621
602043
195921
11675
735955
804378
449924
535210
869256
457791
269168
779554
637271
137719
193307
304470
226899
433794
375005
453710
268444
68659
161476
496389
749319
451052
113118
356096
649836
482333
314345
157962
683470
271802
504747
539935
388083
206280
733085
484088
613469
103239
416187
824545
872627
949965
507502
62982
827383
223287
965929
250605
577673
440525
19082
846511
265653
697104
987823
719664
660193
340173
876203
302561
449739
621727
821655
745377
947565
160328
603365
534139
731882
196167
718843
428113
37887
367749
268857
377504
573567
920522
431803
649464
679141
120622
121226
328445
567629
81794
677974
983729
90490
323366
244801
380904
578981
651898
586566
793034
544202
39885
179943
937160
440854
546594
412325
494346
828292
499847
591511
789774
248348
698205
540722
331447
686954
601978
414329
635180
348704
233824
715521
623807
340161
595903
955042
403476
789403
783133
161925
863277
554558
889708
13436
65356
421142
862297
991311
780178
37109
725878
695072
833983
469962
976738
107160
944346
525254
674073
147864
155487
366984
426423
748749
492282
901547
175311
783461
630718
307147
117499
72059
413902
667753
971611
580354
130268
158045
155736
383822
641671
15553
435361
342307
359604
252711
639842
534581
124898
268212
679866
203953
185137
308501
308399
473091
34066
540817
992465
573565
50128
326655
994972
36934
256112
886168
380304
649380
513824
168888
409762
950361
261802
25156
353632
988438
167430
18692
146863
56036
287835
155607
463081
488733
458264
155151
517629
18748
454162
799934
756543
774390
597780
169348
70202
599915
317289
824433
487892
192565
43129
229631
491312
876519
6025
525151
61049
266920
106787
898898
483581
434812
522561
939496
831116
200517
714286
437515
500098
885558
162670
997946
490913
795968
690869
745657
577237
206989
793129
914008
193772
188248
479314
765778
868001
48849
503578
74415
566007
499782
507008
556623
513026
648851
704577
580921
46239
30106
441290
581142
568714
833940
17819
580948
954309
57123
25976
227142
629492
666293
687607
677421
408721
911908
697951
635166
633724
87476
275301
997690
466845
420974
514154
86886
663451
754524
741235
792239
288033
781666
363537
836046
54762
699654
952652
297109
402271
473306
552609
605811
290545
319234
757744
970637
893757
183190
45514
10790
9923
899341
181005
184387
690354
904634
349681
927430
349339
90490
585371
812714
895675
285073
779585
973720
183337
334320
525385
221434
303390
347482
881835
551810
539386
323884
635885
591629
274780
42360
899354
314239
333212
690221
848113
43299
256263
380136
41312
535006
501959
78263
105780
54342
403226
349793
911528
169116
310655
325412
557907
433029
908753
418460
155090
161427
943203
268791
907411
574728
572101
560913
62942
658692
618273
593618
121204
762917
416546
376642
345383
283103
757709
344488
863811
530766
435629
573894
421195
406516
735871
54218
452631
312413
854283
772202
692601
977640
635518
597572
1912
851836
519422
821954
765927
778876
875935
437836
292123
814388
673403
725706
349490
137903
556634
68788
280055
189309
125388
385069
880654
159442
370362
683747
314186
338514
292407
632303
495137
247036
45071
986327
630810
703452
136413
652398
298430
615772
281306
237578
867493
637554
212140
674759
778679
702417
789811
177049
669233
714935
858103
988672
63510
722752
85122
605831
364995
803752
771233
88250
307318
456263
614833
468120
833077
176307
490320
607267
292237
484007
932633
131871
362688
782061
406029
143589
456308
945703
677996
54570
798628
463213
878446
624720
743388
796458
159923
718001
862834
97646
105948
97286
213217
414435
601119
563209
182639
800737
411586
64020
548935
498104
651415
565728
700561
491779
257742
293558
551873
829292
499912
119231
638389
141227
548439
823065
574328
532953
324214
149435
362158
496384
202802
667583
738442
864051
968351
405052
133947
265707
352662
201263
847888
808721
185776
3739
77042
386510
472770
916744
794594
933486
629014
499921
395599
109934
133005
252308
493603
24020
231014
515854
332386
964100
442938
993585
524607
765296
451694
779990
421668
636503
736289
939322
560805
295021
626548
246714
172994
543661
680294
663418
732953
678758
197958
850703
519003
324666
552137
617950
75337
179128
848818
796821
268290
925429
878144
520180
244094
264773
662505
637499
488522
439090
611856
117532
486916
152434
387880
373377
871237
514086
504908
924814
144244
418014
691763
217645
288769
178910
424962
295956
799132
716487
902943
31617
525342
250702
96066
362847
237526
534409
680744
126772
813902
207928
528789
558473
341652
630379
78323
108519
209758
151926
264559
894227
71037
666020
939841
373325
955067
300023
165022
349936
957388
987968
305071
19038
942451
640977
476086
187620
177703
824022
930984
28598
284143
487602
339053
922384
612957
988281
812767
319465
76811
700065
46052
436291
906521
590549
526032
57422
429092
439318
385270
378562
758554
990522
422366
886171
495783
885350
26425
858973
900248
767960
754978
999798
399280
691848
741792
236753
598870
654254
103115
998124
343023
634720
747688
762038
612551
105838
408642
713362
25850
25102
828564
189855
276962
763264
430577
897565
36716
819176
566019
549340
401710
861472
106065
496137
148417
556665
187903
190165
212136
341199
394412
206959
459446
193505
740088
71981
990904
869145
646556
107663
252541
649880
152100
780842
721873
417648
377993
376040
684281
395041
145437
28869
25272
49430
199152
371063
139886
12528
693468
282793
592289
415020
736816
224396
595004
441006
833912
241550
538637
428844
116215
151115
289706
257256
832633
966260
520616
15006
990984
917646
129451
925248
858746
266911
446435
258207
830731
855227
913537
962664
692637
378753
662780
552573
439188
626690
368734
655715
978146
136518
318735
881488
749403
387112
43911
199635
842998
239281
670729
777321
213834
529421
298624
763551
401764
229519
92084
172006
492648
40784
701041
622756
355833
570957
491231
3296
83032
189630
359280
41416
268249
221352
410150
755998
652251
805998
210257
920200
434393
621209
890672
219206
850522
732907
575427
738120
59531
847783
157303
310552
990105
271830
927539
624619
429190
180145
998476
570666
555902
838455
659704
414642
38745
490200
669540
361481
959336
338469
751954
694529
918525
325830
169972
821859
85665
234427
328524
770227
527972
574339
37309
604572
714783
538206
193210
655778
352214
450024
496928
435015
447149
721255
981515
415010
852016
943420
538356
753576
175515
72199
210745
926501
738454
124557
233768
43967
779006
227284
649731
198301
832723
618666
163573
902145
219428
257025
834431
302105
836094
815809
547530
507714
933731
400469
398305
250718
181981
632620
920491
198726
738471
352931
783232
191709
546688
924
145175
120203
560528
940898
131802
85258
207846
943244
861104
346134
895794
1782
204526
350069
915639
534343
240004
542885
607742
913949
456175
449952
673356
559950
392246
503466
660907
942904
975156
88436
39192
869836
279055
584849
594788
400156
880772
794410
379342
697739
554132
355601
273022
48836
671605
710589
740501
361487
620585
148186
23784
152037
955906
494464
261967
129723
454988
650023
76278
645133
78031
543060
991691
475297
372322
748923
408745
96596
343605
547928
615722
885265
442416
924694
695578
943401
353639
45629
526474
733033
50168
979373
827947
365194
607362
430480
565663
346975
315440
975403
178465
126846
610816
51703
256339
809822
883112
766481
703153
987625
962863
812743
163215
619000
309495
607540
882113
184294
840004
727588
601601
776921
661486
585672
820149
777771
794060
980951
945685
383268
552410
116036
423205
608121
967212
750238
682278
397930
548691
597469
58847
264699
94342
645895
410189
739248
983487
8364
280005
537026
719981
618006
954615
55619
194499
652983
668820
197339
931160
518808
112279
428228
975061
275161
135573
67273
646037
159154
252113
462481
869305
477792
750767
122261
39992
175911
789346
460102
513093
199991
497830
324104
318370
330280
829908
673227
692975
419326
556916
536516
307051
691259
179323
825410
496309
271069
496364
190209
772498
851455
956870
766933
216944
387352
12014
858103
534436
742439
443300
112477
280988
221266
953861
493801
214388
555194
923288
133060
454596
428529
849932
270833
250026
204109
382134
766274
901578
172031
881943
93348
416219
77057
986052
735091
708929
813770
439419
850574
541984
77621
912407
984097
539497
927617
249392
496778
663453
558371
760046
635744
670281
821520
310647
496516
609017
872563
60201
486168
451161
102937
654845
570174
93634
999625
289151
266023
904995
408088
626122
582070
545600
985156
228379
414859
338733
174217
575171
908177
221750
352515
262634
730018
722223
313145
511091
707637
629177
24614
519160
537904
166850
727363
628469
123370
90180
335631
94092
356800
915931
623666
316335
460571
993003
247149
965095
30357
928068
505698
689268
758013
454836
440991
955576
98742
821444
340110
935627
53203
829196
623576
98622
306753
518201
504826
99299
225830
326958
679297
19919
530981
427433
433304
687453
481752
791453
250104
452967
79448
635558
901074
547822
321533
112918
441939
614354
543572
442491
894436
904895
588800
471252
226837
880572
7429
812620
647148
333947
784815
552433
198832
162886
559786
243666
713168
108959
925718
185788
26490
841640
411100
850252
274241
476390
535406
475752
842625
340803
140269
171446
788119
159768
321125
635523
288994
34014
383434
711824
355763
551269
26694
885459
21173
474973
549775
105027
249350
101603
86222
495197
622007
136213
312440
401192
483013
687806
433706
958292
815068
355280
945801
141816
866615
719414
720590
420394
373295
955739
507787
71286
597821
331025
4408
194374
530697
452192
417185
664893
290406
271692
975220
185705
197355
129673
238830
245022
40394
720741
145166
236725
142141
617918
825151
702761
321582
365207
568161
127847
617324
714601
582704
993906
666886
54965
243364
93829
840786
329695
620746
275519
516352
575919
176312
572016
113286
180877
89872
324875
40476
666799
874474
792751
415328
283135
11728
438503
84477
277623
676794
117364
387106
484282
28988
395813
137110
22519
836624
218684
209433
763286
857692
873186
947506
178653
216491
400153
908400
775316
312205
777220
864487
506661
303764
221741
354156
822142
803068
838530
994531
214754
365465
648477
787461
880289
782336
23381
971923
737617
310664
210122
898479
551053
621386
322756
216816
373255
792955
497772
663728
89347
195577
450510
164932
598503
311577
101478
22103
570896
748417
662206
63563
687319
543781
169840
952580
439153
569698
801322
652604
31304
344919
730057
355945
466153
596987
495275
144456
921313
484681
501121
284069
629817
835326
773508
192446
535193
511705
779562
868399
416204
341063
250209
215118
251089
70322
498722
88569
937024
834272
337930
950950
396531
202075
876416
495712
857299
535105
315264
501354
595511
551112
143105
789114
719279
467277
890262
586485
988158
699289
584183
861500
579161
549095
28681
972761
589326
378074
687310
944709
506611
144214
977210
241873
213562
37716
606319
728484
887103
681928
612604
640129
761064
644149
358740
188173
514336
160121
585227
451861
284093
41557
209566
627710
598253
654516
639876
277519
871744
437860
800216
803985
621686
667759
835070
847193
281864
790024
548844
852343
751215
386022
157415
389201
664946
778305
430325
410361
911749
667951
148146
918311
978843
225268
39819
646346
495065
812380
625040
424989
189642
835719
356652
314408
17630
523370
270418
264456
536551
697081
838711
702897
802899
420510
188966
130993
136294
726590
707961
697856
194055
570642
807938
550454
318239
143759
378575
29100
408737
18722
984864
61748
883373
448768
345662
670011
224108
310963
466903
997559
676377
687869
400859
132443
438441
321602
591328
883346
413925
942763
112439
606893
799176
201141
840402
352019
358860
360523
548950
792187
901711
47640
55811
342859
4879
914736
975389
193502
319817
984674
485138
833140
562710
812810
79747
942935
908223
847667
937666
486612
47771
489583
35647
454153
506799
273406
515884
947426
918508
192419
536575
5334
655468
840498
168341
846149
325717
699080
116816
652163
317235
747252
5674
381968
3771
580235
302914
171828
150256
440633
62871
908448
399401
701814
227061
456780
479646
407847
500001
111793
568155
598760
752408
517526
964103
154254
250628
729077
44686
484642
859167
409112
704469
832320
339134
96951
820232
599412
734549
570346
662959
578795
41452
920253
467515
91202
327300
738870
517150
608440
959385
798733
977537
289539
928476
506175
262320
33745
546172
721637
775007
744829
756990
669297
393600
454159
342432
928138
696536
375207
945141
921562
388805
871147
836852
293545
495082
979394
238118
758433
309970
947024
300314
255346
627012
71023
927109
998128
147191
147451
227123
993568
612695
779877
226344
845505
753485
838021
491770
482417
93919
887674
633174
289277
438905
295334
509971
321013
519555
124202
105737
960611
962564
839887
178301
420313
999888
483381
731657
207736
340109
432302
222979
223754
225478
365132
909949
831356
646673
204999
212644
805943
937352
161114
301973
129570
134359
269074
909864
316716
509953
815300
582167
588388
920151
990643
919647
35272
227597
313067
293081
844940
131090
922928
638971
169604
216075
879625
621887
137156
329640
874241
835324
241452
545736
39741
981909
670711
599227
246107
825274
171718
28643
945397
869012
338463
852148
191172
608692
606730
820899
723115
319624
48806
919510
853410
349409
197289
610905
869346
300281
23637
362834
40220
534388
948100
861128
963062
928277
75907
100780
281800
839803
987084
631261
487818
534779
327911
18175
346798
802290
290173
645507
487985
233445
306124
155410
960795
768183
69508
363513
108972
3548
119592
371084
807245
550790
723141
84720
564688
754139
921061
53371
63231
477889
260892
864649
574753
852859
341795
367829
289492
910627
462274
323051
716740
949939
371887
180811
323688
119418
203257
204972
362490
105114
788707
214050
110904
90186
821824
193993
469029
527983
292637
586308
912849
780978
227198
17924
666053
230468
446770
523359
242612
25268
252056
28320
77315
143249
701604
308652
453530
496154
19748
532977
534796
85216
212211
69874
438461
980813
354171
855484
811634
769429
200171
652422
247389
168024
815619
63765
884363
190352
938337
436449
945561
417145
131355
450848
379214
78422
345583
278455
369407
29278
927161
10388
117400
580636
644939
227956
586045
667845
158398
298146
564299
937921
556244
258567
659528
275181
285761
135120
683862
944097
589683
252274
438235
235004
485160
24586
639175
422473
505094
480762
431176
883739
391273
602926
464353
260255
6475
200698
636898
182711
533154
11003
423426
960651
62004
555642
975593
114828
55315
54628
17144
128392
68348
902283
270183
927926
99461
479963
856811
329701
856117
435530
80498
313582
316944
822632
764787
33498
352621
868771
441335
41300
30382
214635
695242
609872
677125
483308
382642
177122
294307
146292
328886
63242
325796
119514
576312
873610
410758
626349
383166
125186
402292
306509
772660
212257
831559
226241
188006
617184
47616
571095
912900
915043
944669
202520
364002
965761
775762
231753
800463
492817
645914
671066
649011
806532
271668
921088
39093
548257
777745
295830
493109
950413
185242
272729
499691
963030
289859
138934
784291
447502
609171
419888
401203
188224
118382
440643
739357
970558
755199
267332
829143
988702
615741
925882
948493
66735
57549
526276
734088
461169
674636
2041
896688
48234
941029
16236
697
2208
481033
79220
788358
904182
504688
274033
699171
731836
644254
244230
192129
93685
880374
683181
510498
144954
389576
29726
128076
307346
819721
846618
874467
700444
753225
873988
542668
673772
651346
92284
3376
928651
389699
504786
279357
584459
26638
380118
231251
761896
112324
593407
723070
290912
592940
96414
306438
115064
72182
370107
556276
936851
398874
638846
921548
150763
795723
805007
708391
436556
897194
118458
673666
758131
530649
673461
55919
996658
161760
235372
717857
336358
11895
662758
615905
771289
810554
328466
26055
144448
449875
549377
998103
118001
375630
697423
47220
744882
879610
474383
528392
983110
980037
933498
574200
107431
921084
368463
821774
356435
79205
833619
667759
778056
140811
228808
466578
687663
888258
563450
557923
698842
963530
583628
898614
21070
774007
462165
899130
831937
111424
62470
381648
456937
117287
100566
334410
964468
897662
348576
545682
400253
787795
926515
318892
543742
952312
724089
649975
350468
328729
184305
368459
225999
33635
91936
454617
905227
255236
434025
983519
371190
54081
177220
27755
401929
779815
615224
137749
94508
506783
547955
426200
869772
380026
643416
841050
985663
572031
191615
615352
523855
518612
349557
746722
701669
255390
314180
863790
457038
190665
128441
646654
322291
729630
571722
532228
249708
696156
975539
964103
195483
349983
479005
829629
669077
909763
127712
74547
105750
234998
80022
823202
343767
479741
232472
865226
567425
394112
235581
27464
923220
241979
808366
246718
339640
236171
305915
849790
176451
316687
488121
643131
346555
34910
66662
634487
101116
596445
754803
133224
517041
124571
552398
464250
145329
265742
658708
316485
598245
721894
484912
301610
542536
491904
798628
465985
755876
894609
58262
3515
647806
91076
127318
735720
244230
312051
741350
932981
849305
967939
266228
756521
649628
218632
425016
689232
244397
597473
549856
130178
936562
486230
939947
576653
199012
513460
629933
360864
686108
755232
437703
337386
629668
145432
255832
239598
411917
960506
928056
92134
444334
227367
462713
813649
971369
795682
498979
74207
408177
196009
635416
19545
749943
212990
191381
750913
185598
551781
172429
560493
84231
213511
12696
487381
479689
21016
389426
94937
794715
949250
546350
40548
925427
158636
345487
605888
938588
92830
718940
73401
374451
722665
170912
109808
760167
204427
401881
510746
881427
54190
621527
636847
557322
174953
833957
480752
332927
376110
995136
866431
822365
845383
989218
629606
241070
807127
410581
844735
58649
21808
628767
376430
262256
128740
763472
791959
411447
463667
756000
342784
12854
370891
773957
425803
551200
340427
519923
765983
969419
947403
172551
542646
213919
461147
217820
614084
405694
431254
969212
789807
419128
764445
45485
908377
879825
339833
952129
17864
112863
56660
313344
176206
592964
346205
141862
784011
40491
108607
955325
964861
159261
177806
908095
78528
530444
604260
557178
701483
452901
138937
786678
120256
8762
221415
852162
4256
408134
528619
359285
6892
152497
804709
958704
570402
435736
56157
528139
575085
90991
651993
172400
510052
721921
730667
453677
374809
206324
205734
166024
303954
335454
89418
57261
320329
106164
53529
149523
64275
585804
754644
86818
531205
88785
125886
207084
189924
536501
463869
349113
640851
741003
897566
366202
718031
941512
447666
575031
992312
358458
917237
873253
696027
39634
516914
609060
282636
740852
493076
340629
999549
849197
626129
837035
90201
780090
439397
442022
877393
23972
187224
488580
353377
219455
446417
919844
744889
756172
10344
318537
978732
662760
493167
457208
732983
776420
795047
35389
711153
952650
29024
719089
23210
398613
926302
987012
24577
564556
301552
234762
844533
386720
383616
710168
431797
624585
422249
514119
320622
110907
501364
574299
775587
479289
748841
303763
349078
894654
625207
252250
428830
225196
179290
178400
457914
145341
924901
224524
541611
439334
158684
950070
228573
359051
439490
271301
282807
275356
990870
896559
227936
170415
421342
420705
473121
632597
436849
71033
964438
682277
657926
265808
112135
589526
777416
797199
345508
430553
637081
653371
656842
531257
882483
185363
454403
294137
850601
958382
420039
101973
746312
542361
748196
880482
890053
75629
627565
618058
574334
528855
191956
155814
291276
171044
466516
281719
615501
462671
792639
753988
743271
74549
450556
570875
616314
472689
522596
705932
471330
927815
377827
215473
156545
905258
497491
143565
977840
337051
495384
214062
328201
550090
632423
539376
861458
705889
870380
486990
419672
267504
397029
332538
444600
603574
182140
573384
179944
640685
615507
846809
458822
720926
920420
15068
890386
216533
837949
376041
720420
834922
359581
289563
235186
800750
496031
247594
92472
480813
834327
127074
18418
118283
450337
177790
727830
287513
482147
969964
372555
960417
645534
862188
69245
617566
895036
911487
470331
709482
905024
669221
56059
897225
177862
136430
312089
138709
799809
237940
28555
289364
427062
698968
809465
683977
525620
190360
573466
206029
430826
753769
358386
150769
596871
240474
111243
554021
796218
977433
510504
242889
769209
348293
955751
206611
770542
458325
614062
488597
219397
996105
888051
604408
780861
828065
167183
27651
36634
996093
834962
661653
976637
966047
89708
125718
239909
872541
488876
390632
332236
271996
484388
130495
122577
194014
330655
557350
164531
519801
198793
898282
780223
131919
421205
421949
985291
986154
996347
734437
815596
72253
151798
27428
829479
450107
299184
689473
183685
133294
667841
150850
11273
913976
601877
476168
44663
364828
311503
171895
276373
84041
246872
480951
579779
20422
323498
766493
652830
737287
995921
798759
835229
696248
382770
999737
904671
935569
919926
95883
800647
876383
668131
814819
663116
766286
821545
235507
771996
832195
105199
385535
406602
470600
369955
751012
505253
404756
116201
727692
210149
962215
803283
423632
389578
950843
823955
702868
465387
347847
915148
237134
614741
271359
858030
544143
827972
941387
363924
947958
37305
18116
696976
932536
903460
199706
487411
457046
989078
370792
955250
306358
142218
864678
978610
99100
97146
233047
223405
408231
221232
987489
252521
303467
197504
261671
436858
565054
213404
12917
575704
544258
598138
823674
984838
353633
334365
204703
741110
178283
947287
827713
119327
632014
181064
783025
810575
210928
872080
225006
405244
687952
377643
671004
232057
937961
527572
514455
870047
772081
252390
728623
87280
477434
690393
189579
56644
548282
218546
138181
169409
717078
945692
491344
75025
285312
350238
149690
926630
480010
267437
759896
493740
415314
207896
336678
527203
171006
784121
810699
955829
971897
575925
892252
486511
214529
927072
956726
617574
157966
504371
415153
615279
92891
601936
49786
223406
945312
539202
147695
356757
225793
885142
736194
109244
171027
237181
447767
5487
656583
636491
893043
694768
336868
709514
924401
257216
160778
370053
281989
719142
99164
346718
494810
125920
449936
68183
9420
461852
297151
773521
445043
607128
733262
970854
679366
86631
795323
25447
470994
781935
684118
7875
995128
479723
471752
176519
760797
394519
617705
234937
995431
760786
96912
280098
484755
559675
514594
316112
816910
748677
614162
212804
311613
883493
947469
467053
884153
966300
234523
791634
199699
999180
372049
872904
966060
853515
488232
385224
279883
345851
183696
877692
732439
318805
587026
174472
374707
469680
150041
712335
159045
933377
444778
246805
739464
840566
207187
298153
280347
638603
969255
472358
878361
881725
95963
862410
663233
902432
999880
16043
637134
541812
211261
544453
323240
255972
974235
780465
157766
825662
192271
740929
530004
898987
678408
250679
958457
442724
890578
242833
782637
600530
376836
980530
312240
798919
428539
430744
971956
363138
615501
761843
674942
920836
297063
719023
855179
166962
857864
809243
847867
845539
418895
809373
787342
346013
578758
662336
120107
459895
190264
552238
90589
47519
713915
507729
321441
5075
95860
574019
729647
186619
731120
890658
687383
178381
43463
321362
501541
826598
489934
865529
737880
567238
382204
187581
965747
529426
707103
288127
723086
609931
433810
6676
677133
138435
993866
123272
689684
342480
24752
658613
516188
958896
622121
597644
908585
759427
107624
286251
729933
520427
651441
918179
703928
332400
577679
4683
154958
858352
11929
126585
133096
539164
665344
513622
578961
695532
498887
425313
942228
820655
944737
878664
756636
444907
775167
73689
264045
924949
932977
935512
419298
251477
966641
629435
567687
432979
995388
894010
715601
222838
449351
813035
182428
453614
667105
251414
427678
362703
318367
494305
815593
525494
767552
34748
440362
417245
631304
929435
500454
323957
245045
161586
27586
26847
35964
13282
983
492987
137056
767394
586104
100366
104083
518044
453334
621707
550752
715953
476694
275574
756012
669887
409202
866381
439088
188934
657749
283705
833239
143328
714937
976004
553166
351332
544732
617343
932058
129362
505126
716556
763918
768930
69665
393880
162050
824824
293002
64036
968142
634896
939758
626199
432531
71921
988069
311678
478448
104373
98768
522782
24365
56490
869401
22558
171199
624798
585791
996672
920316
281736
46704
124282
523692
150232
603592
294458
992154
447117
390107
555455
228728
496002
157395
145998
165799
512614
885899
385911
516949
767109
436093
861629
901516
764932
164032
662825
28985
413375
52072
840984
587375
71562
281667
899783
137089
835941
608261
86120
168791
350374
524024
677270
347203
956684
766754
17165
303563
731920
524268
132128
97613
94862
853573
164699
573537
859560
594190
886676
768220
919991
525265
799802
478607
495778
395966
563710
419945
681797
200375
426617
916399
149210
343042
305837
324645
932675
666607
797410
191134
205633
418913
578249
899396
751333
8671
825250
210392
732175
160073
972107
435856
680573
713203
333445
239748
54828
791249
807207
131909
354400
699733
582417
422420
945170
239192
325086
836514
163708
662727
1233
849327
163659
409219
460418
583761
594853
946593
450975
874981
950340
695177
990937
796482
927615
419384
146365
379362
655150
220749
395421
332619
597553
13936
829692
779538
661864
199597
776741
73861
955729
600832
704333
922611
277679
835541
164891
504763
386068
327726
320430
931109
826871
634333
705129
152485
531647
482854
806323
457986
95197
98490
163655
148539
260949
887736
404140
279675
514932
22153
560978
948984
410068
439522
801295
937914
194035
592665
203990
844965
111875
167875
654400
625682
113021
365618
286926
399227
7756
620776
52461
794097
906774
920928
988167
569055
61869
710025
953456
205631
328123
348670
886867
273578
713737
400229
206004
207143
599103
707286
712232
74975
873405
317831
11676
295004
706371
515071
166313
685355
133616
974790
587833
634716
725849
814098
688271
465010
965892
907036
49462
460381
350915
30535
491282
410505
542757
224963
733917
880292
261442
64781
482426
547342
988500
577839
320692
137271
210514
634726
357933
60276
24469
521611
498703
833461
865150
963447
866635
671047
535078
333577
169820
912507
357114
706355
712758
821047
222337
407390
197772
308963
189389
173683
571817
170667
781415
891178
868359
544671
519073
325122
80658
127593
719277
914159
524708
309911
276017
873366
424195
166962
793333
648349
749095
184033
181281
216486
517003
127198
465607
673275
497699
610971
620524
996555
713784
989669
754563
831532
965237
976578
163476
703701
724074
138803
668483
821988
882563
4514
23069
809585
58997
351121
285553
263252
842595
512482
252052
210025
771405
521603
995159
608551
199729
61708
463533
160849
285347
503842
184270
436336
975761
885866
308718
526386
71169
878714
731335
898477
231323
647519
641371
137740
931651
141093
665494
195608
46411
196722
827430
573394
411357
662054
325334
147925
677024
590316
190650
985555
744870
504922
988339
16417
168775
176592
906753
550737
558345
877443
90979
754242
359025
64940
855105
665470
200466
161085
430809
715081
812127
488231
469262
985464
917888
349712
866619
744962
879981
708204
773833
61057
76686
946133
279572
250999
949323
141108
439740
554212
978547
337646
34028
684525
85119
223477
977156
825546
254076
392199
518274
506415
478471
394256
723765
75889
652835
180634
386650
435272
707063
364296
426270
276820
953091
949800
11485
778712
884173
550456
34383
339898
599525
595414
31016
884349
291619
712713
593774
656110
461206
287057
744270
5512
31342
949648
345393
405434
84747
702643
22401
301813
530546
587127
814920
699534
532139
934720
9805
597191
78481
846688
161272
488356
697528
588124
716347
837023
60006
562571
54275
450934
909212
460926
706553
707012
367342
992185
938742
446921
637756
495784
246394
402798
562340
536607
363159
910501
196415
897931
679694
113185
374404
796198
98218
567667
613692
209560
267555
112973
631776
866154
666809
210210
684805
664595
33000
242848
309368
622507
630255
647977
924813
588397
948067
302762
639790
82601
900904
305536
616697
859605
796522
9925
263075
445505
673753
370532
495886
94145
963188
931108
574295
538947
313184
491667
795683
801067
899061
708869
258366
293962
429459
735464
138304
451920
111234
369650
730287
994307
446615
545109
594696
693590
425454
404285
657886
602136
486470
929777
19762
433957
622264
570771
79952
789096
494816
397152
369211
455094
846333
974770
34362
35296
81235
287402
314875
16031
176199
546981
807131
868290
861018
781489
417684
794257
177961
188967
140558
334260
86305
625077
52782
158674
450507
587971
911676
882427
577732
166683
108711
51874
183507
343254
363561
444737
144598
287313
530231
6277
78499
854520
483208
525893
767618
47320
647553
628510
293039
546251
377944
375706
21850
545211
501708
402939
598401
925117
632646
363218
891583
757117
248300
486393
232181
485684
969778
841346
78946
808188
495071
159475
996058
172186
619902
12556
777304
242208
704325
270913
116851
9078
534331
614941
588690
363604
183731
951340
11326
157170
871624
79649
692052
405979
430371
890967
809275
526084
390343
929849
979346
838427
166188
297611
859284
913308
744206
490996
224934
135668
801956
92915
452372
193180
511335
977205
665164
119660
731478
520609
69848
964630
29623
388484
408777
479374
640900
427942
521305
933759
835591
381811
921178
327220
820104
248325
854614
460960
409655
90486
456299
471072
687155
63662
233617
376659
454743
230296
670141
694826
593362
974958
854349
111605
482896
144191
627194
432897
79187
20731
566051
321992
735010
37198
538856
785754
984844
775980
951451
196417
364886
246038
75734
939217
747045
543726
748441
319988
602118
603406
840665
408298
526462
724126
772587
10085
121771
175845
868030
409747
784614
665682
864088
905457
821591
844096
641683
336198
592455
742113
97931
425628
692920
47720
209325
730560
580769
730967
709185
762522
901893
159785
514640
337683
416871
813052
220619
922304
879713
566591
622263
693600
124227
914711
315890
124433
73194
331409
757729
736341
593017
253956
120542
35868
365349
120832
931930
921243
107561
511029
270718
298784
580817
322259
875011
857368
833887
603294
366763
400036
571270
570213
932350
639797
645144
79148
321072
988653
637477
637655
10638
247244
232320
903110
823935
214147
267277
693453
397740
855973
280078
417211
33741
498436
827109
31198
936986
602596
260211
772858
513060
179288
206468
716875
427726
776881
107694
457747
517828
412579
953150
886965
80334
527340
514378
439245
920446
900687
169400
174076
978743
55934
481781
738499
686043
315376
994028
828908
965540
602900
817330
409584
192841
239209
200701
137594
828553
953864
976686
910545
144315
557716
29147
594921
701708
49295
194564
781876
911864
767053
772513
52607
557674
529407
492224
263892
836074
389301
910821
18408
345596
330630
107194
879050
556088
343312
505375
886246
317477
582755
411390
408754
196324
924273
950791
611578
124348
956873
751621
642056
545386
75796
525136
470458
746547
907559
289953
218705
364996
171967
522209
63400
655184
888752
395638
100084
728781
805790
795808
232997
215097
221663
184021
949513
476798
846301
791088
278460
222603
586300
992548
145838
496962
911237
227100
555632
726229
992029
611352
774208
110289
229873
811053
375190
78326
489656
832386
51871
927214
671583
92534
856110
113643
981292
436608
366763
837831
993668
291398
450476
444563
93246
665557
200747
253194
51220
206649
738540
193701
418626
980994
770664
423697
951213
38477
858899
984190
546941
398843
248622
536997
716575
715794
798280
531700
597825
98277
934581
659913
421273
440995
326241
686882
685467
536698
706536
720134
524527
632160
52937
172041
334886
848045
4113
298304
2086
151528
810170
533646
948394
239598
501721
904151
880450
999436
836655
376615
746379
987296
482603
697375
335775
441143
6282
297178
252272
600099
12455
845545
366671
694975
998475
581126
234931
831086
753660
94949
814445
6431
369253
569813
428821
589526
916471
450634
322652
521304
43471
533620
715687
266985
296170
771207
566092
336636
764281
448714
81494
240781
498900
685551
776449
66379
657242
876978
619841
809214
392809
904581
461490
458653
699891
640269
477226
288535
412731
743248
813392
564981
367843
425334
718113
668444
972631
976086
390016
600465
759190
228733
177266
893574
145537
186895
73707
697666
855788
742945
440735
376362
558701
219457
364818
857737
638557
728523
246052
942806
830427
774982
993712
484281
691676
913446
656989
828763
434903
614140
349454
780325
615881
197430
869640
237158
814351
238575
20067
403787
262408
249245
9518
17060
498715
830383
910531
688792
620626
862120
985513
353474
823560
814594
378243
191361
873057
968247
540855
916839
716895
320105
265565
960719
459689
583191
15563
496293
960564
912285
458010
266107
800461
969616
399258
322236
273293
116419
452900
777703
677523
342989
183321
30419
922963
951731
