6678
66819
62962
24289
99547
36204
95679
46464
13585
26199
41810
52699
83316
20524
68924
35892
3166
80373
91272
32999
51922
36989
11510
82659
38909
84380
27470
39357
81236
23099
64114
46218
38055
56390
9958
7213
87042
28622
21052
63851
34520
85386
29144
31032
79956
24564
50365
74864
19739
31635
78861
68008
91740
18688
74450
94926
88794
83514
40759
52256
49778
76813
5677
47906
1078
87732
31721
3912
61873
57879
24454
66844
3988
93419
94942
77036
4261
75452
29975
48807
34964
23802
70889
67686
87470
30714
70518
34376
77427
50074
92804
59534
2129
15888
62068
41481
36725
86789
62497
40767
25582
36925
10947
79131
43214
46664
777
76290
64187
90060
58203
6647
94604
63511
18693
17498
49705
42381
37908
94584
17157
88279
60141
2598
87251
29942
15335
43255
87973
49807
96393
55753
39587
11674
4282
80356
16962
39868
59760
9335
50685
70521
81778
53138
51851
5682
53419
69445
92455
61943
91301
72171
40955
12792
85221
55782
6203
14727
74495
61832
42492
3454
46827
4094
13162
49730
8100
26336
8399
54719
49444
37694
5544
10637
83060
57370
9613
97831
71403
4364
60309
5666
282
69661
53965
41264
94344
79470
10905
11841
36220
8124
74240
24822
91234
27988
92501
35480
74644
2503
93270
44475
51801
99087
12134
94000
89441
69482
89749
70720
92687
82794
99386
68813
94554
20483
70840
78829
79599
11167
58784
33950
70274
78617
71643
2438
91711
56643
24319
65101
52490
2491
24429
76654
19641
82473
18367
19370
23228
36478
53642
62123
59463
19168
98482
71413
90988
23980
92061
60610
11833
49098
9188
79969
23812
17385
66667
55479
24010
67805
8250
56492
13990
75239
30284
3651
36962
83648
99696
63831
10575
72237
89459
6111
72588
85282
70697
34662
57583
52377
58428
42149
13150
50319
49932
6924
75096
53446
51790
20274
86010
86565
93728
70805
86169
87928
54311
30891
82012
46203
52245
74415
16631
52169
22274
97949
87552
54178
63189
23316
70125
66038
65692
49843
78598
98501
39223
28785
64556
4516
50529
11875
87502
52875
73819
18491
31563
25009
77358
33289
66992
23292
22559
12717
12000
94662
8901
92078
30273
77728
36110
38521
85819
1735
38404
22486
86516
24601
66425
79610
76290
27593
75862
37304
73440
91924
68610
57547
34504
6419
44713
92672
67383
77854
54781
79919
74873
48532
24442
8658
59039
44201
99697
62521
36231
74630
80367
77066
9336
39280
96242
66002
49979
32080
8253
32231
83799
28800
8412
41973
33115
5459
85695
73756
77737
44851
95034
64760
53707
35711
89119
32624
72079
2273
69920
3847
30382
18451
42889
39225
30560
17052
56790
25525
68482
89872
50430
62743
12372
99845
25853
6572
28328
11212
13882
48680
86980
56478
40288
18093
32064
54010
88619
57651
50735
6698
67523
11269
12002
88389
87595
90909
58740
48530
96368
75896
88471
84730
34589
73572
31837
62433
29592
99904
50927
31966
41997
85711
75213
20187
26476
53173
75724
40300
33935
15432
80308
19286
69400
94578
57335
76564
14162
97267
8490
80339
35760
45829
35008
65146
15358
49773
52909
49635
39835
4530
19890
65074
97761
96218
25370
70726
99306
84733
69220
2202
59139
11841
96119
44762
68516
59988
8761
43664
93862
40818
25014
61681
7981
10272
16551
4731
26942
3932
41072
52332
56653
34961
83728
9163
62030
42491
49838
81249
85867
61266
36675
4981
61492
1974
74582
37712
94015
66376
37589
74807
39461
32085
20226
7521
65978
52433
3097
46404
41033
69385
16337
81094
47601
25803
27003
41922
6267
66267
81487
49926
42904
12038
64641
2297
52681
62179
74021
77818
7820
51266
38218
37850
58582
74492
31177
72094
12417
77114
96122
75239
41548
49299
85111
57609
63366
46242
39030
21702
99058
80741
50413
31708
54246
86826
48078
37733
47119
41652
43987
32727
73106
86623
95705
30009
51022
99065
81781
21652
4458
86431
42109
60611
35985
78852
37453
43794
21781
42328
251
79988
52057
35518
21689
12648
8811
65926
95270
61812
32760
48732
246
32323
12206
54078
88354
7471
87248
74591
26961
42537
48397
97231
69365
79039
79555
63616
90924
97615
98502
69415
9553
96377
29499
64452
27928
98378
47269
70508
46199
1408
73532
60756
50611
226
20437
67484
41755
77785
6999
48961
45566
77634
45796
57276
55780
30891
94017
57985
73764
92562
39443
18927
18224
11861
36349
38358
82513
34796
92698
55368
98936
97106
16619
72513
60783
58165
71589
17259
59230
84858
55648
47468
65811
47300
9389
88856
47460
61916
93815
59718
86725
90412
11867
37657
15405
79999
18650
51496
23646
5621
18963
81815
98700
31702
76834
85268
26401
19044
43915
86053
4559
88236
59638
6186
28668
2477
16116
5223
6286
4883
66729
21666
2968
36465
73993
94298
3091
73393
39748
93088
23013
16215
54168
18477
41137
5196
52043
30610
20651
30847
61606
65739
64759
17736
44993
89644
73106
29294
71038
54144
31896
35989
27665
50195
4159
10150
50591
24094
77276
54213
77719
99851
4189
42665
7144
46017
77636
68984
12091
86372
77899
23911
95277
82622
94863
59423
30232
23417
54695
35258
32051
83267
3284
48644
77876
33358
51443
27403
99932
64939
87845
75826
583
37015
94354
82340
13095
55903
73034
15602
14750
43722
3437
41059
87781
42663
90764
94204
77549
76176
65513
8925
79736
20118
42355
39414
39116
36656
94856
74142
10131
92717
93306
23340
63726
66578
46896
18395
25824
87770
91532
2139
47466
58543
64899
16876
87243
75557
35746
23849
29100
33396
44388
16066
17494
92056
54498
22674
70306
73508
21894
71794
34239
66246
57673
75450
72774
57715
33804
16284
37409
79671
79365
24202
68162
54214
29915
89618
44849
80854
55825
35124
28577
36381
60932
57153
1757
27981
48282
24116
78988
12746
15056
29356
61182
71845
56905
91506
74850
88439
87795
70034
17108
86049
39948
82935
43318
65977
44159
34097
21209
45385
73976
15901
42969
17808
3378
26762
81900
8473
28499
83662
81607
3020
28916
47128
79232
28465
4325
27503
55635
43058
52783
35172
95199
29241
18935
4332
77880
88393
34233
59284
41646
68264
39766
98864
31346
70373
85255
4332
23633
60023
55316
23361
96280
16513
51495
26044
3940
7357
64850
73324
91562
57829
42765
12231
74631
42292
88459
76740
74329
75977
65048
35770
55414
68227
55057
40570
22829
60032
37467
56177
48009
47353
8972
28982
75639
16482
78853
58421
76798
43604
84837
20370
67637
46363
68635
55156
50033
27325
58645
60540
20810
79850
47516
25798
86921
80315
26027
82680
95306
8923
39297
20171
88281
8911
73343
79301
11860
20231
34970
9407
80514
16566
68067
30391
24156
8422
59911
68568
19125
69672
97471
24508
91564
96350
97829
86503
61915
76148
43758
33805
74270
99051
37091
37788
5930
37024
96979
44534
52256
31277
40948
29444
4617
50332
402
46797
49921
29762
47838
49136
84040
25014
267
80910
15549
9957
25667
78713
96970
29287
75705
74473
25690
20047
54049
97211
50322
47487
24697
42692
15451
2831
16838
9348
3651
81913
44631
48735
39430
77708
20028
60742
97367
17803
81188
2510
28429
26116
9536
76508
82942
17099
90977
5467
9364
93382
52405
87861
41819
72274
77617
35070
90293
13323
60610
51395
6406
41049
11013
3901
76885
2653
22914
72687
33599
29213
11502
19320
7804
4590
66765
65360
84495
60487
37291
20079
70260
56
64910
99033
56799
87460
60671
79830
60548
32418
6288
43414
15435
28838
14804
62963
45464
85463
16634
840
25167
46197
70461
58448
74283
81310
37334
10737
27988
12202
57606
11560
64609
96792
23585
83560
32668
93701
59347
22825
35904
47378
86886
60131
17203
92671
8228
50400
12524
49988
28616
39284
94793
81684
61982
57571
28206
6069
37404
89703
26069
1011
81278
69178
95648
76091
49720
2444
79611
5554
62591
89912
47284
71956
57475
55872
14030
93922
14125
34962
2172
5487
76357
44767
13324
19068
70411
16674
23500
32879
22579
74758
31751
44265
53595
66916
80205
68671
70507
66211
56610
16051
49605
49716
3938
70798
78009
39913
36613
68643
81657
35546
12429
62475
12097
42002
21619
9631
26559
25290
26970
67215
84965
66480
6869
77104
34919
72478
8594
26141
59112
52021
40469
36384
75322
66188
88126
71996
73563
61926
56998
45256
94620
76625
93949
80625
24017
57918
74544
53600
43224
8821
70824
52876
86401
22569
79708
49209
65070
36914
28333
39169
33138
61377
14932
44774
58443
90867
15793
49311
66422
59204
69385
89521
14718
36842
35529
45403
9471
73897
72663
67742
91960
58714
70956
75897
85520
50471
37395
66007
39088
69790
1022
37239
40351
14551
61054
84785
63288
28180
81980
19364
18013
97805
36533
61779
57780
16935
24897
43289
23426
84416
68533
53339
23769
34254
48364
28349
37821
31849
32628
87375
33263
28211
22727
47675
98546
96380
96281
194
9436
6238
47431
49437
55561
48837
84799
81852
91296
9641
43468
59768
10957
63959
60011
95069
98966
50885
33747
78789
97885
90018
89110
3746
19548
14122
99952
96896
80048
43799
35226
34494
23312
42917
25309
85918
73922
1238
28467
44300
34123
26115
59732
58864
90101
72684
69826
51699
14309
6655
93361
768
16110
19081
25543
2554
30452
28140
95435
97307
56487
20216
80307
94389
7311
74950
26652
68892
28425
23220
24913
26595
70867
90196
84537
73199
75519
65201
94939
94211
18682
86122
6677
58914
81132
55765
49561
51041
91341
29064
10930
82510
18644
55895
24450
38646
24660
80422
13545
1363
149
93899
94624
98650
37694
57882
7543
37783
58045
81672
86989
28906
69891
4276
90404
65589
17
50502
95343
76592
18159
72356
83940
49580
72693
24992
91938
13942
42499
60098
90316
68030
18020
41452
18475
97408
74378
90387
82998
2929
58073
66682
27334
99714
18020
65995
43320
33499
5617
21503
2304
76563
57180
28651
67501
66633
56534
15814
43336
19147
99514
86615
30991
97194
46164
77932
95300
99210
30012
4753
53964
99016
85439
69014
59718
20864
12262
16858
62980
36107
71973
81053
33028
91563
57013
10188
1561
80964
27201
85039
59292
42402
97734
94864
50002
43646
47608
96549
62718
21069
63781
68132
45996
57437
51517
3472
80610
37099
22265
28124
53032
41682
34543
98028
23465
72947
31293
35069
73649
99902
68759
76661
70756
72782
69610
61864
1644
40965
26223
54320
77199
36598
79587
67055
37699
83357
6918
73234
18753
89199
66410
32498
40779
85883
61110
32234
54742
37202
40867
16821
42876
83975
76782
20779
16114
68506
33643
41940
3229
4442
77201
2498
94591
5792
55411
32822
51956
60141
1470
35477
65526
64106
92173
94094
3211
12669
23129
30912
77313
7313
22043
71233
16594
81892
76030
73821
22228
39015
77778
64241
8543
19201
20041
69677
57465
98533
68737
88681
29526
55201
40824
18942
34222
35253
17049
7933
71735
46978
25787
98392
66411
42038
88349
50019
81640
3622
92909
11419
31834
210
51684
89349
46645
29152
79838
55180
91086
19598
871
44123
1923
52487
18478
21011
65910
15547
93680
91026
89601
41712
28300
9096
83552
67924
26152
33367
87464
88309
71800
23298
76522
47698
68492
12446
19221
13426
63005
28371
78606
47061
897
5329
15269
17351
9268
35152
46587
51371
22886
82249
71009
78066
15287
37165
64920
24730
68017
41830
81140
16752
40787
76365
1388
62737
75186
40235
25892
96202
41361
19792
94213
13339
45603
9199
32476
78973
99695
28488
36370
66923
30986
83586
44737
12740
2304
56419
72323
11174
49902
82744
83980
11305
51673
40511
50548
48538
67368
96861
48147
56551
95791
83117
51779
92745
27545
96616
43551
83442
52682
96145
94579
56367
90109
29425
68890
21776
39789
18469
8592
21320
40045
86287
15871
9883
48661
38721
42892
76183
56234
48218
90395
92630
42637
84530
3540
46392
61126
95554
70966
45395
38182
91693
99649
87334
54993
36594
91488
23590
98703
35142
97667
34172
79923
61584
90198
65042
64532
29672
58846
62020
33706
60823
6378
98535
89722
10126
1361
66986
27729
56941
54366
73148
58779
73532
36966
63261
3780
87115
25832
7525
2617
78740
9685
58853
2764
16159
83238
3666
24117
44528
93445
78661
95382
1266
30875
76647
74304
1104
33025
26776
35288
55621
42036
93588
80451
20738
26135
76312
4149
27073
1587
32817
20383
62997
6414
36834
68940
51025
58310
85020
45714
94530
62278
74771
46348
75406
77750
18916
14571
70655
76369
28035
45302
7653
98404
9372
90473
24631
5020
88116
85510
83768
42104
26852
64879
4556
43814
86924
77199
92468
80071
3525
48649
61802
79669
79408
55293
33344
76725
62043
13387
72874
5756
32128
16396
43750
14510
79990
99509
86882
94188
6187
35638
49984
47721
49026
71977
36612
9737
15006
71920
6857
48218
61782
94696
67207
19517
41697
68285
88609
14351
31986
20287
46909
68642
79106
68003
10610
34211
96107
21034
24286
16465
17130
94969
63261
79450
91786
91350
88635
69960
72965
73817
57382
98416
29837
39604
95155
50280
11236
71039
29572
32111
5631
5251
50009
57775
37490
90740
75085
72606
52641
8177
16587
98833
23710
79454
14105
72779
33918
72735
10694
61519
92247
16423
40119
27975
32469
5641
84804
20749
59682
21919
15908
5849
25367
70044
8813
53732
22532
55098
51392
53928
41353
11423
3080
11648
95637
22724
49547
77390
33684
20224
80629
51838
66098
23051
99667
33261
43768
9848
87915
60215
15292
28605
85474
52917
61275
48127
36272
86786
27939
32215
67052
62864
6500
68209
21785
72358
11215
52693
43449
89871
11104
10491
12369
51115
41493
25609
76022
85712
71659
42422
22627
54954
40063
10261
4903
36935
61604
99232
50937
31567
37263
40596
19208
17190
11349
590
2825
82513
42059
94968
58104
72343
53018
54264
54145
86147
92631
83542
45725
83680
14925
29159
74107
11420
25957
560
4440
90571
98189
59923
48228
94401
455
69592
77437
54157
4445
78168
1487
58018
74735
4360
95815
8462
72499
50227
24354
58019
62162
64598
30317
4038
83501
7888
89906
93629
70682
84975
3370
89385
65336
12223
67179
10504
38627
72953
61031
99435
25345
45905
19433
70279
65742
49051
46821
71465
38554
89096
53254
58520
23331
16071
20914
81140
91404
87241
96306
61035
14399
98453
13513
910
17593
52209
79911
43314
86415
80896
48556
1327
60026
98242
56695
45698
80007
70009
90165
1366
85758
93040
52378
12286
12293
99917
47885
60800
19652
79262
1168
53221
31582
23990
40532
42794
63808
67607
91961
99816
18609
95503
84128
71702
85939
15047
49090
71277
64796
11963
77761
10492
79591
41456
39142
1556
93812
63030
87150
41617
8579
53483
68404
69985
71774
6114
93223
79144
67682
89899
81143
77569
43193
42943
22654
92893
17247
53402
18401
4111
5061
91855
16832
79522
72633
76398
92778
36373
76115
69738
99027
43013
60106
62670
13591
40530
82892
96860
55502
72576
93043
34477
9328
53536
59069
18158
41854
38678
79674
27713
24149
5845
43762
63224
83429
80893
88683
57668
24878
41843
75797
12508
80101
31664
59075
50
17183
87941
86689
73421
30507
58704
53859
28187
45976
93374
77630
56237
86047
44046
28975
45405
32984
21689
62931
97129
12237
5113
42946
11723
49688
76431
85372
4434
66836
71094
8193
61406
68403
88134
63882
99608
32414
20492
31616
78364
49196
84786
95181
38360
83899
89202
10942
18615
93367
22637
53082
46277
30743
24762
10341
81921
22371
19369
53850
69151
77978
81916
54623
81902
80307
12977
23509
51921
59359
87189
97133
84576
50345
26780
71051
91842
47713
57863
10308
17990
29309
72902
28528
69621
88801
74029
25130
42407
38019
42121
125
36640
66127
9408
16610
14596
16464
95068
5331
12858
1514
96743
40433
26909
88764
49360
52664
40493
27494
64184
17488
55809
10450
63952
7837
44266
95079
80767
95871
88523
46821
53602
21882
1242
72230
90630
61792
58141
25900
99117
39723
19480
93174
56701
43639
89699
24751
43791
78797
29992
99682
81890
18406
54210
47013
92482
73036
77681
40514
71990
24256
20300
88186
44681
92289
3184
46821
17498
95985
65604
16455
36024
14188
85385
10086
32886
90683
32265
54337
15795
51520
37227
25519
11179
49845
39337
85875
71863
47464
42214
5869
34949
66626
3271
77216
78203
62266
34310
28129
53406
85103
73569
60039
84666
37300
91299
2199
87778
48271
16329
13264
77833
21360
19441
85270
41908
10565
92610
2349
48842
53655
27052
61998
3728
41838
46735
47786
80598
60569
80152
44227
65709
60986
76224
1672
72098
76175
56899
62632
7456
54354
23624
13034
32559
26444
99607
44373
72658
89208
57839
54908
5973
16322
1015
67568
99913
38435
35127
96747
75839
64026
8001
81332
21775
19906
36111
69319
80437
79521
76444
86026
69087
8289
66670
55140
31186
49729
99452
71308
45950
6190
60555
12747
34600
66102
37480
56929
32880
11512
64646
84041
96339
83763
95254
40036
83379
79952
50823
67132
68991
60944
60844
9029
31711
20117
58022
35411
10378
38532
9248
89826
30347
59866
33841
35294
5101
74983
62465
83772
68124
78188
81123
72314
83292
40258
95630
45399
19424
60455
97700
23441
63744
88371
56692
42884
67921
86333
57627
4863
25678
37207
4052
80121
12017
51616
91597
31293
22233
71708
5891
32352
9774
16840
42661
59258
37781
2085
38900
19142
37744
33987
72234
39099
62318
14898
62832
41043
50133
17071
57274
5253
5679
47724
19081
20099
40233
9474
21038
52107
86628
44806
26613
69955
18156
85579
13269
98929
47259
86579
76702
37732
90983
97500
28034
75601
54067
19313
25002
71167
58443
40864
8323
46674
94097
83733
88093
43890
41507
20755
51227
6854
70289
61691
6839
77042
99187
4062
81337
83643
46255
31221
9574
7790
46369
14479
50073
28757
80636
95542
19549
92448
65479
15849
10281
8390
68471
3829
24504
82055
51754
25801
13631
53112
14969
27648
11274
91990
31722
30461
16768
50351
66382
14105
95625
9297
8049
66388
82350
87383
97400
49166
68472
68861
35843
99148
95871
87535
82455
56325
16282
90731
34070
81049
85919
2703
10347
84525
96595
61275
71264
34175
75571
41183
37227
5701
71829
77636
27253
18701
68297
56229
41199
9864
94881
94829
82168
60777
94844
55774
69894
53253
16284
17510
24500
2364
20043
73328
1410
50306
19565
51000
68029
7776
27137
22233
46536
11590
28523
14184
25110
58373
20786
36745
70102
79912
11633
86633
10019
12395
64106
10528
12030
47671
38440
23144
66505
62950
58631
94101
34064
32072
19998
81751
91163
98952
753
77699
55885
49985
76205
27009
88834
54875
94604
64031
85578
15909
47132
20871
87975
52821
34715
4257
26965
82848
45917
18112
38065
5055
18415
80694
86819
55662
62611
14291
64082
76651
97671
99143
80521
90380
56323
76971
67073
52567
44965
10591
59946
50900
72682
69952
38708
72758
62473
5197
67081
9904
57613
36416
73688
93599
50160
81894
68279
53839
55007
74842
77952
99252
64826
49213
77411
83614
78740
38669
14869
15844
62914
23149
61684
4407
97934
47961
30609
24114
16629
71159
83987
87822
86720
61033
45155
34345
80506
78270
19843
57495
9296
56916
91377
37244
11566
43100
99584
60174
57193
1699
23997
47844
73836
32241
78931
8368
91929
42054
34846
95431
44440
29583
69162
1422
38138
45627
50827
58887
58918
91831
3291
21121
72672
80123
75009
87445
57401
62228
7308
26279
53842
31729
49125
83675
20935
41396
46397
73959
14465
46433
61466
68422
19413
14273
94639
77727
43786
7056
56380
62116
83084
49071
14888
72058
5644
15913
37603
82183
39505
15012
88637
92847
53985
11350
58401
92579
22559
35665
8903
73682
7845
51736
24760
72673
37778
61746
97730
90599
64405
24150
98209
92789
43622
8723
79087
72248
56230
9132
97042
10560
29598
20964
17713
27205
8627
40112
28496
40636
36274
25043
18350
56301
83738
66410
29009
61068
79177
60119
75385
43707
58339
9513
94507
75852
71907
99642
86687
92815
90078
41357
30953
43339
98731
34279
61557
20807
53765
22117
73743
61279
59009
51742
81911
9338
8721
60668
90167
48767
90080
85817
26440
60345
52064
1744
94543
24465
21818
95976
96983
65373
5366
34114
91859
91204
41024
19184
8092
35888
44091
78140
63485
14772
53360
45986
7238
47215
34501
80902
29447
26522
36253
87280
11723
23097
18219
59101
12708
84134
97165
83287
71055
71274
10930
84334
63114
6924
2619
39897
47267
47047
59242
60854
51226
95798
7709
36326
48049
89076
20353
81684
41438
65684
83415
58178
55398
1669
50428
29857
76846
50190
45363
57387
85964
86410
77282
45222
32803
8081
73170
88844
1864
60218
75384
20172
41838
39748
2669
70209
27575
84116
11387
76058
48635
19060
89269
9459
18713
99202
35595
67633
48313
23970
1747
51399
65356
18845
71348
8418
63601
40352
78398
62702
19709
40540
48328
77062
66888
54574
26957
75569
40441
97758
62476
2450
26329
86394
33785
76701
18279
47879
32321
84417
39434
29222
19307
67220
91803
60067
24787
48892
47233
70625
10578
79089
15134
3361
22813
68686
4371
75942
72022
2559
34654
78529
47175
66516
97226
5376
1322
50483
56462
32585
79010
67046
27445
82950
56519
89220
13819
92699
89319
27964
38628
67180
33177
15829
86774
52321
4668
70854
26969
22699
18564
43931
13448
19394
69999
84048
16802
71959
7794
88297
69398
61101
34909
85769
75973
56699
60206
78224
79760
26343
34158
14287
2907
88855
94761
77978
91215
35593
17890
43334
9653
82148
77265
12920
25168
12720
84563
17770
47597
52253
70805
36747
3346
32693
51846
4897
54447
57433
47611
86417
24305
21707
10573
81819
83129
56891
19937
4585
86459
94006
80885
56464
52546
55291
71178
99122
68074
591
63745
89159
86270
89893
45083
41871
86254
30912
25577
38693
79720
33007
92368
72586
22765
49524
57346
14868
27658
84203
29729
28748
46527
21910
91487
41757
88985
75774
32457
34913
26249
79161
22827
81824
45523
35968
80132
27954
69698
5962
79913
76970
4260
2906
46419
41401
35531
28176
54497
41347
74144
98035
25281
89733
73002
10666
7333
18799
27193
87325
82730
29571
82429
20807
15600
63043
91521
15890
61259
39205
14701
38802
39471
17546
79358
21283
92729
50065
65299
23525
57277
46346
49576
487
46650
45025
81510
90675
44614
56407
81249
16367
99622
63974
70040
74320
50466
74875
80279
78512
12173
28283
20150
35513
89860
38853
14223
10
58889
3939
37738
4194
63825
52378
37887
91821
19665
62013
40605
14289
64097
56312
20438
64576
28237
66687
11502
87908
18163
13995
90770
72811
80095
64058
61456
52837
26107
93615
43097
41196
61854
22293
36423
87054
57544
29063
60644
89081
70009
16931
81597
24143
53088
76132
53679
27093
46744
63194
98339
98415
31234
81673
69455
9566
30139
16715
32063
25585
83275
85228
53615
50367
69402
80671
87797
27556
51962
52886
77904
55883
92343
46459
48197
46996
98239
40530
24572
95583
71616
41810
67896
15479
94554
83358
42420
71617
67063
62856
89119
67118
18655
99191
98669
12000
78544
58243
55200
76956
10033
13966
87094
17395
34601
60328
69463
73566
53553
6154
99637
1611
150
17791
7464
8233
71944
37351
29532
70155
44693
52877
71542
27159
34713
45454
60984
68505
37508
72995
92241
99324
3871
80637
91483
68033
92630
85840
82288
77489
48249
96282
25461
33408
19836
78492
55597
94390
31386
13116
56811
34023
25533
46105
74785
99221
56431
79744
65677
43033
55768
23807
64361
71911
48460
15247
36376
40345
25136
49794
21587
38302
1742
39679
71029
96655
11281
19295
37802
52212
70252
63084
54908
42470
98158
73719
18113
85544
98118
84757
77259
25131
22631
60156
4576
78325
19494
1891
17391
39040
26226
25881
18962
98993
56433
18796
31456
47948
65500
1714
99560
65233
36944
56024
57751
97820
26720
81352
67862
97724
78992
46373
17900
96248
94265
1501
98578
79234
25806
34265
3700
55494
34831
94131
47687
78022
55921
78557
28627
87962
13169
55084
31603
75490
8435
32491
9523
81342
95049
49300
96195
76539
70609
12172
23414
96720
77472
84186
63773
68994
80690
11230
28670
26573
55429
83813
82442
33235
12855
96973
73911
90113
46028
36409
74444
84203
897
4640
47386
25531
51968
34413
80985
54028
23439
17380
89993
44926
9195
6217
17017
62763
46036
13917
45863
40386
7617
25001
73613
23971
94596
53605
87966
47236
70073
5842
53502
67986
24775
51055
93586
81225
810
92254
81093
15604
23778
57282
58813
50429
52628
36335
26656
99862
59215
82022
84219
4258
61262
49799
6112
51629
79184
11039
80354
6911
31784
2315
98758
78653
43356
56290
89153
48380
61931
43732
94269
57767
62851
26255
34369
54393
82200
45569
22389
77394
82720
87568
36808
96849
40939
30572
48727
51753
23662
64478
65239
46936
68516
32599
43377
43234
12572
3966
44033
3063
95286
25879
97684
26925
25160
35749
47226
72430
21611
88626
72457
31492
50151
65346
79039
2173
79769
25390
31538
70597
82394
99921
90160
15285
81609
14219
34752
78039
34256
94429
57985
70203
65882
22513
63250
38728
43133
41405
51914
49306
38500
55506
94955
54730
36609
67727
77775
19290
52336
32225
57993
33697
30582
4287
86543
93019
91385
5869
65513
60665
64844
29448
57144
31417
80395
49129
44367
64504
71266
49068
22801
91816
6643
17779
96220
6549
96851
14103
582
75615
91924
85325
72005
66805
53713
51764
64298
9353
95704
6215
9471
3121
1369
78262
10517
66645
84003
62997
79359
98768
81165
48325
47435
19453
12854
46243
73773
59267
37306
13130
15865
53393
95893
63077
62896
81629
18614
50696
17635
56617
87677
42196
60395
33687
73219
74803
25310
99041
7517
84387
41386
87804
91878
31448
62508
71638
59379
29353
37892
1654
73479
26676
50272
45273
6168
73531
39274
42310
52381
45428
92625
65134
13990
82832
88722
6181
54223
18815
61479
22022
96477
18976
84071
5795
39271
78339
39888
36751
3853
57888
39837
2152
26451
90752
16326
57516
4605
78613
5881
43489
64133
71120
87059
34626
44059
47848
26737
84735
12593
68975
61866
59569
93904
60448
14456
85062
9358
21040
26033
1074
76363
31864
64187
79164
83528
4363
28422
30505
53915
52621
70155
87658
94594
9893
23339
50128
56812
84360
2109
96577
44775
57477
45191
12273
78452
56114
17768
23114
16724
40201
60897
61594
16386
39697
57339
74527
64975
68015
65507
79180
17667
70680
13849
97229
56180
71346
76346
14182
33140
87527
78449
22862
24308
41805
28679
41098
92388
47351
1338
55791
58577
89251
18517
16966
46511
15003
91464
195
89192
90345
65232
25023
90150
7025
5598
7310
69207
29618
67448
89586
16065
80667
15627
23711
48258
94280
78159
43084
79732
22096
67162
25410
14004
9680
43632
47500
13664
17686
78460
25299
85327
71909
18735
30040
87299
55092
70049
49210
25714
29712
46374
22744
31413
56397
71038
99296
14741
25054
54652
49632
77929
72456
7254
2244
35067
74797
35698
98041
95987
78694
3328
64831
16188
53573
68862
15945
1075
55882
44484
94685
14467
92110
74135
74632
93389
51160
16377
53344
43547
42169
97056
18483
755
25663
11316
35896
75975
80488
50690
63477
89729
2203
41392
32737
15310
96149
28743
22188
11031
750
6606
50763
21927
2942
23363
76379
44480
4736
15484
35305
83069
35412
38476
79527
37046
50029
81113
6612
16782
55098
90185
90230
27145
59011
5330
34512
53851
44515
11757
11102
29345
33838
64846
73595
7335
92427
53862
79780
93443
79459
98333
94811
82956
328
85053
17579
87145
67360
21875
29089
3680
531
70819
869
17169
46815
66397
28644
96795
28764
56415
81082
10925
80856
20910
27348
3112
99819
25165
26601
93697
23283
14482
92088
59885
23948
40200
32783
3043
75945
38724
39330
48571
1811
75699
78280
96309
56304
40299
650
23514
23269
65245
8140
86423
33892
92538
83025
31178
83663
56099
10449
15487
4096
10043
98633
47824
31850
33880
69348
8945
16189
756
59880
12109
47144
56826
87191
16279
30539
25760
55575
15752
223
15417
11661
57114
6357
83888
70094
49322
62261
50605
57979
51466
69992
32872
82986
56060
58137
99302
92396
31291
15253
39354
69719
58130
60290
29306
24295
9629
74082
79539
31776
45751
87173
22406
31326
18536
61423
75678
47765
11359
92088
15681
20148
29979
38038
72861
20349
60321
60728
4932
81815
11261
52805
36801
70466
12486
70902
70913
78366
70366
81771
69808
39306
38919
30511
69165
59336
79128
10431
98453
95554
74096
25696
41158
10766
86152
13081
7231
34938
29212
78528
18524
31247
29995
48279
36548
42719
83817
85181
19217
99471
54021
17536
40548
65001
50352
30667
43230
37025
61526
72612
50331
99768
548
28266
34883
47181
96859
57629
11988
9935
45821
61761
53448
7937
71529
45322
46410
9920
56143
14904
1697
54153
65217
68083
92708
85776
54023
43630
59664
14683
28962
38894
31782
84821
71631
55587
92863
92873
20681
86850
29197
42846
73955
50608
98900
19822
96858
83274
45419
42174
33147
74843
57354
10510
72394
90248
25026
35478
80026
14307
75142
46709
13135
16557
97289
52186
74032
54784
67206
11956
17151
67342
20648
92622
11626
21861
16802
73402
94757
39466
78221
67217
89375
53507
26599
52174
12391
64087
85108
60362
15041
83175
29175
42714
78062
84429
76760
66944
81221
23327
87983
4192
40080
60607
81872
20458
9575
2938
48149
28746
87845
79912
74087
49117
39856
32996
68717
97961
61706
65732
12498
96758
38520
34387
14508
32778
52252
89042
8878
13311
73405
18424
67623
55350
27560
82740
11570
23777
42841
89478
54644
70818
78934
18610
89439
31499
17232
99106
45243
84957
89689
4993
68356
33910
10390
42084
69691
63022
65320
35711
53932
9683
88580
30312
84000
71490
36795
32639
98886
55566
80606
1509
56351
67790
79317
2406
39960
95663
67139
67735
85309
98977
64221
38321
53693
61265
40185
88670
83724
94802
55051
88113
88192
40505
62151
38829
50579
64445
80224
70783
54467
3115
86260
15729
42040
75627
32372
65508
21625
16454
92404
51417
9422
56647
53663
46897
94466
46312
4878
4964
29080
42685
76782
46680
62532
1737
54096
39788
31293
13965
63185
55072
2763
16318
71006
13207
96287
8060
80806
47183
23907
76959
53704
28113
72680
88001
81548
47175
87383
43533
97956
55232
72312
94706
69406
29059
98818
54914
74061
25572
72515
84437
12251
91390
50353
18758
26538
45601
18951
88994
51166
23428
29859
79955
85314
32724
17295
13907
19754
33580
13138
52338
29739
90174
3537
55078
94321
65038
54848
56544
5352
18047
74649
94102
14535
12450
59711
64567
88282
5511
3857
74693
69468
30489
58437
55350
61569
79947
279
12125
35643
25551
62388
66748
85580
86147
34746
74950
7803
25423
71240
59341
46754
95291
15049
94841
96364
72036
40434
67211
27448
32830
94071
65410
1086
16482
38603
90716
78348
47155
83582
44975
44863
72114
59146
57984
44669
44348
12610
43019
27737
53410
4135
34327
13877
79806
54823
71500
53245
77591
64635
43038
63996
95007
21657
24144
69237
21250
54457
93126
32972
55511
19319
67008
81302
88282
12093
2842
2799
82011
74383
39362
89272
86415
31928
2857
99478
68801
54279
83297
54589
69917
89327
52529
16371
26854
93640
75059
63473
19638
99087
60692
2168
22572
67761
88241
64435
96778
37622
1036
69803
33277
98723
56402
13211
91996
3148
95188
50514
21517
78687
93406
32524
28240
67093
11271
42963
56370
42350
43808
97366
69466
71155
49915
50262
91608
38206
15392
30799
38713
32498
76609
95843
94383
52623
54776
38458
9081
56338
91311
36621
14217
75909
76832
27314
87142
53214
49279
52109
9156
48458
6788
8499
8031
11158
10085
92610
7282
6890
57008
26922
51195
39788
7052
99145
15687
8948
57400
55323
79931
36560
80626
2782
65702
50168
50292
75723
47730
9620
88021
89684
84922
91783
42990
30975
71139
41474
77726
38233
71410
75618
63920
26486
53955
61947
38438
3474
84147
80070
53633
95524
19124
57465
65418
24785
37256
28399
12591
86211
5315
11905
75497
15769
7261
16431
52361
72059
95464
33932
86111
29024
87164
86215
86503
85494
53273
99473
61266
87999
87159
7967
26127
67899
61292
84622
53927
39722
12621
23146
5687
34808
56094
90719
57325
93125
7310
53015
11232
69345
63208
9699
48564
91266
4969
23444
76367
44905
43741
35073
5283
20853
73483
34975
83577
17413
89912
89702
2443
95690
92840
77992
86625
97721
59109
46614
18344
26574
12301
5291
33289
21465
84709
38380
96147
72549
83499
75483
47589
35608
78053
59426
87602
8897
21871
4229
54379
63980
30774
62627
95907
55416
50839
96492
55962
67984
22531
72585
47012
71930
54362
28958
98698
59190
52692
65219
50632
37606
36154
34484
7517
64741
56606
36411
52123
84602
61532
52268
28656
71604
65216
49004
11156
69046
67090
2251
85445
15100
63420
9560
7097
38252
20744
98051
44148
44372
25621
64179
35139
99583
34126
71640
32154
80781
94892
28963
94081
76997
25441
52308
34547
98017
50739
8048
79300
84568
9925
17987
17601
22182
74437
5475
67624
7014
33109
69749
19557
74389
60446
24362
69558
36372
92093
67750
18459
18365
64927
73706
21205
76643
14795
34820
72773
27851
99298
66006
62484
32503
31411
65647
28815
36738
50019
33134
51425
89459
21619
45315
99475
32169
67362
86619
84361
53546
80606
56057
34431
9193
27470
23449
69404
23067
50292
93549
84292
54833
13079
81137
80827
8298
16983
79528
54714
16925
83811
53786
42679
70475
92638
81703
32296
97160
21536
17254
17151
2328
80702
72786
33825
2147
61353
63455
67840
50342
83281
62779
83075
86757
1994
71837
2878
23707
10380
45400
87001
86892
67017
50619
6499
7353
50234
33982
65849
98356
29366
68660
88019
1942
77591
24421
18312
7093
53166
48134
4458
80359
66565
36228
15160
72699
57684
61565
3587
39877
86665
77579
6316
36552
53940
20347
76776
68951
86092
53133
53353
41332
95569
58949
85757
77435
30994
29299
83110
21320
26743
91294
53424
23907
41492
92076
99256
8313
94809
81154
59486
64204
53342
99412
67819
88172
29300
89756
93314
50773
58512
39397
50855
45136
60001
576
22151
39437
71078
74159
24044
20065
32993
56257
84507
25466
14003
90387
50023
96012
45747
7720
16937
83769
79943
49302
46391
1575
58155
37128
98391
10014
38076
94863
54899
72776
14603
949
26818
45882
34028
87338
88517
73469
47205
46752
5979
5767
44734
62446
52096
68846
27835
79518
67382
67466
559
83022
5391
62079
9649
94074
96317
27803
50679
28348
70480
48291
93432
61000
64563
47717
64833
8887
86449
71380
76810
89612
36470
68326
27837
54415
3413
30550
96384
76893
9464
87841
95766
5643
33251
38632
32073
9401
19370
21357
46655
44463
68809
91949
6017
5860
87948
17348
2772
71730
15824
87272
6954
55761
66689
27099
38390
28004
22070
93438
94706
83964
52158
87006
72157
66161
75986
25340
6251
56308
91182
91723
78336
26033
1770
6975
22702
9936
59326
30450
67297
36700
55188
70130
25279
66691
27980
34355
67017
43535
23949
41258
99877
68662
23176
90130
86689
34761
4048
18415
25770
32782
90532
39752
47305
55439
86509
30328
22140
53848
35685
21752
38222
64823
8083
88660
36415
57553
56683
69
81275
11448
89987
86550
82955
38528
55119
96281
64240
33457
8206
39982
24167
29440
86689
54196
64853
12140
36289
78044
97128
13992
58100
5196
18822
54472
5492
85523
91259
60585
66592
46472
12868
84420
25478
14984
73014
77089
28087
74109
21062
82670
38754
81252
40661
66239
61812
74352
43389
15161
39218
27750
12546
92800
94629
81535
69232
67609
59026
28772
13045
26729
70110
17971
30481
86063
63327
34311
41405
35737
20698
63427
44440
79679
86887
39583
46823
31562
60255
38031
75858
32890
96337
10400
82162
78716
44472
39734
22601
26523
10229
38244
87330
72549
8717
58894
53185
33985
77328
77290
32468
88814
66788
44412
88152
4229
67130
22059
67222
37232
15227
41785
1932
31222
5229
25507
56658
79992
30173
95713
3129
95202
5882
23459
59295
49771
76627
9763
66231
36844
29635
72571
36485
26527
97699
33485
57751
80987
36109
63438
88503
4055
26798
81768
53692
63705
84380
73740
56389
51667
27598
76223
45670
15189
66124
34767
28908
71376
79632
46544
78702
35923
15530
2725
52233
81934
48067
76799
64857
75593
68798
81779
5511
31192
65667
86834
13428
8636
82149
57036
53571
70717
75944
62313
96585
36136
52576
6731
82991
79584
33993
79883
22255
22305
29086
34083
29998
17175
72427
49725
95503
51940
97569
64740
68240
94526
5587
24455
62621
31140
54215
74687
34201
48638
89007
27324
47805
50511
20112
97887
32339
72703
42367
8643
97286
2456
24780
84208
94972
28865
13892
84374
14214
58211
62997
56670
36270
73776
41567
89663
85285
27277
37975
8528
99324
20555
46373
37151
4948
50778
45948
90418
82242
77090
82662
82251
34067
45490
81942
72287
15321
10560
74243
13362
93491
94240
92898
58737
6887
71456
78085
47455
76864
94506
22958
61359
90083
62666
95173
85355
58033
8184
30459
44099
75698
41643
75379
28590
95241
67651
12043
72123
23990
27263
8039
58974
51102
2356
42220
65322
89886
16883
33785
99200
46729
75932
55811
76279
89746
72616
81337
83935
98718
63360
3338
45461
81398
27321
71705
83818
47915
37756
87152
11568
10329
86489
95630
72855
38312
34843
50729
98909
80873
82596
71083
69251
79747
60303
2750
58997
43836
77138
44406
94769
23990
58613
42683
2468
70101
41112
18759
75177
70295
50404
79318
70662
39597
45337
22329
60264
5682
29130
51255
70936
12168
30240
30357
63860
26341
62537
24429
32380
9660
98007
35741
76001
84736
17818
36470
5681
78983
82007
97475
76892
35951
97968
62170
98718
1736
21218
61886
73929
72219
31455
16851
22409
51206
68124
52964
17189
35398
76219
70140
21198
69179
5807
39298
97998
45572
14084
7319
41292
9245
78860
48084
32642
23627
90550
457
8045
23822
73384
53844
23496
90704
81875
66833
50328
66188
80041
4518
30295
89070
50901
55126
82562
30351
65743
78863
12288
56308
56135
7959
53964
83915
55121
88303
29224
50674
96454
73644
97425
86257
53959
8258
29404
11654
4136
22595
99987
31703
89948
22668
66659
29711
83618
39932
73898
49680
29237
48313
79639
55
98915
8309
64289
14930
24242
33423
45594
63769
3625
23561
56886
93972
5398
47388
24185
2959
69137
44548
87131
82690
34507
23205
6868
48755
90650
67207
16253
11275
64367
76752
19460
32037
46454
31536
49682
31553
22720
66647
4233
67070
88400
86592
11261
60388
31972
97740
51481
48423
6472
2699
47956
32759
35230
85047
92675
32969
75145
27073
37365
91596
55180
28143
82849
72919
44264
2024
59658
82848
12601
90415
43118
25150
27745
7736
6334
86424
69516
80928
65848
79616
1671
89351
19869
26711
17623
53258
82820
78781
24750
53820
37707
89381
61112
95623
78745
32284
43745
81763
25673
87943
8264
10936
61094
7034
42181
17699
24166
4818
58492
93062
19310
69807
37527
12055
79792
89973
43316
1831
68490
94194
21711
68909
72774
21207
38387
99866
92948
6481
16729
82051
73399
14028
90269
25589
26406
36438
16372
76653
11659
24916
90684
60811
53497
48668
42390
16630
43577
74599
96716
2398
88468
88941
77702
23542
58659
78162
53690
15275
95751
5543
48350
35051
76747
85302
4612
53158
14041
35257
26083
36447
30775
85510
86083
96991
859
58758
33154
72526
34443
35892
19575
24294
36334
84356
36940
3797
92100
59808
92213
7631
89041
25859
61647
86457
78069
79547
93387
76075
63884
16323
58395
68207
84345
75618
5952
58485
486
15581
60390
15365
84929
74107
95934
65356
18900
94455
28808
57257
58999
85031
52457
98078
20138
97312
54220
38093
90064
98954
9198
78305
85029
90618
58453
85353
88293
50085
13015
99318
70221
65667
97736
83557
65327
81087
66528
69184
83874
99509
96225
22679
20473
15423
90998
38474
15869
27554
54199
39661
20585
45668
39356
95970
62478
1170
59549
44739
81403
53365
40309
62878
66393
87332
15809
17095
9644
36273
75411
67823
67328
77102
1477
4536
11903
40523
92439
43569
41789
66429
73400
53049
12106
84395
69790
75440
12783
88906
75572
79732
50021
34505
1324
95746
73899
78798
45703
45382
8893
50323
21759
25364
99559
84793
39547
24994
81478
2945
56751
25102
68805
84344
10890
28504
9509
36759
2308
10319
1834
29178
53220
62593
30209
10793
59915
21634
54509
65788
45382
49541
64303
62222
82034
65428
12612
34039
78243
22109
77794
53046
38407
34196
59865
40393
2902
11351
65395
3955
75013
96916
45783
54894
36947
65907
24716
30954
47246
43254
66737
82985
56749
68086
63189
60881
17059
35745
55179
68476
10598
71190
10440
64079
78903
4378
56168
52269
89997
88092
76816
51171
57594
7981
42284
4906
72225
72803
80739
86675
8988
62673
20157
8558
49705
98913
41293
67720
33083
88368
4741
48951
48721
40899
43437
3791
34876
90534
80973
49528
61621
38557
38812
55963
84742
71693
44754
21093
32992
90343
54521
19894
61490
34252
87277
41437
93891
69687
15048
22871
86833
68927
77725
10574
6202
44133
61098
59696
55088
68297
61396
28661
42340
72133
51118
80790
91538
91743
24877
91451
14808
58676
64161
55638
42291
74507
81649
64213
27049
38709
96841
94108
92924
75468
78775
20152
77189
17726
88000
57122
29663
94419
69336
49691
2139
4668
93914
31030
60956
56406
63451
76574
85150
49163
47895
4764
61155
60512
72620
88946
73279
53650
14922
37359
38047
82232
71880
60630
85112
79258
8875
45633
19036
76855
72041
19265
78005
50186
23783
26208
83059
62179
44037
20986
64731
12777
32647
75072
64650
95521
83548
965
31630
20648
5855
2755
52290
12336
49176
81128
10676
63947
26239
38578
7473
71450
30098
63625
98069
84964
67603
254
7234
88161
84792
99998
41939
67568
67586
50101
51814
79795
99440
94635
78299
61323
20691
95871
6329
65779
98529
91561
67682
8993
33153
12096
95277
1415
28813
44574
74572
61819
35260
44629
80143
91400
1136
25109
54638
70352
25857
4602
2208
59540
36419
43850
26973
89508
40822
16925
22638
32769
83161
6546
20806
8664
91021
64547
61739
82341
10678
21534
41852
68692
310
16915
7713
73933
10484
6112
98741
55825
78882
19118
55119
5548
50571
88162
98162
60544
89189
95826
81311
5675
3863
85373
1221
66620
63755
97941
67774
11155
56365
7778
84487
22725
18087
51990
64415
79751
55709
13757
11916
76326
94432
92316
61563
34929
43456
21921
67127
13676
42859
30562
2830
16143
16442
79437
12319
869
12144
88894
34096
26217
74816
12117
22156
78446
53296
29210
82654
95179
37658
59848
48177
43943
39585
34508
95598
50251
84136
15304
17118
54393
35885
57933
55983
74288
19680
86379
57404
54253
39527
35633
17064
67189
77519
8707
73240
97039
90583
40584
62393
61503
49554
41194
87755
25335
49079
19943
74578
66346
63286
12994
4346
83477
37185
30847
37992
97181
46894
42836
96431
85922
34950
49757
39082
22779
47502
94489
84662
72715
73329
23289
17981
86304
2498
856
18744
24944
65351
21746
12718
25690
21999
2583
51385
53531
34904
91494
2813
94106
72832
88584
99053
83393
73001
3439
73351
53600
23851
96366
40604
60722
99711
54040
25091
28910
78326
24215
51045
81198
69453
63687
84476
51682
32728
46371
39627
3466
53753
57569
12511
26387
31239
43786
70690
37554
2767
28771
89101
55913
10426
51029
98511
64834
75517
16438
19401
76070
33114
16663
67077
93885
9095
63857
89106
76318
68170
27152
30535
15051
57199
92011
14852
64232
66131
79484
66406
37569
21097
32099
27843
35955
62520
36589
52146
76465
95931
76863
47376
8249
68452
74141
29981
41052
40728
43608
91254
26701
1475
13581
95875
87796
2942
48944
61899
66916
28791
21115
5530
57038
62028
43510
79587
80997
76016
54051
51994
26410
41591
39420
18054
84621
55357
47422
54774
75878
16591
70423
90085
72098
88446
62008
72648
97424
69335
63700
51930
69687
38733
30482
41133
31301
26229
2300
69877
9059
77470
38760
5858
49578
13504
95330
85226
59315
98000
31927
77249
41352
54702
21314
5858
38829
71173
42517
95372
12393
69843
25772
61163
51013
72624
30308
45191
52316
29361
48653
59286
93157
20967
43335
13980
64006
28299
7070
79152
50287
81747
55144
72777
12293
7194
66006
56297
47737
49488
46943
43646
97010
58843
99517
51935
14816
46191
82569
50071
50036
58984
66801
51651
54480
82048
15781
24906
40274
75347
64809
90160
86474
63497
63661
78584
45414
97716
21085
33105
30755
55085
97261
18949
38567
4205
64660
76926
17504
78173
67106
85552
77478
47491
90649
38917
20316
51266
61918
3531
74846
51446
38678
10445
89050
25670
9058
30122
90260
25711
50004
39849
30055
45221
88138
33638
66589
44091
71031
32179
81063
91694
57514
18721
44985
27231
90648
1848
56197
40367
90285
36596
15373
39870
92215
42016
86094
50957
67195
10042
47858
41857
5939
18255
19398
21311
67834
68792
37900
20040
5577
3956
89989
19936
40256
6167
73209
12025
58882
89750
21020
3958
39774
81031
50759
22363
72178
28636
3527
19044
90778
45710
81087
99610
85215
55346
62025
50438
11336
18354
1862
83791
37105
82611
60858
99541
58342
76302
15420
55898
4783
53626
76245
81241
45283
35519
61367
94615
17373
37363
68959
52722
6150
23902
70682
20650
42766
52558
77814
58041
44184
26828
31676
5351
61257
98782
40343
59675
23541
56968
34936
72386
15221
30272
21325
96125
55287
45303
84910
6332
88524
78773
80659
38443
86285
14007
39836
14273
79701
44194
32294
20043
81268
81895
47899
78084
92229
3041
33344
71742
42824
82336
87229
53945
48135
32007
71887
20532
98874
92353
70759
38680
647
38616
30086
31881
39676
25403
12428
9041
80820
86234
71652
12588
90303
23711
18717
80385
61417
78114
9716
46835
28249
76264
59016
68004
94893
13852
60083
20996
80338
66443
9922
10492
45310
14557
56482
81964
60453
45498
11255
88426
26176
4959
8720
80706
31774
6886
26899
19754
12138
56509
72819
13300
79519
70034
89520
59317
5244
87867
74989
78757
54565
73260
54863
91935
16596
41786
45682
8609
38657
81964
74112
15446
40137
67307
33389
63963
30570
15222
65090
90983
13913
26834
92580
64647
3129
89240
81299
64948
25760
69301
33445
52102
92603
38673
10964
50337
97501
92450
25720
20674
26623
76810
77800
62842
10940
13215
69029
36848
12448
15184
5233
92877
29186
64081
74410
2698
93723
45550
70108
6576
24235
30828
86956
69450
66458
76266
836
14584
94202
29136
44479
13718
20992
65506
20711
15660
32621
94894
6651
6127
76664
40552
85402
86986
56593
28767
32398
77508
37285
52172
30927
34368
36899
41661
37055
78441
77116
87872
65670
88238
22219
10712
56793
6465
36237
79191
49302
82424
12930
93773
6582
64666
65941
59567
6846
52408
5640
32263
79955
36685
78155
83272
38234
88154
89810
28248
6236
39761
13574
5727
57025
56781
77641
93990
8904
65531
49394
30120
35377
790
94000
4810
52468
16781
66092
99568
90683
84219
40773
93306
95384
50842
42778
75736
95341
57917
68266
56960
48900
37056
5035
22716
62743
39341
54205
89929
44968
58675
75753
98410
40040
54643
39827
71827
19430
9301
25850
85198
47264
36215
36315
53053
12885
73099
85649
84193
94119
20253
98359
64194
18594
97420
89563
49987
72605
38260
72130
64139
50216
19043
11202
79634
88177
93937
99944
38875
29893
42958
37179
34519
97975
65769
95631
32546
76755
37210
90361
21109
34399
89592
34439
27022
87849
15834
92684
46995
81310
26706
94202
78622
57213
49265
34424
86018
87623
4005
42495
47241
4208
46731
30965
7355
75902
43895
48860
3986
19846
90548
78730
75499
83119
12988
53937
72495
52792
44696
28515
22101
23030
7909
89912
64789
52148
68970
10844
437
28155
58783
12102
52560
81900
76057
29253
47222
52966
38470
40996
99513
23116
54220
7864
45030
53284
75351
30026
62145
61811
63313
76420
81379
26644
22641
60861
68658
90709
10492
74081
93525
93408
33347
34610
89464
19643
43936
89372
64092
19439
45261
89529
22045
69891
72295
17441
90395
29911
80590
91481
56787
61851
66366
30272
1814
23534
35733
40972
63575
18795
89301
82879
8464
15769
35106
9714
4659
47859
59406
62221
9326
10866
57498
64570
59517
67706
76514
16207
89387
39155
86087
3883
74466
83083
87645
63523
65023
26424
4906
43367
96211
68095
25005
76013
51622
9052
9214
25070
84102
80417
39489
89594
49889
82006
26552
40306
93873
88383
88644
86363
62965
40511
81739
8453
91077
35871
62104
31840
94238
99164
7244
31538
39364
64873
65495
56734
54564
21249
69362
21302
91522
78517
5179
46598
66539
51574
7519
18297
94182
19596
52848
4605
52608
95696
44471
83230
82792
69683
86996
35268
61914
97606
80616
80444
84616
77886
61768
74685
12792
26911
3944
44737
25386
77005
74874
87761
22196
15272
19054
88312
12710
82784
40808
52186
72148
85183
73508
84076
756
51666
27262
65570
52242
11020
42586
74277
12727
35084
87836
87032
39863
66931
1200
44427
54567
32802
35590
33024
57420
2520
80740
45107
15301
73231
72852
82615
35339
10845
14047
98171
36229
50069
27072
56029
38138
72018
80781
7785
75494
30794
46240
30233
40443
72607
71619
56421
4430
90785
48156
34610
36358
4335
312
16409
1234
12635
38291
84281
72293
14233
35854
96835
92098
4374
69032
62346
70480
37532
37844
43391
69345
90754
23770
53871
65337
21179
75946
57517
89651
97884
21304
41857
74983
28112
4886
85264
16890
12600
29315
44699
48736
73691
25416
15980
9456
48280
87719
80903
11739
75869
40414
44942
98662
88173
83609
60722
86693
41918
6328
33361
93075
23802
65180
17016
91877
54150
39588
30000
61516
84961
40067
10885
56810
88936
52554
24576
71396
85736
26263
81085
41341
52185
53023
34878
11959
1283
2434
78660
25598
93891
35009
55229
31842
2013
90708
60989
9005
21888
27214
27143
30888
79952
69989
74790
13158
57013
46967
40983
56737
81547
45523
9886
20515
83486
43544
89992
72775
12777
65841
53908
30751
85139
17588
20027
37673
49622
79128
66013
80518
96968
10954
8622
11936
9825
18780
79787
41769
37465
16062
45975
60080
61521
19527
59610
98203
18117
32779
94823
82839
4232
94063
95195
96968
85400
76177
29618
59251
85771
16849
45998
12297
98877
47128
77579
91279
71184
93894
10328
11607
83573
2092
27375
52586
16798
69360
78411
85089
30813
52232
23723
72088
80975
26379
15597
17980
6281
35447
49844
41102
72704
7679
19986
59214
78764
18428
37924
31982
1108
99933
28381
79466
97151
93034
58529
25035
34115
1486
93419
90338
89575
39149
97167
93158
71277
22114
9505
12206
37108
21480
18987
11918
25239
94818
33865
28738
59940
99331
31936
93112
19336
81288
10298
93057
39116
11629
16262
43998
5365
29272
64976
72255
61524
64077
78160
61588
91351
99554
64372
95311
139
53741
17126
57221
46570
58857
15
84408
48234
11933
78723
71980
85204
82150
7912
35669
95924
64691
93718
81827
79632
34097
76251
8824
97585
61925
53742
10785
61789
63863
63927
56507
27882
76491
6727
19924
54445
89609
65996
33208
90296
43244
88666
16939
28719
88226
31724
76814
86578
81059
64334
10372
14716
64041
78416
85019
43134
56935
75258
24113
45513
8103
92806
1391
38185
72564
62306
96687
77971
29868
63506
50436
49045
69149
29549
45204
29022
70991
88353
22926
42286
40602
92836
15416
42927
47619
36828
5923
68705
65237
84149
71930
87495
87922
70277
38622
40110
66123
20520
90869
43212
50221
1583
82900
99737
17587
39299
93110
51830
83682
20829
23267
22825
16483
10190
30571
5139
57166
58731
25537
30565
37424
18233
62501
29806
64743
45145
75543
93411
61926
1362
31182
242
31141
79610
58814
69614
82511
96861
8042
92994
57011
97375
64647
29397
74354
10787
35904
67636
96619
70076
21557
55156
8296
21945
63145
98752
88682
46796
25240
95567
72243
83376
35899
4797
2934
25994
10864
18183
10336
91008
63438
94557
16243
32747
38498
50736
71229
95026
85259
55654
7143
89672
64563
93778
66191
73893
33863
68964
35111
43932
2964
92701
41800
35625
30116
45960
57855
98848
17132
11670
52553
39533
65024
51909
17706
67086
92405
58981
5800
65579
54011
91858
64528
74683
95418
92590
8795
66395
66942
15480
13860
32586
27631
62661
81050
56645
66758
83912
66653
54243
95395
53495
26639
53532
88183
33335
228
43607
12652
79132
28838
73818
84173
97146
7004
42327
35879
51775
14423
56445
51065
6891
34090
63127
23386
14589
8220
26254
87335
65827
46366
99171
87235
46450
79713
32702
83520
48050
47960
72603
1957
10292
17363
22580
38915
74138
59035
5111
36812
6337
93164
53983
62848
67604
85229
67717
83279
99696
86849
53324
55371
99772
65367
82179
67762
87054
34485
58326
19413
32677
96402
37703
40212
13619
87840
4100
83626
12091
68189
52452
60156
81135
81848
57099
27880
75432
21583
81837
16350
8360
82670
99515
76522
99776
71514
20695
92955
11407
69317
55663
89661
87091
5031
50380
85059
86826
18642
28309
12322
42233
5119
90018
28179
81224
88595
2780
34496
63107
37530
35473
45298
32191
6507
61374
94418
3672
98295
14191
77493
28755
48937
14044
23891
36034
25373
40190
72030
44689
29464
73930
32483
85121
11163
97322
53226
79796
5231
36533
33689
94151
52580
68555
3703
8067
78588
59901
7424
42831
85758
8898
70721
59972
71570
96718
70823
81812
17570
73503
19057
61508
87866
91961
45454
56743
51403
15751
96535
89129
54631
11689
42722
9894
14074
61861
35178
2141
92863
96823
6376
32918
8161
69581
88488
78838
1916
85568
26584
26033
14354
65064
70253
43203
59705
65716
18108
5766
31276
36856
29513
70224
48676
63094
30764
29900
64754
33015
63073
22667
26119
94749
91435
61372
84844
90298
23852
4592
87039
52616
80698
49571
70096
74385
65243
69752
95502
91630
48955
26944
52074
33960
72724
66581
89475
46018
88882
1942
4599
64119
91091
4641
19643
81938
39188
59835
98585
92686
41819
84802
60088
29410
83669
33620
14479
680
28581
32630
27782
95486
6820
42459
54326
2959
94152
14513
4487
1476
55688
34403
42365
31982
78082
61536
46769
71873
94599
19278
7162
63140
77653
61097
33041
28400
37904
88684
13692
49401
70427
54372
43963
62934
94186
93961
50729
7602
80625
32273
91969
57759
78190
71826
46640
84261
93123
56947
21583
32768
9831
53714
64333
95279
2672
31294
99588
73506
41388
31574
78930
74856
54822
19574
89463
4530
63728
17958
94225
1108
56247
94181
45433
8823
35306
568
41456
74430
99770
34707
79723
63847
15767
51046
74187
55414
29490
57489
8891
50230
25968
6606
74766
76897
99096
75693
78782
59162
82287
94101
82128
70432
42548
42549
75238
30751
24439
74682
33765
71194
51951
29269
68649
84353
6698
94558
52325
12832
97671
12904
72605
92618
71402
68534
37195
89836
42886
71051
65258
76336
34642
89392
71328
45499
54307
22412
61857
63023
74306
42120
96629
90860
89974
45876
29495
51409
367
83401
32319
28013
10325
16208
53348
63923
59053
96238
90057
29914
25650
12112
30775
31047
67030
67502
89581
65708
7325
2559
94725
40245
7098
11332
74743
36673
16358
66141
24525
39493
22642
40301
80608
66197
60210
94693
76338
57591
85188
30557
53744
44404
94405
55896
97070
39691
56176
45436
79741
38394
70520
30818
90972
17901
38389
80819
38504
18974
72248
27013
74969
30828
8650
55275
5543
66278
30739
24799
63964
80594
93772
82788
25952
84133
97974
56187
60491
72208
83533
53328
44949
10270
3712
37968
57774
855
6740
76765
72572
74550
4946
59866
17291
27657
21613
4008
33494
6851
24863
89632
95002
11096
21711
33704
39449
6408
32908
44603
71831
81307
38102
95411
42240
90326
59380
3393
83014
21086
43910
67079
17473
3500
46935
23936
4107
43843
51313
16563
79747
31263
4937
50046
52969
58204
11647
18127
20180
41043
154
43908
49971
54524
51121
5347
59452
97557
32951
43792
11656
71276
55497
19029
92832
57541
92388
20766
91295
11152
55068
29000
11506
79124
20992
53351
26748
88641
76001
63786
35495
10260
56176
15249
75616
68801
29786
52961
37794
86981
10239
17286
66320
46701
50339
87753
40280
74717
32371
18787
9935
14006
45028
99232
80708
89434
81851
64305
42564
36905
66367
83081
13248
5059
63750
36603
88064
51341
11811
67197
94400
12701
86589
66018
52047
79097
94819
17768
40238
1050
78785
38851
61043
64792
14607
23946
75408
72808
97751
78217
52090
5977
9562
67185
39039
20826
1958
7682
8510
35835
92133
81080
68168
44149
6082
42202
60137
18734
68708
92721
73020
38380
17981
62130
19252
19648
22771
74858
58098
59195
81306
23292
59334
83602
56019
8117
63998
28745
57811
61522
50978
46731
90610
57276
56541
65597
97483
46514
54003
91418
72176
32387
40368
6058
33905
23483
87323
56613
72150
40956
56778
29383
2431
13381
1899
28981
32721
25002
24978
40675
95447
20868
24083
54978
40556
4214
54119
61563
42002
46311
50085
35530
30631
2308
87535
20459
42427
48807
98380
19997
60009
43023
19848
56971
36931
19743
45137
68890
19730
76040
32901
54962
34953
44755
13391
41887
93442
62026
96516
85148
16390
18393
57291
6660
72728
55123
33750
59778
72026
24983
47668
69125
20587
51884
7284
77419
73700
16218
51918
60944
74654
85072
62173
60236
84268
42163
20133
22144
61486
41312
51334
54339
70813
95246
13322
77057
47764
95440
55068
61837
68312
17361
45687
88528
31081
97103
68694
34584
33137
22106
99274
61466
33404
62249
71393
58248
36563
29758
24054
19579
58858
48248
25617
26865
20694
35676
39839
94497
45355
31182
8202
80174
27576
93970
51231
7815
45112
47382
35510
86554
37912
28290
37291
67505
90919
25380
96104
90403
37707
76473
67841
25356
13057
89387
86789
65278
75318
81516
40199
20786
39712
39957
65163
83949
22906
56281
27556
49772
92823
61535
54883
42830
66338
3344
15398
23948
55954
17389
50996
33289
66236
93946
81766
65773
22160
17745
49675
13459
21104
74570
86846
73718
20062
88161
85874
84162
78841
4501
46226
18413
62912
77695
77367
70267
18770
23460
1035
93691
83090
82664
96001
19866
3801
4093
6909
2885
52287
38394
35706
40605
49452
70099
98037
65010
26242
3009
69923
46008
11551
92908
14474
98780
40164
78485
38437
28638
78686
9337
10545
73348
61140
38398
70771
81395
64376
98689
71424
11822
49794
93192
9873
35902
48363
57873
21943
33028
76915
79599
47825
20978
73844
60638
3701
92453
32563
56114
17059
462
79375
72939
63864
32748
59145
97573
77492
36883
73044
89492
73983
52321
1163
75286
93302
81130
38083
51597
24099
22362
20137
20989
67223
83762
31406
60200
98980
36241
5977
76708
78080
64063
87437
88330
45886
27805
43056
56365
15903
89029
54465
46340
85339
55717
20588
9101
27526
19110
88388
61785
59918
2178
62912
50334
51507
41091
19745
28576
62982
10942
31927
61647
96025
12401
29106
24882
24051
22499
75615
21833
91657
3175
16329
47107
9592
81198
36644
85488
88801
56562
28796
30958
61582
77955
76308
29584
36278
89436
58710
85991
54345
36178
76175
67338
44968
89005
94628
26325
5532
98415
71474
49664
60284
94116
82091
64191
95105
37275
4109
81202
55674
29676
57392
50623
35909
13914
94339
14804
30692
728
81181
34197
39387
56482
14556
82093
50307
79873
70206
64465
15536
28435
77141
54736
11743
92885
97774
53382
75920
81761
45131
10863
59002
99494
16245
39413
22378
32796
29015
61271
69247
43260
77044
72682
79917
59997
58085
70849
77620
14747
61827
27554
64765
745
21944
566
19027
59178
44363
55374
24613
29249
51188
91381
76927
69010
91220
46014
41127
81778
88012
86432
17853
53553
39899
9866
80498
54841
56218
27515
17507
83179
3537
82332
38159
33201
5134
84475
28481
77351
27529
96148
91585
55983
52933
88909
33813
95382
76677
2730
3664
37172
74917
97598
90161
62329
59713
29671
80050
60846
26912
86074
78759
80002
34999
23205
77230
43858
7022
93044
41033
33731
8759
69380
19810
61757
65572
42736
32611
50056
58684
40161
87638
89380
19692
72455
13002
96680
3002
78416
23360
7876
34417
26232
10804
25567
47008
98686
23545
79293
63696
48971
21431
46799
72561
42418
35799
46340
46527
23512
9467
55422
54884
8891
22167
18709
80635
86603
87726
8480
10017
56611
24444
13783
36221
83512
93967
29640
69431
69234
27602
54283
73096
91863
23531
74778
68720
48203
50850
39558
88697
52774
21724
17171
48967
7984
90717
99698
69698
5169
97692
21324
30160
16693
63798
64044
53636
69761
32798
52743
58696
46884
25344
10869
44427
81943
92890
30550
24564
19184
92349
71938
32884
17985
44135
55621
71642
439
15252
83496
98689
24214
44283
88533
79198
55645
85886
52231
96105
71576
87427
97922
51201
60575
24370
27316
83253
48214
56931
7697
86306
8225
728
61425
20919
42404
5174
84133
61696
15431
73193
15720
34808
78942
41015
31600
21855
58725
10924
28299
43856
93495
67664
24543
3672
97141
24508
51944
84082
10273
52678
19160
87329
36121
23770
90316
89315
93305
92553
51098
57041
9350
99860
56657
24696
34824
30712
92977
59808
9815
92824
49274
88561
49721
10748
12914
37494
87523
72962
89229
96838
72382
71896
81002
77218
97639
75283
49600
21533
5835
67806
71758
83888
35018
75200
10016
41904
67064
63452
33328
71822
98426
86347
18590
68334
63129
36332
69430
4546
92091
59970
1010
3086
93416
37698
86029
13698
19063
22501
97115
19695
66843
76324
40465
62380
44098
47102
40607
65401
86955
80779
46049
24207
15119
62736
39179
53295
56066
53834
7207
73567
33175
92815
52919
85360
38846
85183
97824
97608
90080
26371
8893
36497
18507
5999
97548
24846
75440
61695
52507
1722
19035
20909
41149
42815
11078
57556
61658
75825
77948
67206
16985
35189
26840
61320
38771
53748
38697
6994
22395
48296
32531
80406
6998
5786
20035
24466
37805
3774
54770
29758
50544
83993
53086
86911
89547
78830
62094
10004
43841
59983
40187
20029
33596
94824
56966
57319
63995
57981
64561
34002
72133
20130
29481
99074
76041
5078
27719
68438
39927
83319
25134
75058
55563
11202
68674
69724
87316
50903
96234
4427
39768
94955
16439
96108
63374
44602
94040
60398
70825
25652
56856
37824
56309
16933
3856
89619
29799
46831
5008
45722
66936
17387
79239
858
45124
82312
61541
57575
20505
66701
37227
18815
15585
26290
82828
41449
9378
92328
16609
58856
4453
93931
23397
15356
13618
17344
77138
66231
90441
90096
41380
51540
51026
6112
49641
64469
19205
59135
10163
5168
94220
26758
75998
55589
91836
77128
20412
62373
15915
86581
30710
57605
50123
37971
52299
9646
61455
29463
49440
23077
58698
90051
8088
82645
15339
73246
82598
54347
82058
84112
78578
95461
13161
26080
40554
14884
20531
82687
50074
86430
99594
30245
53055
96383
78094
39775
81678
2936
40842
22903
9487
44114
63567
26238
43979
67077
97000
96621
23877
93948
15048
81540
1449
53732
71021
9365
58873
8356
45918
38369
8079
3251
65636
3616
51271
93327
72691
98572
96491
56796
81933
10318
45762
31422
89400
81256
24365
16131
48816
8395
97066
25630
54005
23261
24253
31487
67956
24453
68667
33853
59557
25166
75476
47844
83052
78032
75176
26493
50286
17228
95715
9702
9090
71893
54315
38147
47147
56691
43188
61173
5267
67055
17271
60864
2966
74585
33782
99433
62979
66355
42330
77773
1077
14231
96839
67512
85936
73059
90564
10687
8068
50171
17280
68545
55941
46985
42528
36595
94538
63658
6292
20095
96988
7810
76690
73793
6766
50324
37463
32486
26762
41670
49934
51501
1130
49314
46785
26929
39557
64043
66309
8536
31158
72679
49811
9228
46037
20380
83626
70815
8067
45328
66967
82594
81846
39913
33588
30070
77862
11619
9865
68948
49435
61896
78568
16467
66084
37907
76631
38796
25457
60726
38636
27183
45162
18452
66713
94619
51019
24432
98030
48601
55821
48597
77124
8996
74840
21747
54264
13808
28670
8131
50437
14422
94056
2170
55144
71431
9393
22120
97478
28173
71728
58620
27119
72578
35339
93469
83361
59091
3474
83220
15524
37844
83824
73032
65584
72591
92777
57043
43591
56406
25252
62429
71068
52903
4325
755
38970
26925
70105
20821
24920
3346
7771
56015
72936
80638
41952
23989
45127
50491
3065
17108
30492
87500
23884
33003
96221
85125
45401
64502
69489
95373
31146
10237
19081
16859
25167
9997
99771
91336
30644
88121
86786
91408
35545
84330
13222
25208
41991
50937
48436
82365
70770
18562
22769
31752
81201
59575
6483
37679
72936
41647
1395
39562
32178
11846
30696
59976
66587
88961
46403
9590
30264
52408
21475
604
34684
36288
49873
29854
74085
22490
98421
11359
26862
6898
21745
40502
23384
12135
87344
29209
87848
35484
18420
29134
26118
30241
66985
27288
34907
14109
13858
74180
33191
97093
54153
43813
87057
47575
34015
96272
86783
28865
95602
22593
66402
73030
66259
98815
81843
52519
5103
28337
2530
1907
69493
13268
1641
66314
83192
9248
18069
50028
52420
58639
57528
54074
80758
44211
29582
65815
9185
16144
6700
51408
99093
2067
94419
76024
59349
35719
31870
15247
86695
12866
23414
80221
21113
84481
68089
75885
26891
8090
38246
35676
15539
22542
37306
45599
68151
54386
93637
41585
20306
42032
11053
59256
89221
22178
44870
58848
49954
72801
53849
80726
7606
82329
67887
9045
26133
33954
78555
1676
40849
5521
73673
27802
87880
23216
60755
9286
90988
99733
32067
65490
39772
39914
64900
23121
17251
49126
9292
55773
14188
51145
92811
29895
87486
54994
5883
64281
77874
65410
77416
75926
82138
59914
36332
66721
63053
88088
92798
55276
25839
59349
74040
52815
78697
38054
41213
28925
70570
9602
27686
31594
67431
23447
33630
74238
34314
22535
73897
62827
81530
69731
42570
68325
17615
59814
80637
1449
2419
46111
12383
79767
13327
31584
81058
22756
38617
94486
72944
68709
7913
10165
78305
2590
3225
12543
36872
53402
78392
19265
30661
66955
95152
25033
73335
49148
51032
52817
23354
39472
40713
99984
50630
47994
30457
17293
51140
85603
19546
42593
56388
77363
26733
7987
87914
58090
77495
8135
5634
78528
83035
78714
43020
12033
45692
58726
72633
23006
57807
78441
91339
21439
88354
97310
46202
6881
38868
18144
55746
69669
33418
31720
39039
22813
63354
9607
82050
79604
5968
22521
9181
98365
89874
87801
12281
11621
66855
780
76352
98165
17574
48578
10573
79654
70163
2932
14957
34471
16413
35037
25285
81027
93469
6736
52448
64915
27363
83475
83822
15079
66190
47594
70924
67792
79866
50850
53552
52953
17744
24993
72999
87293
6734
6586
79930
5269
2698
49538
1743
81902
26632
48963
95999
39416
6898
27063
36600
19081
76936
80902
17482
47316
22486
66405
91004
65036
57196
13210
37982
90869
62931
98584
48982
20997
11370
46887
71855
56607
64572
50974
61460
90906
36707
92067
4172
87186
78442
15655
62719
19754
15041
36687
60834
19669
24080
35156
63145
75627
50157
25527
21662
2156
89671
17163
92243
73231
26738
17029
51494
22609
31389
57488
10859
82171
33200
26201
99759
83038
77558
50669
50942
28232
91677
71051
55499
9059
62609
23093
2355
1476
28205
44225
34496
80716
70030
5098
52933
30348
66062
23574
89667
73872
8996
38386
92583
22848
81555
1367
27330
15865
10373
92453
54734
51404
95931
5292
98169
23735
75530
2493
37168
50208
47835
71823
18225
14308
65125
44339
39891
493
21486
79246
60798
11887
23068
62912
86681
61503
76992
21750
31453
87602
7032
74794
50087
72991
47329
90888
27430
1153
52724
60296
78403
54120
55479
33304
85592
28260
70985
37417
7930
95674
46233
88958
6052
1708
25540
1031
90976
91917
55858
54033
94693
29275
97779
90337
31157
87442
90698
13004
16464
69367
32263
63081
18356
42148
53398
51716
82982
92413
38727
31933
22054
54534
65905
53922
92410
95392
48062
58115
84549
1395
95725
34263
71663
68558
41183
85375
18523
88169
82920
49531
67476
16352
47108
26598
10151
77829
61961
68646
52632
21436
22621
98609
90456
98926
91061
35410
33166
47843
91099
93760
66032
12673
89006
41883
1677
70436
1518
55203
56177
5919
52060
45238
26736
23866
11471
21698
52646
28662
75689
7787
32301
33972
16361
34599
36120
71058
12415
63220
96467
53852
54978
94741
16649
11194
12683
3616
19333
32125
43618
17549
9301
84236
30441
58859
96284
7996
11716
17621
99847
97715
82055
13233
97616
76462
85567
30124
53499
87739
75847
68691
55176
24492
78459
97325
19129
90565
67433
30398
62551
33425
87390
83523
80244
74413
57799
87817
41394
93528
18340
49022
32945
83722
27155
65531
1046
70979
38323
95766
19047
77047
48585
75355
20238
36252
45992
60555
8212
35913
39361
59242
25889
5687
70853
94282
32540
57765
41656
10328
88436
30315
82149
20280
46793
87414
7558
15828
34027
35443
49451
47824
52061
20222
27871
98518
52974
30424
85644
87473
71481
7693
11411
56870
23371
17762
95391
94253
85167
26389
39863
67268
10148
86156
31327
32498
27767
39737
12219
17703
37943
30378
14196
51143
53986
57189
9725
65776
42708
13758
33476
30466
50404
54
50173
19687
59015
53389
98370
40736
56462
25654
75197
66936
70913
21037
43984
79004
10584
40206
85858
30087
46842
28052
57957
58453
37962
90128
12338
54452
51028
85179
7493
28886
26640
874
74994
8679
25867
6852
31206
85227
1053
93591
54493
34198
64918
10169
32492
30348
98514
98986
66048
44797
8163
43528
47627
32816
67392
64699
42106
53666
89397
58731
57306
74912
74405
4440
39608
70834
4333
7349
51700
30555
67743
48723
3902
4537
23332
56216
64386
48905
78999
39174
29489
75485
40357
12390
83040
78094
58869
7494
66933
64520
91292
28660
17128
63453
5823
50548
43117
65731
32237
48977
28856
23925
41492
93433
11392
64898
7389
758
49130
27732
79600
29058
59192
68772
61260
44464
84729
9613
51387
4466
75254
76422
96333
99884
97973
21821
36031
24492
85394
29891
25798
87054
33015
89385
10837
6760
56431
87292
42205
77833
77165
20410
41304
90551
51833
62355
89819
68674
82366
8349
8717
38314
43546
97609
93932
64006
19637
40195
33886
49565
76647
1411
1278
99864
37552
44416
5217
91485
84779
92441
3957
55120
51310
43118
46459
41174
45004
9343
76908
80712
30532
40949
79847
64190
45435
52103
55028
93795
41163
82128
12104
16782
50202
20252
75075
73506
52040
39378
58082
31458
57497
90937
27705
31072
70722
30861
19752
28802
4937
71141
15693
36323
1565
34709
55807
21755
74057
95034
63425
97702
8567
60302
10151
35747
22701
49889
26953
11317
6210
56317
47802
28167
44128
36166
34105
62943
3388
76673
21850
70443
10585
77176
41515
25964
93990
71692
77504
56719
54778
88415
7044
32498
36648
61691
65721
81699
72077
86615
52200
18522
49201
58888
55324
96120
11804
40201
30745
57296
33660
98931
82441
71148
62539
56509
43360
35245
29744
88111
11792
99214
3744
11825
90019
18439
73343
80789
36580
89538
79790
74033
70317
70198
94446
70745
64648
82013
67744
76880
48064
71649
92666
76179
89353
31867
63440
76651
47443
95572
43068
54365
35532
97160
9542
27381
54175
28684
96863
16788
43904
47197
66637
74322
37156
22297
92780
10934
71374
22462
86535
88866
89201
51903
84740
95016
29482
44920
20633
37360
79232
43803
5523
96555
6582
48710
40764
54906
937
27889
6356
38017
74546
51719
63243
17353
80638
63417
79630
93992
6128
89985
46483
66634
48382
85245
62173
86694
39419
91191
46227
6092
50962
8193
8161
7073
4980
45217
28682
8236
44762
34421
27919
4351
11741
97402
83844
28382
84540
23328
41415
1193
60496
81576
97161
20314
52599
73681
5687
25755
45453
96863
4950
89398
56160
19548
46080
42669
75275
24545
71936
11108
93540
31724
10613
59011
53644
8046
25123
60531
34317
7264
19479
3599
55322
88783
42137
57522
73487
47835
53959
10820
29846
20533
34165
85046
60125
13488
93654
75988
34445
68343
20532
52229
51133
13514
57540
92635
55710
67166
72401
33069
6465
44626
6343
68928
19278
93870
6749
75864
50175
42018
63130
47660
51411
97343
23163
47364
32585
60589
64333
54516
16848
21706
28057
88105
36597
37758
94354
3346
80532
38937
19848
57474
22051
28311
20956
54292
67366
22540
99528
61513
20108
89068
77046
2434
82039
32467
1703
55045
31755
81461
67921
53861
46159
73793
94670
40988
71293
53204
82865
34549
56064
19481
60742
3598
90322
32372
17789
85290
73963
5157
22837
56697
83607
65516
30594
7386
68614
60128
51173
67231
97571
3933
71225
34194
11395
12729
84192
24661
77721
67312
26569
30447
85270
90477
2432
77070
20105
43281
27706
75224
7733
60434
45910
80703
83829
10678
77235
29215
53486
34707
35698
77792
72032
86274
41983
45168
17709
8949
39522
38735
5347
1374
5396
51446
15404
63480
12383
66207
52113
44369
70715
34022
86312
81518
46782
31838
80922
10812
77502
15826
24891
24322
53113
99121
70213
99646
26065
60954
22082
94620
67559
46697
91001
76454
4754
92977
65690
33384
98524
9196
69691
13211
74967
24324
17024
42290
5957
62925
24491
14602
50315
51472
79889
45105
77193
53341
25479
85877
11463
55734
97634
36674
25340
13543
43788
16347
98952
31852
8264
43176
9063
25910
47187
678
60924
79637
42703
97184
22592
92578
93011
87960
22104
28124
67559
84992
33214
52038
55915
22376
75458
87675
36676
5529
57734
41748
81504
57019
62412
82796
43453
56777
39752
83615
83481
3008
74738
51345
83321
27156
82559
13639
80699
84448
21010
33842
28160
49103
71114
80735
56305
1346
4611
47314
8736
96973
43382
46556
92107
16496
83929
58511
37464
31793
82690
41447
35527
57560
9657
85785
97210
67343
51317
99231
26243
49842
52783
16918
77642
86420
20912
78931
3742
90604
165
69327
65166
12582
42074
70312
2615
85976
93710
35525
97312
74213
17143
85456
17331
83423
81546
56584
52082
49121
2546
91371
76658
38032
4012
45999
36661
57539
48042
23704
63795
78077
79610
22570
12006
16419
28345
38534
76499
24159
95313
28704
57792
44306
46634
41346
61506
7170
22440
41279
77260
89880
12506
95731
14235
7742
33181
49765
770
70101
34215
51657
18663
34556
6486
17544
37469
53589
17943
66827
79333
35428
46523
9168
73448
779
36247
77736
87241
82003
77133
72348
10251
9167
56483
97159
67650
1066
37477
55811
86556
36908
98725
20763
76670
41607
39215
8431
19093
82804
38981
58877
49908
74480
92031
49035
90279
85257
49210
48856
53231
48871
22744
55501
80014
95421
23917
9271
78695
52477
98705
93996
17360
96938
9306
84524
87318
28827
70341
20429
57004
63162
91570
6003
8860
71374
48918
92171
34777
9550
97798
46223
65563
15853
16532
55766
53023
66389
84877
95524
73997
36799
26803
57707
59088
36868
9931
85828
44674
99908
82157
21726
7433
61460
3645
31910
87982
40348
98168
305
51862
41503
76887
7605
39683
69833
80882
90567
79037
72164
96996
96857
68285
53590
13040
69352
68424
72312
46671
81523
18234
93467
62050
54840
35948
78695
29793
43291
68447
89654
70479
17122
15107
97213
90089
63344
86441
7272
60869
80935
64998
15209
22895
32738
12574
10095
48039
81290
74814
56806
12196
11463
61235
70636
47933
37735
15344
73466
96827
37806
45779
15105
9387
92384
40842
10875
53027
59401
85616
62686
350
64213
89408
94035
62117
4057
25038
93252
60926
98865
40688
20267
75241
24412
92107
12905
15533
7595
48782
91988
28027
65967
9263
8368
55118
39213
67831
26052
59839
578
44503
63091
62242
65766
1279
47986
44566
77684
9072
21154
81736
46712
97101
73845
29366
79221
34805
8710
96025
92481
68306
1131
643
25332
45939
51315
46778
50485
41380
79857
5407
38815
54428
23376
78339
67756
18843
62856
65241
54053
16018
5767
56694
80295
49432
61016
42055
81566
22192
36430
31265
54183
55894
60356
26900
90684
68156
28697
54506
40083
54569
26292
47809
99582
51330
10859
19243
26104
90742
92441
55074
14601
64051
59515
21913
20217
65497
57736
9088
52054
35234
75089
20819
52247
92964
25772
40998
31357
86316
64420
34445
83793
93290
1297
59836
7858
49602
61868
71945
10985
52710
37140
7088
72267
5537
55022
86031
79613
4259
20169
81106
46335
2093
5349
75946
14661
47832
43308
76310
15281
8495
32543
60355
70245
7245
23104
3655
99941
42799
13785
30178
78559
60993
89026
11166
49327
93633
26685
53128
56295
89780
76568
47069
42957
69594
697
29257
30640
62546
25287
42941
28878
71323
67632
60446
40990
39960
85147
24677
97860
44593
87692
68237
55199
61652
12567
66913
22096
25030
30122
75602
64743
44178
46001
19956
19063
81778
81100
6985
15523
84590
65697
98246
39162
46696
71498
10477
63555
89710
33189
16116
24208
87963
66268
65087
88189
762
92060
18334
52754
72029
11331
39648
65707
3123
7836
73007
14939
59386
80017
40495
62976
94210
45296
48880
1802
28397
90093
34290
21543
70398
97851
64533
65393
82134
99114
1930
87111
99771
62033
90330
80237
16871
90843
6794
52753
18868
47599
63891
86627
11068
96261
92459
63467
6125
36839
72833
68424
95939
311
66708
15372
64858
88054
42836
37227
338
95515
76121
51540
58604
91176
20652
41189
23248
10415
8974
27874
9896
76235
4903
85386
36951
33836
42368
89352
45030
90409
64690
78288
91242
59853
14044
2181
36757
97075
27130
73336
47902
91374
75983
83023
76104
80363
27263
10560
68181
42474
91393
68247
45167
80040
62154
12761
16004
63818
9403
35866
51403
71246
94469
30791
35750
37639
62145
44189
24764
41631
89167
68452
2929
56482
12610
31615
4101
13482
73536
26718
18875
98126
69606
45011
50202
11890
57865
51695
39377
70632
88949
68061
71531
3590
47282
91696
48313
43720
14379
17295
27255
69743
50223
84799
16352
68544
67535
76170
30881
57096
17435
47219
81543
57016
53056
22220
15249
33448
50773
3793
948
76612
32475
40241
80824
14052
24183
94568
16011
20845
43639
38474
24915
32657
24440
36045
64748
61524
68100
16534
60193
74252
7192
16304
66127
74889
31313
26004
90234
76002
32387
68376
37806
17750
84070
77320
75376
2194
58810
38835
20441
70983
19811
81553
43319
4965
98995
84583
86448
6637
89989
5060
75043
8115
79648
99124
19817
85830
9889
99146
33923
46023
13923
35714
65540
55665
1567
52768
96730
87141
883
20058
78324
96577
50122
13971
30265
51310
55177
18987
72085
8465
2214
78533
40903
27988
41227
6612
8990
52687
5451
51252
89483
45501
76705
61499
82692
85004
1699
34332
27196
46532
30286
34398
74087
86476
72198
24295
45837
47819
49708
10389
77797
38737
53792
6276
41320
6505
41515
40243
90338
64911
19570
16037
24220
44989
83057
54264
89637
41292
75645
64909
75755
45288
9410
88208
44800
53874
84124
67323
82772
25145
48215
37784
37483
70836
58086
19806
35599
61909
64026
72977
77710
63354
14251
1345
82714
62438
73087
67934
17123
45918
12827
98867
23630
66359
45405
30252
77164
90403
27126
7481
39749
46123
7833
14619
22806
16890
76289
9225
85308
57537
91810
80322
67779
19681
57611
38157
6783
23137
56033
54187
86848
403
49909
18264
16883
21549
13722
99067
85095
29875
97048
45372
142
53947
9576
19842
10324
34243
13463
48885
99562
88140
16927
78090
41865
50708
25310
68528
78529
79697
51391
49159
18665
75955
81915
86233
61002
62558
92820
19231
88150
70207
54876
32177
12893
47536
39866
15992
2952
86392
46996
39831
7185
31651
76653
64328
90062
76283
27810
90306
65713
96349
96933
95725
49741
61997
47396
7494
80129
65528
60717
51202
61123
20418
13569
47977
17802
16564
87343
54937
89362
69017
35973
29622
11595
71659
95770
67603
44993
60526
47383
16479
84517
79774
83620
71140
82373
77104
43350
81394
14509
47231
26070
60307
24203
41738
58240
73907
85862
25453
40867
81201
62593
16720
79355
16955
29968
69554
92310
95311
97112
84066
75873
80649
45674
8928
3247
87640
34376
26966
11604
21683
30424
47076
49281
82775
46660
94980
60428
7032
5589
16354
52560
78922
61791
67568
17274
92350
39031
45214
33053
34884
38084
46726
26859
11091
95577
5587
92882
19739
18355
58933
45246
67488
99643
26025
94510
35965
99603
97455
55737
20693
6759
88318
93654
49313
55971
20253
57915
4798
31098
71570
77204
52761
4532
31516
78778
93422
62864
97180
61176
61515
90175
73375
30922
91489
44512
48002
59526
99174
9219
27517
69648
32367
24702
58500
11631
41820
70827
88496
33514
6935
57445
36139
32208
53033
5487
15635
37241
41334
63965
81506
82353
65664
18509
66659
34106
37052
75562
18304
71593
19288
56128
36376
51606
78765
76506
66474
17734
51105
96111
34205
25808
8726
77857
68734
67360
76485
31968
32883
27723
72508
63072
47471
69690
74021
98478
93764
72070
52341
38588
7967
65837
24495
23229
2080
41548
60881
39150
8830
76908
17425
68389
26544
86281
90616
5662
33467
10504
58024
92342
86933
13812
68027
51846
43537
31285
38576
19904
53772
72265
35205
30164
98119
88885
56706
84218
25227
8427
24954
35325
6608
11220
7102
29390
6281
1470
57392
38643
66210
50829
93295
59027
28185
60226
97514
21412
81196
52592
398
44674
15184
7107
79225
98794
3149
25939
11872
38608
35414
63648
31655
49989
75320
29679
38702
62145
64432
12907
57289
56649
54280
75238
65882
33994
14927
78229
49599
63647
71092
77092
20148
5945
65091
41756
95258
34656
54324
63978
74109
38681
31760
95357
32978
32424
1318
10369
99149
46234
90991
80425
30187
50240
44906
52049
44895
59196
68213
99587
28358
10380
6204
79723
12384
70245
41111
8706
68684
80988
30847
67582
77858
16625
39853
3831
91544
93501
67339
95653
71809
70273
93432
18779
7737
63365
54656
21213
51757
41395
29056
35229
21254
29788
18029
23831
41622
98518
96090
19935
47714
99975
82925
57022
13853
18068
11889
77700
57959
67879
70823
619
43490
55955
70117
74981
80877
64729
4117
3180
33481
41698
30987
1789
88531
96369
24222
69359
60667
49359
76243
73107
60131
28707
1666
68936
9243
96265
7628
75012
30734
70166
7948
53932
71159
40749
49659
97384
42221
84125
61824
11401
94403
62740
57902
17803
6499
58548
7960
62148
11545
74616
99659
76681
9238
43493
11625
93189
53825
60005
99044
30867
52738
71339
59069
88157
11451
14431
75154
2850
70312
96020
38472
91062
92703
28432
87328
80528
54317
43186
39641
88330
65103
30600
72281
21451
71103
70350
12213
86781
67564
36768
38935
112
53640
40705
61888
71085
95649
14844
46449
81551
64961
34421
19456
71159
74580
95054
10396
29651
56032
9043
59086
18371
86679
21616
40584
61944
27104
16865
74841
82300
82537
76860
17884
7816
8175
86471
6431
96263
61007
97306
60963
72250
52109
44545
80216
5571
79658
38883
77484
54491
40048
25480
94883
6118
10377
20428
8243
71253
93092
89713
49019
3153
31787
19911
53820
75497
70857
44778
75361
54014
24526
45734
18310
65888
74251
29006
26663
29021
4799
62446
67191
18592
5912
94052
59747
1101
61091
77215
37803
87482
12121
62853
72776
7279
5472
70549
16720
49400
85468
52859
27620
94390
54830
18826
96586
6516
55049
37080
67457
79303
6871
73796
872
31225
48326
60952
89463
67598
70203
49076
78882
72145
72961
85396
41429
94182
60644
492
35517
1032
88211
20213
36941
27041
11657
57726
18715
18919
54763
1471
86637
8806
71444
92662
81582
1015
60765
63018
66050
94812
11280
92050
58089
87804
49933
94435
66124
63047
76752
49119
75077
34013
89357
42786
50382
31798
42880
31325
83931
8608
84952
94005
52334
98180
5863
31787
91169
15362
34145
38688
58556
11714
57258
6123
16394
93985
10655
9811
30932
74760
76604
89388
64892
16826
29538
52869
94137
34674
68761
5967
16464
75606
28463
77275
13533
53343
97847
366
10443
74951
93832
26545
54916
63661
32296
92478
35278
45845
11320
39818
25269
39354
46953
83881
66231
90012
4373
48957
20708
96863
14913
82014
54744
81404
48041
34815
70389
46788
51606
85116
53931
15638
71461
69559
97177
55689
45269
6060
30850
47363
82481
98051
16153
38449
1865
20154
22921
49691
44139
38954
66070
19628
30035
5132
52465
13975
97678
50948
67197
96303
93561
40077
16867
26225
33798
87860
12592
39090
5878
13131
30227
72980
54566
98077
37285
67819
71003
81710
20808
58521
64910
26904
49793
41639
49571
12321
66602
64068
52998
36733
3963
92685
41174
9762
65658
89597
80881
4075
48762
82765
42835
57260
6877
31488
47747
98143
16934
78437
57050
93355
68951
31268
90397
77762
36180
1614
293
25544
52072
47639
52918
46656
44515
73706
49923
21408
94028
51739
94459
19190
3974
93447
90497
51535
47093
9011
69464
21574
16767
24029
75160
80865
78013
64474
46517
83113
26208
87654
80496
64592
46505
41597
38208
95409
25726
31278
22869
23840
92107
38771
12225
97965
75954
94016
14951
99167
9325
97505
52563
81294
68919
92218
50829
55243
1849
75311
87379
99099
33922
89347
22262
62681
73017
54639
65614
10192
21820
33203
49790
38653
90905
32278
75350
93616
44224
61612
51631
49062
94255
87938
84089
53489
12073
96454
49313
66964
29105
23273
66101
9532
72212
45468
42904
48872
41077
45036
54036
1066
66870
19492
66384
13340
55312
82982
54694
43733
574
15994
41169
14590
74782
43299
19923
79726
42401
79463
12290
22312
21280
83574
58129
6227
20424
8932
39410
17598
32031
54640
26784
74225
35899
42491
16726
26262
42836
69901
18022
85633
76364
14319
16210
77499
98318
48425
64442
60509
8419
56924
51511
49178
49486
61798
56389
27232
28981
4070
33208
97394
85861
47149
64244
35131
58967
93893
7951
72781
4777
41825
66492
30205
15225
14940
23246
75394
21310
54072
79666
31520
39575
52848
11927
257
50697
57210
76611
47913
14669
47576
61153
70874
40840
51827
63140
55179
46011
85264
2800
75959
73360
98541
74867
21624
91370
18950
72278
90635
16121
43873
27736
30
87822
24704
46937
14512
77484
98117
54367
68560
48944
64267
86566
22009
57262
19190
78938
26973
86344
93121
32683
15266
59140
31024
63361
66561
92189
64277
75124
46699
41953
49233
94504
48346
53725
1337
62104
60905
37398
13779
98412
86252
92811
62688
18889
87478
18751
67603
97145
92847
72869
49612
31472
93290
84930
9671
24314
26412
68323
66553
20323
56385
64852
98832
31478
59856
21515
71702
69124
89604
67512
12012
88086
53463
90375
19604
39180
77311
81692
17140
38242
15725
95401
85881
88965
64273
57144
44357
87490
4571
4905
21315
25704
83411
34601
60863
71589
11684
13919
34355
67967
11834
75593
65394
55831
84217
23053
50848
39457
10650
27541
63775
6822
22498
26425
33173
12923
74130
59417
45774
75835
92372
85711
11985
36590
94428
86434
42485
31656
77259
37085
68063
57167
69612
48842
82116
27454
9004
44412
78357
75568
46688
58204
65273
95269
335
5199
97998
64895
37833
90675
55482
34899
56822
11196
16640
7111
32538
5579
45058
12392
40041
64114
8132
23457
69899
99200
33977
12861
18178
50998
10364
20002
76802
63266
43645
21426
18819
73512
73683
90858
46117
24169
58675
7922
66591
13368
61658
80379
93630
15613
27717
64219
76751
6814
5801
79036
35027
45820
41112
10635
62681
76182
12374
2758
259
33311
5946
44219
86206
44086
97165
1598
88829
88902
4009
57640
8784
9366
93891
45747
4471
78237
93666
42285
98261
73604
72854
28050
49320
7431
31537
32255
79195
67023
15164
10247
61203
70736
61974
16465
70329
43872
40435
6718
97568
33832
7762
56269
35491
89390
58105
24516
29409
85337
47713
85025
39053
50255
66187
48682
21777
60904
45712
89712
60768
26026
64781
30144
39303
81301
53880
68761
50346
94136
39850
30870
30412
28902
39008
73044
99897
43524
60455
27228
63835
3113
19108
85711
74485
60263
34803
13197
38660
16282
73532
37281
93451
92708
6896
64348
95601
37751
58458
27774
41578
13633
92781
27291
11953
55035
44455
10079
64198
40877
41750
86458
26748
77620
68705
8647
22964
32730
6047
42581
19539
62808
32362
20070
17434
16485
87509
94025
58920
48540
3409
63577
48199
99572
50439
79260
86010
70146
26091
66531
26740
24429
78836
39524
32996
34597
11309
29453
51417
57635
70979
93365
31926
79815
86686
36800
7488
17865
2755
43415
99177
48102
45486
28182
36941
81310
89109
83862
34193
70494
99277
92153
79585
72831
33667
73936
18449
1498
69125
38351
38564
69148
17540
39620
11686
45958
99871
6473
79153
57153
79117
76408
46451
59869
84416
22066
3542
81129
73499
65821
93213
86478
2581
87094
45775
86835
25492
10932
78135
28817
13127
80285
87963
89607
1998
95222
24197
96445
26454
76577
54565
78007
95826
83770
26463
65519
75522
46070
78539
44032
62403
39184
95826
69721
69630
5858
23643
55211
1769
63985
94289
90749
54234
57706
73295
35895
5016
14327
48384
41591
69795
86751
57227
65050
39219
79902
49934
35964
65349
78116
1029
58504
11337
87101
2912
5308
30722
10041
28426
22507
95989
97220
36309
66239
23274
24234
26589
89933
16208
32669
35850
12746
50275
42628
53653
73323
61460
36833
48440
93597
85169
60449
71594
77011
71073
86094
32367
65731
79780
1286
33476
30111
85602
3522
52296
54135
16761
60979
53553
86198
17766
84092
92776
20416
21455
86414
31579
75563
95258
57504
57164
96279
46682
10813
62731
13923
62630
90312
19214
43367
53777
39666
99986
95420
56466
47594
34690
30428
93059
17324
7806
80353
95248
21876
38519
77230
47702
69406
87041
92464
65219
76987
12739
83475
11034
96705
28828
40906
39134
41600
94004
57271
80472
59584
79896
38536
46064
57959
32804
77629
98982
32558
98909
36155
8043
68213
17994
71847
52548
48347
84668
31093
2087
58268
26154
7005
85595
13907
51956
80243
5051
31093
67657
33784
44963
68668
10525
51389
75778
56213
83832
9874
62570
73902
16876
59621
69536
42888
70449
72151
11495
94646
25708
68747
37601
48623
2560
29090
24243
85723
60522
41458
28475
3521
30023
58258
53230
8259
38442
76335
44921
30632
32656
47475
70727
53568
13369
91493
66525
11333
83800
67145
63747
1938
16815
35876
92080
4508
67018
40656
93149
3694
16218
92788
18992
5097
19961
77837
94613
23054
44350
71811
36290
56668
64989
87644
31766
38215
49033
86879
26697
32140
12578
2837
64450
38240
35158
72673
11868
83988
47865
86588
79446
18766
21567
98358
23631
20739
85374
69614
51744
93219
79460
79864
72814
53823
61862
62304
394
34273
44265
55
40660
97947
83922
20353
63826
48634
32379
3557
36241
66933
8704
27115
55742
85555
57943
79844
25655
47007
86314
47102
35557
81104
66789
19587
76113
2240
69155
1661
8977
24318
97978
3564
59447
47183
42532
99223
15535
21398
2116
53611
52457
840
31169
98169
84123
92782
46465
73161
27970
3742
7168
79855
81536
32076
72052
38327
31260
75431
28710
42392
11254
44122
10944
73536
2926
76717
5229
533
30078
47171
1253
39836
60426
87100
14506
20704
25906
81839
47305
9450
55255
51858
26007
12040
47235
80528
44461
49286
27251
39838
73049
54152
2628
40195
95421
77895
70317
33430
20661
75765
92014
68652
21178
58064
63172
2158
95441
94721
28731
93120
63528
52388
93604
83561
23964
12662
86669
3380
36583
5871
86290
72004
31564
20686
63986
5049
8018
37313
26877
83914
89123
52606
29757
65128
11454
54244
93669
86151
45524
71854
71656
3293
44518
55061
7861
68557
56104
9924
41477
76420
84494
71582
6051
63390
16671
60635
19631
78402
69158
29792
11043
90005
65495
12736
83055
31594
10344
54109
25895
26120
25655
63662
58864
16755
99948
79062
86985
17949
82465
29776
85282
31640
6494
76485
76203
79598
63945
58572
57571
29264
74554
89407
34590
7747
88072
14318
42980
67805
20489
27174
10184
35683
96139
86958
56740
73529
24969
39431
66131
88437
66386
1599
44812
55201
22409
288
61322
6607
5916
30285
35062
58082
94122
32501
32266
81424
36948
92480
36760
19457
52596
75708
9383
81093
22846
91727
56758
40178
15391
11171
80895
82003
34753
56654
39634
53715
82221
54392
32732
91189
92597
32655
14276
99089
42895
44969
4849
27557
74049
69807
4565
25968
2508
8272
80777
91434
75594
21440
87389
21660
63736
56703
75162
10413
2084
36836
14959
98989
22886
14489
36753
73152
23371
4605
48459
68698
86776
95480
94077
4796
35967
57234
35890
43372
21793
37459
93111
56601
60466
52536
82741
58879
40555
53171
66914
25164
91799
73682
58609
14969
43012
74475
81621
58594
63263
28165
52996
78386
39486
55263
98787
95938
95705
86268
72465
68284
39593
83329
74909
95880
75987
17187
50366
23668
34297
19906
13146
39340
95821
69863
52902
9003
33321
47038
5966
21220
44308
63329
10813
87891
1632
37152
41255
37312
72836
369
61575
86302
62139
12215
7037
69516
66570
40511
68164
27175
89533
10017
70772
22793
43875
50096
98147
77470
26635
77786
90532
4583
47001
36483
87196
52326
22504
46543
75897
25984
30622
32741
49641
28455
27980
11369
82610
42477
44533
3625
88137
56657
23618
97013
56329
87849
57097
56618
68425
51588
3375
15387
20447
78880
37640
97277
30911
84236
46272
65466
54563
60330
69038
4107
28020
90466
47555
27383
31741
85453
74963
96131
14861
68077
76238
94909
56499
37239
99604
61747
40536
87384
10895
98085
67219
71338
34711
54304
54972
88924
28642
41398
57733
9346
35742
37979
82525
99172
83268
84843
92892
58123
71868
65344
98690
2261
94337
76655
71687
13752
52309
96484
54349
10830
31814
55114
87633
27803
64802
85923
92286
29842
93045
85852
76189
64453
61694
41901
95860
86124
76094
22221
93515
97692
99097
16743
67767
73299
75057
79001
33308
77871
59253
71544
69745
40313
56818
58846
49957
93534
64979
12768
30888
35333
95114
37740
33502
6560
62992
89210
52349
73861
448
91962
35858
69936
23057
71675
72858
52740
88517
65543
55703
10637
14527
35
81520
55443
3315
64000
26619
3887
68792
47653
46108
81925
63564
86116
8478
53137
36799
26210
10568
83972
73674
12757
14439
18520
90547
72554
11880
83530
51792
35609
83651
69344
53883
47426
629
34313
86002
27380
8067
64139
61570
23952
72469
86244
50113
15039
11179
52734
51817
89821
46919
47729
66387
83047
39395
15324
11987
47786
27889
29477
78012
4693
85305
28265
34166
51004
77586
89482
69943
34570
8389
88909
61263
16201
6723
78919
65577
72180
94257
11764
46320
61812
21420
22873
12407
37029
70520
52501
46554
61145
84987
23194
73115
43577
29945
83595
93518
55708
12310
10235
63074
62416
94143
52026
56563
85695
26784
81576
85122
26551
7273
56471
88206
77324
92166
51123
72152
54010
4745
10794
5139
73709
64857
62718
13121
35190
8359
28107
45812
94573
15773
40800
45225
26721
16793
16619
7948
71388
95394
25526
52254
55319
63920
11615
75848
12329
67763
85305
66823
20969
44916
88101
38214
32116
66213
21188
48011
18460
73804
27982
96129
60055
11016
56986
93537
40926
20460
45570
52428
26754
47354
52146
2611
85033
12370
36074
26929
28284
28938
42506
33253
26040
52472
76599
64583
6621
14296
11393
66062
85549
65648
93475
84891
23837
11762
59666
71745
22615
17485
3030
93976
46989
35567
76331
37186
43377
9809
18391
74364
43649
3267
94405
3994
46019
40454
2694
8064
67180
12205
22473
17161
44286
52609
25021
37658
82882
60016
41375
58725
76085
17647
8768
17821
45146
47205
47306
14067
24547
94580
99321
11116
81989
79006
62957
13256
68263
4531
89206
45672
8754
8837
80538
46006
77191
62717
82620
32668
39564
11904
7134
67198
98941
40422
28963
95898
98570
12745
19224
9892
42002
54180
10681
19452
17862
71476
25638
28108
96104
29319
55277
28481
54836
20582
83151
50419
39211
16381
50493
93809
69555
62218
42856
90469
59263
54645
88794
27335
72278
19832
26364
96482
57241
57769
80469
43978
6924
29771
77832
53263
15228
86530
20638
32362
16595
2691
81716
59542
40349
11336
19088
77595
27235
19269
8817
56807
3880
93354
30027
10544
89605
12098
96672
73013
19654
94609
33251
58814
65545
75128
93909
77623
59761
1707
90566
40729
68644
37566
99098
22871
75492
61115
34644
96895
81448
80683
14035
76016
5432
46872
57489
18228
48339
27605
85579
40665
19962
53724
40441
1516
91947
93215
45587
13945
84810
92772
53180
97975
8108
1735
17637
19696
71047
47472
87168
67443
70861
61787
48667
50998
84789
89517
14659
51545
86668
89609
61652
52279
25767
25083
76561
19196
90886
69221
7817
23809
88984
43747
82170
80898
96429
223
30028
42386
8022
35244
95201
36476
51026
80560
91121
7318
74035
9731
43960
1135
22077
35472
41767
56901
17749
29460
73022
72703
95313
21435
54226
5829
5213
95392
41853
63074
60069
11084
33177
81792
34277
50566
53993
56767
48855
62199
66259
24932
69275
446
90668
70298
5104
37360
71141
37461
13901
24372
84571
29677
70499
80234
90014
95085
36853
37858
81222
40467
37851
53321
91602
5975
89741
8780
18752
70163
53712
91193
74257
64809
23135
95897
56298
66310
76976
62268
92877
14934
67570
62797
36450
25289
35752
57962
34096
56485
97203
21445
92479
59540
60843
63318
57480
265
45293
81884
3351
5605
36857
58925
76952
60689
59320
73580
69107
998
46000
6891
69557
56850
76382
10323
51423
81086
78633
65166
55568
76282
55231
78335
71546
89043
24286
27805
32406
30567
2168
24471
44067
29208
15261
26723
43192
61691
92771
92885
13945
24684
66212
52641
66615
19829
51268
27318
38369
15144
81013
77192
30342
42945
90057
5887
28559
28839
75640
69475
41295
91682
68906
58286
93273
42728
11205
65650
50073
28768
54881
55723
91892
41823
81196
47866
96851
15816
20134
18865
27312
21592
65482
21851
30841
2777
95950
59297
3784
97680
4533
94217
85158
63954
65674
58772
88813
195
10113
84131
86829
99762
82905
7746
19366
94141
46776
94749
12245
6472
41062
69891
53035
72824
77095
57257
41394
890
75339
71496
73832
76691
60365
56063
58299
47727
77288
96263
76394
74684
7627
66183
90544
91166
81211
95674
91588
89076
31884
96145
37563
66608
58628
10057
81309
87113
71876
9670
19632
93045
25392
6009
65791
98067
33810
33388
76556
49261
97186
99164
47939
95961
31947
54695
75049
77549
65622
67888
33607
95167
39171
40043
35893
7915
10760
49724
68126
52860
45244
15044
41757
96663
58978
66184
99745
94125
83265
18326
82678
11482
17370
43474
8318
483
39756
20197
22718
33278
67584
17703
32167
60183
68627
60318
14807
76441
70940
92046
20578
2556
63787
93449
66137
86040
88266
57539
86788
98290
32520
72393
79856
53724
51939
15104
41764
22874
35543
14322
99724
85833
34538
46023
57765
77930
1413
98701
1151
8614
99248
87269
41803
73684
91643
64842
48152
17502
20088
17667
57396
47892
57685
13932
98248
96532
23158
14102
41315
52197
69401
39582
3897
41782
69460
39139
33993
81092
38938
4295
91181
41338
7695
26803
59983
94912
31273
14303
67246
50592
86325
89992
60396
44828
3585
50062
77407
16292
8925
51976
56183
82097
93987
46503
59543
34068
45676
8050
39807
15109
38528
7872
12867
5789
97586
6982
46782
1950
55701
23024
57518
83292
50742
96962
91010
47569
25843
74851
65115
62971
67942
99589
82667
84750
31685
24215
59835
30455
84934
83679
41082
33955
81923
45525
58036
63681
67517
38687
34910
73760
34702
83202
46364
78487
34298
93869
94
53834
18710
65663
45576
75792
47107
12243
33131
60910
99395
70186
86871
17057
52280
6967
3800
36006
44488
81957
93038
44122
74281
17813
42986
81512
80165
49258
69208
594
22946
57640
51506
78322
56243
57477
22077
27432
92445
43824
76364
34597
2616
9947
70850
59397
8230
97068
93769
10469
12813
11806
22150
80676
67144
29989
24709
67848
79492
11900
92898
59106
11162
86707
29021
22737
68859
91199
61601
89076
57409
81739
61713
11521
26150
41784
61730
53322
59214
96387
31763
66252
1769
25727
31809
55208
19914
4786
71760
27928
52553
67808
58319
95914
5083
86472
19862
19682
67215
73632
12114
81883
97075
23303
60071
83549
3040
7481
39148
97400
47204
99749
13659
38889
39374
38903
13701
14770
1206
79644
24039
2009
30762
40393
48555
16649
9186
87404
641
68930
56416
5298
56822
26803
58455
16482
1658
50701
6268
29176
28487
90804
85143
8118
51054
4610
15514
50236
28144
36869
99877
66323
96178
40138
57025
5808
14283
89169
21652
96250
72500
49603
31284
9505
75753
55813
85396
45772
20011
58025
50279
68254
63514
23958
22282
79012
65782
39876
21928
258
79505
28610
85872
44484
23044
5115
28561
97668
86774
42874
3705
92132
60034
27372
29280
61969
80093
12978
21845
37348
53034
79683
32808
10485
20823
90169
47665
33028
32399
15728
52380
76344
15296
60068
83664
40408
74296
22968
75509
17500
84717
77965
41562
73715
26089
96352
23095
99691
314
61158
39446
96312
89715
44077
73429
27892
25560
10190
38520
35272
33598
47243
47369
27812
13845
69079
54485
43915
26913
46679
75029
14467
94071
57713
5573
14179
89299
5804
28943
11856
63922
1260
50809
97957
61917
87585
15735
34224
32144
19483
70104
11526
79125
75682
27044
19339
3294
54297
74265
90912
73502
14782
57261
58388
28899
5574
40776
18525
73494
31007
51334
78705
83545
14958
32439
70323
73476
83882
84110
22194
48964
63025
13135
90497
29421
39069
73723
58392
77701
79195
30705
53631
31314
24118
78620
45223
25615
98892
5771
85021
93560
2949
81446
11707
98736
67673
86995
62340
4340
17829
13469
73850
20779
45155
57100
31777
74900
98377
70848
15143
95197
21135
37263
28647
26904
65978
59812
82468
45815
13409
23366
40444
10714
16894
66885
51311
29184
23536
1635
79056
23813
91965
56391
18031
15257
2243
82186
90933
88032
27756
91673
33055
64566
56848
93779
45605
50682
5048
98544
84534
99084
464
56463
28253
83043
39983
26153
46598
66482
6499
68040
58454
82775
58413
3833
59287
90000
38114
20437
65061
54469
44187
40794
82901
52801
74716
15560
71323
22727
29775
40792
79301
12413
89226
78100
65244
64704
98320
13175
68260
82527
41479
48603
78564
25952
3131
11713
70248
72560
60113
43061
45310
73432
80031
34456
14678
71296
5897
70908
98685
40537
57861
26111
86858
11916
39737
92862
32451
39279
85438
52831
14799
62600
44728
34915
66137
83649
22500
95841
5395
22886
41781
39244
49096
28482
58132
81516
1520
23806
459
92479
56924
276
70496
26928
78420
34880
90342
24817
22477
15940
52987
27789
30449
87989
93031
70340
63956
27050
17656
47059
35929
65918
87614
99279
25259
74437
91811
23432
89147
10653
77956
19868
55458
6613
51425
20744
40856
63377
17296
71503
58798
518
64249
73184
51014
57113
40936
2643
21088
97814
77587
53528
41950
79432
87890
39533
34472
20953
92864
15270
21366
48995
54551
22643
66067
34334
6883
879
27219
58883
54194
3674
79757
91513
62556
56921
32822
66760
58254
58556
86351
51051
37761
41765
11097
41672
9927
45616
93174
58705
37864
84372
33745
8766
43888
24552
78968
6375
34555
86636
24161
55882
61638
47088
73362
83887
1357
37522
77012
25598
28237
80188
97465
99367
20203
51473
45228
9128
24671
65670
54838
87036
5460
47058
48218
15325
85135
28658
54663
85381
78328
82371
58964
37425
41811
1170
78789
3064
71631
82254
68236
21795
91394
8529
76714
34869
82113
37489
50077
37156
63500
89111
68770
61492
92993
42002
92492
4694
81362
7175
77754
38369
80593
46638
22805
2760
56771
24954
877
352
42289
66502
91275
60370
50732
62271
11331
42523
93655
60343
29476
89680
38083
33427
47076
1785
61697
76400
45986
91275
89969
41435
112
94690
8128
34929
16717
80161
48841
84030
17362
20942
20047
24969
91075
30400
80706
85886
80958
87312
68122
127
41818
22361
3913
96973
13255
52576
60669
78753
34491
64552
49553
73961
25316
25798
4387
13490
88080
23247
93081
73168
41265
5328
45358
31919
42969
12856
95882
73762
1250
1403
95399
44990
18789
67874
42719
3837
88732
20894
33550
72483
3524
52814
17700
51075
71188
33782
22073
20071
90637
65169
53304
84481
10282
52883
39346
70794
58902
47359
56084
88759
46106
29359
902
34347
7977
40144
34530
47033
74462
67402
55765
85833
38436
97744
85123
17526
40786
73692
80903
40789
98219
90293
49254
61901
25180
65061
20370
74385
8885
13577
71801
80284
52597
23835
13777
86480
57094
94671
71749
76379
17761
50260
74244
79607
11505
81418
82009
59169
63340
91428
28658
94838
47732
81825
12488
3411
67408
61023
6613
17937
264
79515
15010
33039
2917
16429
2831
12508
27034
46919
67213
55583
99036
46041
48385
56379
74444
45503
13522
30014
92829
51959
46263
33707
11878
58017
37285
55873
23343
77303
872
86569
78993
60102
21424
88578
31489
62022
49275
81865
62320
31968
97973
47743
18003
67341
34197
44774
64202
12344
61327
21920
46913
83437
77802
65197
9478
31361
78223
62935
23700
56691
38244
82889
63164
94683
315
82326
4262
4599
36236
22394
96080
64639
40803
76589
49750
92145
98441
21072
48874
40347
90133
99782
44410
68153
52235
79972
2605
55135
75303
36189
92554
73500
54737
57845
56384
532
49260
15898
87034
77433
96747
44421
11295
94770
4050
3589
64300
62371
1016
2360
54556
57602
12963
73041
96385
61552
24114
53861
77768
36672
65554
49209
20728
21556
10902
1110
97871
11832
80930
40922
85669
50451
82632
19149
18981
6898
72937
25922
71000
99833
25705
22104
33122
12582
66418
41369
19324
55056
29113
44403
50684
29784
53217
82642
41054
52580
99066
9426
92303
22165
64147
65333
77365
49372
28860
99848
59595
6776
78825
4612
9279
37853
82812
14915
48054
29428
99310
15594
85713
42283
39816
66340
41777
28406
31430
58033
95059
76430
6212
2879
25031
54134
17712
41542
37089
66435
74588
45315
79479
7389
52860
13829
74659
70003
78590
64781
32108
5558
61897
99981
88741
31011
18266
51382
34186
36868
26296
25970
71364
70490
43657
31550
65667
52230
82148
18706
45135
60633
59665
8672
29017
87900
3002
39713
36594
91077
48875
46784
86679
57421
69922
36902
54466
26639
61892
5807
51300
93211
74621
79633
39690
87094
68176
95861
93362
50369
52614
38959
54948
28533
41147
45937
25280
96396
29473
83932
28415
81076
49358
77136
55168
78056
14043
2755
93097
77093
73935
14263
25150
87876
27468
5264
46557
39095
78013
16909
99436
96342
87598
43462
24359
54888
81146
21335
83621
46910
41899
51241
89069
54428
13019
27109
92555
29719
45963
42150
49932
31454
69021
62785
31769
23872
3104
55613
543
57713
97066
43090
47914
68421
67819
31213
95294
35725
27419
76666
96359
12414
79343
48302
98007
35254
93970
73744
60170
654
73174
80353
33154
50253
81418
52607
98290
65737
92018
75661
9197
25785
63016
35926
43623
53523
77659
67029
67530
93617
36002
46351
57130
50162
91244
64479
67348
20834
67728
36077
92485
77553
39213
67229
55538
59037
493
23686
64736
62362
40974
26736
63206
12637
75473
59608
24821
21319
80938
84537
35049
37213
69680
49528
27977
21266
26313
20926
99275
85274
66333
25014
97151
41056
67660
91785
2528
14336
14508
95131
94287
56716
37729
51534
27397
56909
32049
99196
43558
19132
90510
93422
36407
50984
49508
20963
82248
78333
5657
52979
8711
51184
1417
98467
3514
15371
61426
88803
85054
34810
44141
55942
11183
84190
5145
60424
67830
30513
41980
23133
92342
50570
39865
60201
3787
67715
98957
53664
80606
32685
96210
73945
97845
6167
74332
4052
14775
41601
64807
94718
47497
73013
65158
27438
84286
12278
48366
13330
54763
15617
45971
45761
35268
20620
54251
47611
55358
91264
17304
93959
78139
69572
80583
10202
97875
51850
93915
61920
54804
28091
61818
17
35457
27053
60048
81158
47411
15125
7939
92639
35311
98645
68045
49361
51238
64417
7575
71979
46537
85687
60347
93564
37489
80716
94253
40389
30450
61759
16881
27615
79168
41431
54164
20417
17129
64526
64079
43666
89784
49103
48014
6957
35743
22036
33236
91008
27772
86977
65633
28270
94801
79785
9463
65053
66262
46033
97348
81613
33933
40683
31564
7365
31181
40697
41640
78098
63824
34618
83127
66628
91603
80025
48651
81161
33859
22546
89842
71365
43031
88865
10121
61706
37099
54090
29987
92964
98419
98278
51919
40014
8196
59112
92669
32218
98572
87712
67424
2527
69231
2573
97161
25780
12019
40984
11481
83123
86632
33080
31688
24168
5377
80627
10633
85442
25158
97451
20036
10857
50953
90490
71675
2403
85370
64383
7091
55286
94379
80420
6595
54228
27090
82572
2631
98930
66207
58874
26829
72434
20566
20568
35821
73006
67033
91034
40200
94945
37578
52856
76949
69438
20530
66389
53253
13895
15517
21154
79929
58253
65752
97093
7062
44385
88503
30705
57696
73668
35230
10259
33818
20558
67587
36240
55451
28150
4279
22687
45446
7050
23786
4284
15069
89953
13774
22681
12387
97819
89814
72232
60451
52572
23423
21763
64
57651
97931
60299
56136
87870
41932
46324
87419
62691
24015
37741
96324
51251
39277
36964
45104
90195
20115
34496
627
46113
74817
14202
86225
8644
38528
35801
92609
12643
37643
95888
62235
14056
61953
48869
335
14302
57568
10883
98151
61335
76352
20348
5536
87623
98597
27626
68557
7795
96693
86389
81820
697
39224
48393
29332
56722
84747
90208
43111
20145
39178
75838
30643
92001
27353
7611
45439
27044
89876
54402
27518
34106
88703
94018
64590
4060
44482
37800
63026
4880
20450
92055
36635
11396
43776
29631
20904
14084
91801
71416
71055
3253
22300
46041
34342
76322
35132
22261
62678
44924
90911
18439
18052
86691
25369
23636
12560
35179
58016
24740
86558
83487
2709
74980
91088
32999
85544
33296
40663
43268
80398
27009
51239
23011
61249
28722
755
87905
60697
20535
89809
90364
43838
47057
13400
68000
27298
97621
65886
78668
80408
82595
50661
50734
21564
44470
72597
55848
53886
68813
58813
9197
64680
13792
68383
62300
87622
82523
70866
8713
48898
93848
88441
73108
65791
31423
52416
54925
20412
34815
9416
22306
45041
80046
92097
86756
56076
56469
89233
74131
17600
4525
96972
14584
42949
90454
25053
11270
830
37959
96221
7197
93217
84614
78518
16618
87838
47272
59340
53498
34390
79295
91837
62525
84984
80670
10481
27380
3296
13350
1833
8284
76898
37595
12145
12578
86400
48235
74459
62638
25207
80737
14356
31378
27684
1971
29286
95898
22818
17787
34170
54509
53144
38682
68515
47622
64488
39036
23632
83229
30524
13588
60468
57115
89078
15683
38007
99090
68174
43037
92592
86002
33367
65831
98942
77355
30088
44163
8984
25082
89076
76539
42944
87393
96912
8215
84406
16897
68228
14131
64887
27616
78624
91169
23785
30976
50540
789
3688
20955
40415
44458
35157
28485
15338
83796
70818
97514
91510
99930
24301
74593
50146
47265
57101
59005
92946
78415
47388
11115
76587
86270
71244
6093
80808
68797
9879
213
69899
33255
50182
86023
61778
91927
12386
55357
30986
22589
24069
66449
13181
16764
7355
54335
22181
24973
54056
19628
35435
13085
76452
72357
2353
39100
20819
28448
74030
74415
40704
68415
27360
74750
9639
29584
8972
54339
83210
69768
286
25528
35183
37543
67207
42494
20164
27489
36978
83793
86986
84440
24882
53088
60743
17138
41528
90170
91933
59181
61580
43253
3838
48639
46237
46107
98969
51833
48415
47350
26557
83461
84292
68410
66876
19529
23344
45010
61358
16702
13774
23398
24392
10878
54314
80240
87555
36731
95769
436
14305
64581
56399
93457
459
15840
84236
66670
60788
38263
93027
25627
7780
38294
504
59616
29853
7785
59259
86989
66464
81725
40524
71768
98535
50120
22219
42260
45333
68559
38923
49838
4124
85016
81323
71107
43471
14836
6913
50126
65721
98942
83409
56671
98480
43872
50481
17415
59501
22531
42854
90996
69446
31875
90963
17447
46185
45211
69561
43774
8885
55101
99779
35210
77602
83014
66574
6471
17866
54471
519
43678
36779
60441
95851
16193
1856
10555
85172
71916
47856
49290
86336
60937
19764
46921
83133
44447
18070
8648
84247
53661
13057
22355
95352
5180
55686
44845
82139
93991
63256
26429
8279
51049
86199
20625
62936
78277
17776
48775
54244
96574
4954
30508
44303
94144
78262
31031
97609
40352
68874
14045
23568
45995
20324
14596
68233
42797
87096
14568
68102
60855
94639
58905
22304
42940
38384
44037
64024
66714
29009
58439
90854
8900
24118
2444
66415
59823
82425
45927
92853
12439
14606
56424
28444
35074
92920
4504
95701
39586
39368
97343
35853
12754
19901
62347
93268
7930
38151
84673
19334
77089
92090
23026
7355
1598
74444
27443
65602
40755
86511
39950
79278
64791
71500
65108
75415
88463
79410
56538
93024
65320
45344
36679
25960
979
94898
72658
65334
64017
58563
1432
80168
23617
40688
30363
76900
46951
12947
6153
14245
47711
46006
70177
43912
99407
8568
93079
33752
23484
5070
74595
92553
82471
73211
1653
16806
75819
67812
33330
54206
85196
43803
70097
6265
80332
62163
59402
49613
69177
97907
86870
88833
80242
22336
80706
22228
60649
29702
33800
82155
75589
5976
57632
10296
95708
5301
32277
91264
75194
17414
49072
84006
3504
23690
9831
67917
1175
59645
83145
48159
36631
1060
94408
87669
55646
30232
72044
24527
3306
30959
41934
44646
11261
98279
63782
88631
46035
51712
27761
7908
59488
95578
11356
50959
58794
3360
44195
61679
64567
20077
17886
81442
54945
67504
80610
64400
86154
86397
63296
96853
38495
71995
30691
2036
73370
41004
18617
2781
55262
25004
40929
79576
37098
66967
1213
29783
90869
79134
98354
75776
30265
47153
5666
82818
90520
52749
93898
16635
82388
32575
62855
93188
39200
13162
57171
95580
18169
32829
13770
68657
5222
48335
84740
49315
73020
68118
35911
77401
16849
62315
19976
6751
20439
4944
11421
32811
26055
43893
5872
92436
38620
3552
18282
72049
12804
85118
55911
73947
83668
22375
86686
10504
58122
3432
33711
57378
63852
85754
80552
47000
31864
26715
22390
80595
94356
51583
36017
25385
23532
61322
95309
51108
1346
36377
50887
77499
54887
98559
47678
58516
93728
96914
37977
88694
56401
40180
37183
21220
23166
71541
20184
27386
78770
89550
74359
71731
74771
82406
56608
64907
58687
42771
36285
89186
89404
77037
15175
88285
84795
96272
22835
2289
78780
42960
9801
5271
15126
95137
70127
44065
68656
83708
21210
67230
81318
53431
22617
39690
2222
98084
86826
96012
28408
71351
14975
13778
56678
28826
1104
5937
49244
63272
49643
53847
48185
34746
15780
52671
12249
56415
55697
42538
73714
41744
6744
28075
86622
58444
10549
56052
41272
22356
27482
7894
65376
83196
10078
98906
66255
36948
70330
60673
71274
22940
3079
89596
66751
505
28289
75401
52664
73632
83729
96407
39055
64798
29410
17814
41199
55700
52065
92477
56671
9242
15600
90663
91474
21372
44771
82230
73794
49604
13251
11827
98927
7039
12027
82451
39627
67327
90328
33424
83327
56039
99165
93419
32533
21712
53115
22909
66115
87707
60140
73970
26616
53514
52086
97826
29705
21895
6376
65301
93972
81775
51906
97377
82438
68060
24018
34643
92743
29525
7929
73897
53033
19429
78512
8674
34683
55443
95869
17732
87977
34259
50474
83923
94168
55052
23309
74891
91102
91541
63423
12514
53021
67749
24501
71634
69854
21755
7222
98194
41758
37323
71079
94635
70235
69945
37606
35848
7907
40415
55589
33891
77639
63283
76913
76005
12034
31902
7751
69114
32691
64103
28195
24125
44780
65670
46979
22702
52032
13467
67533
8346
60751
5747
78659
37341
64112
72123
46537
57526
78941
84756
52541
22096
37115
28302
85193
52707
56040
77908
11146
46914
35665
19008
79432
42993
60157
64556
51737
453
30174
44742
18190
92847
21965
94528
51357
74935
16789
94165
19479
17898
96562
12048
7614
33275
2773
93926
17586
12376
62636
45211
96398
19897
9131
40519
45011
943
3441
10223
64424
91981
72331
23541
233
6391
93217
4032
6048
41653
14439
85289
86626
72451
43515
30283
50629
85509
5101
59993
97476
32355
71496
7626
51070
38510
61714
84549
47029
78889
19156
89385
25063
17713
32233
42240
91855
74561
72514
7359
28979
47454
41256
76549
67685
8413
65794
84119
90275
74498
96669
61169
22281
99091
24773
90184
42978
72655
7913
77607
20289
74576
94000
50967
92584
67663
79900
99773
20519
66680
99642
29804
36564
94608
79268
47915
25893
72169
75589
47672
58565
77600
3613
72667
68164
32124
14871
2503
88947
1843
26367
33319
31167
24111
82178
33094
95204
64578
29039
6141
89218
29345
6434
74578
69862
1793
60619
68286
9993
91568
68128
62586
14246
7966
93532
28278
33425
27745
49224
15820
57875
82737
9608
91710
33415
67267
71217
49882
68780
74986
7964
55223
74596
65797
18390
78820
8970
85826
27888
18985
90168
3340
44473
96562
26670
54000
27576
22151
4139
47
35004
32956
92808
93567
66718
54416
33329
95101
26480
75176
57351
36416
40029
52453
11080
67156
96896
40932
89798
6509
61884
42381
72705
66827
78786
81189
80721
61844
44161
83697
51339
1506
5214
15584
85338
48059
83977
78820
46179
31730
79939
94216
90904
29414
70310
59070
58971
95320
58262
76421
68367
99459
91068
78078
88763
78797
32943
66694
43612
3280
35332
78937
26055
774
27757
48373
27691
67912
87876
92720
33336
68299
61715
41281
27757
70842
11642
38703
95479
46410
54325
70167
59544
37029
54154
12302
57430
23006
59762
84150
35010
57342
93967
95932
97862
53309
66805
18113
32660
83612
37430
6352
63461
64751
93262
24569
73123
32160
83298
77479
27358
15187
20954
28760
419
38968
40940
26288
8863
37478
85899
74158
82751
54725
46631
67056
9427
58275
84595
92365
22653
54367
33791
98167
60405
61924
98797
33683
31066
86350
79563
13037
21631
75114
1411
71393
97548
9950
86904
77699
50246
52305
64255
9124
69056
22482
94318
96782
22476
18244
157
4509
81203
50573
14113
12974
618
82637
11109
34030
32158
93251
1740
76663
4749
59689
15255
49933
74944
19848
12721
55639
4111
53381
91097
50170
4410
67393
95773
66062
76288
42588
65819
72349
31635
43568
13341
64410
33922
91419
2103
54403
38059
86440
75954
18491
33383
82653
45033
49932
9312
40963
22734
84525
33423
20922
19819
68151
78992
46477
17122
54842
91542
69420
62924
23433
36301
62372
68950
83929
50345
87436
75134
61551
11796
11218
35423
30410
76649
62472
71190
84048
65849
93618
65055
64106
25855
82312
30901
23555
93295
27863
50710
27312
5804
328
90047
7113
89735
80950
36465
79388
31844
11697
39717
34392
39492
78829
66360
92853
90780
38149
43815
69076
55553
94318
53541
675
73296
83759
97828
86516
99785
85384
49913
68119
84282
92828
93541
71141
39142
10483
59968
24212
48296
2305
69756
18664
10507
49096
76161
35816
39945
7654
39695
48983
74184
26545
84426
56662
64290
89568
63513
66993
76946
40174
16443
2139
2896
17156
87284
75552
74455
77967
34597
72150
78616
64174
63893
27636
64241
92085
89028
55798
87247
320
86634
9182
94322
89999
937
59325
58326
25744
91340
36240
96328
77617
61038
41044
93142
63573
86577
48012
88128
20076
86448
55544
25281
30648
95839
39066
35928
50164
90114
4948
61966
45519
79003
69270
513
15061
22436
29316
71375
85531
4885
57116
19432
82577
42510
90041
7866
20624
9940
87333
67925
63085
60381
56855
38166
44243
69894
87636
82634
59462
15394
71140
49886
99229
32428
70995
40759
63529
69774
53936
96266
23567
21725
73133
87670
42428
70839
5317
7076
78893
57053
24550
44674
30879
17298
48219
9490
85915
54276
70994
78076
34246
94221
82980
31379
84110
24939
5633
78217
5955
25123
13361
79059
248
58709
40792
71092
50661
14675
8187
40153
26150
47991
2168
17817
35640
14391
8417
20087
40869
90773
65499
55209
65507
8878
65429
37600
51085
37982
36026
70377
77922
32062
42301
30375
38778
34076
80646
42914
10700
72396
65813
72229
56743
18847
46010
25996
29024
6021
94955
1883
8089
59946
23324
41539
12659
74088
50500
35795
58450
89853
72185
90084
29482
24072
91260
24232
13665
38788
84372
18323
74448
99082
30717
82935
71393
65421
98138
42910
35601
42354
53750
91835
44295
4912
20268
11328
58698
79065
9448
36470
95761
49242
64253
20518
62526
1359
61912
62334
72486
43646
57290
91019
55375
40157
58505
55120
11201
97869
70715
56514
50498
50709
50396
49114
80121
94473
9072
51973
98445
49145
13256
22845
11149
33845
17047
66408
94032
20764
86204
34385
57827
42637
86860
91917
46604
54936
96539
15508
35018
15891
5128
35766
69218
42361
23413
8279
72638
40361
34039
43356
50785
83453
8607
29624
63640
12751
5957
60971
53611
42176
15022
3864
59803
87234
41843
718
49185
65981
26671
88756
94907
48379
24393
53350
35474
56678
19341
3474
77667
47533
63552
13533
66774
33653
66637
48185
36063
89137
19273
65651
37637
61401
10188
63758
13311
71965
81924
63330
67174
34145
58353
27431
66258
5488
76138
97211
79441
81929
31407
59565
76164
87648
28074
67360
86789
40274
39465
55169
30830
73541
27470
14029
22995
59635
20248
92374
15989
81902
20557
83304
65556
58831
61301
82391
11444
86737
75766
19540
20106
78845
33493
63731
12411
83494
38180
46092
29057
55214
35831
55188
83912
86613
62910
64051
60585
58291
10580
30611
65822
35292
38768
33481
11772
73016
39583
45231
12046
73553
75482
33020
21003
11459
36566
63497
36289
83247
81295
7022
61231
28877
18575
79477
7729
39741
25806
5703
61704
99530
62336
20112
22441
56551
29292
83527
76870
88271
11233
19171
26430
5229
34374
82469
96846
80166
25254
4310
22231
52916
17273
57380
52663
76985
54554
32968
23263
31439
4504
93581
36786
47931
2313
58819
8551
60681
28790
31322
33023
96705
68851
69070
50890
23705
42694
55185
79019
81641
14916
89263
94547
58167
17349
12840
47931
57540
5779
55076
68155
60247
89560
60946
60357
24898
42346
63177
28207
90427
39009
96173
5523
59200
98363
34706
45372
9255
47991
88055
83073
27969
89192
58587
72762
21722
46942
34211
17709
36101
82382
96776
47140
5280
65547
36338
55187
58840
64964
89926
59517
70203
16485
85969
50791
43474
99809
68722
97265
56023
86478
73326
85413
13302
56957
11829
47490
31581
62260
56855
54100
14545
61840
56729
73441
69667
51873
27451
44827
13035
45508
64446
27001
67082
39396
71662
96837
76151
11619
24405
32415
11562
78259
79789
99299
95208
44501
67809
3672
84113
26257
14835
26221
82420
5806
35522
22200
11650
23889
39688
87165
55225
96651
24638
12846
57987
39147
97965
6483
36344
96128
55644
69351
52210
79030
6356
72229
91815
17090
21862
36543
44556
57415
71464
69874
46542
56152
44692
25865
27533
47926
49144
88977
85653
68258
68946
96789
52326
20321
62988
4235
36142
25315
39681
46197
41584
48204
50065
39692
52086
72141
23151
8347
19628
86508
95371
55306
19719
80345
52208
46933
20053
19424
72796
70291
5252
33155
28062
14762
32529
87898
34305
12362
12392
55338
7492
96660
80345
60239
73687
18039
74820
84771
5461
43828
96260
48463
60010
56059
65134
20399
11012
99382
67265
78069
13202
65375
78725
40201
44755
96071
20695
95848
93358
46612
72584
7982
91913
70988
5631
43264
12131
1240
90517
56348
60269
42512
48726
38073
81809
37742
36061
73926
69361
22443
58535
19077
39829
17963
99546
45949
71834
83961
87449
53484
32471
48233
81261
28691
64758
95316
57228
44709
5328
16884
76713
6627
74570
72361
70179
72739
84300
31248
42777
56727
48419
13020
26073
67715
99574
88545
7986
12535
20602
63972
7074
23831
54039
88888
76291
91149
84252
28846
4888
24191
71645
65130
92999
33065
13375
70369
52431
95326
81857
79964
1264
58095
68693
70963
58722
97885
54883
59327
49344
84877
8628
27745
77668
78183
406
34043
58666
11513
36956
51683
6888
35463
75426
71251
35912
12071
1445
40261
27545
24578
85463
20075
2744
91679
33447
79677
36091
84915
68339
35816
2842
77096
35558
20740
66748
26544
99132
65138
27623
20113
94410
50446
45669
13024
67757
66758
8482
44605
16241
35001
69184
64067
83222
39370
87689
49521
10368
77384
30369
67644
18281
54674
32725
989
96239
52807
52773
60719
98378
69724
62495
69262
17884
70220
98202
21292
1456
993
37984
30604
19583
91454
47142
74208
90260
78937
77497
4540
82588
49488
6507
96356
39005
50826
79550
6924
97763
19951
97698
50272
68082
50578
74774
12231
56203
3358
41540
97075
63927
41252
6907
64878
54362
41698
51607
70342
58801
24510
81912
34404
44424
74390
3523
35877
58076
68129
21051
72548
66192
22340
52266
31556
92401
59162
67591
90493
14118
74673
34615
12525
59472
40765
18496
6061
82438
70453
88475
81078
28292
28229
32458
87824
61598
51892
23028
52092
26081
22472
26482
16126
13037
61576
7257
26062
79522
79385
13966
31437
81242
69274
61250
581
28228
98616
56816
26958
53139
94523
22576
43096
238
17852
44884
73336
57453
25092
81225
99718
97422
59375
60294
18843
47694
22940
7592
43850
66975
11848
63837
31740
77801
9530
30562
57500
89206
62020
66887
43217
15527
94437
70532
37211
10997
93508
5268
61373
39621
69677
15988
54068
40069
64985
87048
38594
42469
36061
72152
62747
80451
88469
18472
58498
73122
14812
12365
76197
60578
62108
30763
70491
86248
99530
155
69524
22074
31063
63149
52052
46052
60894
72936
92768
19804
88710
65920
41461
26578
74738
12883
71511
17583
84070
20658
5620
345
7733
23997
28635
10527
35907
76114
51064
74341
97333
12465
7572
59848
56235
35871
8042
92574
98841
54510
72574
36465
43553
73112
26407
33630
69789
41423
54990
36088
66754
74598
28029
36362
34570
30884
63476
28368
27895
52598
81285
9986
21894
79922
51039
9291
92560
72130
72840
16447
34542
67384
34664
52542
56257
10218
91113
14459
48884
64721
43193
54624
30398
73734
26162
10578
35167
54791
49623
54720
80631
29082
52972
49788
9156
48463
21742
84251
17744
67575
58563
44367
81932
73459
58458
59339
87741
11395
96794
58019
29449
27386
21847
33145
11327
30693
51974
79321
79641
6631
96923
96324
86165
68677
97744
16872
80098
36069
88775
78188
30658
3602
25451
54433
9398
28832
98047
28178
60506
77387
5750
54291
48665
59324
47005
59211
18251
7553
4784
13036
15509
65115
2801
39266
44844
12942
32472
66533
6548
47371
57250
79036
24523
85865
15502
53267
11022
36505
38551
6466
81609
45902
95814
6568
91295
28426
65679
82198
14595
5463
92284
33677
14911
82072
51360
79792
34665
56244
68445
76816
26670
39806
87925
62646
96070
35770
81277
501
96602
13878
71601
49782
79679
92261
2703
55345
19578
85342
43796
97950
46872
33950
61830
33677
70600
25376
81528
76017
11968
54520
74382
53026
44266
17070
44048
25288
89552
58633
51918
61604
13517
51697
24109
83225
32097
69317
62958
51161
69435
32615
50484
48966
93821
89057
1640
51093
44823
29084
80920
21990
71610
78862
45375
7734
62416
83566
34341
14923
42551
47650
2497
9170
55022
5094
32662
61517
87052
92044
38436
82455
91095
15199
3583
68915
99049
37747
27782
58697
1985
28512
46228
67977
89209
20052
244
83691
10742
35198
7368
87614
49289
58649
67536
3148
98592
70055
39126
73052
53689
82386
80747
72425
50783
53073
44923
50310
92456
35059
25
34524
25073
93871
34121
38332
69096
57830
13074
64646
43817
48052
90856
72099
54686
88533
3239
25783
7577
60131
70697
24656
93278
3545
55101
36610
64327
78524
57960
25029
69647
43896
47602
53015
11467
98411
48460
1958
10810
39088
93630
67936
19012
88758
25050
68352
43345
89498
57514
53798
48525
25084
65379
59347
14669
83283
56653
57919
48493
26555
88535
60155
40886
17653
62486
98509
80568
93070
67105
99431
97408
34151
35434
27149
9036
42759
75056
41646
38280
87763
54930
23195
28543
2901
4028
75382
89998
52856
29043
18989
76921
97321
4314
88603
46616
17906
53462
54698
50590
86809
78545
61553
76252
37172
94320
32062
49869
5662
31871
93371
50399
67463
61930
12772
89725
27267
38469
40030
46052
81014
99970
50020
79997
58328
1984
21435
51296
66990
39782
97675
96214
54336
94115
54018
51171
69227
17409
3626
23620
81011
4859
32830
38088
5783
53207
54787
99849
66621
70088
92152
60819
41207
80279
25277
16737
95389
898
149
40635
28911
82680
83085
62928
6508
68668
24428
92813
30783
32925
26371
83304
72154
58287
74079
95605
63727
24711
4701
72087
55668
81257
56579
65507
1620
21916
17972
26901
79838
63413
43475
81397
66081
15887
20925
44005
18033
40102
53081
55470
78748
23266
6122
66569
28634
81043
47220
15974
92606
13652
28410
56711
30852
8961
55408
91394
37135
16264
55967
49382
70431
27428
46798
40526
48391
17170
51388
96503
78193
91361
85400
20270
49498
93674
14172
68956
67190
50328
36452
23764
66344
63541
84161
2165
97621
61422
57900
75081
62590
16828
54860
72866
2351
72736
66994
38977
88568
51990
3985
3097
8181
81805
25119
65215
47593
79700
28735
87867
66468
93105
95025
14515
32275
98179
99733
95692
91217
67631
58024
6398
43208
41163
77377
62347
10139
32979
16153
28665
35329
38183
78001
40695
43154
22686
36612
13948
12996
94406
65348
89049
30767
15807
66120
53375
96297
97577
57429
30511
50304
92091
88638
16774
36829
20644
32173
81637
95392
12037
82438
985
38767
36608
76050
49528
45445
6607
12968
6332
98399
50596
71651
96836
91825
48523
18126
33924
99623
11091
51417
25475
16128
26641
17301
57045
60501
38044
45343
54599
72678
26186
35991
64094
30537
52277
51048
87951
77455
74027
20202
16992
52457
64940
3209
64177
1905
2385
29562
25405
74014
87482
37609
67499
13603
15120
56085
94571
75497
92438
42395
62183
4510
99469
12887
4725
74904
29402
48440
83659
76577
40471
54070
58417
15040
35335
4707
77844
99821
72848
96441
38520
43364
26832
83006
2441
29247
54101
55186
33333
70722
79913
17887
72916
87259
47622
69262
73568
12462
48387
687
95996
74036
380
469
79455
32414
5409
61379
99983
46927
99479
53322
43708
4971
30443
84916
76683
58698
92352
89266
36386
78266
49664
19359
60204
62766
3832
38569
45168
21571
82528
10652
73459
37928
49748
73919
24086
76463
1129
10010
57329
83643
51081
26752
7706
75634
30344
13604
31911
36752
41453
65567
36080
42169
1033
36298
58758
31885
20914
79716
92363
31835
3474
2056
95733
14215
54973
23371
85981
14529
13438
47303
64361
27735
29243
80012
13848
16233
28653
88696
32925
98999
80261
2431
73985
15340
29859
2220
62629
23089
79538
94524
41431
96914
49346
38584
81342
91531
95507
22871
97620
67803
59185
29481
58175
95154
19133
99830
10222
46451
91556
34295
66290
27382
18648
63637
64455
78509
75205
59541
69601
98530
24232
31051
26010
86762
11262
69364
85205
1998
92005
68129
14665
23940
89696
8218
44467
66385
16758
69625
60664
18448
47221
84500
22761
34214
2862
1824
34494
4198
33921
34295
98017
29044
48032
19598
31516
3744
29066
46820
94903
41621
4475
34004
55725
17180
47613
3500
15561
32655
84932
38963
3626
71089
94410
90394
58507
89002
19422
69894
98614
59627
148
97956
37957
31618
27931
5144
15641
54189
98554
46811
8168
57335
3413
5319
46302
16472
98534
2784
79334
33141
85169
68280
30965
3855
46309
3009
73229
96081
72704
76499
99200
91631
44294
16441
25469
43466
61271
64590
25600
71332
82281
73182
71947
30343
81065
33143
34017
80099
76659
68337
12065
43255
59058
58493
87992
16296
8134
1347
732
44848
24729
5158
27630
88690
91118
82042
85269
85619
31767
29741
25866
53820
41422
78761
39431
32743
67585
76530
28765
40895
85868
73719
52476
28324
93276
73398
15364
56566
35482
73645
94944
99604
10137
89898
44974
13691
68941
31953
60954
97312
72307
78232
15738
82975
3871
30348
16360
75825
63831
50887
25314
3647
24466
36214
28398
55984
15318
78102
73935
63938
54975
33544
43565
22540
30883
26339
21215
90560
2572
76143
5015
48766
24383
8348
86299
17524
79919
19752
54327
35364
70305
74595
41296
73862
99659
92487
26777
85246
76462
87108
12294
6307
15269
44292
56986
34899
46751
65306
36368
95688
5606
62981
30737
60144
17247
82205
60436
73401
76570
60936
37169
98943
15012
38133
96438
72854
62313
94708
87490
2578
56147
98143
33269
69130
71932
25165
18200
65703
12540
12192
45499
27417
68286
72036
66965
28340
97805
24456
84785
93464
64320
88710
48621
15132
65842
9707
96669
26003
30033
64678
93594
1423
15227
10319
166
51337
16795
22252
27847
31749
97557
28834
91673
91932
90860
21419
39873
63642
68771
21661
91695
86838
39155
99192
47747
39288
32007
3058
82520
50276
73806
62307
99888
56230
15526
15169
20719
49313
61524
92905
39601
18430
87209
93604
71830
99805
61117
22469
48745
14721
6410
89706
70866
41068
3388
33367
600
33222
60931
76831
44534
88778
65320
39658
88209
54042
49853
11946
46042
57757
34482
26968
30398
3468
585
55161
66993
6078
89650
57473
70946
87379
51246
11810
1599
48464
50161
68357
61501
92997
78373
93893
92331
21921
97298
60840
32002
10964
97767
45584
88259
8421
97336
39802
7302
20058
98068
36483
20350
46276
49820
59834
902
51034
60357
55097
32365
92093
26751
79213
69212
11899
5617
54761
35059
20293
84337
77492
59786
36736
32227
59146
88709
36531
44625
48812
854
66091
60533
43137
33680
67988
30580
4662
90292
47247
2229
28297
54004
36870
53711
67635
27081
82529
55835
61701
29365
69890
80765
24791
5859
75470
40183
2676
43533
97805
67907
97864
82199
71409
64105
15835
60524
27782
40811
74281
74420
49744
19906
4528
21384
11337
66441
93481
49793
24658
94294
67759
91082
21937
73761
88888
93970
32486
4488
7928
80454
47308
8722
67316
73260
25108
86158
44241
79458
42641
22211
16860
87719
90792
80794
43242
50884
9205
46736
28381
62111
1811
48003
4971
75642
46130
86284
47848
64296
43006
35533
16037
80943
57003
70154
35646
523
77556
8608
54484
71902
79909
70720
31031
50036
15521
24466
13681
65532
41592
38853
88742
41770
96914
71003
38920
52622
22001
3362
23126
86664
52508
36962
67585
14978
61679
24523
5684
88570
72507
31617
37840
10208
64253
74223
98080
25465
50217
38863
52820
26572
72641
51904
80592
17681
91967
86439
32445
56523
90715
6337
80266
35278
11178
48173
81693
66294
71034
96543
67902
60196
48310
40634
74508
23284
31809
89403
37037
38272
24409
33058
12659
82994
45306
79502
26006
13425
52882
36514
89052
57224
56157
81971
86426
19085
60105
39913
95046
97224
39272
11067
67297
4219
62203
60598
6185
47925
17501
86002
93275
20912
96588
62704
55998
96708
30458
38020
83414
20010
66825
68105
74073
84250
89302
62202
14280
95713
24674
20659
99464
20255
76371
60318
31444
33424
40002
45945
25344
49331
76364
56061
18241
38106
8019
60138
73464
54694
96153
48318
71406
7561
65675
21027
38413
98045
91578
7326
85395
38971
90486
21319
46821
77326
63514
55202
2191
55358
23238
82564
48236
98308
76772
27417
75176
33234
73029
70811
37121
83148
10580
98489
48006
85731
332
75502
67446
92778
61998
79758
25546
60555
3992
91259
37247
85817
82561
87629
93914
67854
39043
18251
58449
94466
82219
34231
29742
86380
62340
65095
66776
191
22857
64553
88178
62861
75124
19765
15544
7116
43737
60959
82426
23071
7847
77535
38070
15477
35004
35932
25570
42713
96868
66428
2575
20610
5759
5729
50999
36284
92137
6886
66258
3079
964
36263
77103
17306
5738
14670
87310
85700
13177
32880
272
45913
71963
51145
4736
57147
43078
18328
23566
27469
31401
73840
26933
15131
70742
95802
69855
52196
31272
22612
36467
91244
29157
77836
84367
83572
8883
71769
72931
38511
22161
12753
46270
19269
6359
4578
97855
53599
73330
40530
85016
67343
73948
48708
75215
50912
5609
69845
38136
68151
48954
63743
55807
61587
50801
77101
24698
29931
47615
69170
22845
45254
65849
17929
59777
4138
2737
46517
26993
94676
38975
85241
41372
71689
41957
99783
11696
31475
69794
32022
70183
97623
74222
38997
38199
7774
61786
7701
24516
30660
27053
84583
11039
4787
60934
46783
37762
72622
26201
53363
3
95369
46061
31813
9031
39054
83714
53445
12342
78010
11338
4556
1746
56426
90739
20791
45467
82169
86048
55115
88533
37217
72968
60004
84646
14787
44063
78348
89679
35433
50772
10602
54432
73314
64815
20815
61059
72898
96072
24123
32705
47691
2224
71419
97358
85824
1730
53438
4114
802
94759
82276
85713
66158
27361
96977
29354
90388
72133
4276
31553
80374
96289
94579
72264
15796
5959
10356
31913
49264
74811
66384
97346
36185
41266
89609
3856
1258
55979
12341
15443
49468
80220
31918
88924
45959
98663
26238
24288
19388
49317
99372
33696
5863
38475
73193
80735
4243
28116
14969
42545
11697
550
37076
32272
84407
96901
64455
23896
8559
23618
96729
12430
49948
96398
61804
71598
14841
35915
8664
32150
31806
32107
25816
35835
17641
23917
76110
6138
38280
111
14480
87942
75988
858
18427
51909
39192
50264
5137
60653
90517
52922
52891
91628
79079
65958
60278
79833
15966
37180
4789
7668
40012
89964
91601
49417
25790
11651
40785
55191
79067
68294
71483
10306
94635
76474
8284
73018
90539
61907
49783
74317
56803
75204
37095
37590
11074
37029
96984
76787
48301
45477
15273
29526
8462
80193
74696
24264
31469
58587
75971
3298
90185
44226
36356
45312
46401
72683
57559
75299
20612
48083
29941
30819
43486
79434
86466
94066
12138
88336
76931
72437
20623
76529
75010
5608
19633
53932
37554
47681
19578
4072
41346
1567
63606
93468
48252
61196
78391
92369
51874
95322
57322
79699
22816
43491
61819
67782
90032
1250
9248
16067
92003
93960
73014
74491
76793
86544
73971
58094
15524
884
22363
73232
51380
39085
21332
96439
1221
88857
56089
96981
93502
50255
16822
96992
50
97764
51613
90211
95740
18531
19385
42358
48895
87103
67247
53650
46517
82064
70173
24201
22762
77348
76829
84783
23055
62913
32545
69792
93329
78434
61269
64565
14125
96435
896
79761
12782
7747
64478
25214
27529
47009
66618
88119
44254
12195
37119
54467
66077
3709
36975
50661
62103
53892
62230
27015
74348
74039
1281
10465
63617
40932
99950
90970
97971
31362
40468
88811
42014
3501
10185
68921
61921
4118
7066
3061
47625
46252
45632
25914
88707
76918
25506
83687
79860
44464
34285
46776
80032
19318
82259
79450
69455
42563
168
77487
5811
54876
75781
95351
84949
34278
2357
23077
87519
99059
36412
70187
41811
13001
28695
68711
4712
18413
21063
49079
10453
34078
98796
65276
6168
47659
98664
90764
99432
82574
6821
22001
36897
60985
14331
45553
20081
16377
90308
76003
27161
24144
18343
59190
71461
34551
88439
36228
51641
35782
96264
82612
48447
4058
65776
87958
53764
43369
37195
16584
1401
44793
74790
65226
36662
57166
65829
77434
10837
22383
7204
20026
70237
51469
25721
23514
34403
32181
77274
27729
74046
41370
34180
3360
76075
86618
66862
55968
20813
13316
39582
58383
48300
45311
80426
51004
79589
55956
92030
30453
7830
21421
19859
66445
21393
49665
40424
65488
60968
78420
18195
18637
78838
35287
65152
78969
63034
96746
1068
20466
99080
19716
32174
97072
73212
80071
90351
72917
33128
96201
9900
32716
261
85547
56127
59566
60283
95747
17497
63279
38135
10214
61232
16146
13190
51236
18742
23258
90727
84090
39100
24765
34769
52610
66553
43186
51716
52200
5741
50066
30276
45216
70108
66695
22547
9108
64783
19476
84719
51839
32555
87054
52193
59668
75768
5969
61759
84340
65860
65391
9439
89835
91408
98539
38921
50554
5106
57532
16477
92769
84166
35775
21310
96470
34846
3048
75226
16684
91461
49083
60423
33253
69485
82192
67285
25056
90003
94891
50795
29737
5228
7814
15115
48163
15297
89494
32307
512
64918
43079
35445
17775
67377
24675
12034
1749
9989
66103
316
74925
96086
36384
51712
81982
17100
73812
47138
69570
39147
59899
35087
66635
43449
81179
82100
94568
69300
61207
75158
1690
33573
42882
35389
85735
57823
60840
83652
22229
48179
72323
80911
40188
98163
47606
64589
19972
90285
86522
93327
14007
50211
68825
28265
63781
78364
81860
50739
61889
30596
50756
50945
35802
6543
92628
25361
76269
7253
96281
95775
2868
22791
50347
91009
44858
5762
43212
84267
70377
3328
15875
48919
50985
7564
77473
55642
64503
28371
99011
62717
16151
57972
17518
37432
17189
32377
98328
66902
60183
33912
69350
88764
84185
65754
98871
99362
83172
576
87119
91979
15286
48476
24682
65722
82341
97274
66069
76976
69775
97856
92539
48811
72450
61621
9374
61691
53951
67418
13608
3554
22151
43726
90602
73408
37869
305
73207
75749
40666
45980
67193
79349
75622
27641
79063
1467
12258
33330
28549
85022
4460
74776
53770
15728
86318
15093
58997
26481
94544
23365
91651
86981
14215
68796
15770
13740
4684
86083
77423
9181
11471
93359
65760
95143
23273
35902
96492
70130
14744
28887
59458
18070
52219
82176
62098
31399
79020
74245
70107
85474
81211
33117
42171
41552
57019
11167
18984
83941
7863
75679
73300
84466
62184
95415
40386
63867
56783
54329
8811
15546
76023
61027
15827
98991
62163
56986
23633
88482
2426
47556
16184
64018
45854
18930
31609
4635
89415
37233
7220
36449
54195
79155
80554
47050
28995
38681
37188
38064
45119
3791
72489
22069
203
72414
63167
95151
44990
87628
54034
54237
81431
28043
35048
9415
47693
88121
24698
98518
89517
14975
79912
37194
67692
81729
4602
41931
5485
11051
4093
56942
6462
96530
64427
2848
22786
51024
24083
83657
24439
25329
25230
98828
3248
65716
86104
89906
92165
98803
83090
19633
85228
44407
81798
95866
96207
96814
8980
84482
41946
43656
46731
4177
20084
49919
9013
13961
8327
66682
94966
14368
62045
81543
28350
83719
70046
80720
70252
66821
10942
23293
43017
95246
54415
47553
95526
82967
99012
35845
49413
42896
15816
13302
52667
96427
18828
86327
93380
78251
72942
50533
25610
91322
54899
13260
77923
58471
33302
5727
5460
76309
56300
75121
68498
79323
85435
51880
71767
8609
70032
66026
57790
26804
92522
54068
70142
70785
71337
79696
537
29967
72865
46301
24858
35796
26865
83717
5904
89630
3115
13199
47526
38833
28756
35493
50673
38213
64059
57692
92332
94436
73946
88337
87619
78107
14655
82489
76572
8332
59913
88097
72843
69962
69069
58993
69388
79651
96638
94849
40774
28801
22324
69706
45936
63102
69886
47835
59119
99494
87449
19625
68454
55175
618
39171
2648
8501
55267
19586
50887
48409
27280
45457
8344
97137
36860
35113
26663
61198
59923
74248
44740
30064
70776
56921
14520
63104
34537
71078
37539
83560
63538
54830
9853
26524
99915
43475
70870
79093
40751
11152
11566
65464
11278
65972
27043
5229
8541
65744
28740
34995
77352
42970
89921
17044
57954
48112
66184
48204
79482
75275
98627
60680
81205
44250
44530
40934
76754
47978
69876
34635
56403
45890
45051
70962
32668
3081
10705
40182
68273
39857
53092
57140
15349
12832
17864
3967
28697
49509
61909
38064
62175
49306
93294
5703
25121
43955
52903
26352
88859
5554
59873
45936
39244
26484
10975
30107
59072
50562
33050
50396
62764
75450
38355
99048
97589
23201
46694
19001
46700
7298
99954
95460
78944
44205
87494
6917
12408
8109
86753
80968
51982
8390
61727
94532
81597
60108
7438
51333
45876
57825
33916
91602
49115
49527
1572
98151
18544
24661
88011
76150
96507
18640
12490
60838
45488
18012
89978
26812
50161
76955
43813
42229
75448
64370
38793
37419
82485
13044
93155
77601
52668
48848
77296
33989
2335
64569
82204
96488
31254
66176
23783
40320
31606
55826
62925
71278
64969
77231
5518
39260
74573
28801
62584
54700
7403
39318
56444
43249
16812
12028
47873
36891
70829
28137
39577
29191
99085
39243
11237
99870
45572
15675
51643
65974
22208
15927
11500
96434
75657
99266
1847
15826
11389
3971
76132
3487
68011
47537
15577
61371
25174
93682
57976
34568
13143
56444
60655
83297
86293
84678
83776
57889
81613
80922
59777
67458
59397
73445
12318
56646
81370
76277
66083
88389
41262
36864
84090
57850
83841
4094
25202
87013
32495
91600
92414
17759
23694
30978
77763
91841
15930
92863
57344
90181
47991
61356
61739
11196
80004
61759
7313
37862
77420
9707
78082
90995
78678
43243
50457
24000
23631
45368
67565
97993
26369
19764
88
99778
9876
36558
87886
82480
86123
81305
95753
58678
714
9574
62689
76971
99188
73720
94585
36541
20005
81481
93449
50273
37174
10994
9998
96890
59735
66283
8851
22702
3156
81
76459
35662
34174
1220
40394
73431
71455
58166
23356
81676
44495
12335
75117
24238
77113
38806
25754
61226
38595
814
31503
50009
96099
73272
65923
62734
26311
3638
22652
32275
88346
30973
15093
61139
38526
32255
86708
17231
3103
75246
28892
10150
66668
50887
95790
89075
28269
14059
10774
36773
1486
46484
48888
40708
2603
23014
79494
24897
55222
89506
11613
48232
10991
14688
48209
8013
16742
33737
25187
82655
50903
78765
22934
19270
83658
82882
77208
21969
5953
656
19500
21845
68273
76741
9710
5526
35598
28250
52336
82446
11849
36463
52707
28667
59830
81041
34207
91434
83372
85597
49990
23572
59120
35606
57832
90611
10508
92875
52500
41289
62793
42650
86110
42097
54906
56324
96109
47933
35060
26093
63139
19247
86076
80110
27427
42469
63207
59450
29038
80257
98887
95400
94469
78283
70804
56209
66331
94991
21280
71676
9852
24347
96168
94216
16935
36983
82969
43532
24834
91618
81128
94045
71017
41691
52348
35537
93056
51682
16066
78702
69306
33903
96558
3698
89093
37920
3551
65127
80322
40432
63405
1290
17844
5911
92643
42175
72960
99928
57658
92486
10893
19764
77173
47076
34484
35418
44249
72306
3155
41030
12249
64004
63368
34903
13831
32717
66204
70507
57498
37089
95319
30921
55010
85853
96401
71745
73095
46934
82886
9805
8562
48845
93612
9567
88993
75014
7380
88362
64036
94581
71719
44765
98945
18861
13432
46436
62370
69794
62596
73731
93942
73927
88142
10412
17403
87866
3102
94623
35448
12311
28849
24077
65918
83809
32920
65881
76876
16328
78898
43749
80168
75631
11011
46934
80234
85071
41540
40045
16270
99886
78641
27867
74340
61624
24080
38487
89297
46675
44792
27691
34348
47971
40004
78091
13136
17245
21552
72376
72473
69841
96045
57792
9567
99111
63937
1659
95165
98442
20829
91578
81658
20887
70259
3465
18530
42374
88653
61384
83894
21654
65471
83204
63016
26389
26199
68593
58346
57814
85129
44675
74181
96838
21277
78826
94556
29441
28519
10271
94240
91703
58465
88073
74716
60085
76220
57999
16327
78884
48765
16637
37909
83723
25817
92703
88523
45561
23405
17469
25695
24604
81684
87263
46783
50798
94835
41575
75662
49469
10761
48721
74429
24690
72329
22014
34500
36196
17070
70646
79142
92221
72110
77945
53397
77558
7733
34447
52448
17650
67190
95491
84311
1468
64420
47724
88955
88302
75139
62030
6813
1098
9894
74249
87730
12754
17648
33772
61334
87077
32200
86151
46773
58627
27126
36382
56291
2927
48051
11123
49793
3783
78278
8493
52787
35986
13819
78701
35799
56642
15236
60972
96253
4236
70870
67537
98388
2734
51661
92611
36324
18972
82830
41921
9811
88041
93794
45055
65529
38982
74441
85772
33766
13680
20314
70793
17150
43417
14198
70846
53559
28857
45874
19490
20638
10953
74903
32062
16380
35951
15574
24693
4997
63947
34102
65064
41090
30015
739
59973
31885
82446
76850
6816
13577
93400
75124
62940
56985
16990
55580
21187
80831
13144
69875
6662
77685
16278
8298
39121
11245
50669
52894
84202
95837
71293
13270
53655
75783
90623
90426
11153
61516
74679
96991
14953
21233
37679
64022
58424
90127
75854
10229
6677
58258
75005
49986
57980
78127
16293
45173
78186
98437
85535
84556
10216
64164
9913
91722
48141
59069
96481
26865
67504
48748
19046
42494
51224
45553
53271
9248
100
10818
27078
85533
40507
87393
41813
91081
92003
2540
89287
42273
53861
24969
55981
11103
91341
74485
70692
99460
103
18900
53495
31722
71515
69288
45716
23665
56602
24930
48913
91802
15800
87753
12877
48243
66362
95539
49272
65895
95288
63104
91550
29357
84060
55280
75968
25875
23992
68111
54410
32030
69692
43449
36714
67612
27417
62060
57354
67112
73433
46167
4047
99657
68643
2633
50852
57027
70891
27008
65161
27146
90363
30847
56544
48927
88919
7582
18940
46505
40205
24948
39654
88280
70005
8876
93536
98089
66963
98237
67970
25248
27859
42887
55723
36560
94633
29695
98676
8303
88132
58918
52225
5740
73711
46499
89064
94279
26419
46769
62085
26061
49180
89538
41483
979
92980
55203
68842
45115
1422
72393
14269
25042
30685
13137
29305
9181
33074
88281
62746
75307
47415
96926
29608
86399
10403
30293
92574
97582
4955
69192
76219
71375
52379
40720
27545
63767
18217
82437
76671
23267
43439
67059
16676
35925
1714
95773
58993
42063
10020
97795
78227
63386
75103
26228
49
71057
57256
39572
46152
2522
68749
15837
16485
2331
91727
84177
19539
78160
75031
1427
53139
37911
81322
14349
32600
8919
29187
36343
93422
83526
31912
34078
32939
65389
26148
9061
40808
6258
7635
28183
24591
33824
77881
32519
93102
60729
60851
54664
36008
91308
14713
79738
5757
1354
57158
26016
70319
87086
32284
80699
32950
83060
62709
5884
83292
42461
30631
31782
93709
78499
37021
46595
21383
5950
41951
71241
45209
28136
79901
57785
72197
74037
29988
40205
27370
77244
41208
44291
1964
37526
12317
54003
10566
15711
77973
59949
75115
42150
56888
49016
77177
46149
44591
23157
25577
9967
63374
20242
23237
27159
74182
56089
33495
25744
30847
35981
56164
63242
28145
11491
68596
56253
17257
35084
1670
94289
66355
1519
37262
46277
22855
26618
81351
8186
41494
52477
62449
58022
18612
60212
61182
89427
2741
28603
65521
64711
34629
1289
16377
30160
27655
4801
53385
439
69367
45519
13225
90863
95984
86910
59571
84365
43202
83734
46774
60992
95519
18097
29730
67983
82285
23381
32566
69868
74159
76975
20730
94643
82809
36400
41923
85834
12651
26102
9914
38989
72697
47682
9329
78031
81009
76036
84891
65298
84733
90867
65474
4429
19309
27367
73528
24485
3062
56325
91786
2923
55483
29468
25210
50157
40175
56474
10481
39986
88587
65136
39145
74977
92897
95490
36584
81214
89015
71577
33946
81
58922
61310
33383
18442
23661
44677
723
82759
67340
72680
10503
32809
18718
36319
13076
20534
35641
32265
77432
3916
5193
75629
13087
84839
86503
49297
84977
10128
79092
47964
21775
39093
73479
3926
23642
95367
69827
11607
51025
67681
47801
17540
17133
35717
53879
39575
21442
6423
22614
36921
57401
7008
39872
95885
71766
77551
5220
88360
13408
56869
62010
35608
78925
17492
88691
9509
57616
1248
29604
58874
36897
71172
21250
27268
83718
20459
83267
6583
10391
28608
77761
66116
87789
84687
77447
80627
46802
24863
70353
35424
33305
92446
60590
19170
1475
52472
50709
40545
34835
85482
41140
31106
48455
99737
91242
16945
63610
29599
32567
22444
63181
36007
635
46880
96472
60540
25083
26932
66958
36502
37748
79435
56369
41942
61509
54742
76972
30042
67069
44003
32572
79391
34363
63896
20997
4032
85910
12017
57105
39404
1076
25550
70928
54222
53089
1935
24628
20970
22386
96987
7215
61746
92715
23066
53968
62091
89609
84908
60735
44742
60647
12175
39194
97210
40373
67402
98846
7868
50030
5911
56342
41225
43402
55105
88503
39346
2834
8692
45693
53191
27915
90925
12396
70346
34215
77620
50918
9805
77925
12373
13513
94562
8806
60267
62416
77963
89416
29149
27380
88706
76446
49519
48268
60265
1279
95805
9156
41084
3938
37253
13662
66080
2966
90037
33155
92750
13792
65475
47539
31548
83160
90641
13159
51654
31437
7013
45352
16872
7797
49608
72960
56886
79913
35059
60455
20354
56602
26401
20749
81794
18958
2065
69847
74720
9589
19301
16975
27917
73384
14014
18500
30872
78910
24258
77402
63975
14551
20105
30234
64006
28305
94252
9532
63449
37636
77858
44197
47130
33506
61881
7716
19043
45956
39541
24265
36229
64753
76098
27526
76102
36773
70532
54675
71940
43858
35713
69613
35811
90339
12732
76676
41692
6559
79160
89265
98127
66790
53796
95811
1353
97451
96821
31089
17541
85602
7371
8593
9005
41603
48405
30590
32892
64102
54176
34947
14698
63296
22225
25248
79125
58007
80523
40537
68954
9737
83214
50400
22496
49488
84828
19067
71671
58933
69795
19170
26176
23622
33977
97188
37462
47398
27987
92545
82324
42800
82754
57332
44615
73650
18278
86571
3831
25611
29546
59247
6052
53873
43465
7726
51060
91290
11224
27449
36582
43694
21901
10828
67686
15223
70388
88362
7479
75957
20766
18479
30292
78592
5664
43937
79434
56200
34479
75582
44915
10441
62908
64146
77299
88249
99742
90297
66961
47655
1994
7908
43420
58800
81215
45327
95626
10871
80810
32200
21448
59171
40438
47466
7281
35643
94
53281
46734
77335
89950
19591
79249
35661
12927
57780
82974
63043
49664
68926
75645
18003
46007
5957
8045
75438
52701
18091
49693
57471
33565
87306
77507
40590
76906
88749
34578
90553
20539
43299
66598
9075
52025
51987
29467
78186
87443
42396
47033
38902
86255
72896
55972
89330
77141
88204
28872
65512
55100
70275
14720
34585
36657
70466
7296
10958
1360
24609
47686
1198
14980
90180
19199
56180
17680
63293
4024
34771
54575
43677
58248
12654
17396
52004
15654
19548
14635
91575
70745
93514
50353
83267
50165
93063
77305
96022
44913
70475
37746
68401
14579
88176
61813
12064
2785
55429
8373
13066
14520
89826
13811
58358
77939
72126
55871
16991
97286
89290
27689
70694
86289
94592
346
62857
40922
59982
72599
63175
25641
84674
7382
89078
68046
12689
19482
72939
69815
54438
87172
73689
60924
4005
44671
77139
63280
39446
44307
66445
70708
88603
14784
35904
8382
4751
43449
44042
41042
55118
54127
29431
10705
82916
91701
83644
24683
77585
76791
12510
65937
89000
9769
44288
26117
83249
55034
26928
78559
29688
63154
47180
67087
50654
15189
23117
8862
55983
80551
75398
14768
22078
53369
15559
35154
614
18962
77145
79060
64412
65534
1798
86990
78878
16721
43914
28621
60519
58729
85836
32411
53535
82964
78342
89918
28711
51439
23606
16272
52754
34447
93383
95611
49479
40705
64099
54121
89171
22830
38628
31182
13760
8816
93690
49124
78272
55076
25135
31479
82032
30703
98701
95191
35702
59307
61569
40388
94106
23928
10144
67656
42689
43092
30012
77743
7334
61536
35225
20935
39620
96661
67783
83974
55044
38058
17237
35030
24459
46925
60301
82725
33755
21880
22970
89994
683
77067
98298
2725
72809
20874
43981
87203
84636
49600
84233
18406
85308
92652
59793
43475
43588
94103
24328
31131
52634
68375
17484
14581
28471
56974
70872
88988
19931
49867
90972
58093
74360
1843
65297
46317
9592
73761
53108
79770
32926
62275
50138
90601
40917
33064
19686
31932
26433
8791
77411
82509
26611
69119
680
2184
29794
214
50987
62228
57605
75390
13087
68184
10319
46363
98231
92079
38084
61415
46058
28370
22884
99569
32564
50177
85951
45767
24673
86000
50138
45578
84002
14868
79382
29860
66810
10897
60543
50619
16116
99935
95213
45470
60804
93698
25550
68923
23828
99403
55518
5984
52989
40449
38225
99387
21448
88231
3699
23035
19319
99370
88265
98928
26296
42909
41363
85008
57176
7485
33377
21676
87993
6976
73494
86146
3018
28526
75944
92451
98938
73253
21644
54508
75450
21389
96554
17235
60032
58369
744
77695
42365
20467
46888
46216
83836
96886
54563
86620
2861
28097
27779
87273
30325
20631
10847
19234
51029
56819
96906
48962
2066
89558
76854
74781
5965
69852
28575
79047
1888
36798
3536
21248
10414
6529
51790
73665
4399
94886
95172
7864
63715
63177
54759
58536
34592
87852
71733
62253
13674
72558
98635
73032
49905
80806
88394
3679
36953
98377
2650
89425
41269
41385
46482
17320
74427
4243
24341
90017
72977
66263
41220
20223
17808
54662
43911
10205
2608
41918
9241
29168
99249
2243
89773
81279
75791
66164
68976
41912
7671
80663
10017
90445
10041
80559
37969
94651
14693
38324
60776
96622
16640
30925
73331
20415
8422
39124
9568
36914
43805
55916
40085
8405
48471
20053
59764
27570
69811
3108
35904
14463
15961
70458
26493
53190
64909
84288
30488
51665
45711
77765
72340
93914
94944
97708
98680
66712
20366
31441
53851
67707
64776
15007
53099
59621
33438
97595
57397
63656
37629
47505
9575
7439
10521
84808
62535
64372
27867
27610
74371
91314
21561
78676
37081
86686
18267
32878
58947
23038
20892
4200
18941
19168
24894
17971
30062
92332
62186
57412
76601
98610
56299
58268
41119
33795
48666
6281
19299
12745
87178
98589
60300
78925
83032
16374
34319
14957
55068
75410
69471
93460
66017
70590
45756
73758
46519
73020
49632
9155
94880
45698
35247
43191
44999
87332
59579
96465
23872
41684
87853
44716
16007
24690
37179
38279
39616
94330
25815
92978
34644
75893
94894
44335
10369
84593
20420
96456
30100
79894
54888
14489
26601
93160
2909
89352
71215
64989
84031
5772
96532
19518
5222
61527
30730
96576
41536
57764
97816
77800
31052
56799
78622
6509
48087
70125
86014
19073
85431
14455
72729
69663
70063
68353
11453
95411
80313
56488
46186
22771
74041
15106
85521
63291
41631
84682
40450
39024
75595
4668
2362
66060
85465
67582
90472
61527
244
67057
30255
79813
21533
50554
65467
63231
84490
63802
61844
97082
44581
98144
79030
67229
26050
76284
8180
34072
96372
71227
56520
45756
52875
93307
34298
75695
18492
62053
50982
56868
48305
92599
21278
49567
91296
79793
42690
45125
68822
70700
85076
10012
47257
45348
49851
97217
53347
70477
77464
45739
93146
29018
92123
69653
35234
80560
24479
11459
25078
79059
10385
171
81909
99203
3862
86028
58272
9223
34999
55999
66434
59777
44161
64520
32096
40322
41368
76094
49522
62147
82795
3540
53700
10379
55171
78818
87566
67597
46406
50039
23910
1769
77449
89344
73023
56138
7033
8887
75219
49325
83997
6656
7895
50957
86525
39746
16568
24893
37257
39865
86983
25444
70324
22862
38911
87109
58149
64082
19540
39478
31923
41734
60074
54400
71063
99721
36012
63659
72171
40602
44626
69682
9402
16958
63853
22046
46561
19482
41358
4799
58006
82018
8764
70922
18070
28120
8007
57980
38096
83076
24289
1702
28618
44716
29645
43696
4679
65865
58662
46197
1014
71088
55453
88755
97806
59234
50804
193
89862
27398
26137
50589
33115
37473
88532
16578
23607
93947
21200
64388
56631
81305
51577
53395
12432
21108
58995
5314
18746
25860
97130
16250
55695
77159
55046
7388
12941
14455
39302
99007
14946
97801
66126
24512
23139
53266
72556
49111
65549
36188
25208
89083
54745
57645
93110
2965
69010
81981
63975
88013
33336
32599
48275
65933
4794
67957
71627
24751
74276
66754
31892
35252
52377
42543
40120
657
4400
33125
17669
98950
81558
16521
99753
32211
54954
41429
73742
41400
41572
25194
86971
91660
63466
55908
16141
25662
75767
60983
60967
76708
21943
45677
89468
77398
99755
69146
15664
13226
59497
72685
43719
56727
35125
76084
23521
86238
94439
19282
69013
79575
64127
36907
74769
35300
54892
9475
50823
68897
90950
30298
78188
61021
51498
63398
57915
8334
32315
66810
40200
58941
99583
38181
3131
56171
95117
99379
84965
1185
1134
47416
52799
25792
82806
28951
97020
42726
67899
59490
31139
83937
82780
72872
7448
98924
59565
16841
84785
52911
29215
14803
11572
49776
83538
75680
74015
45977
23183
48116
60965
41499
13497
37573
68500
28830
33351
89090
35235
47192
85117
83524
4827
85821
99103
88336
6014
50192
38178
79591
2678
50890
38227
94473
87019
74325
22382
75490
19996
80743
79958
80110
77007
37890
23876
9987
99216
20293
69525
57337
76430
61512
59305
59339
35640
18581
69711
39806
69659
82577
22013
5335
25940
31902
51865
61645
49404
2197
88111
5769
84621
2424
21228
42239
71393
57300
41180
6369
84357
47841
61515
3731
73276
86566
46992
96816
75229
86957
65726
60845
52578
58357
51080
10978
55830
10698
79560
6567
27876
16375
3601
45117
23024
98470
38323
78408
7669
84476
19620
3279
83860
69258
28038
15715
32412
57946
73880
70854
43091
51184
11468
87794
57468
80894
58552
92044
78318
99364
88615
20834
29660
68454
56082
39325
16905
61423
687
79100
44370
33544
46210
3157
23735
75330
3850
34371
59257
29142
59140
10161
90217
63421
7519
11490
38972
75567
75345
54394
32249
48672
50891
17168
44386
42893
23484
44437
44945
39744
69144
52361
28746
15156
80914
19399
36421
83758
48057
28936
20001
73910
97930
65866
57004
52499
32222
15656
75123
30269
20831
19773
89179
52530
7747
53170
94336
56978
78107
51301
38218
47352
35624
12040
14075
10217
55557
46910
54387
75184
11211
28541
29751
89116
8617
38784
37764
56861
72798
60326
59478
42696
5411
11931
81834
46477
74180
68668
19288
27224
88889
41412
40389
56204
89254
89157
40096
54868
60509
20092
30928
49167
57383
91105
96064
87013
49203
68950
69328
38791
6405
41693
89477
61938
91476
68996
20895
85925
51161
41705
35232
48116
74185
22343
58906
10550
9721
26198
80193
16946
66329
85459
72537
92428
3332
72539
33962
84188
17833
20066
83434
64589
23363
78433
48523
5857
20697
43977
82769
35926
12047
66628
72376
84876
25813
13591
58750
40406
7459
36274
77863
18001
96243
98774
48281
62817
98837
87134
17635
63434
71687
9551
62519
14110
10167
10048
57746
3585
8944
58144
54794
44938
51817
44153
38366
58132
37453
454
77055
30236
7996
95679
80892
25504
40466
95436
77461
7711
97906
40425
18221
4162
21888
7401
33556
46897
74573
69133
70280
95783
62978
53866
26620
48681
63949
94596
45230
33104
11973
5587
33777
83022
42572
99662
94142
49203
76723
25110
71128
34691
70782
48694
44646
16721
15325
22535
60866
93151
6331
40277
60799
90615
74192
86833
49069
31768
37527
80574
32782
62287
42795
35321
14242
4100
38989
56322
76435
81178
17555
51172
7090
87784
22042
31112
51411
27665
68317
81073
56562
70787
27080
97424
44162
30049
84974
92180
79885
86679
88836
35669
80053
71700
80393
94350
69395
31053
88577
40156
32025
97446
92986
31482
95022
84738
14105
11039
91406
65306
35436
17338
61875
30812
46243
5640
98641
55248
11635
37006
95153
12202
14115
95066
6993
64299
5613
49118
44993
53737
51775
53368
4812
62295
78475
72021
96107
14813
69937
4368
36657
87134
21407
33052
62669
43135
72951
61658
98345
75207
4530
39165
68398
71927
25125
73452
4568
39021
16662
84837
62429
74366
30986
34335
3821
42767
44336
14812
33079
21547
2546
11637
920
37520
70314
48330
77728
44063
49819
73848
43193
96808
43124
35906
59339
49163
46885
92160
66469
24509
62745
72394
91744
12541
4548
14483
47554
3950
7557
43886
92710
29575
48119
40323
18078
28107
5224
10672
83885
81142
83140
63161
37530
67153
30979
29624
11023
77130
41652
83230
92145
74955
30214
67065
3487
45359
24299
4671
14255
74348
75249
82714
25411
44641
42407
8041
74846
43363
48914
27702
34965
72433
52093
45973
87454
7981
14999
56469
46375
94092
27679
10308
80878
50731
3598
21214
12251
9418
30092
90969
57151
52108
24451
19776
67411
29962
89401
63090
88893
57130
52398
74889
44030
80906
61494
58663
4425
85177
75495
8977
85860
63468
34
29954
54179
199
47766
5846
47975
49416
93753
22478
30821
49540
20297
26271
55418
97583
99280
18011
75397
6720
77578
41677
59203
5168
91545
38679
84244
77171
36461
53527
32360
51902
70832
87117
99596
58160
51576
7305
80206
74882
29692
18002
70905
16221
2204
75233
34038
21409
33714
11363
64417
79032
9970
92856
91699
10985
17831
268
8991
32361
88389
737
92038
17866
52062
32219
93908
61217
83249
47604
38334
72524
31736
57603
30500
32352
43501
88639
34840
65330
55760
55137
35234
97136
29201
76634
53456
1840
76484
74627
36003
71684
22015
50773
53244
12156
78696
81723
42831
78198
51226
11080
22996
14118
57072
45512
84522
59856
11748
94509
34499
15492
25990
91674
55830
89708
14524
10147
53569
48266
39325
3326
72149
38493
77387
36470
82035
59536
88051
21691
91593
54956
60718
14260
59747
13483
99232
33899
39349
15230
61648
14901
90575
3038
19015
86015
90510
94872
66928
10046
86184
66943
63291
65356
52344
93638
96366
40484
14206
71936
14652
16639
62326
53927
49423
62804
7735
44405
9135
94453
6113
89896
86068
99974
18656
12192
74360
64248
33328
69468
77492
59973
81887
15565
73577
35408
66401
65692
44881
54500
25989
30865
45437
78164
7155
36551
68102
44812
3477
21834
35175
24784
62845
91342
14961
13668
40106
57719
343
84622
83121
7790
10971
86175
49091
30408
59700
16933
18385
2479
47776
61845
47272
97262
3436
36968
63771
27961
22847
94948
19142
82532
48615
18337
25346
93395
5049
61449
58049
91648
89290
39928
72359
90673
12473
43830
20358
84649
48980
96040
30005
45082
99336
47849
88964
98285
64218
18238
26546
97103
644
57799
32641
23622
72097
77627
94631
73919
61097
46530
94462
49117
13788
94600
52867
64826
7888
99638
73560
44272
73240
47298
85463
10035
80435
10061
47390
43105
79207
96786
95922
94380
41259
45286
61297
52799
26910
40792
57708
74541
26810
25896
57498
89671
66946
29367
93027
17947
35376
37092
76081
38514
66346
78641
91108
73047
1280
73570
84261
75563
10854
18047
16320
42584
67631
11365
64891
98814
32626
12444
63791
23736
91388
58485
77196
15535
22164
18122
22802
60442
63735
40612
66925
26573
42686
31673
46480
92287
74199
84465
83601
37805
68938
19285
18235
31576
65044
641
83193
23261
74825
41554
27570
85089
36013
73160
74603
526
88014
23127
57492
26808
98925
61184
87423
90161
58639
75342
45532
37254
67227
43420
87436
62252
89302
12665
11516
58048
68179
57262
68821
34865
29118
20141
53141
47466
77111
37795
26972
66721
62936
14891
55800
37689
40174
22146
75814
97328
16369
39905
75435
65117
44854
7031
24115
5909
95641
9346
85503
2497
63086
89980
49576
39718
49151
17856
81318
36247
38475
32875
96245
95780
63994
32688
84629
52254
55988
29803
64136
3127
72725
1166
21174
78064
50594
19852
26790
68500
95179
5956
86582
38959
94007
60915
23261
73939
89972
93975
74068
80253
88688
49723
33419
63443
68400
80575
73692
12791
20674
55669
61613
7700
89971
21030
9745
9969
60086
15084
9384
20420
22732
44724
640
18670
60193
51243
3965
64493
30435
29137
55595
98137
32975
17784
91369
14149
44928
59582
53517
35454
71011
6056
22840
22531
11957
54485
57926
12257
82663
82548
47031
75416
52134
10927
81569
13874
35696
71694
37449
43217
40921
1472
83140
40889
88062
15824
78327
96630
98887
40381
63664
20174
20557
59909
33378
67675
39636
78480
5293
45662
35758
89932
7365
40563
12405
19693
39785
82907
80612
46190
94136
84268
12262
88826
83478
85488
20517
80453
31884
23310
9726
33662
87579
63251
67714
45268
51651
52919
58286
464
12683
30089
24483
71027
39556
47183
18113
30196
76493
67962
59058
93673
70417
55254
95496
75521
62471
72642
3519
42675
30190
64698
83923
67954
72429
10455
31716
13680
76623
66150
25982
71573
57807
65187
99870
57826
71838
85744
75510
98644
69160
33922
60020
39191
35607
21431
70699
34946
8528
48704
7528
14925
52464
90814
37335
44496
64738
53897
81865
90473
32472
49557
43416
14447
196
47019
56141
51847
71827
12057
75272
37656
24512
42634
38360
1746
95373
4689
46584
64392
78955
89568
39359
54629
34788
90666
83226
22725
44919
71931
3982
34479
59590
40698
82530
82630
72064
12266
6524
21281
99359
6094
33036
84998
33449
45363
18262
43348
44030
14102
28406
37459
73701
49850
16312
16467
67302
73225
18624
71362
50362
7930
24107
13722
25898
56664
78476
32576
50336
6418
40199
98767
97894
57872
40476
64496
94325
6606
75722
64814
31867
74831
79704
26790
65962
50405
12105
28204
80495
11694
35811
98680
57160
1472
52034
1192
41334
40143
88383
79029
59781
23775
75045
68344
58808
43182
43110
55328
26279
2056
39763
81785
52961
5159
95318
81862
27539
45389
42909
82414
42207
43157
50070
66589
2278
67449
45840
93607
31389
45239
79969
53547
36935
57126
7574
88346
40056
77349
30864
23084
28638
12719
95624
28175
7675
41801
3896
65418
3933
49749
75666
20029
87230
73297
78539
12723
45897
29735
10401
43845
97412
57187
70972
2974
92066
8036
53406
53409
87324
42027
97829
56809
41052
33644
78626
79401
40780
43597
70164
84882
4269
62555
41613
51205
21458
69403
96298
81540
25391
59658
54659
42338
46006
69133
30244
50137
31832
73061
78610
77172
64521
81485
33616
28262
48832
18898
34276
62211
78730
46984
3414
17866
44566
1373
44444
790
50265
12339
36057
86348
76465
9784
25963
16772
61179
71250
4770
29146
74418
96235
8426
77749
76589
18841
91293
6783
96526
96323
4999
67422
2776
88251
78364
41193
74844
34530
59664
70649
75629
35424
34780
3726
54593
63008
5780
2517
7141
58493
23400
13841
83834
41839
56115
90692
27295
64518
66729
60251
48883
72659
10469
81202
35366
50059
93774
48301
76495
21104
83880
55067
17338
40568
40852
37509
51068
75755
62443
3708
96997
99394
74126
78544
62278
71287
64803
24381
96043
14297
86116
77226
32502
74727
40038
22137
87213
39033
17708
61862
74419
49190
64606
97294
21113
35202
90882
27047
94962
49152
15238
7624
5914
47727
67180
51744
28815
3729
27165
40609
94366
14711
61104
3244
41855
1296
15543
62326
77155
57760
79562
92964
88411
55526
6443
31796
47259
87881
64864
8891
15096
15422
63577
32275
97897
55310
95374
98540
49085
91350
87120
6032
84977
37976
72331
65600
85584
30545
42949
34659
25967
39800
1155
95111
32655
17742
62435
40294
94455
15498
40520
7271
83677
69348
96805
6453
97593
79155
6086
62419
24512
78387
39850
4491
11612
8930
75971
42307
12209
49092
52487
23853
65776
13254
38872
71717
37770
16590
43122
4860
84005
79588
81277
47835
48726
27470
37510
48447
67533
94652
33354
87662
1245
9805
45345
4625
38545
77373
5021
90112
32887
88440
20901
21343
49444
33517
53056
30453
41456
9005
53107
58580
63406
46287
40532
72534
34827
7250
84216
43509
49050
87493
82599
31224
12046
40785
60159
38865
37283
88058
86174
5850
48176
93880
15122
9523
94525
13244
122
13417
99393
92374
40983
31757
10097
58200
993
12640
93143
19022
29053
74958
31425
10698
53575
66058
81886
95156
94477
91788
88324
14460
53391
15846
37572
72084
72745
54826
44099
14773
77772
26586
60581
88523
28067
11645
87699
76882
42507
41460
61226
37302
55537
93465
3422
82861
11797
60683
81441
45921
47859
51214
20529
17542
31956
1970
49545
6054
14644
78575
78591
77205
66854
42091
26062
33612
91422
96513
62141
82136
58339
97767
69980
75807
1436
6462
35330
81508
99074
11443
31279
82547
21279
58718
79128
26367
25323
69405
76258
33368
66728
83621
71433
29238
97915
93508
11009
23954
10465
66844
74696
61521
59901
73531
70280
37008
39157
3869
38080
99176
93421
65141
11622
41683
4579
70694
96329
29251
51638
43683
88328
19625
95486
48672
84817
35234
9058
25664
32122
76386
3240
38136
12778
59862
89336
35026
77070
51156
212
77143
8634
64216
50801
46003
29486
66401
24439
40063
15912
56749
22476
72078
45094
93472
21847
66179
76097
37339
3674
65121
28225
21748
23640
3562
64324
61348
74481
25568
33871
58900
2597
31016
75376
1069
65954
1745
13312
38807
38978
23506
91221
94317
97566
35256
34297
98580
79818
4935
45929
67283
53700
83960
19547
67196
39628
22537
27004
19871
76657
68712
35396
66624
67157
95804
21709
62544
58006
16762
79199
25990
75783
77714
67135
6957
98078
67518
6739
17299
32077
74749
28373
5972
41620
68627
35628
39327
29386
25078
3456
55806
76409
48199
52536
72599
52560
71256
54977
87825
79052
82666
56687
35998
67653
37394
77028
62726
25628
56204
43346
98650
7962
57259
8604
99181
22537
6408
62767
43085
309
8706
69934
68013
54281
72216
2048
856
10646
26808
50247
49639
24128
19810
67766
64485
37897
15391
86687
484
71299
63537
1807
98689
41311
31239
57472
8865
9770
81467
19844
82954
28936
57874
10626
54074
9229
52840
37182
51612
76687
93677
40712
24462
45635
5749
36688
37874
43334
90524
87299
22971
67069
18420
15296
48975
32358
23717
82229
24805
70647
88437
62956
36399
91031
757
72873
94204
21197
4786
83126
80445
35437
46329
28138
12478
3195
69865
35244
86565
22785
27934
11638
56120
99774
76845
93282
76490
26753
16772
26720
3425
56137
27426
91233
54406
72182
13108
38045
67748
54870
33464
24521
383
26208
61220
86661
39756
12905
66110
40479
11775
80011
30844
13189
48721
87224
17263
96639
6627
39114
16611
38007
95578
26316
29513
24269
75563
5043
98598
99386
29865
29088
28571
32734
87456
16924
22922
82315
88251
41044
16986
86433
68637
2842
19563
14637
92283
41710
65117
47783
26786
19810
57866
81405
84021
69055
60078
57545
63526
23809
41743
12009
25343
2401
49529
40672
6171
31122
95802
70436
17611
56490
3114
65241
91408
10172
36605
82848
59276
89373
2849
43701
89818
65856
93823
36360
28897
82585
70889
36216
73380
24019
70017
50674
27211
81166
80159
39247
67749
58222
22853
23059
35806
89024
68620
6462
98862
32886
82689
11972
35061
63250
352
84756
94798
61834
99747
86746
78052
64494
9942
43717
88577
93319
50524
17918
16890
52497
10325
85238
18524
96494
6586
73250
49910
23101
921
17375
18470
10862
46529
91196
57502
83549
72656
73820
41559
96739
30519
82370
13980
79060
82945
78884
72326
4763
93294
49110
97510
26348
70712
30180
58931
56849
15183
38555
15518
74188
72742
76412
5782
57219
58319
86798
56980
91364
97634
35056
97913
62034
99031
77278
94187
11707
77228
43187
5018
32336
61461
40559
23948
53542
80374
96267
80220
47931
42541
82105
46372
14466
32883
60273
3640
30583
60242
90594
67362
33429
6792
5912
68486
16248
6844
46830
30965
93321
5007
68507
99579
94857
6269
89106
54061
61187
33757
98576
91283
2135
78640
3862
58090
22880
25913
602
92615
54712
37017
1710
40415
49324
36067
77930
38422
36145
7603
45161
54715
68709
6901
85792
43779
1084
79999
57003
60560
86673
66681
94774
34166
68982
52420
83315
20373
34569
66974
8034
45154
93743
86140
15002
85932
28366
86956
52229
57501
99247
15201
83872
67236
10063
35429
57275
89350
21535
26928
77769
40963
36154
49477
64436
11099
16554
56431
984
59529
89179
88612
27031
67000
98929
61283
88458
12749
60363
67056
43926
95557
27390
85153
75782
47746
31879
70916
15413
72771
19085
73164
78720
24882
64386
91244
57439
54295
92513
67733
52103
2032
69842
43219
27967
67823
51871
49487
13683
62308
3970
19094
570
81352
27644
84292
45718
88592
19882
46198
67445
65796
79777
41276
63931
20581
88200
99694
14258
25126
26940
63066
50523
79980
38056
56346
51679
89780
59987
22123
27176
37030
20315
48500
84009
9623
94744
94663
9451
82955
45325
11495
83239
44081
73857
60463
91804
48081
58968
1991
52854
52508
62724
59017
33862
2562
25758
38505
25872
32313
34523
11025
9020
49654
86360
43649
98894
91308
80899
17814
82482
21070
40155
17695
33907
43217
12752
15297
87396
19036
98845
91792
12949
57204
19786
46380
53951
5172
9034
23738
95531
79755
21684
69797
96439
18598
95509
51232
36600
64726
82732
64101
13773
28111
92664
40463
33888
2990
52815
97391
85334
76134
8447
45887
52495
29347
43552
24339
52589
95018
85236
11224
25930
81112
67994
68591
64391
23371
52008
61997
91256
79137
4791
43172
76076
76017
56565
94946
75836
47905
90332
16824
82011
21031
37146
58553
17131
62227
20738
72567
26353
63740
62813
73044
62171
98141
77214
75432
71619
51325
91252
88634
16225
92067
91798
93616
14258
35231
9898
69481
75865
73325
46045
51617
56320
22247
58203
11453
40113
34355
85029
48146
36707
23909
44910
79842
45720
30645
98056
1322
18898
61197
81806
73597
4426
53196
13510
23051
51214
96778
37172
65417
22415
80509
40280
13669
61247
55163
89161
45492
48059
60535
53982
9759
24746
38786
64433
26068
71177
9105
32594
46422
18069
48876
57784
56184
94268
3730
62403
56954
21274
89921
88973
18698
34444
85423
38468
34825
89103
46978
17028
56162
61910
95617
58965
78640
74647
14845
21306
50784
32546
96927
69090
66282
82340
12915
7860
26462
91462
52701
461
71323
56676
65004
29245
86513
51752
85515
95205
45630
2139
19953
18470
10929
82091
21767
12618
80312
28162
15324
80277
11211
30011
45673
4183
29874
78554
62938
47104
86261
92468
93445
94153
45974
68553
73834
87175
23064
81162
7100
67921
61624
78545
82282
9065
63262
68875
15799
9396
39477
46113
86403
47471
40258
77592
34645
9036
81482
5228
41195
42963
42359
11070
64042
82859
64661
67721
42385
15349
21066
5662
52106
73484
59573
96859
77504
43790
42833
14763
13230
94372
75748
21040
22317
90022
6245
11129
57109
45848
91871
22529
16345
80143
61612
40753
51582
73993
38805
35564
53632
85374
57798
11128
98218
16701
98282
1741
16660
46409
42416
61457
15455
80282
17714
97240
26998
95234
73198
1647
31346
28781
35073
22110
29488
68575
69697
23994
79390
40616
45362
15996
69109
31192
26971
47674
35527
35058
38551
57192
59816
98967
78444
17543
12711
42251
15474
58977
70870
35814
67983
5923
9514
78393
60910
92824
23405
78363
3038
61021
58829
50516
61296
72505
6693
45310
30595
51011
6622
32192
30017
72827
85609
36893
11998
40772
35113
59815
64197
33188
88343
13535
74118
5337
1158
41450
61911
79752
26939
11957
70972
49160
12901
39889
33027
52404
38577
7984
76740
79809
259
39896
82599
24917
64719
62440
53379
15191
70628
53087
51029
54514
75476
36814
80681
1030
34851
60589
48143
32180
59527
22714
65677
41896
98271
41836
77424
3528
35408
50143
70833
31517
20235
17409
25295
65863
30732
80473
8728
11158
22155
67916
49422
42878
74568
44537
82703
69064
88789
63244
20401
46109
21839
49246
65129
11269
60595
4378
33110
84051
6438
87224
21553
61062
26499
98067
26011
44665
83904
3819
84464
50175
41461
72763
13870
15480
46790
77222
72259
40696
12279
65734
82623
39998
70225
86020
71787
74493
89872
36455
78255
68820
84885
52538
16871
76190
39681
35915
80143
12803
28657
5089
49170
1369
10040
55711
96789
63057
57705
15900
94476
98962
65994
4421
99749
1282
279
2287
87343
10107
22977
67869
505
32044
75020
8008
90726
33850
18241
50381
37357
28535
91810
35033
57429
70473
20767
29227
77409
81789
61194
87452
61469
14602
85613
52366
96717
72152
60138
79726
52494
25641
27745
56016
25374
10279
24594
86254
62493
11889
11550
6173
41197
26961
97366
74156
86860
19521
1528
61569
48515
45160
91689
41796
56516
80277
25439
17068
10442
89387
21402
8956
39767
34314
13970
88601
14228
11632
89910
97179
97742
65552
72476
32321
19803
79844
99471
95887
29370
39489
89971
52335
98442
43068
12943
19314
1405
29154
98406
36653
44790
3694
13722
52504
23355
25389
87258
13166
4186
63385
16185
63660
91138
74747
61001
95592
67292
48046
43210
19487
44582
2280
5907
93287
1083
29009
6395
81825
86722
90292
92044
64747
53798
1296
89061
53283
40630
84306
31128
42869
16799
61408
19885
24557
26278
90726
11230
28410
35888
52223
60314
53027
35479
47502
20357
41483
3007
13730
17091
23092
94466
71181
99017
61469
64219
17233
8409
6307
17572
34894
66325
28395
63442
61542
88151
85678
77980
18213
39900
9257
97090
5408
97272
57850
37192
39560
38506
75335
99141
98346
55393
13860
85001
49419
9710
72905
81117
58900
43984
39366
69025
364
77381
86345
25262
57441
78665
38452
31321
41585
66519
78397
78110
48110
99177
17420
89834
9119
77220
88929
14626
29874
98906
33442
61522
22597
43610
81342
43096
36627
26470
65438
3866
8134
1882
93659
85233
26513
42504
91788
62461
33313
59166
94559
46180
14663
79501
87796
71363
55179
96748
42191
41339
10174
16733
64787
91818
99560
6079
90780
14512
76458
34669
30516
47282
13819
5545
86267
86723
93784
58318
26441
18572
43540
97372
6579
7973
14188
67677
10052
3617
55770
77890
28589
17170
72473
62919
67188
21761
81604
7210
38394
26824
87755
10223
55109
2536
52424
2459
80310
17953
47420
88436
71436
37638
8825
24496
24827
47279
19846
51215
58679
90947
45646
54219
67447
64696
66691
52094
32657
32840
74928
13254
27495
62817
55411
56153
42654
1466
58339
52000
20044
77824
32729
39490
91335
21392
80750
67442
15946
69063
7543
42721
21817
46834
2327
75124
36929
48901
10762
64016
51635
12169
22909
20669
79271
18743
3189
31790
26451
46778
10000
12115
66485
73721
42815
87594
85834
41348
9048
10877
1380
45203
81206
68625
26672
17099
64755
58548
60840
82266
61951
97317
84958
73369
31688
97168
91506
26620
59655
2370
11246
4005
57206
10369
29295
94954
28035
27435
12907
19628
3205
38456
22464
50993
20252
69628
27765
91998
4796
91791
96175
11073
39626
69661
86595
14332
29325
62146
26545
86199
31103
87427
73272
23333
88147
39477
69980
65607
14154
38003
93321
57095
80521
34396
79634
33537
63696
45244
96490
25835
13115
81175
4339
70673
41622
96594
82056
39624
57684
84395
88558
70968
2000
81305
19398
72602
47233
73406
49391
80622
52849
65743
74090
98111
68840
46338
63860
29948
77008
5432
43984
39357
87215
87304
177
70565
98287
58562
99491
84025
47847
60517
27094
34240
508
52927
56509
94834
25277
40209
21094
29575
25807
32934
82882
89822
93698
79930
25770
71203
98162
37353
64305
10830
90046
61049
61091
13465
78025
45313
35379
78429
46422
72556
87271
34158
30008
14217
74893
61930
80942
26088
53569
92347
75070
95367
95613
93616
40304
65003
72357
56721
57193
32618
52318
35131
37610
62497
66494
76154
49242
91963
26190
41348
75306
77492
77284
73195
83705
30553
78614
54622
77500
40229
46327
17268
68191
85734
93130
9487
41356
78116
48254
42589
61322
28522
94721
3801
8942
32263
37811
2564
99385
88911
70436
86041
30365
19198
12407
31090
69451
41908
86114
17156
81213
21734
94512
32664
11895
89716
85548
3764
29509
44912
51684
37208
65563
47830
44007
49361
63106
11256
53378
81340
20126
87829
44940
85584
23316
50538
89368
45416
75776
73701
36240
44633
93894
59267
7193
84147
96417
65455
72153
38863
12345
98189
31412
11506
6680
63995
69979
80913
1928
30610
73505
36932
36228
52137
90211
84575
3165
49663
66037
91870
36237
74629
8487
40337
77825
59557
83123
46101
51383
97681
8735
93146
97640
19566
99805
87434
45201
67660
47171
26415
69173
45076
48381
30632
74598
70530
58009
36243
54568
1941
69258
28035
68408
25395
51221
98385
89660
46489
11428
54924
4275
24676
95604
61419
16176
15551
73343
16646
11135
46627
93751
3048
33699
1091
79117
92779
79258
62619
10471
29696
96287
51184
83892
79637
83813
77549
49005
13025
8746
20129
32017
46291
1066
54741
26428
13318
90847
47297
56189
47199
43276
29602
63750
78427
51889
97795
93208
77722
58079
21966
65651
2264
837
74029
92724
64898
83337
35383
21904
78753
60534
60217
11490
26324
66300
92895
4400
46628
73110
58246
77514
38629
40839
39311
33166
4186
72070
46366
87612
30992
25757
40622
8536
56299
72327
4673
61276
39954
95224
13036
94459
60266
3124
98820
29830
34080
37852
12001
96278
63019
71661
1005
17283
54760
38378
28179
81397
70032
84568
24041
23794
66783
7627
83355
6214
5602
59135
70737
49217
50017
15405
19467
30209
47037
43999
77149
62249
98807
67317
91690
43928
97464
94101
18493
85419
63862
86473
30345
53644
5713
63434
51916
26134
65255
41988
22255
73355
46121
49982
92479
14649
39625
25376
40168
19808
30680
80051
15655
49805
47337
92615
63732
13743
98430
12289
60102
35001
31792
83451
61736
81743
39830
47430
82656
59529
32884
32956
70433
90686
51030
65835
32727
65047
23262
98019
4629
88426
52436
77982
91637
85028
49618
75773
62075
99813
49970
98337
49897
65113
25121
52091
32059
28720
69875
51425
1414
32701
29965
38832
53884
94696
77779
41378
99506
98735
62368
67603
86907
81500
41971
23870
15715
51107
61235
84532
22344
5440
52166
28338
50887
28168
50687
24199
73786
89273
89876
83134
11606
48303
8686
60122
57922
248
76649
25914
4323
17284
8946
17723
42330
79077
17391
42567
68313
4909
90406
12745
96172
11373
65997
96046
59035
57625
16396
14850
68080
2651
10570
8764
49160
9392
6012
21875
1262
37717
80699
78181
23557
81923
94349
89563
95786
19383
29905
91401
21681
26361
17271
61845
16506
93355
14382
9606
69623
92505
82902
62546
46236
21661
27436
79345
60567
96667
92
1870
71541
12831
45788
9130
79454
99369
5577
91902
6952
94921
83817
66269
13121
44458
90675
71217
3988
92363
87849
95392
32978
79110
67977
41462
53352
63904
47814
50528
41972
66456
75300
15182
90769
88945
85936
46759
29275
97313
29159
41389
62332
92241
2373
32039
51069
38027
77766
56830
26782
80380
9132
25403
31068
21759
96949
80067
98958
79723
11546
22251
97321
30251
64532
51055
70260
75202
75982
70579
73796
32859
97677
90228
94364
36636
62502
24725
21530
65844
55411
49072
36141
29663
16353
79633
3133
35067
13888
36547
25477
70400
37459
60541
92831
97138
62216
78559
26580
5183
86605
95205
42858
56355
70791
45182
21882
81242
98247
8463
96713
64524
79401
56890
42772
26559
84744
65618
10312
88903
15588
85087
30980
62624
15827
12606
91444
82583
20869
10113
31921
96564
75615
29080
28201
50891
91090
95461
67076
91116
92397
17673
69210
14344
84191
46858
87361
64093
32000
48647
50917
49683
9021
71027
20844
16580
77410
48800
29912
28886
33193
87323
64521
25756
65808
39970
52096
98598
97282
4386
64078
46312
86398
55852
35388
30868
87027
39565
1820
74457
43851
7653
67956
4056
88978
81663
68440
15157
13967
27208
13520
98028
33846
6273
67997
13559
85101
92095
48401
92260
35067
31678
67858
447
27940
5882
96784
9119
49235
7009
96303
85475
94780
8017
45235
14340
99717
36562
47790
57348
14050
60640
64084
75193
80361
92072
10569
1102
55266
29453
31873
36231
94834
75154
18295
21200
78644
84664
33781
1346
19977
11750
13038
81683
45379
63527
10071
57273
65326
68988
34216
28548
25994
66548
24535
65778
62247
76494
23963
8094
42931
64206
38604
72600
1542
65420
36547
93188
9346
28149
7477
10369
67869
54220
45903
77032
50619
86446
57328
96943
52844
42613
98211
63991
7867
45480
43015
30303
27164
93481
75796
18763
25196
49692
12363
78949
8539
61269
51037
48943
89711
9298
74105
66638
34461
61715
29637
32292
6616
20404
51404
97947
35017
47184
58726
37965
42451
94063
55779
79853
74791
46485
34143
22870
56958
56817
74992
27911
97025
73736
71369
69129
51479
15467
70382
27400
14716
68406
37606
39188
6011
47730
8962
22203
27028
91613
90757
49094
35641
53442
77918
32825
90956
34646
62042
85652
8506
44693
57365
56314
24288
15347
42642
46148
50901
35900
91339
34010
33794
80636
87288
65805
45746
80255
25695
78962
25479
54651
78190
89881
41360
88660
41585
72392
17278
60710
23824
84089
6953
99509
78654
39528
98527
19973
48019
79514
94131
87831
10069
3069
60632
29653
50878
88608
81106
71603
61020
3324
2115
59872
91303
69690
67949
60365
31255
46008
22572
22526
63357
29707
91083
88678
46097
16989
98280
73441
31976
70466
36489
76695
8825
3533
57613
37485
48791
92498
75775
1005
78872
3151
765
18314
67108
45426
70987
7683
12156
96192
47423
28280
22631
66903
94021
73077
99379
22179
35216
14192
94166
58309
20006
90185
33857
8979
32448
3446
8939
88860
73984
44862
11939
21239
3300
80346
63771
85757
49428
89263
97325
98986
37110
35533
76437
16284
80879
68766
38900
47412
63375
2909
67670
17076
59606
17743
42354
66239
83958
52924
44355
58701
81263
18686
97069
82540
45426
17128
33617
52929
19161
81985
10713
85324
11852
91778
19514
16803
55633
98938
75912
50299
84043
7459
31893
84407
58693
86017
84678
78029
54076
42512
66038
87963
28761
68983
63404
84787
18861
28136
43240
11113
35377
39618
92403
4352
84513
87005
25233
63875
40298
44978
59963
39584
94547
71424
78701
47742
90970
45535
90529
50498
44023
61503
12658
97830
39700
82863
41099
36378
12473
22743
12384
63204
65437
17890
19166
25563
5052
9646
22389
43528
85898
71068
28277
65687
7708
89714
87698
91120
74690
88886
64748
16203
24019
39910
67262
14122
43330
42874
94540
92655
14012
14639
1767
625
57040
36956
74877
92712
46558
99581
76252
67745
82664
59350
14110
67654
17142
53921
47193
84667
32833
64965
86858
51054
62312
93294
77512
18472
63911
71074
69784
19715
18280
70083
68009
33997
70426
26199
9717
21080
6599
21017
13710
22886
7425
80632
46470
83886
56974
63976
64234
46857
75764
94454
68475
15423
94447
90796
8703
70151
87159
66358
8362
8671
8714
81823
19617
85514
38213
18413
25030
27719
55202
59284
89259
92448
48884
4630
342
32081
95279
58412
88457
10988
12554
42423
16111
66159
73035
21712
29006
20982
38314
15792
68128
74211
27256
11038
95051
58379
98686
75971
46161
93875
69961
3566
96754
48767
5072
2752
74087
48953
98039
51449
90590
83590
41672
79022
16460
94932
3230
62866
84556
36175
17659
63909
74255
7418
97228
57463
1130
90279
90582
88909
5374
46307
92821
58646
97316
53686
38696
57496
63672
93867
35217
34924
16813
85014
88927
62159
69210
83135
363
31519
8234
5151
41161
45795
89129
84902
83801
22644
80859
23210
53601
23444
37835
64128
52974
64155
23864
98143
86587
26305
99677
42165
1951
97802
26871
63386
11261
71299
27949
30181
91026
74526
26185
83415
85402
56262
83632
5868
92802
94277
16392
17008
26879
79586
16503
72748
80987
14187
11158
2840
25457
34492
58966
18915
50304
23816
94446
71051
77989
88179
57531
60443
12247
9641
94513
23523
39842
88564
22464
9072
17691
72125
65863
21578
1832
31006
22094
68831
10640
27403
53453
44834
30371
38885
81351
7199
8243
25448
75500
49347
83779
40688
31406
96006
29781
84890
92103
90552
28366
64652
79502
27024
47904
18718
78081
43721
66893
19986
4342
20847
11100
77888
42690
67187
58331
47091
53509
51497
97944
59722
95766
40117
81681
45608
61945
1198
66932
18252
92887
30778
52571
130
40485
66805
9596
36793
86222
36554
26315
50956
15639
89212
3105
10632
63655
29474
73770
38971
11158
83440
32263
63457
90064
41155
85163
64561
49189
58790
39282
46827
44038
69977
77205
88183
74622
65405
51490
32252
47369
35111
15608
36850
33751
36199
41164
86266
95
20734
4615
66073
9350
96111
52574
56396
31977
29156
35249
99704
3113
90446
22436
78635
42633
76407
43925
43411
18700
76659
73121
75322
25306
86444
72298
54544
14931
80765
18954
37086
26359
10572
53632
12116
73405
86447
17661
64108
78724
80724
91670
58096
36876
46278
70164
41693
51352
50546
71192
58189
62064
20115
62188
51607
81294
22453
14358
91370
99762
80304
67188
70748
82059
38445
40217
49314
67225
75905
85857
57419
94235
17995
8963
3569
95501
71460
81244
9106
58824
3488
16403
78601
29598
98912
55973
73567
19613
44969
23221
88383
64485
31950
30015
3503
77227
3544
162
59804
26471
79519
74131
98268
15178
98007
99160
28549
55191
3057
66392
39528
41295
36434
73095
34419
97805
81788
1439
28862
63098
94856
80128
17377
99726
57309
62027
33400
89572
94195
50496
15588
61646
20750
86636
8228
32742
75599
69051
23379
34887
83409
33571
75172
57514
77572
97230
12087
61519
90797
20057
37105
20717
14468
15148
33903
79982
83903
77540
36813
46394
40653
23489
13613
59339
43795
82612
26894
21856
16220
94066
81527
85437
1460
53687
91890
74546
50404
32861
27690
63287
35782
44072
66215
72112
83107
71819
33185
13276
77476
1314
2312
42901
88615
56618
13239
89026
38178
13457
73967
41752
69895
44612
2531
35333
64642
98168
83352
50570
81434
27385
57559
69533
25699
51110
76250
86540
33978
67250
74042
8622
34915
45538
39446
95166
68175
36491
50553
80523
47658
8135
54131
29776
27671
44925
96655
69273
60241
65759
33485
48738
58983
9695
41018
32770
52003
85924
93005
10229
25081
15006
68229
65133
78731
14978
82445
65966
80824
96409
86219
99115
33428
1876
62363
92134
52189
79345
22982
89202
45838
61743
52449
88254
53530
40281
40378
50863
60428
79718
51134
68963
27712
12151
92717
63231
68025
63497
86652
13600
84662
46911
24842
13998
24114
70250
24003
80389
18617
43893
88380
31685
33662
36499
6912
4331
51613
77231
5559
46800
60107
89264
1095
24213
98400
77482
17644
28628
9909
56108
27098
94527
60616
4700
38103
2385
26021
95299
50712
25113
1142
68754
29516
84420
40040
25975
54469
82397
7185
21428
82790
52635
34851
98199
16146
16408
32640
43064
78431
54718
6810
59640
19907
57827
81677
75044
20173
73046
8545
20968
61431
58046
91727
29198
15680
84414
4618
51767
98706
44617
82530
30921
93233
33768
15479
56746
80871
48042
32477
39777
35364
71275
18725
19470
41756
74474
53732
80817
49677
72662
21510
95254
45643
3143
449
79590
66677
89183
30568
32807
58535
36854
25832
85684
70147
25432
48580
60328
4753
99005
36220
93312
34380
77467
69410
49358
50567
14186
37553
98650
30231
98782
15345
94685
39699
33705
61472
33928
89208
10657
45947
75967
661
62769
73094
297
36990
55208
97626
62177
59363
16209
65963
66801
3591
78480
69331
66318
95241
37178
99948
55262
84160
79603
39722
84444
45691
20329
28104
27378
26455
46972
98958
20841
9850
86302
29195
32995
42576
33560
98858
25703
40105
26889
58470
39481
14225
35757
29745
63442
81122
94416
50678
84649
59145
78869
46991
65742
28958
26683
68911
62743
28979
80407
99883
22418
62820
53176
81772
65944
92460
32735
74274
88433
97387
27288
19737
29600
16345
40624
91641
54575
77611
29378
15691
81225
34148
52306
51928
54694
93495
59110
23687
66585
14225
18541
17596
12858
48404
38319
56888
19642
47346
4974
93034
77893
91582
80702
6711
24171
45476
16347
81334
15674
9695
88891
12538
88675
8484
40976
5994
99869
35273
2010
31605
5803
73339
70594
21748
70602
56975
2041
29153
16412
50607
70031
9085
90610
71634
93471
99074
8438
29645
32819
5728
82826
97328
2403
78478
82320
93118
26335
57551
22981
90942
4198
28591
31636
61162
25043
93743
11058
58474
28940
46982
39694
91370
15807
66019
35448
61014
41036
30447
60776
95339
63087
1285
29529
63575
50258
71721
5155
3302
4139
23932
58089
33370
17357
84283
55233
20845
67801
73139
81100
69927
89112
47468
4523
9038
33244
51575
69176
41650
13677
82046
96696
58421
56111
67478
84934
13298
71570
47657
55709
15810
30986
9709
53387
21084
31700
5772
89521
79109
66786
11078
38948
72120
2412
83677
40033
32491
85291
88161
10791
18901
84352
42754
17727
79685
84439
39862
98446
13318
48977
20037
13265
14299
54496
14313
61985
92937
19483
8654
17268
59351
98736
68762
82771
60383
91946
62660
55586
67866
75453
50777
83750
14587
88116
21645
37300
59052
12164
61427
928
95360
21758
54949
45896
25822
92078
52508
9257
64758
47346
38594
35823
49478
16302
81667
67989
76732
77803
22668
85469
12416
24421
27175
75711
59673
23999
98457
78509
10277
88490
3499
41132
37953
77364
85657
5013
66708
93570
33728
44832
81381
4765
49289
98600
68949
2292
87619
86895
5670
35969
65803
51731
9351
85356
4925
33558
16935
44376
78818
67091
32444
91681
39985
4978
29764
89779
39326
29977
46897
6755
33813
42878
98229
96823
45270
81424
68241
44989
62904
15398
58710
56718
99937
17753
31723
97211
86769
49413
30677
2824
44790
56042
32071
36834
95
4178
34275
4499
88624
82319
19671
2192
45237
29147
48594
47366
97477
31241
20067
98757
37019
84616
92805
25663
46565
165
54644
83012
92513
14014
8935
31649
16167
93498
88759
80873
92140
51256
41583
14717
79521
59399
4603
95733
90145
5354
49206
61085
98321
11835
36383
27793
30692
14950
5967
11042
44728
56352
84716
10838
47734
40137
23300
98915
70329
58606
90472
72292
85071
1731
88836
32526
12681
49861
91360
12132
54281
18660
78694
4087
58809
54080
74277
20932
15923
82405
48882
94288
64575
79118
43524
77124
89875
60096
27975
23591
25374
66118
89025
74079
18626
41685
6231
96588
82980
21109
19133
71587
39448
10616
25054
72542
11010
41142
33967
34394
828
48064
57083
97310
83086
37356
58224
22513
73482
96883
59194
63335
23310
61130
90515
35543
18955
17137
60755
90511
54092
18605
32539
92260
93917
28482
25085
52229
41223
39142
85044
32975
98668
76982
33049
11051
72900
75047
36171
52527
35670
55096
98389
21657
74892
5977
76675
42563
47696
1163
52149
76143
75649
24694
23241
54201
670
96750
2002
97999
37423
58491
51678
24125
76641
76608
6124
83746
7821
47783
41601
85922
80671
41570
3189
70485
49794
24425
82851
47180
74708
68458
24231
58377
40204
1691
62377
17437
24293
68115
5371
53371
55598
99878
16691
18823
9333
482
68842
91537
30215
99389
92174
89535
72766
91440
23178
41999
18336
19829
91874
72700
72925
50238
86085
67385
852
70119
35265
21020
32251
54020
26925
22112
5378
62675
71238
44252
58347
30228
4951
45121
94909
90351
76243
94739
43706
76486
20718
2015
22738
35347
58225
59657
50936
14336
57039
51237
90828
52942
55458
5981
48090
15828
83009
66114
89624
18541
84074
78686
47145
77314
41396
79941
91139
53387
79010
20494
11023
81776
21770
32724
38870
56153
65228
13959
76252
16315
44589
93131
82084
84826
72002
50750
98255
47265
8620
90430
62157
7763
10095
17037
54411
66617
55175
46511
96125
42500
72309
34621
33599
41037
75479
7622
45977
14830
38943
45529
65340
29748
68779
21413
76656
9828
77250
57562
82947
99349
31902
99647
1025
60815
33636
21799
46733
3236
15627
21157
30670
74206
50891
47680
70686
69626
89389
74773
49492
43124
13260
36950
88122
68254
61829
69685
57453
90754
60409
74278
73928
14436
15084
45315
36219
65759
91968
62179
82373
94190
73011
75134
36648
79854
69194
40692
30982
65541
77864
70317
24669
40254
36065
48979
39120
65087
22797
50459
4088
91837
61591
45188
83290
38568
6647
79578
93597
22926
80435
38071
56768
9364
84387
89967
85165
48484
41920
37561
75415
7632
29729
79495
92157
64872
43719
62582
29018
85697
80570
45617
56449
1377
85979
70897
65517
23588
79927
51331
14501
95281
5063
34285
99015
50726
35227
82307
70937
16945
21095
51170
94610
40581
78315
26160
75001
67892
24558
28145
23618
66650
17404
43938
38361
37111
33333
85544
19507
35923
56181
7710
39413
59459
98041
81199
15406
12491
8536
40852
1946
93969
81181
55864
92272
60314
76188
99526
13084
8693
54691
98907
80821
43380
43637
86179
69344
59036
55903
69989
75195
97677
96824
73897
48912
81041
45013
89321
19665
71959
63001
81818
379
40697
62792
95737
38649
88788
41894
62949
3547
81009
43332
64143
53375
57176
70325
74003
37935
93559
38809
2979
7703
19264
65559
3688
50022
21822
86850
69113
75708
30626
15116
54212
90451
94017
99605
38801
74080
10072
47105
77375
67356
95524
53863
2078
50793
46466
10589
22617
31967
23642
5368
40976
34375
23185
87430
38536
52118
9497
51558
80325
11669
43602
71536
75350
70779
46067
92155
85424
64300
37946
99180
39503
72598
93439
94766
16131
28820
57890
52647
27590
65753
89694
29714
86099
4764
40551
88200
53576
71407
85760
75046
10319
18743
65965
56501
18311
77700
17165
78674
97401
90338
72914
60332
42093
86658
55110
61487
55409
4357
49797
67679
13223
73212
19300
40684
18335
18657
67100
27737
495
1993
12253
70753
31152
53355
67630
9579
60870
2807
56935
33341
49509
21439
78436
52340
30846
64861
87547
2318
24269
90282
6935
33534
77891
7549
73108
20414
81489
79122
32249
80195
77795
20900
19465
55168
7813
57776
65221
55832
89321
27079
10950
22980
95272
39775
5234
58869
87108
4233
20480
3766
74001
24742
27881
36784
82957
43708
44660
9212
81033
26628
23184
8474
23435
21598
55571
8271
47731
77639
25811
51667
97055
30523
4979
23807
66715
92103
88687
7551
10720
44219
12313
88155
86319
22646
99458
99366
86611
53286
75619
61700
89207
89559
11277
16332
55447
93399
46448
63774
32111
14001
66124
97765
30590
36003
92977
9701
89330
62868
45789
50539
16762
68520
24487
65283
42957
77362
23783
92852
53762
45994
42755
22866
395
33804
65183
51459
12252
52629
20238
30612
89837
86180
69055
67683
25666
11011
21266
78198
80472
71691
48235
88620
30205
20517
50463
83191
94842
92822
18625
35714
50470
98244
51568
24096
82072
29021
99337
22554
50839
5211
15004
20255
3369
24145
52722
66324
23092
1693
50855
66257
51510
38114
25762
60766
65622
81662
62065
63700
390
87706
531
91268
50905
96968
19230
59716
40946
50119
75315
685
85961
49571
25695
97357
56059
33015
51713
25760
39687
44140
45025
24890
55147
98301
22815
90538
20228
7
87885
69291
89615
2845
33599
92978
48738
40065
94744
86896
934
52977
79482
52526
21348
24394
50584
54068
65387
88193
50057
48460
15539
4328
39640
99574
79945
79481
67355
72024
89166
35440
7538
17308
80316
70690
75983
36315
97454
31731
39728
17538
47941
18797
58588
82648
74054
64263
70101
47879
96641
72246
51779
89711
81431
40221
96853
24976
97540
97551
76224
70938
92965
93728
81686
76766
26452
9647
75538
30750
57115
1862
36884
5169
5734
46269
33848
28612
18026
11455
20030
26398
8213
56186
70344
9224
40749
87325
76987
23816
98073
23640
24538
94977
11777
46062
23096
52958
2871
75901
62621
69235
70195
6714
14460
86262
24033
96115
94440
88209
12781
46720
86074
35889
47710
58363
70260
29723
20388
38618
42791
63843
22970
49601
25644
56820
220
88713
34183
12203
79963
14225
49178
28334
53149
62293
91157
71254
42506
86779
48572
65124
73260
97896
34000
41495
23579
86041
78309
70906
88833
22422
67836
3752
12022
50847
87733
3943
43643
26608
162
2399
66937
55428
39267
22736
60984
95254
98610
33901
17971
37260
91426
73237
60133
45862
99255
98892
40232
40031
50349
24876
62004
57276
52567
9731
8772
32933
41107
12275
71200
7235
11470
65383
44403
9636
35606
65639
67967
73859
55513
24685
16969
54800
77705
58409
88908
6393
4641
39849
41408
84197
76124
97207
7674
15854
31932
54627
11638
24524
5904
48601
40097
31651
3404
5073
48095
50042
61859
38888
18134
80079
30496
52630
91595
10461
90954
3789
4405
93022
33843
90040
52816
52687
86265
29156
64940
22899
86479
18340
32364
44966
36049
2419
93272
50127
28800
12336
50025
35447
77125
50619
1655
72181
86073
53647
8166
76063
67935
9166
87251
19526
77222
2093
80801
2951
48694
1770
97656
33746
2591
10782
96571
50996
35707
90890
24716
44844
30744
36157
20929
55363
30868
28333
3394
88126
20489
64415
49287
62054
480
11816
26447
15347
33295
46954
52164
63596
25743
1300
86773
53594
843
15139
88262
17224
10120
28251
3712
87878
99194
75353
4126
77819
48142
90571
83725
26212
17407
48282
56248
3458
9073
39136
81640
27812
10406
37263
56218
58136
45354
46251
91832
36458
32379
18490
86337
49646
23456
78602
16009
35285
72235
7556
79496
10706
42677
61410
77865
84856
28352
48615
74321
86690
10937
97030
70525
27632
81357
399
32817
24598
23561
71053
60727
89727
56504
23279
25764
76781
74714
73507
12686
18627
30067
31150
3995
95494
41632
46336
30149
10323
89212
83102
22842
69705
60578
76191
80526
14967
75301
58175
57383
81786
40858
19875
65749
40989
74843
52490
43037
5401
28636
88033
66629
70121
14125
16649
44994
38456
85832
35290
17636
71282
27139
58138
89939
13402
20070
2705
3952
24855
80209
36961
53848
69509
83220
825
15752
42645
45692
81658
95314
47476
26763
60013
25213
12832
68606
95374
88137
16948
51126
78317
84495
98766
49290
27890
29150
33508
5285
63985
20443
26785
36463
13144
81649
64653
95610
91907
8134
27285
32062
89244
38145
79028
78351
87381
52451
33330
19758
70511
92884
13793
27953
92610
96636
81717
59693
22646
69146
40179
79916
36354
43811
34717
59595
98627
25463
72685
35818
27989
79242
27282
44945
6460
15325
37611
17773
39038
8437
109
77495
71885
44037
51454
40845
4982
36022
64280
97904
38162
28806
51812
52741
28028
4405
61412
56441
30172
57385
47993
6730
5024
74191
32011
77804
8523
46400
7007
89811
94172
14211
11174
84145
91450
90689
29906
94128
42759
43841
26260
70601
38866
14228
36916
40564
97167
34369
49415
18479
30151
68636
48034
46075
76198
84403
48933
13035
51335
63100
70842
29
81541
14115
21361
51065
42615
72191
3677
75752
77198
22467
83786
71119
26592
27571
41485
24001
26440
28588
77621
42277
53397
4525
85497
82263
26968
60420
43714
43343
15555
18843
92314
62956
78680
44237
8816
87483
13960
13798
52157
24258
94954
69050
94285
35922
62633
52412
27427
41731
84641
46369
7907
29398
73855
49677
92669
83198
1559
9949
56778
72389
33909
49034
12891
76495
69602
49086
3112
33720
85570
6779
53036
77148
50035
82222
68653
59827
6775
17336
87483
87087
60631
18677
85044
38468
67366
44552
51769
43764
40637
50824
91025
74308
16705
74068
72428
75543
60889
96099
53435
98813
86673
99735
52617
18188
73482
97359
45929
83832
39063
41036
41618
92989
88453
64922
43881
74993
44127
32259
15091
66251
95481
46094
57049
43086
73458
17996
5630
92600
59725
9330
28230
45169
84907
12937
18730
98755
45753
67067
42607
69619
30345
51080
94814
661
67168
95462
81686
71739
19193
5728
66817
27535
21888
73472
32024
508
49274
78043
83734
5675
82668
91818
51352
21329
7832
24945
7257
669
66727
65483
60852
67964
36344
54404
2294
91807
7277
1748
96148
27697
37173
24527
70033
17071
37670
90435
34695
71940
58174
94556
2084
49845
2294
33895
77700
62007
21126
23139
59998
55677
29135
83661
11227
62051
88373
56526
49941
11302
63277
73507
95781
25060
69888
94324
982
18616
28203
71878
8704
26848
13844
9320
210
13698
97214
59952
65851
97296
79651
32452
84107
48061
82119
29553
46459
20238
77422
72670
91447
26601
70371
73335
34806
14428
86223
83786
24247
68988
58094
40281
37064
72272
27217
1742
39754
72228
39808
68111
54824
71919
71730
95554
41788
57868
95443
18270
2346
61879
36513
24211
55790
43598
18794
56287
94210
87181
24992
3479
93783
28437
11415
70432
29253
46613
37534
42011
22909
66919
73358
81342
7267
14246
5864
54949
65418
81212
23773
53292
8091
80708
58184
81193
9627
34786
99003
73138
31259
81654
34139
56801
36386
92088
49976
84309
2260
70834
33878
4844
26746
49571
49989
24796
43487
56828
69112
73301
51214
65331
74823
40311
92586
30502
81327
17787
48977
73848
93738
51779
49277
29655
63105
78619
85642
69869
14981
72484
56345
53829
13371
18908
1601
54935
56305
45529
58385
43900
58419
3506
56995
25168
14006
7326
1146
41557
19167
4706
93041
96076
8323
1139
28163
68437
18400
21563
44024
50870
58524
82453
70429
28553
79440
35890
27261
49800
34747
95888
14626
77882
99577
20356
4631
3575
72625
86042
7173
72562
19729
18598
15073
37358
53638
36395
63740
62844
66670
84995
83828
22091
8521
99853
79389
75476
24417
49975
45149
75369
96736
8131
26917
82463
75313
59130
89736
64852
26535
44667
81674
31527
80200
88060
54347
6982
39714
67397
12677
35955
58041
53799
25330
7156
73002
77074
55884
20376
38541
42308
25191
75192
64303
55386
47915
5355
49898
64502
48351
34990
69881
20227
22488
97715
13680
67422
82494
67214
50805
50773
62488
63169
76803
27087
5287
1435
98218
13022
62068
55489
57346
66594
86907
39944
815
47912
82986
58951
449
84767
36414
7870
50451
13362
3519
92393
89670
23650
93073
88918
23420
22613
34585
62614
85783
79451
13231
51474
73404
35101
49900
75450
20315
80472
42740
31508
44043
78963
82527
97644
94528
51971
41737
24885
25178
28489
45002
93330
37333
10418
89942
17481
62810
63025
2295
57751
53682
52524
92458
85713
98412
61980
12107
70305
61952
40740
3279
2629
5160
8531
30771
94026
60297
51446
75682
58315
27387
19578
80703
13034
61865
16828
68618
4145
29404
30095
42883
89202
34545
39402
54282
81196
49285
62630
32005
39953
57613
90455
70311
48798
70955
29006
25482
9337
56241
46361
35584
65346
1056
59557
75444
77099
30296
69601
71006
87803
82585
99622
134
83046
20984
5359
98446
4599
46191
23070
81083
25694
65750
26281
29987
54898
35324
45687
71607
92076
6857
35302
44806
3483
64057
29557
53028
61243
7727
20087
87032
81416
7221
41439
87162
14593
89261
82763
45074
5772
56812
42989
51438
40564
89672
22807
19107
23975
3457
29992
70276
98708
20210
64964
81820
55514
13621
90963
70162
34867
63143
78029
45219
16601
62371
79606
25401
80615
14077
15636
10244
46732
38029
39911
57315
50402
58066
94456
75577
82569
42804
64196
16122
61962
91845
85922
47446
68057
90997
3228
64724
30062
77180
72613
50186
60896
82012
12620
34246
38641
30717
62484
83343
24727
41034
86401
90335
79034
93209
70007
94285
33067
28343
68594
24170
73284
81647
60506
97187
93711
25767
53678
33349
35455
27697
33697
30392
27013
47942
58239
52489
70801
83554
65084
4411
30138
70857
32964
79717
3893
48153
11977
88470
64974
17458
28989
17393
22427
32653
71187
72871
75691
15265
38485
8827
58272
50979
3433
43902
10874
53879
57293
82531
10574
36314
95652
59794
82618
3997
536
59910
51009
35107
3671
31066
16327
13247
75818
62704
97228
5523
80157
85938
6720
52396
60110
51426
27606
60214
57521
43778
91040
54835
25474
86337
21321
9503
88610
34478
34249
82489
86257
25813
55823
47080
98028
92930
88268
30141
16728
65413
46548
91106
78394
62525
70540
39234
91444
30726
82410
55041
36807
94442
63028
32677
16245
63445
3141
12608
21423
52368
96659
4917
37781
58238
44286
63458
72280
4723
82011
15564
89653
54741
84848
78395
67388
3732
87607
12632
51013
83923
79676
47724
43699
22745
1891
37438
39415
22131
21335
44359
33628
2067
88818
77300
93559
75364
321
60640
87279
83149
25028
31796
19652
20412
72399
82906
32547
70162
90231
17002
92290
88262
71622
36606
51666
72103
2088
55470
64466
59586
804
75854
1790
69217
62970
26384
54667
41062
44898
53341
54593
9738
30129
83029
88548
83021
55970
57856
67325
14280
62380
21370
61511
41769
24471
33510
95608
73160
9506
40275
22775
6140
22812
87655
99383
69102
47584
8999
59828
68086
43715
99750
55693
10140
23891
1085
86053
48435
50417
18286
96435
77086
77290
84261
13321
49504
35025
68892
90736
43148
64789
5861
52414
10329
50387
94600
93710
56014
28534
9699
18964
34112
29913
44375
36285
23251
35278
52858
7384
20743
45495
71158
2338
78347
89958
37654
92400
85139
8312
31640
73010
89111
68092
65581
10436
46134
6221
17947
79622
85005
55047
94475
4096
88177
45938
87528
37543
44647
42309
87874
17354
67526
25957
70369
48932
72572
95582
8842
62255
34117
9410
18510
57575
87578
39186
42588
69110
85035
82520
31241
66213
90075
22469
95686
70749
54076
75077
9922
19290
41275
2333
82738
90750
54862
84415
62911
50810
51071
2360
1260
94128
36059
74989
14345
60133
47416
84188
16242
98969
73060
79816
12152
96568
50684
22163
42179
95010
51391
6247
81464
27437
1648
81984
54194
30777
90983
73553
98027
93465
99887
64189
35815
51490
95928
31516
79080
68941
57184
46048
47687
95253
94769
42150
91078
8064
29995
17295
29875
32665
60472
33397
43246
70997
56994
48322
39251
94024
99060
4522
17180
8993
44829
98239
63674
48896
56021
42242
35391
77441
71595
1816
49026
72146
33195
85644
55318
85695
12187
90195
87107
26397
6741
56433
14928
68669
75703
88298
83859
90077
79138
29470
50803
65079
35605
549
79275
5342
63723
54489
46165
33178
4207
40526
11668
18183
86052
31129
20045
40921
48232
17324
4118
66554
17358
96956
82512
651
42800
88951
55631
75448
89726
10581
17882
63614
96607
90743
41365
52236
48920
66472
17283
63722
8771
62644
82713
44244
52755
57752
68859
84455
83434
66347
72206
86427
56891
8309
41234
34149
76474
42159
13409
97214
62261
9621
62985
20050
88314
4512
68959
16825
51220
87809
93113
71080
47384
67704
26393
98876
63687
46257
76167
39428
12005
58955
43198
72207
74237
18558
54446
46551
36911
26943
48127
90819
7465
56397
48655
26590
40416
98976
76906
50970
39823
13756
20867
51500
30988
89492
27369
91648
56302
40835
8856
12979
24556
31074
91669
65645
79445
7167
30220
906
28072
9785
92942
27775
56498
68933
76576
51804
50302
38392
40205
82361
25716
64959
46054
33026
57893
82601
12433
50641
26350
12229
99766
28184
41942
92236
37495
7906
25199
25367
12770
80746
46709
83408
58335
18655
79046
29156
57670
60696
96408
37267
88782
19062
50867
63760
88012
19574
76575
10608
85445
77813
68680
7808
95939
9100
12347
93602
87662
85345
73689
29392
56801
33914
19473
40102
26697
87893
37777
89203
46879
39406
25084
45212
24410
64528
42422
92436
95132
986
68269
37247
77848
30428
71819
41762
11013
73816
86451
14121
9070
14272
27902
10575
47614
16339
420
82538
45840
11814
94758
66434
37605
72112
2551
83627
35694
13367
68594
28490
47920
44367
31684
25044
93773
61111
66401
91932
27792
72263
23482
92231
78221
74988
4909
76887
93935
63926
37849
52382
64503
52758
87216
86547
1300
15874
72489
8480
35173
79790
64441
75914
1942
71557
66400
35617
40208
41435
76141
19758
81403
38250
78913
99745
80005
33232
57917
3263
3389
38270
63795
18033
70329
42408
46631
3674
61638
47434
38816
95840
33055
23105
50618
97823
80830
55659
66815
99848
3806
45613
99365
42419
38428
89444
38371
98426
43496
60865
67279
13582
73040
95273
45862
36046
70290
59367
64045
57545
92289
32403
96566
93090
22988
84961
33359
61446
42525
81298
79016
66819
64210
68435
49805
96522
35791
31603
30996
86739
34215
58656
60467
68816
42513
75695
65477
80690
13339
32285
72062
56258
24622
75364
58168
18646
7962
26660
29139
26031
80285
4702
43899
26779
5814
86061
13006
63490
54968
78155
71294
95134
71551
45973
13446
8616
1551
46990
60509
72716
26496
3585
31893
52518
6969
92937
52296
12616
34829
44624
78790
27639
18008
27194
82957
20324
95627
67520
92969
50643
57763
25921
3068
34297
2736
5493
31206
21059
81021
83021
46906
47968
1523
5083
39092
44974
95296
31263
20222
15826
87860
83989
91874
35316
91311
68731
13354
79469
44542
55355
63579
51644
28898
10355
62017
22444
74046
39045
19046
21262
88555
37838
71077
86973
94735
70261
54674
95769
7311
78771
9422
57183
79167
23707
84916
6245
46031
52716
5870
21178
99088
2754
54917
3670
96049
6142
35518
69518
36340
350
4328
54663
72334
73850
76223
38433
29921
39793
94965
13759
38252
90573
51347
5555
62471
64550
54273
8896
48030
10395
48564
45120
81171
71723
52279
89393
37356
5967
90537
457
19261
72627
65392
68284
77087
6019
41322
74116
52066
12265
39887
40962
77664
62636
18756
42904
63537
60890
13365
42386
70417
49586
4351
4018
87638
31579
17423
27378
78157
37460
80202
89849
13330
20924
18654
773
61804
78419
87668
1893
40112
7112
91611
86383
90806
97671
36951
67575
82038
61248
16757
34007
83285
73219
1296
79431
13263
64514
43255
3103
34928
55070
21498
44851
28217
85751
74072
34930
17306
51405
40555
10302
67832
97693
38760
93369
2935
43147
53859
51510
96440
92040
62293
93922
65690
63149
75127
32377
61066
25425
45474
32232
31605
24192
65278
29365
11243
69388
97270
57324
35461
27618
38584
47945
52415
76656
73651
85466
1352
11651
42518
37789
30391
18401
97116
60243
63587
76972
22770
90053
47066
80324
13985
4868
17794
7860
54761
90249
59784
12990
68646
67832
78027
39436
53272
11829
83425
97160
26200
95636
18357
97020
62017
8832
89196
23391
2511
41736
24851
98879
45140
29845
11412
97577
86460
24828
25668
34060
93094
49584
23638
88147
83004
29681
20231
12446
67245
29004
15956
56007
81882
83300
52673
14230
3388
89511
24329
19162
63683
42371
84611
92990
70784
78403
11602
54894
58622
49507
78073
50718
43034
48096
63671
48051
21795
17754
93477
64744
98491
75614
69251
15376
21270
65257
88779
69280
73502
40169
57046
58762
69662
64594
95481
78660
90672
41894
11720
47632
16934
27495
73158
5416
33420
90282
1543
62643
85659
59489
58083
37507
9692
57789
92085
6078
66818
86271
60577
1672
29624
8357
49934
36511
83612
46142
33003
24087
55091
13959
78160
19131
98626
8184
10989
13392
5159
83102
88747
64992
93216
84545
55089
78012
3186
85154
50031
31653
45990
14404
24535
17431
11949
67967
28679
14662
34298
40565
47039
97160
44778
11437
76650
87117
84897
32274
52656
81202
92504
65253
47093
94487
49832
62586
55121
68071
55959
91332
89256
96738
20990
44839
23463
12772
31417
30632
78212
58708
71678
64357
72100
71513
8844
8006
1263
55350
90506
85715
19387
75587
68789
81060
57390
79979
54050
11375
76035
1525
15206
43366
75188
42982
26301
32099
21972
11053
51288
71320
83877
10538
39730
85691
7447
56889
45513
28106
96247
22743
47380
8619
76432
37816
13735
91569
19239
87583
64747
3166
85227
90802
51744
31561
53429
70921
75946
80577
97762
2693
98071
9450
27636
21665
37724
84892
95666
73348
74155
35216
55048
21792
43881
14067
13284
60107
48266
77129
54614
63942
56569
35960
72806
49165
33123
92676
811
13219
21387
81647
10146
49325
10005
71132
52444
19751
29197
25614
63329
81124
66564
13027
69727
49499
51382
77017
57737
3304
66116
70742
63086
87216
28363
43568
7939
17153
31286
55622
38500
33887
13401
78822
93757
26374
83330
2437
88411
3394
26470
6025
99428
65188
44571
19966
40350
10211
69563
79635
57049
83290
85159
52902
16727
91060
98062
63969
2530
90411
59084
85285
40133
18364
46602
32676
22132
53917
19502
16193
48723
14908
51787
42933
94731
55187
4032
57137
78581
48609
89743
46861
20152
46594
76078
95898
87087
12400
7852
41999
45184
31803
50624
86920
75522
90595
35649
67646
30310
28045
82693
72304
48107
94995
5162
28139
20210
70187
15656
96187
17283
85084
47723
8338
20122
84468
88300
84741
18580
34115
54671
23334
81747
17179
54923
58443
9
4675
9060
808
41492
3384
39122
16481
94572
66580
27169
28706
25887
32764
34589
51474
14303
5621
9599
39267
64569
84244
85669
30822
48608
36958
75858
73536
40574
42209
58789
2863
72257
97434
49814
80388
17145
13794
12544
68028
68000
28720
65903
45323
80422
73373
40943
15284
8278
92651
4480
22308
53941
56880
74563
11070
2333
64328
86239
50765
56966
46008
63616
1431
49504
64736
55900
11570
92849
3160
65502
72564
32717
75401
10037
85342
34043
812
86637
92360
29732
9315
74154
45916
71072
65687
58462
48317
59708
6443
12260
86907
89141
84136
22165
46668
28479
61366
19926
51268
30540
90360
46110
77223
44531
96612
60241
48719
13371
40218
20659
86734
70212
27930
23974
57053
64429
44866
34313
68626
87516
65485
34750
68460
12481
496
48974
78601
45879
19741
52613
62959
96105
91306
97654
48736
5873
1953
7850
86351
97449
88257
17494
37615
29292
19601
84578
71031
51962
77332
20191
94836
86928
11809
42070
24111
70010
28236
4101
23462
44445
80331
75453
59924
48732
28179
29358
74632
77630
84070
71442
55469
36617
5466
56618
479
64749
76592
11493
44133
44819
26072
70886
31400
26788
11992
52017
57500
81482
96983
16273
52904
44555
65000
43173
1010
63306
80262
20451
92909
11107
51241
29197
74275
55388
9777
64361
63698
72263
31666
68187
23517
78737
16987
35623
51147
44520
23015
95566
43041
40648
17730
54746
68558
77353
27533
91319
23877
63087
78588
14698
32129
98916
42693
54358
19366
32108
62093
72644
22546
57079
91604
55336
8892
37906
15665
99635
93038
4253
40858
260
71568
22070
87430
24663
22119
54339
74841
25302
58955
48738
78691
47946
35040
45279
48886
17444
38510
21378
52625
39467
80166
12104
57435
54958
32708
68661
42798
85563
52718
83265
11308
88178
8534
29955
7667
41358
30731
89318
88422
11840
5657
26837
32115
36391
6823
38860
43664
67313
8672
86242
8147
71694
73790
82981
38688
19382
51317
42124
61833
20885
69423
47562
89235
93166
53197
37178
7001
70448
49859
12466
71806
2368
53248
82422
62392
6419
32984
63498
64671
9274
34460
78261
83751
81408
1468
73411
71558
74172
99286
69678
14322
7862
23464
98593
58441
47009
29291
85067
46489
60383
1123
22716
86758
94776
25761
46864
80285
36358
20551
59678
63261
95940
70506
89911
25621
44237
68060
87690
58790
43136
71170
7164
15266
5938
96247
84238
54643
46760
40333
96927
39486
79425
58915
30960
28090
91160
39024
15134
55184
3562
46904
74597
43746
25790
38560
19191
85980
833
60941
17578
47553
67180
64632
89267
25578
27663
2037
31583
47590
21723
53250
83092
5162
23165
81067
42535
6560
18291
47671
1904
66940
5628
37167
1127
32011
32235
20602
44091
48051
41924
94035
58420
10436
26316
36498
20052
79363
9829
20809
20428
17976
98425
2133
88371
4153
28959
8114
55643
88292
66428
40045
24392
82083
1042
21983
12289
33689
69699
12003
18808
48107
13843
72420
35222
52060
26147
50537
73457
3515
32931
34470
11055
80084
47029
65864
1492
78343
97999
20241
91855
12505
84349
42794
50833
21720
30065
24140
92992
64864
40909
81622
27460
5865
92133
4466
13301
26112
93141
77159
96036
43913
81795
95359
54251
31959
76795
76462
87443
25489
76136
79482
32807
3142
77967
83804
83911
65007
61593
61766
91847
91848
86131
20990
24586
66975
29204
39669
58913
14049
42889
85764
63778
66764
30135
28226
94610
12583
55931
96160
65245
68962
18900
70019
99110
16192
53615
34884
17003
11534
85481
58345
99567
68662
80788
3901
64087
65175
4195
22281
51553
84318
67165
99655
62066
75699
41886
76266
55385
96901
45784
79287
98879
67624
23627
70600
40472
47419
84691
79146
60619
34947
35147
96091
77294
31938
31299
86603
6379
86235
10113
39999
16188
20847
88604
1784
27213
21433
22947
17507
82735
17185
1568
71367
96289
26427
70351
63061
32501
84535
11584
32338
80986
90163
72693
67505
26453
87891
50516
63887
30426
70906
43720
77985
93240
96457
92139
9704
99356
4847
91682
85714
44897
98295
47563
15618
37058
6165
37497
82911
93191
76756
68543
54726
35435
55543
6814
31424
43800
23595
27068
38557
71103
41680
54498
1609
47947
11392
39298
37121
49325
70332
25169
25154
20799
14458
44326
35281
33799
20014
16392
84062
78946
1756
17780
52199
74457
71588
16690
31233
8981
49589
35607
15963
17764
24765
89749
12980
94827
37775
51594
47208
39860
49328
23248
44910
83889
99400
18002
51838
954
64833
24907
56640
78623
74397
63286
74799
43416
33113
29974
54287
11096
11228
54158
81998
85089
24173
90251
62047
21765
62110
65826
77703
6609
60548
76780
20166
85898
68958
70035
38444
62661
60824
70453
79994
35583
30248
4881
80450
89219
8327
56529
68154
66526
14675
9680
58043
10404
84640
70939
31387
1500
10557
14790
44015
61815
35527
20363
83360
39193
66511
94273
94010
90385
59100
22364
91391
73393
10678
4368
85967
56760
13011
17137
81570
16317
7804
90945
9087
79447
69393
96228
77122
74764
60966
66322
91300
11496
41501
86783
16372
12551
67065
26009
96073
34515
51510
23476
32091
26667
14555
28597
36604
40038
93903
61018
28128
87092
66592
30474
42970
96805
24627
40194
65043
68584
18257
49878
73881
79308
10243
65097
43503
62790
12188
70353
89279
44446
60996
18502
49188
81462
7683
62313
8376
18907
45748
59888
32852
44456
28918
7413
12669
61877
61831
56721
11049
91990
42664
98152
23357
17132
94002
37750
1353
63824
4813
71832
24933
71129
83497
62601
47493
19259
49594
84555
33638
18694
22325
14155
67963
47866
32371
71409
20845
48705
28588
23861
71902
99765
64544
70447
40889
60471
98287
10609
37233
37541
97924
2527
65991
94294
44095
92121
69156
52078
24347
54306
26105
37856
26356
96101
34556
37750
75720
96953
62873
29275
65295
65343
51316
28267
36519
65676
42039
34879
38321
93498
92677
84662
10740
14832
88878
82962
49965
91741
4151
5317
92276
82608
29029
63157
47170
66127
6758
94558
63070
62294
17338
46549
91188
96678
41844
96546
68295
14311
66456
90329
29857
67124
82649
69945
83697
5025
3064
57
49636
6045
69811
2384
90528
1966
40183
99995
71799
83581
63116
21072
23328
20216
78759
88384
13718
3472
67017
15127
84552
45442
12340
11396
36247
2817
18001
26741
93667
53878
27416
57123
88088
87840
54703
9151
2900
7593
26903
40038
21924
39871
67570
33658
78815
33517
58411
7882
96397
23619
33348
2687
39020
4458
95228
57383
13815
82
53500
43069
20307
28300
85960
51262
45294
33916
17108
79824
26354
94081
69819
70071
92130
47640
98948
8733
20502
99906
53611
25314
78802
55964
95073
53684
83637
24709
65053
82322
27597
58494
21755
50657
61068
19136
74853
77291
62401
97967
96536
35701
52254
1209
54166
35475
3135
80856
71179
52900
69322
10960
50328
55235
39588
5508
16609
85970
42271
81545
49076
66831
65602
65300
48966
85962
57598
4834
76461
58034
94713
43430
30617
87046
14813
22251
97470
20824
4831
27532
19788
20732
11857
12460
6381
16457
67845
58857
88197
32918
94297
21718
38899
62803
80536
47351
52888
71706
9750
2026
12174
22330
99597
67327
57462
27365
62406
64612
25007
70435
40081
75545
69052
62773
37199
76959
6646
79070
75949
38954
11125
59201
17033
40085
48531
11874
77625
81846
58014
37389
69930
58995
83683
93459
53961
12073
54968
3697
60019
13126
79754
68035
71173
28050
91868
62864
40467
33281
44387
88347
71720
98125
12305
55333
82811
77639
11915
26536
78219
22368
22792
94684
87795
15827
8291
14537
52656
52897
68772
78257
99817
10638
26655
112
68278
33396
85005
97673
24297
63619
79779
18559
22715
88625
91863
81416
82567
25364
84534
18017
82853
10568
26025
8919
12458
10049
94815
26154
82159
15743
16695
11480
60389
13996
78706
98586
29031
85872
52075
86655
49416
58719
1365
48847
23200
59872
80166
50492
4143
34932
22729
58479
20718
23200
34195
74789
56778
85360
3286
91686
55973
5280
69103
83267
79630
85756
9641
79171
83841
9593
36298
31444
6469
53317
25225
28671
54262
96357
15647
19748
69994
22795
27579
66755
24612
26828
44248
4933
92731
57962
4552
46027
77732
59814
63086
3802
43204
77102
25348
51366
78133
24529
54747
37091
46852
86133
51227
2496
29193
92879
43506
93513
35357
85564
29369
74513
2725
56880
97975
72440
6789
81633
92062
16143
35825
85377
59245
93595
63413
29227
96925
4904
97516
21737
28689
33082
73516
91139
45199
68570
19115
34534
86870
32199
11782
15068
44576
99686
10066
13468
59550
11445
99114
4831
96708
34211
35661
24951
55018
78448
83349
27466
7577
70243
1954
20444
33441
54867
27184
56667
29478
96203
72959
62561
69516
58274
26684
40913
65066
3084
13267
97512
75316
75252
17163
64552
92863
75051
56429
7126
14828
94367
33889
41715
37251
3419
47635
97369
16829
48187
50619
23367
69474
51642
49107
8100
58233
89641
19437
59216
99080
43289
11108
9109
35467
89265
9467
74390
6151
54114
16391
12316
88776
77945
97324
62415
11746
33418
28210
99307
10802
87513
98703
23104
46576
20663
99206
15992
88605
51960
98136
90321
60117
37668
46293
4515
77202
33607
92248
53900
97509
59282
69968
34327
96053
94407
39320
84381
30571
60741
2985
83099
83466
17477
91418
34200
24721
73388
62443
34186
71332
97778
15834
30017
7791
38422
37595
15388
91924
32912
14975
85862
18142
54904
79559
65224
43559
17998
50116
18557
35560
34077
1434
24186
52107
3198
28319
36070
26031
57496
60566
57436
97460
1083
44206
3440
59484
67158
70061
76924
694
44459
36778
60224
98729
75664
2823
36357
80904
24796
47023
7512
74395
3185
87663
55320
23658
36658
36780
84949
52676
33594
55105
99230
40404
71126
64331
24566
36620
66516
42168
84129
10000
24721
32585
50480
47735
25415
13744
38795
28152
21243
25037
47916
94504
3253
15212
7737
68621
89790
67887
79852
62580
86383
30093
52387
42740
44819
15874
18220
48975
49928
41210
58337
36381
28690
11231
91183
3260
36922
63866
6464
99491
58122
81101
83668
39000
37577
68288
22261
32129
19503
85804
28073
27254
20428
68076
85619
87955
78032
17116
51271
54297
75120
69101
56713
90822
51966
24104
55598
97275
52859
20608
28879
34970
25377
9100
17692
37733
30856
72570
37466
52761
5489
56571
92177
12944
73383
95983
44372
66749
41010
1948
96411
3362
2084
48426
97876
43044
16862
80488
9726
93548
83837
762
31397
88027
78284
79944
49128
19834
54379
57568
90750
49763
84493
70220
70697
39315
9234
37426
19698
24064
76712
89874
94055
87227
51021
95137
78744
21747
35213
5217
68434
49733
90786
98672
78186
30906
5429
35374
29793
20752
36954
48461
12609
61863
12846
8405
74816
12565
43136
85318
54779
5871
1962
14022
1538
73148
12454
86425
93849
38355
95706
47009
17220
30563
8748
913
27523
22172
31049
5862
26574
92446
9314
85785
69631
47082
79880
19818
95610
59102
88326
1686
82087
79119
87446
50676
12224
48747
44351
78473
5020
78894
64186
97166
80445
27789
34131
15616
68022
22223
14172
71896
78240
47870
73598
16642
12291
87912
32082
62388
63877
40176
52450
33723
15617
47056
3600
87497
81710
48267
78904
15823
94116
54328
95070
28479
59193
9127
60574
9847
31505
36680
34311
72945
68266
62392
69962
45107
73482
60536
31368
1926
91915
61116
3485
3585
68725
42833
80677
20626
69322
24990
16845
53763
24640
62838
55337
49286
83896
75529
19486
153
22747
26895
98358
63103
8030
75606
1038
42822
42216
46538
18567
7995
54029
125
36635
84262
2175
9094
15529
41027
81935
459
25332
37047
19526
64201
418
2821
37547
92355
53181
40685
7630
78441
41889
15525
26414
61123
80120
11780
14579
25365
71375
46974
70082
62693
47086
73105
60521
81654
64011
73867
96896
83542
64594
79267
23130
22960
12163
20228
41502
75492
73858
91820
72059
90268
86979
93338
15763
59072
42466
45675
47652
47872
32211
25938
87063
74259
56307
32257
89824
44991
812
29036
43947
65766
43267
11355
54892
20783
84661
5561
13525
76416
51923
94465
38943
6316
19477
73665
67218
24406
97790
98754
68988
41835
57540
68628
17717
73646
48569
80176
84263
63318
97050
65670
42980
77749
7345
31185
37784
51053
9674
11941
69898
12753
26339
10943
95360
76540
84271
20196
43474
95784
20994
51711
99060
36955
55313
62660
76775
48162
37678
31139
55550
83305
17961
89124
72689
64515
36060
84283
57365
82143
99262
85566
58198
96837
29600
19554
33838
13891
21707
40993
86118
65472
57642
68964
47474
56164
83099
9448
86778
63823
7425
79348
49583
74349
42782
56974
5954
47530
77601
23537
80260
99249
76317
63370
76388
66230
81189
77585
62428
30415
39760
94035
44678
95210
69236
74604
35436
68082
23087
23119
30566
40995
25607
54210
32501
42313
39976
10533
41606
73
91569
65050
19326
98995
9076
62328
2890
22964
61027
22196
76833
28918
92337
50007
40039
84859
6356
79473
11797
42296
97653
97033
73827
78971
91924
76142
82961
56833
19889
87081
88103
81756
7845
89248
64618
26126
62358
37553
80020
17066
8012
97603
61959
25659
58464
89641
77185
62839
63884
26157
80894
47046
40355
50623
69329
95932
60482
76676
89965
49444
69347
31342
53090
95344
23079
23000
43832
10977
90305
85776
18726
69602
28099
62620
66162
84933
77215
93433
19946
13057
12160
80860
38769
16940
55962
91093
46963
73201
43694
92460
80286
83525
60258
99064
88971
15076
32722
77324
3995
37421
11114
6833
12121
20283
24647
18063
56944
14765
71064
89449
47157
74253
95401
36658
88986
19119
91022
90791
59354
16882
70625
88972
24482
43608
29927
9826
13103
44483
89735
35998
67155
59599
92267
96947
2667
16274
19253
66144
17631
7222
25948
99119
84733
355
21259
32496
1408
87233
15593
95819
43172
46640
43170
39157
25671
7081
17314
60661
74282
18407
49175
64183
43558
85960
89333
81204
49667
4768
47721
24915
53054
30846
56529
92971
36439
66645
65679
69741
48943
86687
42900
12140
85468
58735
6769
16074
54552
50210
34822
42041
94183
12450
99295
73248
79268
95934
52516
64653
13673
21557
86358
67030
26682
27069
94483
71046
63978
60342
53837
99462
46450
20204
1402
13009
29083
17770
48528
44178
23667
91488
41068
77660
82316
47228
79786
1365
34923
56881
64018
63436
94835
55999
87506
81169
8416
15282
69008
13582
4853
7400
82907
36769
15228
52226
50698
74749
6497
60917
85939
69592
78905
48859
98958
89234
29437
76761
58193
9683
26123
51365
22062
64725
56122
51400
98513
62209
2915
33176
272
8032
55829
9704
80551
27037
71250
75603
10612
75123
34625
9486
53254
53969
12322
88575
98320
13983
90465
7443
64516
85840
82213
21136
14239
3409
28148
91815
22898
47651
40668
39315
50664
71383
3610
69441
39361
11459
38946
29861
76426
41899
4582
27912
21059
10282
98769
85347
2014
82693
18533
78123
14361
17109
16544
82624
92812
54559
3908
10173
54068
82898
18538
92030
3642
71647
79015
86573
99435
84497
61173
85925
89499
31902
19668
29405
48719
62037
29218
40616
39778
69187
36601
96278
85398
94603
59528
87528
34025
15956
81162
89862
33428
27559
70949
26293
42661
88618
86751
65251
19866
81253
48903
18274
43333
61771
45672
45724
94194
38274
47056
28817
99104
42526
55894
91817
77299
17919
33659
16429
98171
68288
95898
50288
5275
96245
2086
29354
5010
32240
78060
2848
80967
75262
3426
69381
15077
19669
96521
220
78797
1179
9774
37433
93490
57854
63299
19217
32813
38536
14583
12173
81635
67247
90567
6396
9556
56396
89311
36630
8912
36570
87856
34910
86959
51948
7349
64556
41787
37454
92866
25823
61491
61954
94144
27528
29342
99062
63238
59309
5407
21342
30278
2263
61159
40159
90336
24085
91268
69046
66971
64110
97155
3976
89100
9366
10044
80255
32865
90744
40001
71065
45739
19383
58383
72661
2229
74128
20541
26635
63883
61284
49214
64792
26933
65359
51738
82009
51379
32929
54611
14953
19296
88589
82411
90008
24226
36079
28023
21996
71425
94831
54124
54349
2640
94018
23964
9645
34880
64585
49120
98231
6978
43479
21667
23571
28573
80936
97536
69640
89318
76386
18437
29996
40487
41757
94415
3333
57680
3063
30810
43895
99345
88928
86808
94652
38852
97633
46814
64984
98594
9239
30323
9121
78129
74678
75146
19461
68621
81659
392
95957
44377
87467
75863
65988
56431
75396
32823
2435
38406
99700
47847
40648
2078
13587
72787
92765
14782
79651
64639
98455
90095
70045
74470
39257
46344
56579
7337
20004
98655
74117
96051
75824
18964
65827
20971
16441
9397
15207
89379
77893
51654
12751
5312
56230
91410
37012
79940
52888
8757
45843
45305
89161
31499
78671
23757
78880
63988
86585
51159
45854
59448
11768
79006
75982
55693
58458
59888
16476
66745
42574
74345
31750
79158
97726
98304
397
27423
16955
27109
62790
79092
16763
49592
25224
2572
14247
25887
18490
80711
21729
31437
80946
13636
71287
33776
3349
39631
96844
40164
68843
75579
26686
30346
92880
77630
93381
70341
19382
16150
54232
92265
47529
8930
13882
62703
54712
20644
62263
66909
80358
1826
44754
96736
7331
95317
27773
20767
46004
55433
26711
6807
38166
44797
35980
66786
90089
27465
9736
30059
88333
7606
94041
84568
32213
62669
59663
76553
93107
93878
3723
72928
87658
72057
48344
6381
74130
32783
76429
83601
42908
39951
2004
82767
53688
84138
10081
65132
2778
39044
96327
1537
29700
76130
82007
38717
38513
7860
17469
80455
65438
55904
72924
29788
88785
35479
1982
38493
12498
36368
59088
89728
23199
38700
6820
88222
93938
20098
59103
7153
36249
58353
61667
54261
80078
71773
45571
76324
20955
56916
96708
14629
70711
85187
72281
88005
92161
64862
92815
25763
79933
85223
88776
43501
34840
76443
60516
88609
95976
94128
68808
55533
42800
91569
46675
21783
35481
71828
16950
6728
9595
95327
88423
54605
34882
54300
52091
66305
47926
93638
43286
75749
38175
57850
56118
3106
27972
20947
1621
42429
27736
43274
69255
2038
81304
17030
84262
79901
7066
35317
77200
13311
74558
4528
54449
22770
56403
59492
85340
71381
5961
22858
28983
94141
78670
55933
51981
35995
96441
72113
64996
57205
58868
31013
58474
63795
48374
65838
28953
82492
61091
58530
76044
44370
83116
85220
61294
39937
83810
12960
37678
13527
85842
36593
34521
66443
79119
21388
30785
38509
75015
38765
70117
62356
44314
33540
78093
99743
30426
82012
95708
89207
51835
44611
45268
86792
34244
40041
62728
77816
72673
17369
38289
217
14203
18937
64530
33950
54064
98397
3100
58714
37007
15521
74297
94044
12316
64674
18041
17460
69384
87898
81439
8947
92811
59863
19969
27364
76365
97886
68278
43753
82851
64247
64778
60367
89690
41547
98197
78952
44031
81679
9127
55007
47003
74310
23116
91285
92785
22107
60982
69544
84626
89091
23962
20508
75398
11685
15279
52965
17919
65113
7994
82843
65946
18782
79197
33879
28465
16029
79833
55555
45476
4689
63178
40383
76707
65845
56361
80665
19460
40345
62341
71963
17938
54844
71375
39473
69590
81014
88083
7282
1459
62769
55748
47686
12614
95732
94391
72482
1318
65110
79786
84593
47173
53775
15337
37320
44012
5575
75924
3567
90760
40361
32635
59666
16020
87226
74820
98536
87830
22395
57055
26640
40279
25567
98119
59323
83653
60713
9121
40320
91950
97466
46244
37152
52462
79118
67500
87233
40528
54212
89540
73639
10197
39658
58975
93145
55505
77782
30178
16211
88357
66857
13269
8652
49361
37050
29612
17466
58764
52667
2626
80313
35328
56554
90309
50956
9825
53115
19363
32955
41424
42301
3025
86409
28731
57974
61204
50000
78850
91283
14008
47030
61545
41600
65662
58312
68860
88702
66203
5244
30703
1714
16008
53093
2517
94221
47261
94959
58374
76507
86378
89650
83934
74931
51208
38371
26002
84520
17378
7656
2311
48561
49712
10284
67697
43322
917
84159
77857
1670
20131
20142
32217
12478
34831
60379
22430
88194
63438
45218
65156
80063
41734
88513
74221
17295
58430
95771
93722
98068
38512
7717
99271
32038
60910
86465
16835
39094
96714
28148
97656
8674
64984
51693
20207
97601
45150
21937
75632
17877
11138
45319
63075
21094
7046
5466
45863
19844
13066
76785
84982
72383
89664
40518
13974
4249
71687
30597
82882
40649
7885
40677
63548
23356
82209
44233
47809
49614
55475
81692
52898
41418
84855
56580
55784
2677
41576
15728
79137
98412
66507
6762
46776
1978
96149
83402
95055
63828
84757
76569
45467
16975
77196
63249
62337
19143
5724
39851
14382
7714
42290
93302
95590
27570
5483
26145
42194
37688
70542
92791
64402
11874
30119
86886
91619
11776
73228
7715
98073
80363
29273
76091
94083
43170
27861
94362
45022
31160
62919
32444
87057
55903
71848
52794
28574
67815
46255
27868
55101
49380
30590
84935
83437
13346
66129
45579
45355
82227
1541
77633
50653
56664
90534
99950
30369
84805
72755
56212
52317
13302
58765
96027
21653
46766
36994
21009
45679
72153
98886
93178
44555
83820
4821
89419
93566
66942
16630
35808
33460
23739
72476
5134
10686
41392
17500
11061
40749
34572
58129
39851
76474
36853
49781
47266
498
64612
77312
26854
31420
14065
83312
83997
73600
93572
81813
80281
70330
47328
81510
52265
90880
45049
36255
37342
72951
4357
90477
43216
18860
67260
96212
56138
32100
59015
25875
11153
60888
94887
740
24133
84218
43064
87503
12355
77641
69731
26546
65476
75159
7123
73590
23517
57749
56646
50598
54100
23980
92930
71142
96022
16879
75763
50278
15028
68958
95387
94494
3992
34462
49727
22382
57559
79231
94475
95843
2436
29975
24889
66597
92312
13139
45261
77184
33788
53449
30412
98122
6595
53078
10409
47421
39407
95602
9227
73603
33988
30661
74606
80936
26840
85251
32733
70344
12427
7765
13381
22810
44824
36713
758
73013
77143
96249
29771
22283
84470
60226
33782
76932
58176
61549
94916
15488
40997
13040
61357
71701
79136
70097
82514
20977
42420
99025
8062
80076
44952
17664
76900
96500
10806
1296
2136
23585
86761
98207
12979
60181
96224
56969
5936
83160
71514
58749
59298
20252
25251
30495
6789
41550
52996
25351
5598
10660
21965
29949
48941
96881
2809
58130
43918
4731
62818
69698
32819
48429
61433
70498
36765
18348
39918
1218
18099
84624
25172
79823
83183
5937
76372
73360
6805
70116
91680
21517
947
66280
29884
33301
12578
28029
45771
69767
31282
42058
36035
54059
81555
44861
91607
18867
12879
15584
52024
87031
49902
43462
61040
82529
82730
36934
35245
79856
71417
69925
36664
99197
6817
84011
67318
45553
11281
41590
36388
19870
43287
95648
47335
42948
94382
9105
54348
48414
57395
95425
26720
62284
81536
88383
87199
72877
94771
94200
2501
10074
76785
81059
81621
86562
75726
52612
86193
76191
62229
56660
81836
72823
30829
24452
32648
75068
24724
12981
62461
61145
60794
35612
52728
41048
87590
34234
71218
70455
13334
8894
64942
16115
49734
57444
32618
53316
88857
49773
77856
61324
35331
14243
2487
341
52994
81934
12402
82941
37997
36298
19484
48112
166
22579
4318
71014
10625
98317
9187
2671
42805
16975
20638
47414
85252
77704
38385
70548
62542
42218
34175
68135
76322
88893
66959
49800
39405
25272
49079
59722
20352
736
70547
42294
35344
21174
93584
8453
98393
62783
14077
72258
26963
67759
57633
766
41087
8023
4600
18815
52047
94568
99924
80005
65824
54357
94283
20756
10425
3943
26983
30944
27927
67110
33647
43878
51444
11577
14333
14441
18299
16706
70100
83700
71673
60033
45675
87251
88050
74015
37015
80295
37199
28984
28210
47828
76492
49539
61432
83549
51339
24253
37412
46169
85754
778
62681
91862
45634
29102
85710
5596
89626
71885
19853
31913
76095
640
69063
5734
26339
39835
11979
71477
45103
63323
54802
83010
396
98351
65848
30313
82355
13776
99748
98623
47775
90129
65789
30985
10691
30804
2013
44039
33564
14280
20040
81858
22019
21786
49026
90104
17703
81298
57100
95183
26674
59257
54021
15998
94299
32876
64701
4760
81562
53969
29291
62460
97215
35842
30575
33935
81733
36541
79026
95057
86643
78813
99199
50853
89845
24861
82222
59099
75203
70907
80166
89767
88206
86533
86561
96195
62508
91932
76734
45502
64727
69727
15134
33412
51829
94493
25386
33896
4302
18049
74002
62712
2469
19717
91398
1338
71903
16281
77089
33110
42646
70195
39334
11331
45249
12519
52130
81727
52396
9875
66508
35011
39244
64059
23431
55246
27249
64813
75074
61003
41262
20597
90667
16591
67179
23628
91604
1956
16436
78642
33260
10600
59124
24255
95865
91499
69012
27200
1126
6618
65268
39733
4916
82524
63316
58189
60706
16994
89882
55995
48317
48803
98550
34591
43522
89368
37476
25538
10879
14950
12805
81310
13295
2271
61902
39417
59122
26278
22569
38299
16905
6021
78282
57897
93692
4905
26180
13304
25454
42359
40629
8349
98433
93246
35173
39687
61131
91784
40684
18964
95722
16623
69013
45668
52292
30378
39527
97136
14481
96514
15210
78273
14246
77766
47816
4730
11326
5885
94675
95894
48019
73085
18194
35396
24274
57804
33899
24070
77185
97792
29947
65213
72876
81003
63508
92832
51966
22036
4676
8215
82478
44081
53174
22282
44739
77416
64886
65623
39874
41834
3417
35316
72516
82375
49858
29285
19829
20782
75421
60026
20625
41604
42664
40835
14041
97285
14005
19940
84299
70160
16594
73380
99250
41244
41193
55830
60379
74654
78622
69857
24907
14680
74228
71188
54817
27167
1498
50035
92506
75952
19207
14531
33718
97054
8742
75758
12887
45515
80941
12863
56316
68938
37490
50557
62929
45452
68687
4002
42416
39365
30109
20571
41693
71903
19716
29764
16196
17585
35705
67047
38581
31532
59604
44025
38103
47280
63117
85428
33610
58214
63038
56060
88382
57034
6660
31767
17872
29745
70665
88312
7661
89889
32186
12017
39205
2242
19827
34994
86511
3341
43304
27443
91773
91397
51736
72116
53452
90315
93921
75674
12781
16041
95293
75474
97056
29727
34727
67510
22648
12811
45071
23992
80556
1661
7819
21880
94515
13455
33119
62378
77309
71627
61940
50915
99811
4347
55063
97628
82743
63443
98717
59980
88525
63318
74929
89549
86049
10338
54750
47635
91640
82927
65331
64026
39179
65290
86807
32362
78762
32566
96029
75355
13675
4228
88520
7057
2628
59630
97347
48823
69540
15665
42778
60418
29404
70010
83055
78543
91960
51231
88214
9746
22648
61744
61467
57793
61086
30691
13967
70356
48829
63894
57484
80564
35445
43954
66774
16565
45116
71507
18589
54733
81850
69634
28533
99141
75185
35735
55060
84586
52580
86017
63279
77171
75103
32915
21331
50157
24178
64727
25644
38205
1690
6663
90491
7809
69652
79724
23001
56525
38675
61107
38341
61846
63071
6059
4253
215
35143
42816
28882
84442
78760
85098
58141
4858
38081
86996
46922
71395
28965
73830
10958
33184
80088
31701
53062
9900
63581
87651
59585
62041
19778
28204
61420
4876
81680
39523
72211
42399
79538
61847
39973
576
67849
77772
58610
33877
13878
38582
83334
90405
87989
89844
3322
5153
18817
35712
29740
81105
4946
27726
32482
99904
90056
60587
18437
92755
50800
35887
1526
52621
70478
73808
83764
907
63576
53018
98637
33099
5961
85187
97992
92027
7938
11494
11464
37447
63965
56
61463
54593
34016
3275
18543
71652
24255
28897
65326
92355
12339
28251
75070
43067
67767
35504
41231
15974
42320
63027
89176
55402
43510
18021
84896
60564
74286
3124
22997
12775
53500
82026
83583
63835
42143
90611
2729
82780
39484
35839
9772
54500
4957
4136
21734
50565
2454
55615
56396
68591
36696
53788
80733
77888
95297
84557
87197
79810
69398
6594
63989
93023
58458
55012
10655
27073
86924
59885
50231
76613
31818
53856
55298
78680
95404
42480
77095
73590
11662
12968
5803
73421
57284
31761
96139
72976
78798
54544
43337
1681
38995
42674
29931
38834
78316
85034
56759
84994
98435
93069
6226
59754
19557
3787
76197
54755
42784
13177
22704
55248
20507
66866
27969
2387
50452
43517
53110
33688
1233
28442
43965
27693
69022
73397
90451
12962
61769
4662
96512
44281
2441
50599
83950
67428
45014
97781
63075
53454
75351
32642
57371
35614
45621
82444
79059
79493
87805
24114
3946
22824
39120
96332
51412
26955
63459
62105
53684
42710
15940
3216
94500
38915
97097
41150
17971
58345
29635
26318
83133
97925
86266
97993
61326
33204
80947
33629
61030
1605
91691
59886
79969
15054
77293
12109
57731
97875
95599
39212
99606
38520
81370
41485
36757
34252
67840
92933
26535
54051
24156
43030
27716
14912
97555
67976
46470
13971
38050
70982
75907
62961
91952
48341
21373
4738
62353
58693
65783
87480
3527
55642
62146
58284
61217
39776
66984
41409
49149
63532
45667
19812
87158
12158
56168
17062
9706
52433
19315
60451
77072
94449
73042
55602
82475
7668
55976
76512
92114
99837
84576
87223
35932
78339
46402
57589
10871
33738
84133
51177
63618
64369
55336
15991
78948
62911
25786
42417
73481
68801
29849
54928
54614
84473
62502
25389
18662
23790
99946
64645
92164
35265
82566
9130
15794
77362
55199
42298
52889
89371
65009
15481
72908
142
40993
4402
97693
27959
7935
14621
38938
23975
64861
36206
93829
45827
23021
22089
21513
78225
57391
28292
73205
96037
9619
93666
55707
32397
93373
28748
74759
23602
89939
24256
30314
50569
71725
23559
97358
93080
35822
50717
73358
5196
67270
79959
53251
53916
80604
28755
30811
2810
10321
83228
561
21390
67653
71915
72604
98142
3898
76710
77791
94794
52389
83735
76320
15171
33200
50417
37365
69800
76032
89118
9321
49322
13720
62418
33902
97012
23947
48744
5421
57126
79624
60405
59182
33349
86713
52286
85397
13390
57000
45196
91308
29131
81857
63624
79878
22600
33830
33142
26727
7490
66871
74786
93281
91268
97645
65071
20913
80374
75783
70921
21715
59061
76833
55880
14944
70314
55045
94363
19257
72904
77926
32430
89940
86495
135
83577
79240
19582
77430
39505
58223
34069
43837
65257
25903
19955
33092
84826
72935
31832
24505
29621
56761
53011
8853
48176
97668
11143
86518
14423
26017
81082
28943
39423
48193
571
83855
42416
28134
42857
32592
93222
83406
23800
83790
52641
72887
50193
99631
29918
66132
36357
38082
97223
89860
74711
98368
22836
21734
41014
88429
14495
8347
85782
61819
90403
72995
91921
61951
10111
32943
53279
72948
20421
97733
44462
72704
19292
80749
12676
86719
79807
43370
63700
61016
18855
74257
13258
14902
55606
67960
49073
97284
61842
18357
42529
13188
24630
81145
71319
56785
12601
89129
51260
35346
12362
52285
82463
83390
95007
52705
10791
28289
41785
28337
68652
72151
84757
17745
90964
45735
51765
66944
15276
11146
54975
38851
67277
90929
41341
78611
61154
84344
9364
56963
98504
52111
82400
41957
67762
24018
40539
36263
72196
70750
8524
84440
1766
29290
52189
78217
44551
12812
96738
89305
13475
96972
5143
29075
81024
65082
46958
62709
82847
951
6635
39067
87872
79549
84874
37298
71285
14603
36210
52460
66746
75746
95083
53570
21813
48217
90714
31892
54598
39015
90897
66911
25468
91238
73999
35870
89944
26171
92540
33145
21739
36440
3716
8988
47916
26626
61646
98476
6081
23624
3660
97649
88920
40657
45472
67192
78213
46878
53801
4452
12885
6619
80354
62360
42177
87711
18746
55272
2809
52259
56440
21520
45801
68786
41452
72546
49991
90932
56172
38848
28733
95950
33197
75731
90720
60894
90642
95792
13454
56401
68072
75408
4833
68965
24903
23736
66644
86712
1249
23887
58862
5849
86739
10393
27256
91517
62084
99819
13290
9035
60532
1675
29050
1156
47811
22859
19332
20889
53296
35361
58485
77705
98446
83662
40123
51851
63490
27287
66008
99897
26707
66186
25554
14077
36976
59621
40179
80423
62862
2116
68673
73124
55575
27533
25820
92170
18115
66782
23132
27381
72260
37540
28015
83245
85736
66584
3512
99157
76596
1648
19591
42380
823
47878
33419
7670
60957
16057
73437
88277
5659
52416
88368
3092
9085
65034
94912
8770
71352
93903
86228
10785
94502
99772
61422
35549
86036
60466
88052
58735
76923
10277
44398
90544
58736
40690
29158
93108
96192
7183
7269
44212
13225
40811
13492
91579
17714
89182
84277
64648
87097
4287
56990
74661
47811
92025
95562
1481
43349
12280
75955
27180
54724
93212
8950
81160
83187
32972
93316
17305
40116
47625
85015
3206
18709
23212
49116
23226
32299
46288
20403
17180
19897
20865
68779
48408
17470
48510
38252
78934
72159
94501
78139
52949
73941
86500
32324
42645
44748
44351
61007
59222
93422
64447
28246
76965
22206
59590
90146
49278
47308
18921
88948
80648
35928
82395
58356
39657
23144
40228
92237
37871
25697
70150
38785
857
23020
86098
863
3877
50089
79322
95397
8661
74299
64618
52487
39243
46333
97637
56071
66436
24139
59371
11098
87644
76982
8093
12826
16715
7552
65712
53927
46718
36761
71498
39165
67421
72889
45298
10428
18482
11262
78712
16149
53535
28016
33523
82117
86780
10893
86771
37665
21250
22
13052
74746
36372
13035
71354
63114
52490
2868
27346
62852
54409
66775
12771
21891
92306
84306
38898
74328
50574
12954
93382
30682
80909
26912
47918
21706
57005
79633
54550
4702
6250
72660
46909
32580
81744
33728
80485
65614
81725
1168
71803
32862
42796
43462
35466
18342
49435
95793
85759
60865
2429
20279
55747
8037
66116
4001
60542
28595
77324
63440
27461
34023
77491
52930
40104
47436
57837
68759
46490
39579
50985
98529
28715
39377
30798
270
67391
49271
1260
28227
16522
11247
61789
289
23928
73877
3342
58087
85740
78958
49330
92039
91914
38252
26552
38394
42363
56596
82775
77310
40476
86156
61589
65375
59808
34439
30253
81700
97616
11468
899
78537
1736
24995
83877
80179
95142
72736
30351
31687
38854
6918
48085
11798
79153
27709
46510
17017
49036
66532
38794
19932
28271
90350
94968
39153
48556
38656
77785
75428
22811
92360
85457
71748
32955
86291
55210
88585
87973
61826
86754
35940
13516
77404
9884
62116
8827
64074
5832
98475
12002
82652
74583
17775
98598
92031
64009
60860
8697
59201
33183
88762
63977
88180
16764
28225
9578
30575
7941
67996
69076
62232
91472
19703
51708
89337
42238
27732
9044
13784
20906
14089
56993
21720
73085
88279
51649
68037
9663
50951
15537
3538
35081
8009
79986
59909
57563
16365
665
17920
64042
77377
84353
48290
66538
9752
16080
76801
17897
84349
63629
45286
15274
8563
38267
30229
52702
28019
89887
11095
7098
62747
89905
1074
89177
47316
70819
25485
36021
68936
50524
35791
10641
98832
60706
4994
43614
10617
495
85045
51660
36027
39705
61693
85085
21067
18693
83887
82567
80826
98733
95976
91207
52768
16021
41022
1842
97529
16962
22190
49711
75750
69568
25166
75167
16118
29702
78512
38774
11943
57713
16132
3455
91540
13866
63820
97038
18521
4491
98096
83954
47703
21131
41244
46726
91566
76899
41386
80444
22879
23592
84794
98506
17893
83652
63435
58571
21892
6456
71662
7035
94860
12945
10044
7737
84411
67391
938
88703
35624
53465
13683
25487
74061
64430
46294
82662
26502
17809
43828
34739
53309
71164
18898
70518
50938
8027
97614
1009
98170
68555
38248
51775
838
61464
31222
83051
40971
60726
91346
39223
4603
89380
79864
78292
9884
47204
58004
84090
82656
95452
89127
69741
73676
94596
45251
71275
50154
31508
73073
43003
44656
22850
81987
25717
48181
63354
45072
74100
3343
83262
80851
5013
71739
21759
75472
85388
43232
87357
54063
41182
51010
46689
85490
39337
63905
36432
49047
71765
70276
13227
12932
64459
46244
60971
60522
26528
74188
67134
78863
14278
21758
40001
34929
61462
75246
14730
7019
17539
75628
72515
53024
73928
69033
96637
82198
56631
11951
41294
76616
34655
96947
97011
19246
17812
98582
62387
59593
72249
22600
66289
32540
41968
55790
69231
85952
33259
2453
21474
39648
50351
95801
23507
93682
68315
41489
61313
62736
2792
82914
4395
11310
45405
55923
39215
68819
51376
70130
58374
62296
64325
47551
32849
49127
44626
15499
64103
58458
58794
18648
37518
50234
42174
53274
33750
92508
74164
90086
59362
74462
14170
5807
69486
80559
70126
91092
88370
13207
504
30189
96781
3719
76817
20381
10449
64816
14530
71520
83864
21163
68678
92655
86758
23982
37218
29518
88636
12874
46380
736
69255
10568
18552
31048
43519
64640
98036
72111
26101
8664
7186
47327
49627
99293
99750
66072
43106
54924
40582
60569
28149
95571
64588
62132
31081
57386
81486
33387
92662
91520
76938
73562
34650
62409
91304
40577
36897
67895
41026
53832
47905
87431
85883
64316
84912
52833
9863
71969
66369
92307
38186
28339
52055
99474
61078
80007
27693
71557
59870
93577
9156
86204
44876
15725
7561
57497
85426
13675
11079
55616
98994
32150
88112
84985
21152
76526
77
56812
60906
81111
28596
78097
58017
75614
25581
21089
73188
37981
50267
40836
30070
40682
81706
51143
84725
74903
94724
67404
82903
5557
11475
10101
3432
5704
1710
69079
45052
5455
95429
4176
14322
8401
56769
90283
45075
36931
66144
6471
50090
36181
63354
20656
71754
56039
4455
14488
44859
25155
20475
43778
55327
33109
13786
47852
34963
45543
75598
35576
78016
93817
44955
48042
70465
92243
43932
87458
79984
54485
86693
27683
94967
22707
61433
70327
82564
53059
44698
8438
6247
875
48623
41758
45498
42911
3663
35427
63046
3251
41764
84887
29927
67152
53010
4180
19269
1248
80871
67273
16401
15796
16532
94866
69445
94590
13241
46242
59604
73116
34500
32875
48558
2025
63203
71172
99491
92133
80024
8210
83913
77677
42024
18053
12958
57542
51421
43290
56053
21630
28775
69249
3800
26434
64467
14138
11435
44725
80664
61267
82093
11543
78368
96375
81601
28679
35954
12398
88149
83023
34815
41324
16912
74985
41390
4597
77489
43784
36254
62023
30211
18954
60071
76231
9110
5876
60499
7484
3156
53028
25461
27635
30259
4652
98864
99090
26247
92208
7898
56435
69978
43691
38589
33226
28874
39211
54184
36130
67576
13497
68896
4361
80165
60177
72393
55869
78429
4616
83908
54599
21817
86510
54606
98819
51792
91228
86520
24151
71047
69760
38445
71518
73357
94176
84042
4346
15131
9134
42131
10526
24178
58729
80881
41252
3841
59094
93567
38990
37938
47848
81228
77170
66844
36767
6464
20162
91508
35883
37197
81864
13225
35504
54674
43343
88020
90302
39259
19261
65582
77900
46589
20883
72167
14587
69946
7264
88753
96319
29583
42304
75387
47740
59861
9520
1034
95317
17931
82359
10579
43344
46685
59046
58106
43418
31763
80282
10295
70211
81174
47912
58833
90123
89828
43265
48257
85795
7696
62098
87379
40594
51453
1584
73973
48661
50
96255
84985
55351
52529
47963
57619
62881
81356
78591
41524
78542
66832
51778
87489
87079
37239
84408
36879
10792
53425
35879
63809
99213
65583
76004
80591
6916
56337
42941
25309
71732
28442
65876
44706
51863
73726
13695
77776
75700
8195
8406
5006
65553
49608
82302
75748
73104
97770
94867
82430
65045
82892
45995
80213
90263
627
84513
29001
13519
44627
56191
50687
48027
65520
82075
66894
32095
33617
20505
67866
80994
14396
29617
81483
22551
28428
85867
65484
47533
50517
35896
8742
98812
87933
32792
82780
38425
96893
86874
38229
60673
45314
44762
1705
14855
46630
67374
36053
33591
94707
70889
35945
56685
54268
98234
98527
58095
22262
11129
62474
13019
95838
99735
18383
97951
7035
14438
27878
66497
87011
15689
19240
75251
54510
2905
1381
42525
25359
53249
99534
61383
19596
18016
15639
63893
86311
6481
38631
61491
89327
8780
3846
16608
70846
31289
61822
35993
37675
71312
5414
1316
72995
45221
6267
49537
13590
4247
79148
84958
33375
35019
89630
59913
11589
1512
26425
14669
85313
35486
57412
27977
49092
18059
5722
67733
53703
86963
29031
67201
27037
77608
43423
82549
56095
17446
32297
17303
537
82410
20590
50903
67774
68811
82873
41465
78967
73026
98214
25291
36334
1269
7753
41239
82700
99429
39846
82926
10166
68583
62149
17323
8637
82041
9771
62110
69589
32427
82974
52627
29210
33867
13733
36617
98267
81909
58382
85465
2428
82041
61078
20870
85062
18952
36550
24637
42887
20281
14540
31305
84128
13473
61320
61752
15358
17236
55535
9092
36039
65008
74195
79639
68981
37841
74670
22254
98562
59274
47125
58707
57615
72756
18117
38220
71940
57934
49615
67612
34554
34688
60945
96533
78708
92885
17051
33682
51739
4773
22018
37401
29958
94195
34745
82414
68305
9718
93053
68783
89984
9256
67626
32834
18517
80754
51839
15256
51880
69648
90515
29540
90566
63187
88339
32663
17680
52014
92154
11817
23315
88185
76199
61727
13703
48753
13186
40967
97024
20978
25387
78598
59732
61614
87348
86793
2700
41932
65068
36640
70879
41360
6015
30046
98131
11212
75821
3805
98794
78990
58258
32909
28529
47182
53249
31753
51839
33983
12376
94411
96650
73534
49559
512
83197
89811
82926
16891
84980
34608
35859
29657
60732
76334
22042
45177
58449
12165
428
61672
77319
43242
71517
77795
94554
70657
14384
93577
52967
36384
96623
89870
65323
5836
54975
43409
15938
48025
2231
77386
26800
59717
59958
3093
63380
66718
82601
55360
33657
15018
94770
14773
41783
23325
54129
37059
36169
44261
24085
25492
19644
82659
18086
34031
41495
27863
59507
33073
12467
32666
35280
8861
8644
33369
60346
13910
77552
89710
62421
79885
42653
45273
47767
37521
40348
2620
14093
70998
54363
55896
62222
47611
9663
29584
32019
49422
88662
61449
93337
50324
57944
22117
71838
93702
52839
1670
59919
41381
70838
23658
48411
78242
8981
81453
55698
64615
22370
13306
87368
96091
69072
59749
76075
64890
55357
88036
27496
40211
65548
15311
37207
11091
99458
21057
97368
35323
6014
35751
10416
42593
95785
24864
19245
9779
72144
15407
45377
41550
1884
40637
17667
8901
85839
71238
43565
38783
46362
87855
3241
51628
12657
1745
25246
57262
47421
6138
2545
48117
40184
62366
79462
64553
76480
53487
13879
91680
27837
49092
63690
91857
30505
93139
84775
5713
58144
42499
3266
39456
30083
97246
27844
79291
39767
34621
38045
94315
68479
35638
90147
40334
93770
77618
97941
72638
80729
5735
74427
93292
44782
65530
58519
82144
53938
49804
55313
47958
62125
66277
72136
36728
12474
52624
22049
78908
8602
57578
51717
72234
92735
78581
325
49494
80920
30918
44512
23825
81151
88822
55367
18744
51365
12258
31867
83302
99370
68940
96058
69542
65287
21853
87031
53769
84521
38962
80852
2292
53537
6526
65204
65633
9486
51131
8655
38056
26695
90236
47825
45502
85320
64653
61535
91888
31916
4086
37132
14306
60880
7548
43886
71214
48451
30203
27765
68594
86269
801
92660
29075
21287
46522
9214
67217
67398
19534
40657
79411
73810
74464
82758
95099
44888
73722
90933
54239
72827
86183
41882
4821
40742
70220
32877
10463
78357
60948
49449
44921
61751
87375
71697
93219
99054
40674
53561
30561
58994
18399
53800
72030
32556
51514
14359
77549
48776
27080
82150
50247
16390
21762
84556
11958
18005
76410
33454
61584
28028
36321
75857
62503
552
77510
99301
81100
7356
855
99988
22681
16817
80780
66044
33341
70965
40507
95271
75197
78579
1760
79202
18395
81713
16692
40584
874
62657
67998
48170
92264
89999
7979
23728
35454
40496
34904
34229
11225
46102
64981
47673
56214
74253
99431
86026
70788
6108
47648
28298
5670
72009
1912
43237
1386
19272
75211
69579
40207
18657
27911
34969
24032
49692
25297
44152
73162
17936
54023
80553
88234
68065
12768
76639
87525
97415
16336
29460
11257
45931
65446
73326
28583
54676
75644
64188
78466
67095
48891
67422
95473
49850
42094
49986
23575
25457
38933
72206
73605
11279
38409
78810
14699
16294
74638
77837
90333
58125
92713
29469
94657
26590
46408
65251
75076
7442
51397
82405
37621
38438
41814
30072
49391
73377
43129
31214
58871
346
35510
74548
19158
56482
19660
23764
32141
17528
94807
84787
13111
92802
32193
39135
5146
68453
11812
83447
30758
72050
23697
35568
84080
22011
7392
64712
86647
52297
95404
40845
34132
39738
20940
34375
39008
80225
36099
48113
57067
84018
80335
47268
68137
37348
35858
56099
23866
54069
9804
77138
60590
46790
48381
60900
66230
21658
6097
34585
48816
25233
924
84562
4361
52192
12071
6240
13231
4698
48843
10772
75902
78772
72118
8406
14215
37234
63904
61863
18815
78402
44167
96850
14494
71877
97930
13889
12228
60121
88760
79943
1460
64528
66520
48185
35892
74283
79030
64063
49832
8731
62955
74692
75765
5782
99870
20526
93582
46771
70062
79577
20135
47828
11848
95151
14496
85635
70162
74808
56647
8094
20601
8645
65250
77650
18995
54946
69344
22463
30868
83608
45262
3473
53354
63218
6542
71197
83456
4861
20212
91995
71560
15222
6711
55560
75405
57855
95734
43909
11170
41877
48737
40464
80579
27512
32349
12210
40034
37224
98251
84731
68325
44223
50929
8058
70143
71912
26658
74961
57771
81495
46160
7074
42810
50375
51622
35321
94256
29165
27711
2937
65065
42171
32175
71394
14725
49724
3987
23379
26339
13938
94737
75418
47539
44924
53521
27377
57675
50274
94955
46304
28948
75285
26298
91904
54685
9852
25791
62525
88469
63914
79198
73416
4610
61093
57448
17736
49672
94836
18017
32400
86710
60390
54761
18040
28824
69534
23321
65770
27554
77459
53603
91738
8912
94070
83230
76317
63671
97151
38872
95139
1759
66040
40295
26089
31270
26940
70308
94709
53948
60848
77842
69237
25025
86783
313
1100
43357
68376
48271
61694
37844
67539
84170
96134
47381
66550
79331
83372
37595
49498
4649
17682
55600
83380
92587
97239
61252
25712
1120
44965
35600
58623
57491
22520
11207
56271
91948
59678
96013
26581
3706
16939
1543
55134
41288
59857
78468
83822
62113
33098
49863
28905
98863
81449
1355
59765
24723
76669
63319
50775
23278
43767
27754
20974
98177
57559
81071
59887
99214
3967
52854
31597
12425
59747
69079
67291
74906
62772
84833
90582
74332
12759
58078
27052
68067
14222
37448
81163
17423
60511
86526
35411
90725
93525
48770
36133
89375
8136
88114
82947
79547
66292
47550
71384
46070
69849
48103
3946
26632
52377
77765
74770
78983
20193
92751
56797
56439
69394
13682
25107
97654
21312
49832
52033
16388
81416
2986
20274
18301
44331
53695
5701
23850
91947
54821
25999
98205
44789
47999
64725
14161
57519
9236
28178
87339
44751
79884
53381
61083
4061
63226
6356
37031
8427
60504
3964
86319
41270
48841
39767
80302
78821
15425
32955
32732
83004
93724
20695
98990
63766
81601
30614
25621
46648
89575
734
10592
10134
42372
22107
27936
71696
1136
94812
99526
78917
6802
46785
79548
7543
88117
57152
10865
35922
43368
28563
6611
25726
5355
44416
47785
80503
77235
89991
33866
47749
52466
66737
87322
9291
88797
99581
62722
26477
87719
86392
67311
91929
81013
52722
45503
17357
15924
57547
73633
5151
15217
86379
61350
90083
43535
26904
78417
46535
89631
56943
15623
88602
41659
40029
15204
19127
91781
93250
33654
38165
26671
88842
45102
22792
79621
23748
42843
19619
6451
81039
92261
82317
71551
80938
69195
77289
67345
17686
82012
42722
47460
17451
15294
44300
79568
51580
37818
60288
26721
37299
74645
21325
67357
88040
46728
60130
93139
43470
29499
42908
27445
33791
39782
51707
68883
84874
31175
55311
49487
20426
80119
34148
89287
37539
48349
59642
83650
83067
19499
53672
10301
10932
99027
29337
7061
22407
62672
3644
44320
25612
74266
53308
37219
98173
4050
82166
11818
95322
79427
31994
36757
8486
24097
23717
13916
32304
80360
2708
32904
5777
64074
34500
85640
55246
72820
93873
63552
92077
67119
40260
50440
79640
73303
44572
83689
79103
94593
5529
52416
26994
54889
40078
82079
28244
6077
15543
65042
61230
90455
34335
79121
35316
70804
63208
41808
63936
84621
29358
71919
93976
16805
65397
54552
2720
83414
26173
84434
17879
73820
86487
79749
5751
57393
49973
48392
95668
72214
55986
86484
74523
170
97410
26890
25042
22402
68260
21873
64221
14965
52760
78095
14673
99928
11794
54382
20305
96671
16943
14300
37100
97634
46385
6808
50432
80076
80531
24205
55995
27393
64777
43286
99072
80484
57217
34937
11793
55555
30687
29863
30469
44110
11285
15625
28564
21841
62562
1799
5171
43160
63448
73341
79133
89442
62244
88663
15399
92113
69832
95172
29384
53651
14198
48828
50885
9694
13533
66188
40311
99111
85440
46160
92282
11701
80835
44019
25779
95062
19853
97032
47862
69148
83673
88191
459
49895
89870
95316
74709
88479
68950
93560
67503
88852
40498
43757
4217
82978
38083
17063
45404
92165
35120
6795
81232
22191
15437
2450
62165
35454
17139
75763
67260
91388
20298
69556
33887
94371
28476
84439
39011
17530
3061
49766
43764
23877
78885
4054
65113
51348
21988
17400
90317
863
17306
23719
78727
92942
55424
56911
63271
99253
42172
78341
21711
83376
6202
62410
88602
8992
4437
79226
43580
72434
66825
75392
34651
89229
92687
1709
14751
91035
8720
92224
66142
21191
6638
88581
63998
81943
57989
33894
48350
77294
20939
89849
29955
17603
78888
61833
61731
50978
40677
98501
69049
88779
72720
12615
32600
61560
92061
13421
4014
86395
16514
6542
9654
78262
21863
55135
85382
49733
29953
22917
75994
14755
97947
83690
4656
14583
1266
30951
29490
60875
76227
5754
56222
23220
98849
73890
80680
40648
21235
82681
94617
63084
50527
69224
70325
16710
20005
67830
9131
49395
76528
23305
26810
65687
28685
37185
56561
44178
31764
34005
14011
95509
58799
84307
13926
23951
89610
8394
39282
44391
35546
26438
95625
45566
72421
17738
41473
88291
6994
65713
17250
12182
9171
42490
62960
34748
11542
63683
87691
20996
22420
21838
85626
37897
45672
52750
17333
56049
74613
90333
10673
2754
22853
58171
54023
20560
96764
23889
76605
78745
12847
26639
4256
1661
90999
29389
30466
5510
8692
46847
16583
62435
12543
97638
61426
90342
37815
89130
99584
87009
15579
55730
11738
46970
32367
40115
76915
73748
14828
530
1312
50228
3463
17445
71788
94114
96135
31334
16875
30337
52962
85611
73256
43423
12263
60287
85728
81753
77950
96197
3857
21440
9999
64138
80111
42179
61667
97695
56890
46390
23202
72794
43435
43863
26707
80673
36710
71801
91649
34721
36027
37254
39806
83125
31215
92710
56390
62356
70632
68639
81725
92991
59101
90385
13360
2606
49914
92032
8643
58993
60591
14520
32794
58386
38562
54058
46521
12481
77778
29547
86829
35007
37885
86992
28931
85415
52479
15911
20533
64793
33166
36112
83648
18058
84948
6842
61397
62818
22758
75078
86803
50646
73026
56470
78266
19657
24419
75281
48174
82287
25347
99482
37223
34816
83630
31293
33043
94236
29392
24679
93282
49453
35942
88911
33391
14646
74724
89816
67931
8000
73311
69888
43217
73848
41387
78198
58040
63708
73479
71569
54586
92182
38864
6305
40543
73614
61276
74820
26242
10779
49799
11893
61498
70290
45072
73857
84255
17967
46732
21723
85847
83476
88020
93875
22025
53394
87120
31172
94550
21691
26008
47802
22346
34220
86969
58993
31481
52345
82999
93689
75267
84537
87309
47782
15801
84163
80523
24268
87702
24256
72728
80038
55085
16561
98883
24433
88566
1900
41052
55954
7483
12112
90372
74037
84039
66479
13836
10251
46737
65578
83027
90661
84444
72317
92842
26825
47456
21449
74866
79302
26629
91899
97759
40044
39182
75359
85813
68741
70421
15358
59485
84386
878
12116
73797
20739
2420
51625
66317
25260
46609
75550
75341
39475
22802
67179
65934
84870
3672
50922
60047
37080
48277
82969
22613
11686
64927
45314
74669
72421
28381
61558
40562
34220
45813
98143
79986
91231
78219
1614
14020
85302
87694
49749
95959
94953
39664
6132
98011
5417
54960
9768
14003
3002
88245
77837
18968
77325
65949
70590
62310
95187
22395
12224
50401
23821
91399
4554
11866
87732
25719
82563
10405
67412
86927
19544
91822
64922
22637
97841
14033
98118
49178
89187
71929
24251
60629
36966
11596
69549
90349
27875
92588
18659
36872
88824
40544
95165
11776
13194
40748
71815
15367
47913
44026
47744
43973
96749
13323
67263
78693
66975
30676
41563
55329
89127
32202
63552
89663
76356
92423
21888
58163
69960
53730
97881
34354
47972
52032
2938
69648
17769
98389
62791
75936
13509
35400
68381
76694
35706
57835
75769
29739
64267
92541
59733
9766
8337
23065
91949
72850
88472
15453
95542
86475
80706
41933
18596
81149
18352
31895
94282
8728
11444
13976
27484
2536
60201
24488
20450
13190
33806
93283
1026
33199
70160
17665
77222
55898
23287
49571
38450
11394
99464
31357
62015
35925
55862
18090
23429
17843
24636
94929
50642
15154
16161
97327
93103
52622
70019
60491
3267
76521
65457
32403
49296
64115
1897
44347
59939
783
77950
74655
84066
64479
49474
17280
89762
63606
89892
7950
76216
72703
56359
33845
42233
97715
78200
28229
83635
79444
37745
1913
27461
50636
97524
20402
29088
42274
59407
25376
12480
15318
74943
79773
66281
89259
29565
81163
44591
72211
21253
5482
4292
53420
51604
47795
17692
97401
28587
25270
43429
43429
87605
46067
44720
34721
16737
90655
32037
20404
6800
74279
72133
81098
57106
33602
58190
45153
91662
35571
99732
28972
39454
59235
98731
6076
47857
4105
38837
57810
67771
65294
55742
39641
93652
52951
16150
81261
61450
49484
96970
81992
16125
1386
21691
68332
88963
12941
58798
22881
668
15413
54863
77122
49533
72377
17946
2287
64830
39958
28685
13891
10948
76391
97955
4490
84012
94159
37568
92445
72102
25074
42250
53493
5706
90739
89200
11091
59095
38086
3871
33084
41045
13954
43646
67478
57741
38133
48714
98968
6129
43371
95124
93244
57749
94039
78192
87509
14845
53616
35413
85628
22058
88717
3302
40018
43000
21592
47848
68883
87975
73058
36076
6339
17936
78518
19134
89008
74781
4104
29989
25662
1692
51912
40568
58871
74686
25408
71349
88091
73066
44765
27886
72400
51044
51532
88396
73936
55721
52087
62437
32643
19700
3920
67375
17698
44780
63752
20367
69854
37827
42579
49110
3636
1425
14596
73744
13287
76135
62512
49835
62011
59395
66172
67694
22276
62353
91123
34340
97779
38452
13566
73411
99062
23985
52819
99794
78695
62476
95568
24016
91565
33991
49494
28934
35767
80965
84896
45475
26916
82594
21806
39290
84170
76979
15285
48774
35685
88601
83082
492
26489
32698
1443
84715
74796
46493
22153
54237
21686
37250
93876
43631
56530
51529
16059
87760
21914
26025
85070
88286
67901
13531
6681
25452
71645
55779
47903
68233
68521
4561
77726
6880
70967
41653
29194
78484
25384
3650
86826
75678
83864
82770
79477
86388
97910
11105
86423
22918
1978
31810
58547
6322
57771
34119
9224
3482
18556
64350
72854
92361
88029
65232
14234
2421
85134
79714
37699
27453
78751
20927
19135
82274
76123
55288
23086
84585
44544
28906
28325
97696
17406
10782
35815
61888
84743
97961
93152
3050
56303
78874
82486
82092
82845
70239
99907
88922
93056
34030
98017
99367
7174
81429
6510
75117
4435
50839
97624
93845
36468
56332
90034
89164
69622
55276
37375
34525
3901
6873
16614
77045
5298
32878
65735
31103
10352
43247
32877
36391
75929
64768
43601
99290
4578
93718
23198
43069
22197
92764
51571
15589
16695
30481
78307
64840
28372
66445
59390
19641
21959
92489
84483
56915
42299
28379
78380
59528
12626
19281
88601
80150
83925
85133
80162
59123
86133
55754
47861
54804
38528
76624
99262
63139
22784
23944
98258
60784
41635
48236
4540
52280
63938
11928
84872
42873
82822
79304
71255
69455
60825
6614
98665
5960
24640
36753
67765
67586
70331
54212
2102
63868
22326
24118
54187
47033
42892
16602
19655
91777
82151
35023
49785
13979
1314
59219
38499
3828
65554
9247
72517
96967
84519
90449
65640
1245
75660
95990
38257
30412
8132
180
64678
51485
62092
15960
10711
54193
33872
30461
72512
595
47288
56680
7253
95829
63499
84808
39151
46008
22548
74478
46322
27328
51799
70677
50397
50172
7574
70381
32716
5396
17869
50714
71346
42657
66902
32377
40905
27444
37641
93932
71782
31289
99603
70768
95917
52326
72629
50895
75469
21674
68332
18290
15857
38265
26613
24722
32943
2035
23087
32220
27530
58004
27971
52720
65564
93646
20960
76252
28318
55602
20736
57290
17159
63791
39217
62302
14324
85986
32785
68575
99744
4990
12154
39883
90691
1029
43235
37977
48408
1886
40335
78022
79305
45524
47078
71103
18825
7115
9972
93214
36157
63719
17281
23142
56627
91779
75949
57328
2453
94130
86123
98856
45564
52698
20122
80714
65068
53901
80124
82530
86053
65895
34740
23354
10364
88166
15318
55959
22850
89800
47409
99219
82320
72686
58379
80656
55129
98348
74288
82157
61383
67113
74638
98672
83506
10646
44493
7481
24744
24897
45964
74679
10359
76438
29606
98739
31318
36179
79188
43552
42208
69576
38909
51992
98205
79443
68925
12626
740
81724
80911
32203
98613
36790
87643
55116
81902
41415
68788
51024
42958
39289
66679
39896
74113
85630
21054
32511
159
92290
83746
39367
53754
98455
3755
22094
59208
57122
68719
41464
2782
70038
1848
48326
65114
85782
67548
3687
4814
11754
3853
33893
453
61335
98116
65520
84817
28657
6070
42838
71300
65744
33115
23973
80740
91680
37427
24331
58199
52993
20076
34758
12424
83982
16310
90746
95847
82473
1769
34903
49860
50475
47785
33615
8658
18303
91724
94892
46338
58100
14111
74030
55247
56377
84546
58207
17357
40584
32205
78866
10368
96923
89249
40956
86137
11572
50467
49876
49055
56646
47633
17531
70457
10076
22316
98681
68739
41934
90242
58337
3687
65932
92498
15450
88734
5375
9534
81508
58238
84910
46916
68609
41495
13449
81997
80881
40586
66537
35316
21585
30095
79646
10221
62622
75272
65532
46784
28556
95714
68508
36316
15886
58454
53107
39331
5523
65543
29769
93998
18217
42347
24785
72138
46546
47382
22198
75191
10566
78447
7936
80803
22716
11810
64456
57903
18536
28648
19271
65685
17189
14782
51703
84250
39863
98736
6801
53561
79618
72608
88297
12408
40047
21740
18888
4758
3684
80225
82740
23163
39120
69015
6194
19854
32786
87136
47943
69787
97516
42466
41294
79126
61592
43769
72462
80260
28143
17377
12846
44235
57397
37738
78972
40126
12683
72168
5103
49881
76480
78555
92051
68810
96513
20381
28134
15741
72062
90980
56804
8064
27829
69072
45716
31553
96810
41147
10110
43418
68040
17763
79119
32637
48973
87742
93843
93299
56450
33973
18990
14031
3819
52559
191
6672
51356
25676
68820
75459
59869
53837
45449
95130
92259
2801
70933
89459
87857
62505
72628
22306
27072
83839
58871
77684
39832
20182
25432
12965
97018
9576
94376
92296
39340
37641
86687
76769
508
81129
76181
11695
61745
20045
32811
91773
78310
92030
43871
34056
8080
92013
70638
59756
22689
25381
87270
63681
26628
94579
58768
94303
69924
70156
50895
5311
76164
11017
52967
38292
48811
10806
5646
89259
99305
43848
92383
13508
6457
18482
90143
2824
62957
88046
72371
7934
44370
83869
65025
31780
13932
66429
88800
68253
38211
5573
82889
58989
21738
63087
37702
34557
90715
10965
60442
95032
48542
7518
6119
54348
37658
22744
73707
18908
73645
47368
74074
73532
56611
39265
17281
38296
58847
68488
33467
88487
87963
48810
46127
28919
74045
43901
93590
13359
52887
38875
77277
58592
12661
51689
11373
6203
30273
85151
3396
73764
18705
18745
56758
52696
70674
72860
2819
45588
7303
28257
39480
90011
4790
59397
4253
43766
59780
82100
29124
71509
98529
92012
40663
92033
3065
48494
2414
55171
48914
66706
53229
80309
73132
65724
74321
17463
49956
96012
39165
7450
48299
81735
4854
44950
57489
68090
19103
81765
1184
16907
68402
14344
55470
64770
10767
57279
92873
6917
11885
26582
78792
68496
52650
29429
44866
77694
87383
7305
87061
50779
66348
81027
72053
38585
37917
51380
17268
8909
99177
11732
16680
40226
11956
7189
60003
97416
16264
75893
60954
16243
97374
20492
76880
43859
39207
45692
70551
91273
31574
52958
24915
25963
79610
67345
77776
84716
86269
78055
38775
37205
76373
5866
12045
46901
96179
33366
1835
67634
60570
76772
92419
25900
1282
20336
47251
39037
32119
67333
16151
90964
12464
51769
9519
16495
52761
32572
40866
10222
10881
56777
24266
63124
8260
15019
38596
19345
32266
72393
35082
15622
68410
34758
49465
34676
50330
22022
62213
21672
11883
13709
57476
44219
8795
14576
39719
77255
19641
26216
31773
73373
22572
40632
17860
14480
64741
30036
7342
34160
49404
52442
26236
69622
91484
62022
67179
92060
94576
88817
33370
2953
25656
97564
1079
4855
63294
621
46222
46793
31519
7145
26968
58868
33974
48549
26124
64073
7267
25454
88804
86255
50901
53267
37815
89801
35313
80576
87149
88357
34435
68320
38233
61101
66201
89446
32994
98139
30541
18547
37202
4631
13396
6614
27656
21128
3033
46236
53954
27052
98994
19091
3496
56247
86533
68337
80196
72094
15670
94555
38696
12928
99356
25199
29982
57225
79322
96882
72727
41813
32907
41519
36245
38435
32385
13191
1733
44789
44347
65278
82449
24026
22667
63818
25774
29672
68764
62872
83979
26962
93270
26092
82767
6667
65598
16634
23926
20867
52397
42646
95761
33212
26018
52531
96954
23220
16189
15449
23225
94246
75044
52203
82565
21994
46708
69301
15002
97730
17038
1152
47459
3029
19429
24271
62221
17532
16737
42834
87076
23632
76592
21320
45529
65905
14
86021
11430
53340
28341
52690
2561
55289
92567
36410
22733
61375
55462
90134
25915
10316
37141
19505
37809
1725
61644
49459
23971
21331
98318
94678
68340
9712
99827
45446
30041
41597
19452
12438
6967
20575
59203
80925
77217
59433
73955
34428
81108
7074
55605
63638
68597
1653
61201
91028
79629
50188
63307
22854
20705
23115
20394
81944
50597
32388
42770
69299
25556
73429
3576
60295
93069
92280
82269
14598
78905
97474
19519
98959
39817
14704
87397
48653
22784
23885
43128
45734
42860
32190
62294
94241
34958
73798
77479
25386
61748
98035
9929
36656
88538
65444
99841
24332
53561
24292
6906
87834
2979
7717
87469
57410
34861
18678
78433
91060
3572
33993
16723
88063
30086
49385
56170
69692
65692
13509
39368
68787
44142
35798
2113
25360
56297
56167
43966
67214
63762
70240
75092
58284
63310
38244
41244
71484
96733
10206
56327
44946
32707
12837
25879
53143
88648
39432
5550
38236
25410
96087
79640
97854
6728
79690
52481
45741
5233
59795
20600
35175
45555
3491
48015
1551
5417
79642
86670
52897
90382
27627
38055
50067
20816
4390
63619
36007
74023
94456
82941
65091
50482
58446
48801
8780
9524
62732
99807
56792
97580
1039
52178
54284
83701
97968
74665
21349
89008
83417
46811
48218
35082
38641
83157
45288
47584
81647
81643
89236
98870
63979
42083
5223
64239
40083
81557
87102
57198
57090
85079
47283
2850
82023
49313
48003
33115
59192
6965
43739
55200
80788
10112
32875
97850
70827
95616
62230
55917
84129
62228
78400
35457
59684
4673
20553
12164
42469
55624
54405
19381
84556
77650
21607
21374
46016
53324
88401
19743
55366
10068
89609
84098
23191
64400
77142
68244
38355
81994
29224
95284
6068
94996
40306
45267
58213
18647
28540
7736
25226
29191
56520
3887
90296
71597
28271
78679
14785
1215
17623
20729
877
74986
32910
32381
27376
56575
48467
85599
10124
38507
16672
33780
93156
68029
18613
27692
94130
73236
33840
80061
68174
66164
3589
8931
88260
88933
76954
14135
90077
32650
51948
49220
12404
56760
18697
18795
96104
15466
50816
61721
9484
16809
23497
14740
82879
46043
89068
10795
93327
66758
23469
7994
9320
47956
33716
34187
20787
57801
53271
24307
99709
5373
82372
6992
15437
10426
82423
36142
51018
40428
70407
29112
32869
46682
45588
50956
41998
11190
47318
46130
35521
91517
20755
44541
89786
83370
59531
96337
20905
17786
67035
45185
7502
95847
20699
29998
38784
63809
22327
77683
10637
23483
43452
87501
28944
20353
82856
83594
33075
97486
97364
79050
44526
18341
24347
26083
9578
76078
92229
97314
58344
35021
6482
59658
57242
10624
87882
58051
84782
28092
53774
51595
95875
18476
41584
79457
71517
32203
87184
6124
45863
29445
30544
93408
73377
51643
16478
14076
33797
39671
11417
31555
98337
17742
77341
73199
25758
15393
46249
45228
15873
92447
53134
88882
99525
64206
71998
13960
44369
93327
8013
64312
13585
38936
59040
17110
89502
3414
75774
44499
71812
24312
21534
18941
37040
19525
21566
36549
2957
5960
23011
53425
64028
59188
66869
12326
54080
83977
77061
87134
33619
23729
65002
6579
42450
85286
41470
8604
50622
20812
97642
67030
22150
41799
10913
15005
90668
8042
80883
73278
51035
88668
42087
66291
60501
27933
84429
73174
35497
20838
37171
76936
27888
34353
76171
70187
44461
86698
18824
37038
5453
20097
29673
48618
75839
85121
78939
91283
97445
11924
22434
32225
79960
67741
107
2363
36309
38477
75153
8558
28618
3047
18508
89713
1597
19678
5808
25644
58006
96582
89304
54213
42687
11927
57990
80464
97344
41763
46532
46703
77349
97455
49399
57028
63039
65221
81351
14246
38836
42211
21595
75247
53664
26996
62140
17800
56021
77020
46533
42428
59666
71238
83695
80207
23023
13826
66253
31145
24277
83072
39318
11473
41754
59747
94099
72907
20517
36617
71871
98930
8174
5986
40525
39151
73870
28834
73199
78328
71200
83329
94704
17494
68520
53908
62232
61423
64867
94225
4716
88600
67210
3002
4799
42503
14082
7124
78344
89436
78187
50496
31976
33062
45813
46593
73966
88305
47766
22295
20578
76445
90144
51539
11682
51875
14113
66592
73837
92923
7458
48173
6121
31503
23569
24817
36456
22387
58656
6011
35902
23187
43842
5660
19269
77
29501
82421
37131
23129
67372
75191
34698
97383
39852
33040
3380
66824
85082
64173
27776
90468
47730
50517
76024
98802
74030
25215
46576
65104
24651
56117
7436
34260
41335
24996
30725
44075
7545
33111
35254
29887
47052
26450
16125
26789
10515
1178
28570
39377
95546
84066
23248
62570
62252
48238
71004
48497
67654
45033
23706
74276
91477
25383
44735
82870
98232
64866
11032
9723
40926
26880
23836
16389
20890
98729
68671
72930
6871
52221
80326
91886
98028
71829
75775
90804
43161
91017
40182
17257
15204
39630
46232
18541
18793
63658
41952
33583
29743
67152
70667
43233
37318
32950
85674
23458
21684
47960
30103
26943
29130
7248
89178
7311
76933
46455
77488
52368
68669
7263
87739
15370
64241
92010
49627
31419
57493
79465
46888
11804
31764
64407
10779
71412
71864
72171
80392
41139
4907
10684
87008
31985
26232
86767
26883
14044
98430
14077
881
84178
34151
96121
64095
50648
80421
75614
49500
13581
52741
22659
54071
94946
15898
2430
77933
13947
94804
88666
27217
5229
95811
63909
44277
94776
76720
53551
57711
89995
34951
81226
2181
71137
52761
26506
96918
88043
6867
55254
9199
35193
71992
28469
75486
84604
6833
87639
54756
97809
65720
49439
66839
64840
58601
25741
82355
74466
58893
42437
70271
43021
62275
29438
33046
17719
11113
82431
43783
93210
61870
86791
11642
82954
61866
21640
46532
71778
6406
34100
45055
53774
24335
41659
29319
13358
83423
66319
17470
82370
44012
86306
28530
35211
35694
25705
66124
14745
6328
12676
3972
71922
35112
8604
91166
31676
80481
84909
99000
15844
44641
3418
79317
61742
78242
12536
63816
64162
44529
85898
27330
60905
97197
99080
3037
6034
61702
18330
59358
56586
7946
79977
98242
78768
8718
50445
47280
38491
50380
93719
36989
19961
99546
59734
95919
4857
60415
13753
49486
88705
12055
68787
77166
42379
73869
68408
90778
98953
65628
15276
85101
76003
21299
65820
91502
5688
54667
60037
42596
33027
26922
36315
44927
2346
40928
6309
36566
86049
1075
50078
62844
91199
68604
75119
86458
65083
97062
85519
18850
61172
7403
76073
475
85644
82757
83125
1109
49432
30265
88683
91978
99632
21354
18422
85779
4970
65757
33027
75147
40442
84122
99170
23633
75479
2271
15398
68883
29523
9842
81507
17820
19682
26810
45384
4987
5649
94194
68554
69715
71872
7634
13732
75985
25147
30328
5013
11176
31628
20893
24081
89318
42096
13603
10699
73232
92597
13833
34462
81284
35063
38629
80230
7757
57826
43987
64220
14246
30570
7364
26791
80952
61015
71915
33736
7692
60446
19715
29374
76167
23335
59456
50468
78288
53313
23879
97170
86848
51307
1649
9275
79781
84564
817
41196
23642
60198
13066
64289
36386
19735
66631
2397
48270
23579
68055
17443
32915
56729
39711
17276
35659
95085
24018
7197
63090
10050
74529
30113
44243
1081
88872
53528
40398
57592
963
16632
48417
25642
59164
77852
3028
21715
46399
91071
47111
27376
14754
19807
10935
8432
57000
51151
64799
77748
2510
12972
24915
38040
99838
45977
77413
64791
94364
40741
38614
17310
92482
15948
61095
8414
13692
78098
30370
29977
6858
9320
66897
42300
35397
4095
92214
32117
54497
97613
14171
22956
1866
82741
13474
42299
44522
39221
9880
71396
80411
49593
45188
13109
7424
97917
38394
85011
76814
25434
2470
45922
92853
55442
63263
53856
96278
35497
87082
9237
26098
81854
25292
87761
56732
67333
21751
64275
5000
79996
43226
69571
87917
51303
91485
51711
95087
19802
97550
91376
6972
74675
62737
10862
95829
62184
84539
36217
1872
14132
59545
88119
1387
72973
93639
45053
2192
33075
81502
31634
81724
12482
10704
75755
80377
34624
81231
18153
70851
13994
49527
84341
47096
37206
55257
52096
19185
47162
24283
25485
89694
33594
35272
78577
45328
67133
37763
641
84977
83037
56807
76160
82298
81043
34168
40661
18806
71016
35726
43112
97491
82988
17907
7495
70750
24295
90492
35660
37860
4556
78076
72541
20261
82178
79952
47190
50919
10207
44529
97271
72518
63649
59383
60711
34015
27574
59766
12812
62723
11140
13884
94488
73848
89370
22263
66288
30972
80296
52481
67845
69774
18782
20710
87269
31738
99526
80790
10145
74724
99897
78991
42941
5459
15905
63366
38381
33235
10599
51196
32632
70780
10517
12261
86151
22218
59029
36751
69146
18280
74104
1779
66627
71681
53718
34650
66460
8657
33736
83740
74947
80040
38923
57003
75386
22205
50556
72186
773
20899
87301
3685
51356
34421
48697
62616
95414
36667
24641
31592
42343
62575
47590
67590
53078
98328
76134
18882
40069
26370
28685
35256
12658
21732
66519
69920
25577
42712
97593
40126
68877
41716
80450
32774
17419
28864
99201
48971
77004
34097
34724
15053
34846
30551
91395
42313
11684
39868
27877
40871
17277
30244
12775
44777
74872
21641
7063
5541
19360
75478
9273
50545
19518
64058
38520
51088
58579
99873
16046
42176
78615
13920
62243
46717
71819
2526
98711
63628
29816
84468
24085
15745
55362
46042
2296
43363
87197
1325
29405
39901
21741
75389
38591
97107
74425
98530
24860
78200
9364
46006
86389
52060
7396
87839
15849
73485
84180
22934
60566
73938
55968
69666
14138
13477
18175
7577
30882
6039
80525
50582
69195
70179
6311
64456
42855
93184
45931
21665
2427
67908
66307
68206
84475
68691
13969
57845
73851
55978
23143
76217
11542
20697
77107
10911
10773
15704
95433
52749
40314
8993
75071
49446
90419
90523
37465
60218
72159
69985
31421
20901
19619
21600
82949
25924
43062
36792
86734
30533
41963
1249
68966
88100
90206
70171
85
9145
15952
60385
20574
69041
80028
19314
89190
52547
15532
83080
96034
1501
16844
50273
53358
4137
29085
21112
17828
99185
32133
59438
30421
36616
80129
23856
90298
85793
84682
89361
56220
89141
93656
4750
71093
26523
96003
67602
62545
38774
52130
55729
61112
46706
16299
55243
82169
65420
18847
23638
97053
9795
82536
55297
49059
31016
48200
29048
95057
1472
97207
84574
12264
64574
54143
22870
43560
22841
80099
49456
91127
74171
13983
52018
33017
69378
51453
30625
28397
83031
7603
64621
65682
45733
49630
9126
66302
25424
13577
15302
69420
46481
88138
65128
49194
94516
18874
91424
72739
35497
87845
38044
11593
89883
79120
31502
23075
82913
4905
29360
59404
96847
68223
80362
66809
28544
72552
81679
9740
66528
52892
29839
79459
26745
21905
27557
35136
43902
70388
26855
85744
86721
92063
19846
35630
44360
72267
6653
8446
18452
86596
26236
79351
72685
52555
94516
2292
42201
85185
5392
40311
22961
11266
54612
99088
93596
94109
21145
84259
82137
72756
98216
16857
21870
64111
99618
13486
48134
44772
8344
39021
42351
6656
36137
13610
76142
20363
14356
72928
304
3904
62347
91606
53644
12051
76736
86948
40312
73520
26713
92472
67007
54724
3261
17911
50838
70778
82185
17528
69552
55978
74737
71262
68921
5925
80894
8402
63599
42929
36337
36446
91343
32631
2526
97281
25929
98703
61251
53633
72195
95948
3912
51510
7259
92274
64219
88413
48158
39099
83765
24458
48313
2923
88993
88476
78806
87296
89430
93721
79518
75541
43080
36464
80611
38705
26739
42986
6978
87942
38429
56953
16359
84256
7600
72882
30054
36115
26614
93134
5562
17946
85863
7629
67889
73604
11049
14866
70493
76218
11050
77215
57641
47410
80924
66822
75700
23396
7439
51758
95324
44362
92407
42873
75504
45254
3083
19927
81601
75055
31032
44379
66454
21143
54550
61289
18652
33773
25897
71284
59826
36344
69292
58412
34639
73848
97843
74457
31305
57245
70219
52137
24699
93210
21936
32266
35637
62293
19618
6681
14470
16518
86702
93475
28293
15621
3025
82176
72726
83145
43832
99936
23052
25166
25115
59737
64867
39860
51037
35111
76499
53606
73849
78130
63377
22508
94229
33419
89062
60648
35910
11448
35490
52003
79708
72086
20411
70450
27588
33264
76411
95796
94683
5392
46105
13259
38403
19070
86937
42412
34102
71706
89765
58006
7346
77471
55983
10984
61553
10867
48306
8001
12226
39915
3791
81947
43153
77876
30002
67311
88493
50498
33866
11063
6573
17186
79450
90562
59885
33079
62211
89409
79170
10734
64351
37352
59147
9523
38260
20615
41779
80460
17240
75783
2136
37589
20960
2407
64713
17675
46202
99101
2707
53730
33446
92967
91559
16770
75440
42422
72856
96797
86585
56743
71811
59984
77867
77872
62152
83754
97627
27222
76562
44852
50418
9033
85413
64726
26677
91225
5489
24378
57510
70254
51332
57225
95863
39107
61643
40811
23580
97947
75674
3328
88146
49894
35476
26049
89070
88464
33577
56211
45509
79098
49921
9548
3295
21677
52377
56100
34445
80475
17976
71740
65325
79305
63712
27117
73870
88645
6257
49323
68057
33546
63336
99
56065
86421
79806
52211
17926
54878
99474
6774
60472
41790
89501
92817
85658
94183
8459
34586
13926
33413
99109
26463
43131
7221
82934
68573
60633
2850
14666
78980
32623
43887
96417
74336
73679
29609
93445
79569
6929
29705
803
61620
67602
71022
42815
60146
59390
51863
25605
67434
69774
92346
54367
82612
46433
27557
15230
32475
8599
50931
6025
16486
65068
76327
3296
13199
34932
45338
96201
98325
31647
18195
89387
47767
95841
48419
77047
47144
7804
15946
22267
45435
24081
67511
39961
3927
62098
45314
59760
33797
98806
35574
28062
56879
30187
286
7127
55103
46314
83218
80645
85664
12181
62378
64680
75382
54131
49720
59927
99801
69898
1346
88642
13251
75835
42905
63575
94199
35600
99257
77906
30533
71995
59646
18366
16432
35715
96783
51289
28132
58601
46318
26983
32779
77788
57250
84017
17734
96364
59844
12330
28861
58970
20462
55171
44384
32442
15710
72550
6781
4003
70616
29813
36324
67806
10756
7880
19558
95466
95179
26402
96040
12413
41134
94808
67348
61445
34846
14809
65965
6225
64311
1629
1528
56082
28288
96973
6899
39042
4039
35871
96536
93510
64591
62283
40215
45960
58305
65597
44891
28211
66411
28610
21167
42221
92855
84940
37874
56351
5582
56726
13378
68201
35555
82993
22226
1420
3922
71635
86919
78234
66388
51262
71440
32674
2086
71870
81219
2444
42180
10413
71321
60454
61488
75704
16083
87882
36547
71724
74471
69999
62048
29782
93746
47411
67842
64650
43506
73570
57646
33843
45086
24216
21650
15856
83849
44425
22216
51800
76977
40469
59109
46860
23667
44902
73042
50552
92004
81231
12983
42630
42615
33750
72615
41259
7529
49793
66258
57624
27680
13115
10396
60489
47945
54979
33881
17551
28905
25828
35402
51283
9858
38293
97469
61773
62646
96185
25948
4335
99717
84530
17778
85453
98267
36503
81284
75524
84682
94996
84668
28646
85779
22891
16464
49222
86679
28144
68644
75110
27966
51420
17711
13285
90906
53297
63003
82086
88797
10518
52514
6259
75213
36686
71988
25278
66605
50857
27541
76719
61808
27119
84559
6697
66232
78430
94419
99591
42851
11700
16158
38783
57989
75698
78755
12310
63942
41699
25483
64386
63775
81297
82762
74939
34887
25243
64207
56808
15071
42908
83235
72316
21512
20081
86905
12100
43842
1673
2134
49501
29740
34989
29262
30883
13876
86923
7877
35872
16093
90631
35505
67718
68417
88159
25838
43994
75051
99201
37636
84278
83144
15201
17992
82895
87194
84492
18110
81958
59804
13933
69152
91533
53346
27706
77038
85956
70587
22484
64067
43200
86327
92757
20884
38298
27204
15123
80415
17397
7426
30916
82478
16788
28564
72514
43750
60372
36926
65036
9531
91939
98621
50335
51243
24289
48518
46053
78711
35133
81280
50653
4042
99209
68376
23765
44744
98494
32964
56560
37766
4900
46583
58507
12803
71215
9984
11181
58571
12889
20577
83222
35520
65570
39728
84259
23817
81825
31386
37346
9805
67755
20677
61798
30180
82288
63736
33885
46294
22305
40576
54208
14840
45966
73508
94984
45865
93108
89146
76183
98247
46601
18303
98727
64781
90006
51903
56717
82697
53497
43941
12684
43163
24920
59304
55827
91028
13004
48015
80235
851
32089
89190
57907
27027
25007
35228
6708
54353
49713
68172
38157
21457
79877
25901
12585
59016
57830
18879
47192
20180
23281
67770
84941
49582
58642
2834
22996
83260
98364
64793
42981
3131
83303
13945
42472
6400
24608
83699
93980
34392
96763
75937
71306
95741
35891
9867
50332
44378
38862
38965
77099
91074
57724
19522
70288
56532
68741
38686
70568
69848
88130
53179
68816
34827
72894
8101
84668
7811
29885
4853
753
36219
47153
69716
52604
98125
60862
27229
27252
90732
62148
63815
19383
93545
31585
94806
33064
54132
5729
75416
94292
97567
46095
46486
16399
44368
78076
58182
52149
15404
46944
55372
55202
64039
23934
39783
74471
62422
55140
92340
70275
56065
42988
68802
51178
30508
58548
58206
32533
32962
29243
27385
77370
44484
95489
42835
61544
40889
13513
73095
4285
7736
31136
51419
68011
69650
10095
57243
93001
4391
40657
15410
49744
11028
62414
45790
92906
30130
90263
24208
17519
23172
26328
86353
50531
46542
11840
74031
87775
56277
65678
59714
45224
48592
11097
2869
7117
74073
59959
92257
86962
37012
12032
64954
46432
80572
54444
18993
81429
87228
12748
10215
74856
43807
67671
50205
5380
60896
61003
37367
87714
30449
67846
94720
78118
74865
70982
25448
20430
91030
15166
93103
92306
67907
321
32664
89534
44531
61376
24791
8335
23469
72530
56990
94575
90952
68089
53278
99439
20526
92406
36250
71960
87501
72492
50315
30507
92689
50756
13281
72649
34033
21000
26477
31893
13278
90935
29399
14232
52962
67782
39774
27016
7296
57209
19307
11967
66838
15001
72454
25126
42873
88959
48204
45511
9264
37689
69432
73384
62436
71300
25797
3326
73357
1137
75241
14656
5931
70862
88116
57547
54394
48616
42082
28254
15740
95496
54065
20605
54940
3592
21082
56065
52537
42697
33316
54318
622
43169
39165
75366
59722
8785
50658
21975
15475
20180
48636
18268
4574
36271
62923
89504
69349
94203
9545
23525
39217
80457
85440
18074
31120
1274
97832
16494
18837
25168
4941
35116
39085
45003
52064
93603
11087
14442
80701
79512
40741
58566
19162
23747
11760
50268
68672
92853
71319
42609
79812
11185
97370
43118
70444
55748
6771
45834
46326
42669
30597
20034
85289
32465
16389
28458
11034
3769
35013
25435
97620
21368
75233
59987
49962
18835
3249
78350
43027
73221
38949
52993
79988
63167
64340
61017
8937
45853
77266
60205
22002
93782
36148
99693
11848
67202
19285
88225
34402
62576
1066
89143
13138
5821
70674
51450
75083
85555
72158
4742
99629
43483
50857
97855
81594
35323
17540
15799
99526
23909
70086
76915
70115
70667
20412
45273
24785
52326
43370
40723
89742
57518
67120
74463
42248
3500
77328
5660
5264
22930
69056
14636
87589
57123
23795
1574
3468
31857
52057
7863
91957
86683
11884
44074
97070
93497
24954
22951
23913
40289
16328
84988
64898
68178
32555
58044
2598
97740
56295
92158
26919
2141
22248
11595
34317
33477
32963
91983
27944
19613
96699
36195
99987
78327
33093
66992
2441
87185
85451
51791
75210
48395
55328
21647
31038
18429
51615
92496
98485
62280
9937
50532
62593
16870
98619
88784
77286
98895
81590
64912
6993
62979
34164
56091
17349
34951
57074
69813
29220
21209
5602
24876
4362
37096
48195
41001
22599
19449
60441
17036
55291
77680
82453
90282
6042
76094
27684
36147
58744
46373
6488
9265
52320
76139
32841
83906
31459
90435
62646
15902
90300
21450
5444
61166
93790
96265
93027
99656
45209
50701
5109
21518
63938
48116
75322
88451
53472
38961
20208
85171
96793
51500
16583
28421
34563
83267
85385
18522
44086
35292
83118
10463
89071
98540
35132
11403
98224
95266
69720
84264
67064
99226
34147
96205
72569
50612
14428
44924
34127
53181
12797
2107
78527
67879
99974
4337
80270
91007
49130
66844
33304
8511
89151
34121
27447
41863
45238
38521
97588
73706
99030
6086
69656
62587
3927
9675
38041
30419
79280
68009
5530
80096
69003
45429
90322
96048
84352
84942
46010
31337
14040
17380
42873
74707
62981
6712
76695
64787
62708
56933
44666
55805
79078
46133
44679
10675
87085
636
23686
33934
58038
68623
59865
26317
71434
98363
59733
22639
83626
36895
49208
19911
15167
73649
4410
38537
68029
78372
2252
86131
36788
50321
47489
64228
92268
25338
19501
83890
72751
73633
93335
39048
85816
52177
51257
44938
23023
91354
25051
39217
46164
95831
46027
62958
6513
29343
90603
20074
79192
9253
99087
70868
83540
69891
41529
58450
45389
35063
33568
12809
80937
43038
71889
87515
73412
33070
38505
88795
81398
24258
19792
12780
23826
44024
1555
80594
31773
64026
80179
71742
77568
84608
12119
26006
54543
93633
26021
31134
81038
77838
55509
18334
63200
37155
97207
42038
91628
10695
69268
85975
21536
5239
4079
57820
39315
39442
69957
94181
61097
6534
78816
36810
97943
10788
92647
18313
86923
94919
97522
22937
21308
23268
90090
21076
68480
75847
28003
36684
1603
57621
61775
15901
44553
28457
70859
41512
98169
44016
65236
22920
64673
20570
14943
29884
74337
75166
33106
85693
20096
92246
44056
25118
1423
39780
53164
79061
51283
43220
58160
28521
21042
88710
21885
21409
75015
10512
12486
70765
47284
82288
78186
11988
87834
47452
85569
47639
80135
14594
25820
35586
13555
66382
49441
63850
45795
62686
67271
19349
60850
49805
35688
62894
31934
77986
1852
88456
72179
75135
31187
81966
1831
21314
13693
34521
98872
48935
69142
95059
3226
96221
71328
9199
1159
73449
3688
47020
80948
36224
55883
88675
56734
1854
2883
40922
77138
78883
26834
36902
2653
17165
32970
78223
20756
84089
2284
27440
79885
36359
31111
79373
16622
92922
72091
76115
93759
26589
27694
50321
56147
27821
50707
6522
44603
90907
59983
86561
64936
57519
42358
52117
26667
12840
45713
15528
69621
59370
97732
51487
6914
59071
44512
30281
52961
57294
76589
58959
78871
45718
21986
21641
84306
64267
26024
9517
35750
88529
26894
48821
13457
55268
98060
27157
47974
5875
32010
48363
12823
76474
21998
74587
43293
71889
99509
25359
22731
61698
44221
50387
21396
26564
59908
13826
30434
85810
9993
95248
57257
76344
27921
73086
21822
18935
72327
90434
64409
1739
5708
64490
18937
3643
54330
12755
88221
73084
15340
42823
61738
6193
4948
38091
1075
88292
16287
48421
28733
59168
93467
48852
55465
89569
34196
34585
15398
40203
99410
43880
20601
92586
38221
51317
33196
85585
77752
18636
73559
26978
85548
59810
85546
90668
19725
64183
24198
31880
19562
50616
69341
21827
52651
62467
78894
61184
47656
66717
99567
2380
78357
17080
48229
9406
61363
95258
64068
89588
53507
65908
15725
2310
77398
65217
94538
80394
11924
81758
52743
62192
53933
63481
75846
30662
97266
79174
26216
975
84233
77568
49343
70799
40076
43232
68168
33204
43339
19154
71135
3874
21143
29109
83382
26129
2176
456
38775
40187
22911
60400
93367
41316
7787
89592
15139
42946
87879
84020
27299
63426
17477
45097
79192
26533
9571
26450
90334
42094
58824
9055
90505
15768
65913
8359
10506
33953
78127
98306
29423
74310
56960
11856
26769
63421
25450
91592
58010
4047
50356
96548
96313
9930
81814
68483
74029
774
90729
16897
62761
73839
16108
78632
66827
16515
13417
81161
27706
87793
85094
78812
69299
7657
90170
874
53553
41466
84425
85167
16257
62425
81447
22041
16892
72772
27669
89458
95543
93727
74960
69473
95332
19113
39884
64297
72112
13783
45782
75562
65462
5715
24415
36226
65445
8022
38176
60413
56649
86415
28586
74613
95574
61943
3544
83142
12438
28174
41896
21125
51463
938
38805
67288
53101
22986
8584
86337
34981
1393
26028
58718
23896
81072
22489
13734
28827
49000
18565
32677
83744
1934
59523
23732
33697
99410
99121
70817
31594
91122
28056
46481
85595
41494
85718
80829
51447
77775
71094
31451
11579
85436
60824
15214
92704
58529
31602
17341
51528
71993
86605
11680
62885
64502
95059
52308
77874
16011
68936
57105
68611
39892
12573
87595
10649
86259
70919
97487
70598
30248
41439
83221
19421
73244
14004
49507
57262
2440
8407
81571
35850
24166
96898
9123
38887
46523
10112
99749
90433
71705
38455
71658
90825
11430
59713
46108
86530
44794
72417
87392
77818
18208
97497
79865
78749
93181
30896
96951
13334
1751
38249
33046
42412
48748
12584
38365
16214
41999
94848
41844
2415
50176
493
47980
88775
90207
33024
2062
66129
56435
24991
9861
42935
94890
43524
4463
94961
7254
13997
55733
48500
24681
71126
17554
92039
31316
53799
29240
36242
21835
55292
23198
41355
10634
94239
54530
7991
32082
16601
64191
19901
90113
74196
58977
67763
25032
99862
2548
55713
68437
84139
2968
7941
56936
78252
32304
36272
2630
36478
69472
60857
91360
73994
16133
30171
32138
23858
13154
86330
41775
73701
81012
98742
43855
42633
21087
63862
63977
33457
27274
65643
91302
75542
38078
70567
11930
42384
12831
35465
66762
70826
80343
69355
71748
70234
3426
31919
76926
87232
44513
31880
90729
66945
13506
37819
59637
87219
2738
72266
63400
65116
96427
46461
33189
30193
6111
89998
98222
19330
86412
88134
13700
25623
80881
51439
22776
43020
50094
27424
71869
43844
30826
5927
67349
1019
80794
64947
49036
14012
96574
59838
47123
62332
48679
57827
49859
4741
13991
1543
98567
16984
70657
98745
98130
85834
15988
17979
38281
6819
65526
23537
14560
48615
67515
88317
20176
65404
37596
55417
72276
26069
13957
70935
50493
58669
22824
90505
4978
61235
90504
85080
24090
60228
53635
35209
61321
90325
64433
78532
11626
19848
67002
5384
47271
54231
75886
90230
86429
55571
22704
11953
3139
89604
4923
74307
29494
77161
71222
99349
85335
90665
87637
10288
58075
84294
50624
79744
68724
79157
29084
58119
60238
6908
35537
6485
41828
49645
81032
76843
81682
4922
43290
58106
13157
56802
23929
91236
9966
4501
7364
36918
32842
47186
86101
46595
90979
89269
92706
96678
29586
3156
8973
66043
28219
19084
70527
20727
84606
11116
71756
67491
32459
24202
98565
7297
18681
67651
84145
95682
66350
29967
82575
73067
19666
38794
21136
79682
56149
31755
67227
69754
84818
2060
17829
84669
79355
33218
18693
92631
94529
83117
906
21090
43034
68973
81773
73462
75957
80014
32014
5323
46636
92282
23051
50314
39679
82627
55778
1160
32528
57514
92450
57032
31273
42603
6254
91284
29478
90074
98860
59183
7094
34563
58743
35784
33607
54075
6622
90005
2149
84200
17801
10059
68772
92083
89508
80681
62870
22659
58736
33624
66055
69875
32710
84105
16426
58620
36980
10326
25826
4380
48012
71539
74039
2991
71148
61541
11341
60915
41192
726
13510
12146
36272
61694
3664
42266
25714
72755
94089
94839
26872
27724
40173
62988
71166
78284
52385
37579
37443
28550
84213
96354
85581
76387
27783
59976
96073
35815
91491
37704
80221
40421
60952
71523
93614
12939
99866
80545
13192
82406
82484
76068
82057
72759
53999
24794
84388
95497
48554
8930
65199
78731
95936
1447
28943
13672
38349
22613
22760
64831
70922
85666
58375
8552
10765
69597
3350
98233
48278
75236
48274
37119
39455
61321
24482
11659
33408
35771
25972
96290
85614
32723
6641
49161
40013
45474
3231
14046
83676
89165
83926
20496
35783
25643
77021
40691
48980
71789
94008
44965
25016
10569
81818
55766
4069
2549
70274
96405
63121
51281
97629
80111
97483
61869
76661
34370
81782
4386
66075
68168
66438
30851
70145
13596
80431
10120
59243
49707
81821
25658
3210
96647
7746
53875
15092
82041
68997
90596
47273
44168
19783
95560
64274
10086
69322
63274
70587
45184
17464
4114
41165
10567
4863
5265
69392
3143
39630
7384
12261
51287
15001
12769
83657
9980
5594
23273
8477
59629
23196
88395
92462
3841
73333
27002
77677
57839
82457
54996
48082
34098
56814
28936
66842
99743
59272
87023
35315
20706
42274
79708
59467
21270
42502
17742
74874
72078
4990
59951
61039
79077
29009
33889
91551
27939
15105
19782
90730
63293
81011
8655
79661
51806
82925
15611
88783
34561
99764
17129
98811
48396
17479
10155
33285
3896
18469
42625
44688
22846
30352
5682
61694
93729
94280
77556
47978
21480
78892
65371
72724
31803
71700
30057
31218
63882
78759
68045
25067
14325
44587
30324
53570
87800
86410
21032
66213
32888
46803
28571
13092
65997
55854
19691
47744
26638
11570
41329
37097
29659
83471
90824
89412
1876
81076
52782
49745
85936
97794
15760
19827
84769
27833
49542
51655
68381
23221
86900
27949
96347
60618
68717
15057
16883
9570
95049
27915
40209
66980
19046
94315
88725
96326
91011
29408
34884
5684
73312
90778
37733
39240
68151
3561
25562
76241
20202
60317
7221
26781
43526
63912
17137
11763
12777
67741
76127
48097
52184
58529
46298
14032
53151
38749
59400
58820
65154
3147
83219
76978
59091
20542
60348
5281
22486
68692
36961
96918
97014
79438
69550
83344
52064
50000
7769
28444
18848
11558
85627
50757
37497
81847
34535
66407
99228
19252
2870
93377
80451
56802
6603
6358
98757
94324
15942
82623
38142
73403
98960
27679
34573
22446
30323
55036
35004
14555
49887
99796
79155
64171
90792
51275
92918
70794
27182
56379
28475
29650
63435
60623
96555
37177
89584
19759
69785
12464
69873
23301
69654
37764
90910
35735
27131
59947
92424
67953
3559
4213
73394
38021
30127
57915
21604
96723
32685
47062
84348
15893
74833
462
18298
63706
10618
66598
57314
86851
9153
13903
57999
47000
59513
51524
95126
15727
77470
72591
61843
17
81080
96376
14228
81480
32484
81262
50516
56728
51008
61650
35220
49095
3554
89930
91332
9246
84269
42438
46114
30645
39011
86392
65847
75589
92576
91658
4287
84221
72137
21294
48819
48982
14197
45175
87543
62035
5581
64109
74029
84032
76235
95231
1984
15609
69043
71478
11858
93235
74755
20982
17952
77857
26202
55294
41070
14092
64804
86901
41532
68017
67457
15188
1205
73047
89714
51916
62238
38576
37429
7253
89833
28649
30862
66852
26530
69225
6448
77385
30956
11724
11708
84791
23423
1408
86676
10683
33317
11007
26442
56999
30843
51642
17500
7119
78514
44119
89573
37247
37349
92304
18161
77303
37863
92638
34606
52289
36844
27377
69470
20595
7610
67253
79298
16617
53386
75400
90693
41242
16679
89976
14317
48772
87608
88146
48316
22888
36015
9596
66699
80607
43072
33913
36312
73884
75347
54115
25136
40814
56389
30108
24461
53637
75908
25480
67852
7686
82055
16146
99962
23720
95589
91464
75112
41789
46229
37158
17832
23071
81694
52358
72704
71414
88877
47263
60230
66051
67359
68038
23165
48465
31821
66736
70076
59170
90274
53059
37894
90484
28418
59250
26415
62982
67781
16894
12029
98596
90950
15701
22539
57375
56379
67131
67065
10837
51325
71936
99924
20438
53437
50446
73330
94047
50920
60767
77880
72742
9139
71629
20624
96032
84015
54762
70887
62950
64253
19495
26182
26360
5297
80884
94874
75727
3288
99983
15186
28776
92541
60888
67115
84615
18433
74400
69062
87440
66579
38288
9924
7629
81604
48084
29704
83533
20557
161
49866
30817
30636
55186
74200
97851
42251
21904
89521
61267
47559
26692
54633
8983
51936
86533
21962
48328
83155
45283
97665
31699
52675
57300
56133
46533
45924
9291
1360
90676
83651
18391
51143
91669
25824
55086
78471
59352
94042
59187
34490
80194
89313
67068
78130
91275
69049
90396
87894
28459
89307
39916
92507
16930
23000
1361
52589
89386
47182
75251
25278
92822
20391
28838
62199
69415
74134
94334
50468
22685
75539
15055
98841
55341
8904
51427
76481
52643
95902
18372
82496
11479
20512
14119
30762
57090
39497
75844
21160
38642
46507
67489
87117
91121
85882
10783
89786
53533
5008
26466
50001
66062
79241
9814
30345
34712
66651
16979
21106
10677
63255
16997
88227
36479
56391
61014
46010
38228
27471
58038
75060
60388
28624
49216
17107
49593
27007
34571
16711
19354
87105
12306
24313
97763
53579
4100
15129
54026
97302
77156
38659
32353
32774
43601
7111
5164
25316
13912
67925
68398
51661
34346
66898
22502
88363
82089
89239
18921
39324
66134
49708
9417
55156
38661
37456
95090
21959
36877
63281
2666
69143
84641
76888
23646
91609
56429
60735
9915
32252
83010
52868
90904
80488
32179
67476
85199
3492
200
19852
21640
96107
5399
24294
70421
83398
59698
77389
12924
97534
47217
57615
17476
59852
90882
84147
82415
72802
1812
90392
83329
3582
53831
63606
18579
77263
67350
93635
64481
53517
52236
41245
16952
5796
18744
59745
9629
94059
98826
20845
19780
39062
29172
42774
76576
8246
57168
74892
48734
1886
21273
18965
85046
94149
67778
88985
20042
21312
24409
33697
87016
39890
6589
17391
72101
4519
6852
73094
41845
92591
25448
9828
12439
39559
32500
38883
58832
60096
35197
74903
42865
77644
59303
35523
81262
73372
58827
86086
65800
60215
13323
45819
49248
92197
92515
955
16908
88879
23616
48054
17390
10239
21637
56173
98645
5900
35670
56207
48758
57837
58480
56815
13196
40760
33874
30197
93029
82321
15137
36946
23593
27797
88746
52480
2919
839
16881
42773
65886
55998
12837
3312
52142
58760
18006
79186
12768
53465
74050
69631
52421
88946
46054
11808
81651
46768
7860
90249
77029
16885
51673
53162
4633
83797
74059
35129
26185
5794
61520
49690
56403
25386
35027
48423
26449
37345
678
26253
69261
5603
51312
89398
44495
73929
15376
15702
68903
87402
39741
97212
26328
58093
13175
29882
52139
27833
34263
24278
66788
59083
52272
72962
27610
56937
71220
1999
39127
74964
58584
72651
49118
20230
55327
5618
62833
45644
28168
26424
5492
90018
16894
91802
11324
38471
70731
83121
63751
1709
32733
95587
69253
18432
37625
36790
76852
64217
86526
4609
47276
59699
6089
18509
84599
33786
4686
12352
42168
36753
47843
91848
24219
92159
95091
21184
11193
86056
26066
61585
76878
69679
58460
26510
74152
61956
32804
16845
54263
95135
93628
20835
80930
8371
87289
28462
74119
32567
83097
1615
46201
74521
94858
30067
74944
60801
63108
514
34914
24952
90096
45654
57524
7544
26266
7232
19842
54112
86921
45880
89345
40102
33059
29784
35517
97222
8656
40492
55274
45236
27839
61340
89175
48680
40704
28505
22009
7529
91793
22477
96324
94005
62690
12022
63036
42898
11663
11964
32310
98502
89691
72412
68058
26436
29399
98485
25069
34940
88083
24405
32835
24406
76430
77922
86758
92279
92278
28649
81631
51341
35627
67260
94414
60038
27828
30493
99360
40958
82556
43544
97948
38861
74250
37845
60422
99273
76846
91059
6668
3600
80674
83910
10832
42974
56011
81085
13848
38982
50711
9700
34621
7636
34803
30431
7194
75357
47992
35719
4894
12077
20114
85740
38009
51009
92820
31953
70031
34593
64889
58766
55053
1697
64923
78560
27512
50536
8971
26786
56312
15669
91237
99874
87964
91121
19719
57012
83961
84889
28562
66730
77369
80423
90428
74818
80509
51682
80737
59005
63913
17384
42424
25510
81077
27648
32686
84645
71955
92710
45517
23617
64565
35866
76106
32219
39852
80220
83720
29308
80481
27346
5555
39836
36652
95524
10115
81590
78174
99016
65085
47586
84916
29658
86120
1925
23632
41288
79483
97277
39468
99892
47661
62084
71633
65539
6940
19563
80413
86328
74775
24067
60512
28416
21087
57988
84085
76253
6474
13442
85016
17649
31981
7349
55001
21354
69882
46606
17740
27223
84756
79735
39154
75299
21697
84205
6984
40791
4276
46568
70028
34981
82864
1545
11755
42287
95445
90295
85603
86681
56871
91206
32012
60750
1234
28200
3515
3029
20149
83587
56383
46625
26236
56215
26181
15994
91965
8995
81973
141
88408
48115
84839
33308
42065
45765
56251
49590
16235
22198
83809
22221
87067
94461
97327
14396
73034
22483
16698
96534
13718
35677
85540
94515
44090
84724
39994
56636
68482
51569
84404
83875
42559
57707
68957
81180
62272
16448
8323
92507
92819
170
71450
3182
70785
39906
8192
32063
20700
34554
57321
57154
4771
37424
30429
82536
51938
93752
36030
10457
75813
29201
7180
48796
20933
28297
21481
70962
71282
29060
58208
56632
59836
84933
61446
76339
92697
18675
44240
17531
28157
58828
71392
58169
69695
60732
40406
48785
59078
56321
84540
10258
13811
84236
34428
32499
76335
97865
45976
18803
67855
80600
14550
35178
33736
23039
10614
23830
27123
37558
42533
33216
67297
60682
82993
19923
39624
9775
12466
3594
28149
85387
22947
68334
15313
97365
59006
15527
44668
568
29393
77601
89684
1381
29115
94931
92997
52413
48934
26093
90497
12231
11014
61576
98824
20867
69059
18809
33862
41999
27601
78139
99825
44774
31118
29643
53908
10620
67347
30435
19989
28864
2895
34806
8057
74872
75198
83142
55221
27760
87121
28824
46598
17965
70355
20205
97679
96312
87216
15839
80539
55079
44569
86402
21630
84459
18713
65930
32548
46204
65462
32938
55489
19916
45716
20305
21350
96383
40277
61830
36478
36831
5224
95213
61417
23135
84879
49432
84497
10577
14746
95658
49502
72515
7097
90702
88605
6982
11638
69627
89695
89766
38722
6032
99287
47151
57171
87098
4600
63823
64217
86707
17616
45651
55406
74845
82461
14960
22647
94678
36439
29639
1860
15197
57377
55011
35159
17493
48331
74444
61982
33350
84165
93742
81968
67221
195
73289
21236
27356
2358
54049
12551
31372
60683
99135
49065
65332
10411
50973
32474
26779
87475
70968
21037
48337
52667
75970
4204
41866
7643
58051
43062
92451
11881
56772
70604
98012
87909
97295
93326
29078
30210
87757
55488
16864
85446
77928
75204
27681
34880
93602
75826
59526
98002
80460
6273
82512
38040
60621
61185
63899
4381
13693
67687
59781
95778
39845
54291
76177
52409
76637
16743
16097
63756
40383
53160
85782
83923
75422
67687
58918
22254
97111
98207
12404
33867
79621
45206
62894
88569
90835
37907
65610
53816
1393
30133
86436
30453
58572
86683
61335
97748
51127
4752
87445
17907
43545
15594
33342
83308
85338
61013
53268
45030
57435
2485
65743
64799
41810
23926
66751
12559
61564
81674
96636
89698
74214
29789
16702
29599
40141
59541
62413
80863
94013
57381
55694
57015
1912
51414
28460
58447
10431
165
32006
77234
92040
950
22716
44828
50647
78484
72492
48010
63251
3853
95272
99134
65095
27759
74516
58301
95342
57574
12800
71760
65532
57211
47226
54781
50546
33231
72662
3737
49760
75099
32559
62475
38514
87380
41170
62447
49327
5714
73140
74415
93476
56615
29682
99721
55575
82209
33683
62110
87042
20579
80316
98899
42757
46563
79122
5817
64917
48729
33235
86070
38141
12687
59332
62881
64887
7991
61350
22442
52405
60329
33525
26309
75983
79917
54251
28546
39248
54937
13573
99648
90536
46503
46543
3803
11697
75638
12251
30061
45846
15247
30581
91110
66259
60502
22252
53480
79539
68574
20815
80850
23356
12173
30692
10672
75565
38527
809
45718
10027
78386
27353
38684
52598
22432
48508
58911
37755
8412
41311
92419
37033
38823
90750
20616
37047
9344
96274
21000
98210
44568
71607
18242
53646
76692
10845
62050
96450
67291
23950
14483
11154
31892
21828
54528
72328
57627
71954
70799
68678
35279
75928
44916
54310
98013
29883
34933
81285
67971
97105
41427
81604
65948
7387
68216
66803
55573
68001
98850
91751
86955
65335
61977
71603
60357
32410
29372
32372
35830
60874
14730
43174
55847
98016
24622
1077
72842
83545
77989
63308
65120
79007
51661
93747
58338
61849
81982
33642
72463
21117
77374
95249
2056
66569
40791
13909
69457
60241
89584
63706
23554
23401
19636
55918
87722
78607
57666
44063
74388
24123
34747
72367
70784
88454
99410
28552
77301
58159
89382
42772
39979
60648
34729
96876
44286
69095
48506
53153
38710
81912
51744
54371
36959
18576
59662
88963
48797
29963
60351
2956
84908
30430
457
84940
90795
33685
42435
51384
40882
17519
62071
33489
71712
60720
34839
48100
40925
26222
14190
80332
53845
84843
11855
31863
78121
96201
56894
78946
14898
47238
83754
85307
24869
32990
23673
40492
15555
98716
52442
59863
35324
10873
72965
39258
89063
22179
88673
70850
44869
85646
2052
82331
40064
95646
46108
68694
8017
60387
35976
45246
65915
17090
22636
31020
92696
29625
49726
31355
93427
19283
37203
53056
31898
61098
19020
3493
83043
75128
62077
7671
75120
36128
82522
29875
97100
72746
69105
98123
82770
10130
14065
93923
58549
44604
49458
83760
27565
69980
30865
3681
13170
91122
38957
56252
96686
78582
47577
71172
27820
37835
52557
26065
41779
72910
44057
33566
85874
30853
72429
6253
94456
99528
23728
34965
32163
39206
88259
64257
47847
78162
43910
52767
30870
18708
43970
30907
58662
25196
34947
59549
23819
4644
14760
9485
67330
90515
44526
5065
19938
91499
6730
67464
10887
84028
6612
54574
86103
22122
9426
69905
85117
70628
37198
35272
22288
22261
51861
6601
43675
6455
55623
57830
26100
28045
65080
60280
75313
55669
75924
2562
23856
65613
71115
27709
95116
33104
93089
99589
19829
66363
40003
33487
65463
87275
26621
74535
6195
29946
6187
92946
12161
12368
67678
344
85878
35409
73790
55406
27241
76086
16012
79948
97224
97280
4690
59507
40594
52815
94729
71967
48712
91298
38715
47177
97284
88164
60005
70572
85747
35291
53430
32128
97692
9481
95702
63480
68677
41367
39823
40394
93644
53078
65962
71842
36445
44524
34117
39753
64474
26174
13155
90093
47916
61802
1227
49992
13249
25492
21765
50452
5415
12655
55552
38593
40135
49759
32471
93154
81362
31290
79462
95717
3202
98140
26424
19412
16025
99590
58768
25818
43422
10955
39857
48131
75023
93665
30384
92085
71162
36083
88500
89700
20378
34241
29548
44232
61774
43153
82909
90454
79970
85722
2080
94767
18360
82421
85201
89339
18871
32905
5785
78582
53080
30503
99596
89633
12571
60124
32240
64331
31221
3254
76534
20491
37346
58836
46856
49762
11107
90752
29624
51877
38375
56367
56987
88137
60860
5999
81344
79784
99756
10846
69637
7978
43884
19552
63368
38566
33165
74908
36194
43076
81648
44698
42724
50892
1998
496
55166
58961
88701
6023
21721
50065
50837
61942
42476
8693
47770
5509
62928
84002
90743
48019
37539
7347
94479
54481
28446
85634
13305
26204
48113
35024
1954
87768
94832
67944
67729
88106
98422
99192
89004
29611
94465
99273
44237
56337
43598
55292
68931
41562
79889
77885
40277
65318
60065
19637
94044
95872
8570
13227
7048
26133
20254
76132
21432
88316
9830
3116
96715
92854
17249
26355
70598
29894
13717
23664
60556
34351
98145
32273
14098
3386
79171
91595
88985
27421
87806
69654
55538
65901
47508
98173
39401
86454
2219
30216
88921
40621
84610
66026
77687
48735
62642
47786
68380
40426
25611
4486
82752
5957
25474
70598
70549
11079
11231
43206
21279
87383
3029
19837
99640
64930
16137
6259
75792
92902
40188
67381
97116
2779
18628
74257
78215
5310
31354
86527
84381
28891
45644
72579
22354
64786
9422
32077
30550
30252
47053
45614
34825
46723
52940
11266
50761
36127
80097
20898
6171
1781
67252
80244
24999
41444
84607
3461
68925
40718
78723
50402
66222
63483
67276
71945
79192
26176
94562
30520
46404
13998
96816
99490
36367
79069
54510
54648
78020
80898
47882
44495
52721
52763
71447
2740
20229
66596
57342
53428
88255
30747
90929
94336
18360
51279
99358
93316
34636
41755
3033
65110
66455
19250
80372
27555
18397
25287
76170
60159
28425
21695
11069
75165
25287
34542
5745
77647
46971
16450
23236
84473
63184
50636
28103
11267
1789
45733
85424
48172
71707
51098
94470
22972
53338
14964
78577
16981
71666
27511
98612
61679
39534
43996
11477
61901
77798
44437
90373
4199
40759
4185
36536
31685
38202
74406
10949
28720
97906
14862
86116
61957
7011
91860
9731
70152
23150
78152
31665
25753
19871
10052
17713
67074
74244
4786
37154
78531
3410
27669
12600
12736
66110
96449
72346
82058
61143
40361
40170
7108
36108
15233
19659
15137
80468
95787
59991
60147
10472
39375
8838
40208
22744
24721
39359
23659
42299
82018
12750
30259
42889
49289
24664
41631
40293
45921
10730
7986
59939
73688
20171
55447
83382
62321
35455
8461
39901
46159
33267
57925
75819
10232
94962
81272
36091
15310
5448
4494
62751
47480
60586
21736
10906
5576
45527
87763
34600
46291
90384
50872
89703
16560
59581
34812
32385
97138
18103
89883
84631
49892
6383
79977
79676
73482
72038
38225
5390
48201
43438
99120
55133
88715
30281
18184
26853
42837
50422
2992
99960
79344
86186
47639
99494
30531
87099
54188
86336
10776
25351
21477
66322
29073
89808
18124
82875
17514
22574
86854
5700
64717
46437
23672
91172
32567
34075
62507
23861
73891
4233
17719
46485
73842
66724
88940
49816
43159
50842
28210
83156
58777
41729
56819
40176
50390
69049
82741
5449
72265
13237
36836
81429
45638
86304
73488
67357
43882
79890
13061
89653
9159
14669
18463
95115
42233
12518
6383
59064
23457
54654
70534
94542
12394
6374
91438
78447
46101
79518
2545
90467
93990
2748
30718
59094
49710
71366
37839
96391
82900
93881
16027
64270
37667
75851
83312
79676
81095
2136
65646
28823
94960
81219
93976
27934
60040
2408
43914
7463
7550
49431
46585
13203
22826
95614
69368
18902
97903
31093
42522
92666
90646
43781
84394
87795
49330
31548
32847
62878
42309
87283
38624
56063
23473
4969
94504
30631
683
62665
13535
3371
55090
93274
40218
30724
24276
53699
26656
21325
24593
34913
57461
41872
48076
82316
60164
42935
9700
16609
99126
85973
5721
33967
27237
77090
47215
71805
56782
56170
24915
54549
7653
10526
60271
37209
67406
26077
36779
36203
41440
31759
6974
76297
6720
66048
41892
81300
22244
48453
31985
47371
1913
34637
48483
81063
20006
43501
30122
66516
62143
70497
56594
6534
27909
52612
4094
33313
9824
97654
95299
84177
31495
206
82525
72538
28816
60979
18548
5261
75605
48264
91946
19597
59268
38907
5281
4287
28638
26924
14719
102
45449
89994
1157
52230
48409
80538
91255
27457
24667
62387
81220
21329
61127
50997
10612
79132
78374
44153
31071
67119
52963
77567
25902
61712
54266
9445
58877
74878
56622
56655
45448
50275
16836
96916
53311
48725
43837
79169
25283
39918
73213
16408
75223
84296
45800
2926
80571
94447
57519
7954
45836
39411
61505
63767
63430
10853
71317
33220
90481
24959
33957
6817
45429
66001
38738
44112
53108
63822
99748
25444
43015
38575
61877
50628
2401
83071
24645
89518
3134
87213
57937
24869
9289
58949
49106
74087
248
88565
20157
28210
68047
24465
22286
47828
34811
66289
74664
6103
43728
40004
4219
70469
4344
26286
30799
16941
66847
18175
60930
32476
29202
89281
93420
4490
33373
87089
59407
186
25322
41822
61728
29260
82568
65152
81258
42774
67659
3866
99879
67305
13811
64959
61578
15789
76016
11975
45232
43723
59994
96956
65729
75623
91063
17543
8581
29440
80955
63139
51151
86776
23107
33242
14338
84246
17566
99881
24453
43953
11827
31115
91366
12614
56204
94987
28057
88226
90580
38799
79905
37203
35566
98007
46083
41089
1949
79625
96041
82824
89411
58399
33259
33109
53432
40656
11168
83138
57138
83056
50865
68488
96715
68072
46836
86811
2650
22819
47854
23075
84470
42452
38293
12575
99656
98749
61352
93675
52592
18573
75174
28643
42048
36939
16439
74664
75880
4754
57390
45379
34555
54367
87134
21040
84282
17235
15341
95361
81807
22188
98376
37222
27720
21665
5413
45631
59731
96756
381
68272
73054
31266
28029
74935
88678
35232
51594
41853
14042
28606
81861
13964
81036
99348
55949
16575
42927
83052
14645
33218
55371
50015
58887
66607
52577
37411
67422
51883
69962
99623
14318
26178
82100
27192
79669
28849
31848
93741
75473
16543
83216
34074
25549
14573
95649
80440
94411
7922
6902
26249
95220
94534
24211
65050
70956
51554
24190
26022
62315
76118
47954
98401
48158
70305
2678
34646
50641
52413
63200
10001
48409
98156
53506
51624
61298
80590
31286
12514
81531
64772
84645
3212
82017
28396
12871
40626
98159
54107
97868
76074
24091
60069
0
94843
16741
30990
21652
14844
8643
4409
29539
92822
9265
94315
59345
39670
53966
2818
31175
62872
58005
63455
72192
39072
53465
65164
36486
97133
33386
33244
22417
38928
79104
38386
55835
91789
49606
19414
83545
12462
76498
85796
45466
13097
72058
75956
11418
25277
25677
90448
8745
83600
15245
9119
18317
30431
56760
3209
50531
67420
550
95514
80761
37769
78099
63771
13944
74785
48205
75331
56834
72571
1224
13183
17577
16628
9354
56946
62723
26593
59613
49498
49186
27165
54118
50730
61506
27998
35949
63805
38760
25465
53978
45302
4348
71843
24326
51062
40199
43706
33301
10812
76735
58044
78375
22591
28248
23979
37128
86634
35210
46634
87577
61683
55451
70267
19677
25084
81979
83290
29045
82936
4190
28062
18692
43765
74354
15182
41501
50898
13384
36125
24814
34565
41751
38252
19501
52573
88936
67491
91103
46560
75805
9883
92560
63290
62646
18529
25275
35989
47325
6731
33370
77760
97699
56301
97218
66579
61212
40052
71021
76706
90265
48841
61476
66206
71379
55381
61946
76048
53773
16429
20801
76823
28130
6252
90617
54744
10488
61298
9210
59656
67301
97535
73989
41360
14404
5791
71184
69512
74359
70081
18443
92381
31120
34189
97854
61949
99823
57239
52877
19365
86095
34735
5467
50749
31530
85985
38316
73200
76475
27186
92117
53933
54873
68266
98033
80341
69648
84535
9305
47725
96215
47929
52958
45019
15600
48786
90603
97859
12324
55688
32445
83969
62663
15244
69568
51273
42245
46020
50960
53934
31358
73918
94720
58961
98940
55723
29476
68175
72783
60463
29962
71043
19303
19137
76695
3491
89375
33887
69711
47702
70988
26724
97839
30592
72184
6524
60758
17953
65592
98628
32641
26061
46674
61233
73922
2898
56201
79768
68129
14454
9384
12914
4207
47651
3377
18547
30275
32526
90838
78792
75361
16630
96411
23952
2492
86089
49484
12884
81201
84933
34243
99585
95332
81010
66844
1961
43821
95602
90806
50723
25746
79723
86836
3730
41945
49191
4752
5087
1892
22667
37919
83046
46858
65031
17489
33479
28417
29739
83259
29713
18822
18919
75999
19141
15957
24417
44730
933
77829
17457
89970
80759
271
81419
73270
31793
67367
48494
71678
90775
65943
27665
20130
60154
2312
3479
12640
71685
73266
70926
4493
87969
37581
64153
41236
8316
23642
18296
90125
44335
81666
24734
66362
3827
43198
54401
36285
1052
17624
1239
62257
67807
26467
74036
93617
13676
88477
21818
24311
77934
77695
65580
9644
53083
68571
63715
40871
37430
4264
85824
49288
80777
82451
68255
83416
67119
13041
21573
16453
73443
8583
97798
77579
51055
79316
35787
75219
685
23249
12494
94196
95417
97822
38438
21332
11579
11128
51120
15373
63473
45098
73736
25903
97827
23145
87595
58447
63197
56999
98674
34860
28199
25285
82693
64924
70515
60321
4023
86878
29910
41694
92951
20682
62698
25544
98685
65379
38579
12765
63964
5036
34929
64308
35505
92498
98517
43894
76426
15577
72451
28734
36458
71581
50944
54302
42372
98032
99160
18469
23225
39000
63715
42788
84740
7596
82534
98527
97765
54211
90738
79794
12363
75017
20557
87016
4406
3926
69927
64949
4542
42088
49787
40999
33254
44309
46109
18085
60254
50106
51889
17057
35127
30206
2382
28870
58815
92943
37220
68380
90592
29464
63503
59385
2681
97010
63609
47741
40388
13121
23511
57441
44717
47008
89708
60191
8183
9722
34999
94726
21454
62734
49029
59905
41128
39131
88513
22395
22208
86336
8661
97565
47628
77340
13967
63438
92227
65149
91859
64034
78919
80672
6107
46434
36892
57
67969
98090
22513
72222
52869
13416
84666
52851
59094
46101
26632
34424
76934
68613
31513
690
33086
57298
42668
89530
88194
47462
71015
48301
77290
40642
32114
58053
38878
66125
92156
13116
76457
95076
78800
3336
20305
46915
21753
24235
35041
35044
78102
58831
53693
9610
60417
16492
99585
35603
57118
43268
18991
39504
70943
83654
88690
91996
42549
44967
19929
14844
86520
89216
96776
26828
73925
6059
41738
29580
45967
31410
66858
18153
43832
46303
67341
10793
60933
18413
52770
79069
22788
45639
98888
33657
84763
67916
73812
56594
99527
46604
39165
35489
25910
49064
89184
42435
69512
23055
6821
44691
47398
83126
90358
32184
71190
30941
51566
33877
36372
85544
47198
53041
75961
54451
6561
7621
66023
76597
1632
54240
1567
68770
77830
80372
23308
99872
30620
54104
38796
65322
84962
5056
72845
37849
58869
14402
45438
55901
75323
24894
47180
54063
52620
41160
14521
29279
53513
97110
55432
26085
91092
65463
79163
58628
65744
61547
64842
3348
66890
23470
10432
8476
37497
35831
64078
38168
23672
8675
49931
6242
3449
92382
40041
29507
53186
37679
41806
59969
95819
23633
38106
56253
66832
4305
19267
7007
8772
95376
4147
16814
64395
20798
50332
16213
27516
46153
95013
40242
60625
32270
95118
40291
62944
47999
45214
98116
40100
9401
7084
51427
7973
77172
84527
57847
64678
37232
38514
12293
90236
9698
9514
60607
57600
22019
39022
3542
83924
34351
70777
484
78502
83115
72200
74246
61804
8545
28931
57240
11471
7302
5491
15967
27564
10657
32131
95350
13926
56061
23164
28868
18048
70587
88931
24169
64382
32737
88623
46935
54861
27216
53008
25338
23163
10782
68284
65346
61183
76834
38908
92724
63115
64545
39057
83947
56525
92997
92574
33794
3256
14421
4691
71233
96109
53546
85939
37151
84144
47350
5579
65249
18842
89085
50342
49564
40390
66155
58646
23824
46527
81861
30279
46135
96412
38260
41581
60654
89040
46676
4830
80841
94644
40865
584
19737
93570
30166
80616
43727
2808
859
63361
30582
66770
82977
93687
12942
25447
68950
40231
74084
17107
14402
55888
10768
71968
76021
62960
67845
69199
22636
8343
69768
45822
66849
66205
89571
96963
88757
81718
73473
68285
90369
3412
47605
6863
61494
67628
62350
67297
59195
48263
90698
23075
10447
82072
15329
67462
84621
11392
72524
60648
25767
31141
46789
462
28205
18361
1321
89754
90808
23902
19429
31340
32609
56838
97306
23292
31339
7358
83191
43310
95796
21208
12663
42335
5964
82994
50365
4264
93288
49299
78432
26245
48124
50742
7216
28893
8714
79799
84793
89533
3426
14950
24153
65415
23881
10176
15246
58908
18917
60181
90638
21895
59295
19620
42686
88408
79644
27227
46094
86020
68214
12306
17230
99676
70276
38724
16912
88253
56179
62138
3359
4709
96506
11736
34048
78606
64533
44719
65272
1151
11840
56527
21944
43036
44753
37551
42851
10037
84788
54537
55142
30817
28136
55620
2134
12917
32146
91416
33377
50327
77512
7453
87329
33940
69179
23373
82068
64456
28004
61482
38311
14213
58623
93101
48836
22418
12552
31215
59132
17495
45517
15865
80752
67448
46196
89353
73051
92829
63950
92058
38108
79179
1381
33994
14552
69463
31856
95908
23459
70026
63104
50281
85954
66130
94982
1677
17777
75875
67510
97396
30909
7760
40527
41082
29879
18175
38128
67416
54800
57749
30095
97096
21252
94890
41763
37011
70047
99275
9158
29379
31066
63308
71837
54713
21397
25710
9351
2385
40483
34152
2850
73234
36629
44381
49819
76911
39865
4776
73999
9642
26099
2260
51684
71027
53212
88215
46810
3279
17808
35411
23868
6675
92564
39800
20859
2786
71013
32549
77021
36639
38433
84906
72750
14675
36703
26280
81301
26224
8819
46458
28636
62923
15151
97485
6306
58519
74393
72524
64050
96222
95991
48701
17903
8207
3306
95842
21706
59304
47536
3259
48165
90066
53002
36032
23694
28189
23644
7425
71437
92462
69008
18501
8306
37871
76698
81176
86841
92345
35000
93794
37651
89886
94648
78224
61190
92814
99671
49853
37538
18704
70611
69989
95482
51596
6264
38657
5447
27721
88192
98883
92572
42675
58881
11420
59979
59463
92041
87706
66732
70894
71621
40299
66340
95797
78993
51079
82099
75568
14916
13696
89345
17779
12733
44291
31904
86295
79672
52931
72748
55360
55462
13774
78896
18269
53383
10469
17941
53007
17663
52274
7690
52664
61315
79056
65339
39357
20662
34521
15573
94371
78851
9722
79944
66356
50481
73244
30345
67472
68573
88258
49724
70622
17759
89085
60274
12739
91497
31775
87162
47717
76657
99279
74251
11286
8470
50870
16878
14764
83224
41880
63038
36613
49510
53409
97652
61439
9517
59565
73914
54651
20405
8608
86370
86614
50536
61452
32740
43210
96460
86700
32669
13165
22287
77436
5334
56137
84676
68503
30918
89373
86811
18450
26230
12836
17778
38695
2332
14240
97852
63221
58463
68538
64068
16345
70018
57146
10521
58752
56671
30474
92675
69934
72389
86456
2511
1146
84595
71951
68230
11763
35494
78312
61818
31991
54781
15847
55530
12425
9333
17653
22710
42450
11339
19941
21193
24168
38437
43246
94547
44472
93480
61243
81105
63907
11117
44106
20072
32091
12797
46281
19922
37813
12540
88210
8107
42607
49995
14669
68249
23327
18629
18580
622
34119
6527
83071
9922
46467
45320
57637
84380
30273
40967
77099
98323
665
16964
6144
67373
74646
52401
58968
94282
71968
12397
59689
76943
95177
74085
17572
15624
95681
58949
26957
95931
51597
87681
661
57459
96703
59337
38185
59246
55714
93804
17797
32543
12948
86572
75944
72453
59391
78412
89289
28870
16483
44677
95961
12050
81178
92673
5532
22128
67055
68967
82297
30314
35979
86324
39143
67805
60268
46619
774
32360
28656
88241
14162
20479
23586
50240
34550
41453
97737
54855
58629
26767
11007
85451
34867
20
94245
42509
82009
97475
83846
48922
56601
94486
62105
10870
56584
25119
86459
38151
17577
75061
48297
37909
32848
2246
30239
8948
92556
37698
80440
85772
33265
89057
37685
74749
61977
11273
21571
42370
51488
39247
11408
45349
9159
99571
69675
42535
25418
18282
79466
65089
34664
61393
33146
41698
89608
59078
69440
77350
88442
91487
95023
65862
47901
45170
22923
64774
82535
16331
35226
98320
39296
3729
26088
10464
24254
74997
80729
52489
85479
95994
7244
532
52154
2921
31182
9526
12504
24607
93426
79692
74127
52094
32004
31095
56987
20994
46980
61689
43860
7264
49645
96692
36733
95379
41811
74339
5869
36382
85558
77219
75952
48251
5626
56132
1664
76499
9244
95256
33974
78217
61509
46771
1427
45595
45687
12712
33911
54263
70619
86657
71568
99470
2634
43710
16173
35733
6335
67024
1551
58883
20984
1403
48131
90946
56170
36403
5587
16894
65786
83169
92933
72768
40900
82332
37784
3441
97142
51961
17355
3488
36239
2549
95215
13159
36262
36299
15219
6188
53056
92075
49122
76582
38348
10081
22626
33832
20112
28956
39837
67961
81383
14634
69015
22261
35351
27818
46801
71483
59486
52139
36719
80125
8441
59433
51308
31819
28876
5683
18297
55474
26450
8314
50745
22046
23996
5731
13897
62957
90548
82016
92544
6661
36335
30458
45801
219
35178
6908
55064
33205
75058
2837
36052
34695
94354
55024
29816
89136
25219
64855
17610
59635
14049
78687
19128
56183
52804
36377
93468
79845
2231
95448
81384
88951
7286
71903
84465
79532
14040
61964
83879
47960
23573
7346
63857
41418
68115
92445
36772
86408
10747
61389
84872
43831
98070
94304
84013
83123
34122
55787
99668
41931
87998
9262
17333
37311
32860
44698
12008
18003
79696
84611
79082
91008
80259
80745
484
58749
13989
6092
44730
49282
19521
85301
65509
48377
91876
70026
91889
30384
76356
79570
70729
96999
12204
221
29877
18575
27265
10623
72631
32796
76039
73864
53729
20306
83610
57632
94184
21830
85306
49210
97927
73500
84141
24516
59469
79559
4387
30596
39613
91020
47920
22737
23839
77269
40357
68539
43114
42439
32046
423
75984
17003
12499
48331
26608
48148
9903
9287
1591
30016
8647
85306
58850
38028
28377
1231
30149
70341
77381
30033
38026
71390
97922
52267
28601
47546
38917
98006
3689
14550
53317
30666
21098
64134
61587
61312
80261
46524
38087
63915
96862
85503
95210
39776
63907
85679
91641
43222
41920
31415
40945
87460
723
4854
85083
35173
24839
98822
11572
83842
77215
38272
25019
43910
96248
86085
32274
41804
88205
74959
72338
99745
40703
44794
79285
48614
55282
92412
84432
70817
18969
80324
7014
84975
9061
92274
26845
85936
19648
30378
89954
19831
7185
62689
73657
65175
54798
95834
26986
31247
78781
54401
57647
48805
93427
43865
79230
6341
57774
45072
87564
86483
14895
88643
84567
13182
46501
94186
38429
33826
2054
19868
70096
32003
63750
35825
55908
23901
77255
34
85245
81538
50956
50881
80957
29033
54132
4502
50824
74576
51929
60829
33814
33534
77091
69793
98266
53472
68180
32905
98862
4329
89144
44464
56300
76218
32394
41682
82007
45637
52975
87819
23033
68944
73701
46830
69942
51644
85998
46771
71713
17807
14482
55026
64139
80796
94948
34947
33019
89664
66426
52734
31576
20444
78447
74108
61631
18146
11716
76266
44092
75967
22641
92627
4660
50840
20066
88581
54279
98404
62179
77783
47415
58532
71793
69756
37841
71950
72116
8700
57034
98220
20667
66120
55759
51028
69978
31509
51535
60711
16482
87613
62167
78869
94539
13172
37525
38052
50071
37334
95697
79562
2768
23247
70136
45365
5753
14281
85684
82109
77727
65484
8404
80280
36108
12259
34572
99833
49595
22292
87015
90929
35196
52706
75843
97833
89817
27867
35187
2361
30545
27673
6225
12972
8564
560
62008
56823
23118
55275
1733
90945
58534
82951
42627
47446
2001
77334
54791
81784
28113
32624
17349
48414
92526
65467
54125
44065
22639
34283
53336
72216
17464
75171
21873
80661
66866
79271
86628
73147
27539
94524
97521
93074
40243
59965
20997
49414
6359
78862
31281
85451
43892
18860
26595
61561
97226
34630
74778
28547
91740
9567
47314
98062
65190
77849
26442
90567
92036
7742
42195
34264
98077
40487
14707
44236
90485
85127
37936
82808
49193
67828
49390
74178
24394
86133
69207
69338
88773
26737
5177
83268
26092
98944
2345
63374
94892
40385
38224
49721
10602
64539
33366
55990
37792
30923
30686
28600
36447
83166
21416
8752
57982
84238
88860
42532
47696
47170
36647
13243
53117
23099
82344
32629
35077
30166
60229
87540
66957
16013
68577
28020
37212
55796
3628
78177
64872
59129
66615
89496
3558
58480
7896
47861
23063
89786
36622
35939
28652
71394
6329
72033
75860
33879
59314
56688
48061
18755
90854
53594
93233
98874
92605
49891
69036
50008
86235
36104
24295
61320
48899
25816
51134
3346
43739
51165
94551
22220
52993
41849
33342
43343
40451
17149
61335
79621
80877
30434
3544
57413
36661
98212
87122
15769
59094
5384
15541
21113
36247
67124
72552
58761
91604
42392
64889
71046
53579
27060
81723
21921
98354
48375
30620
76987
83603
52657
27690
69774
27092
57254
52949
21785
21697
14409
15956
27719
90711
73938
92333
37837
5667
4641
43919
95379
33680
68245
36684
96556
96963
98634
12692
90689
26322
6912
59208
83161
27228
31218
15359
80715
16084
61385
58719
14084
19441
51358
87186
53069
4930
18379
71328
69480
95583
74615
82924
58378
1234
71686
86400
28051
67102
4150
81361
11914
1696
73637
96114
17473
54922
12829
91390
46089
46649
31296
1032
75000
73294
10283
68202
847
44765
81591
66764
74832
27433
40744
7553
90233
47153
16390
14783
74751
26402
33518
29922
82113
3731
14637
20360
96986
11826
85553
16879
66673
91442
31291
19541
27884
61486
36832
49867
27304
28011
14286
13361
57557
49077
96978
46241
39213
60832
73129
63602
1793
73393
8975
24572
67936
87249
91121
43525
31024
83303
54642
70666
13142
47031
17436
81680
72151
80261
49345
33932
3813
11260
62183
94689
63625
48176
35973
8962
43370
23979
73048
86160
43561
7721
24257
51131
80051
94084
99232
63753
87214
13357
68725
32558
29021
42237
9833
7381
37420
19513
68817
99669
16766
24840
38273
2289
19076
21824
11770
93572
58094
94118
38650
63213
95016
5675
65388
61337
28825
60345
11640
14982
34075
17654
79284
79096
9583
32584
14321
31549
25167
78532
55267
12274
79046
74129
23420
79639
26333
56627
34957
20105
30573
93373
90374
37509
12744
7230
10234
93847
84549
83826
57290
14644
83914
23350
50570
64216
99642
11138
60410
2244
85607
69718
41884
96805
30363
96018
22625
28023
8036
28044
68804
72159
1905
21729
24652
72269
74967
58763
8770
14714
64508
54717
71913
84508
61653
31578
30195
89493
15053
31393
95430
62250
2772
48623
83368
99476
94615
4007
54573
66040
68785
40421
91920
73993
52974
73240
39468
53027
89261
46016
48455
47935
34382
40593
87610
53075
69120
65106
543
37283
33115
23731
10869
26091
90477
84321
16327
55744
45121
75998
93843
70980
39236
99318
57354
91802
70498
59246
61985
40582
73835
43
76231
61195
99898
71491
556
84758
63921
55500
15399
31205
60873
73306
18029
60610
42945
94260
89879
51731
29023
24062
38651
33871
91711
28356
6880
51707
27212
49379
61974
84222
17817
22597
9055
55262
6103
40198
487
8483
9129
66672
5747
60231
92240
72112
45988
17377
58722
90797
13109
85063
37514
68799
4419
15213
68772
93113
77330
81294
63890
65853
77106
42174
24340
45180
90594
94165
52230
46357
49801
34326
7185
55103
57360
20967
77427
55991
31374
18398
50224
90478
15235
27290
40184
6862
21998
5510
72693
41935
96516
46983
47862
76535
72050
70794
91115
57940
38561
29456
36246
82708
46764
8441
82424
16173
4085
96181
42855
95012
3461
98846
48259
52126
25453
72016
33680
97504
10566
80947
13445
65793
53556
88267
88707
43661
83751
29955
82105
45463
1456
45982
82938
48189
78350
5562
63751
61388
34389
79092
74112
94540
10082
33949
37860
50707
82400
5289
24951
45032
57239
65212
92755
92938
21489
10264
90413
67137
93266
96343
19284
86884
86020
8834
49836
62614
58043
30125
26022
98075
99826
83398
82386
95721
40154
78905
45865
20905
18971
46829
54205
5491
50250
69376
63492
79759
96139
9379
7072
53989
32059
2366
39504
20541
39226
51658
53075
75983
79717
74213
34618
74850
47259
23305
8762
59097
19933
16878
61809
93728
91405
49371
14554
43697
6020
50857
39367
38878
8325
86805
43463
66760
61108
79786
30642
69535
70099
24120
69839
45274
36783
67181
74748
79861
93559
70124
60375
70832
83330
1335
5001
62945
67846
27819
57397
48550
50350
9793
81799
83517
88020
19901
8992
85654
73414
98789
29928
19428
52403
85553
52125
57846
34018
9838
54044
81672
54325
75571
30216
57975
76230
4409
1449
12721
17545
15896
84615
57949
83822
78479
68787
25330
24625
87757
34615
7414
16163
84418
75754
16660
5120
63989
86171
75944
62500
47997
98270
80968
8489
52900
40519
70173
55928
83311
61179
87214
94552
90008
52402
2582
76640
58090
79981
78705
70918
72903
27109
39249
10961
89224
40682
67777
30797
49861
3403
8749
29573
25685
73000
15836
74979
64625
29592
38320
23002
65695
65710
58382
76368
93537
96854
67018
35298
95065
72118
45890
25772
64521
41639
32878
45847
1429
62751
39363
18622
20099
20628
50853
35932
74311
25180
78677
18455
66216
98738
24751
24363
25601
43216
13405
10446
38158
27114
99690
29199
63191
10104
23983
91825
88711
53888
79480
3918
77977
67584
9012
32752
6110
38883
83222
201
71891
27109
61561
20626
4295
43230
14747
5738
11923
75065
455
70227
64360
87329
71451
47332
14030
45845
20864
27754
75864
49068
24679
62352
24674
81090
96525
74466
11568
24808
87680
81946
11481
5377
92975
70251
42348
24654
98556
5500
47306
87782
30302
56065
81123
14766
17651
70434
85192
42380
45935
51672
93922
40417
9343
21253
6419
55713
62196
4211
96435
11178
1215
3130
55129
46674
91219
26812
66846
2769
99635
36321
9798
65133
97304
96105
88745
76645
82894
10085
19289
27797
14624
15111
19790
84881
66524
74575
85485
74983
30622
74939
47861
64264
79300
19326
73708
93053
35959
8845
16627
96394
81714
94444
31734
32822
91522
76539
80879
79745
61733
93885
19483
7248
46139
26307
44230
85840
28652
4391
88931
76941
54152
22165
23125
23534
51171
36443
12010
8168
89719
19186
62302
24296
38829
32749
10924
49256
36783
6870
79094
32421
19946
87325
9411
84892
16620
55448
78503
59007
16600
16017
742
56663
18113
16801
23164
82055
24567
76700
77315
5364
47037
74125
70942
87895
1653
1904
54764
48161
83782
80220
41964
35566
66373
77496
56777
58015
75346
92022
73101
75089
86469
25649
44745
93782
51505
9112
20500
20606
81539
87751
30281
96461
84966
20641
6326
2932
20939
27909
98315
31568
77000
25136
65928
73576
53130
76532
57017
42777
13721
91776
81044
30892
96353
7994
52274
18015
543
59541
11265
73048
86025
61852
35762
88567
53931
85641
42397
71846
9002
98603
87400
67215
84710
87324
73491
74625
6465
37650
96431
41588
27852
89272
98498
47121
65692
13510
63074
10978
83007
29853
38141
32787
59344
5746
49147
12324
6244
98977
80488
55641
60165
61543
2923
7094
20227
69394
9263
78579
75481
90613
80253
98418
55250
88345
27031
68533
22368
1228
24771
27730
53369
31664
37855
38082
37783
59015
65780
73969
18279
3186
78084
76187
96058
29338
49313
58229
5149
39384
14633
25535
14046
80030
48586
64680
63011
50681
410
20395
5317
78381
23442
71258
96203
27068
39250
72371
30439
92683
90175
78787
79245
69755
13427
16616
60895
41313
42237
28819
95443
79120
53462
62873
38835
38912
75925
82872
92681
51005
30230
40806
3572
61021
55853
24703
19988
41222
23506
72347
1533
89509
79494
32683
72038
54949
7026
13960
82452
84006
49592
35062
58885
34886
22542
3149
39158
44598
87243
34568
96282
12562
97777
73472
90529
58068
47624
43548
15080
99699
26928
63563
10796
63923
36097
58903
61554
24015
31225
47556
98958
81550
87407
2917
97109
25998
7473
42993
42473
5776
78814
95949
46043
63212
39619
62080
34788
6056
70432
65935
98059
91372
34388
76795
25190
86219
19751
95356
2226
21886
76798
47819
1703
3628
94958
51619
55077
33797
4805
70157
62225
97749
18996
15206
95250
19151
24911
26526
84316
80590
63402
79699
22048
88437
89684
42454
35074
56464
31456
39528
52499
8881
6739
66967
48717
44361
11016
74477
48188
8870
36392
52044
29694
50638
20419
45124
8034
23185
37954
56445
81990
96482
56441
82928
7341
90743
41630
15709
18834
27353
67086
15141
52870
77197
37125
68159
35295
6662
25149
45851
71184
95055
90535
38158
87569
14640
11872
79267
86735
12109
66689
32588
13871
64582
31141
81263
15035
46680
95799
83238
91402
83315
96966
36791
63234
83154
43393
72667
31320
53212
32046
2482
41936
67337
60254
74758
44836
19734
70865
25129
53779
88552
35828
26802
20692
77591
54690
47298
76569
88086
46206
23426
27070
20881
8434
57565
77415
83412
32819
5925
21578
13778
7771
93748
86670
29783
29996
22033
29891
86806
84989
52190
33696
77450
57147
56199
38304
56146
36983
8822
34454
85569
99083
89331
41374
40390
56916
3567
66351
37758
43314
55289
73723
6153
84839
83554
26603
49779
53788
865
66276
86299
15254
14772
25867
22662
80527
33320
26901
26539
67097
29841
16935
49739
68015
89211
17847
64406
91023
5267
26208
40000
57422
81316
788
13712
16810
37382
12086
13322
73140
57621
40894
97419
29577
55006
51915
60407
38609
42023
67147
88103
15877
52089
35542
18234
9475
28835
96253
54229
54339
87200
98465
17675
93055
64165
58737
45910
76066
79442
69110
36586
44184
3371
23524
66282
62376
36033
99570
81538
39055
71829
60447
69650
77683
93425
52286
32337
88878
5279
54658
94215
81229
57964
49315
11147
39355
55348
99393
20367
94275
13151
136
78238
64733
40858
17389
10468
64650
40658
62793
44672
99941
46702
94646
88435
28365
80927
98756
97889
80709
24802
98451
93873
31854
45763
84110
83876
13584
65533
4617
84432
32356
98182
60371
92942
52388
20348
70817
93333
42355
4516
24667
21633
14460
47373
81930
37341
92706
57998
96318
67364
38834
32994
75221
94157
5717
25974
99503
53344
19997
90393
80169
81877
52077
58565
98541
46082
11359
99692
93975
34076
50480
96979
327
98324
73722
15751
78008
36717
73521
11739
36116
28024
61310
14338
10976
81943
70899
88020
73458
89341
75129
72578
96862
45272
63809
8262
51701
19029
11898
85878
5548
41753
4306
74450
99031
26587
52842
47948
89804
76819
36058
53886
43339
90007
28062
69081
88858
26220
21891
875
6978
38146
97027
14898
91058
67675
55262
60301
19131
36865
43986
10570
3833
46337
54245
24576
72346
69501
47533
74551
87111
12864
44923
25425
74282
1623
84747
10873
54185
72591
18268
26200
22070
44136
59613
12056
79664
45068
34726
13330
61635
64246
43789
7337
45991
14227
57008
82137
90123
6883
27477
37802
32681
62823
22754
54059
98566
84044
9250
78934
33610
75982
19610
28038
77236
58044
4945
84216
38285
27243
10770
96087
47069
13391
54000
56419
66993
43493
85605
63399
19143
17650
7233
87358
31965
61633
8950
83683
26462
77631
32366
48
6019
36505
66201
51315
88286
2645
7860
60108
15642
33000
9196
56459
73681
76095
32104
74096
34080
38830
34769
19444
66172
57245
17610
20640
78102
89973
151
10136
12451
75419
70256
32407
23327
70061
20141
92170
62032
89372
93273
74427
71874
66115
38656
67630
2468
15004
85326
55975
53932
16938
2139
45329
58357
1617
21934
83190
24761
47173
82018
68964
85188
65105
10155
95967
59783
73532
33239
39912
87085
61575
18902
94539
4309
35266
60900
65934
91874
18353
58235
98100
90339
31190
79924
15798
84270
14593
17861
82657
77559
60852
17479
67633
44592
18122
23498
67584
92945
2643
13208
29799
68364
24969
57095
70513
75368
56599
62892
89948
59211
86826
25815
88652
51732
58401
18869
40430
6458
85520
25525
41146
58782
44290
4478
23547
77220
3866
57497
41367
42572
95894
83303
20568
68744
44060
83495
14639
91890
33468
38213
91964
61779
67817
8256
29071
37596
53752
72733
21243
80042
84414
84082
92603
31461
47008
92477
98156
59995
32331
42800
59736
52830
54843
172
12470
76604
74787
35400
17192
60941
21121
29638
23488
37024
39415
82351
83574
52473
39876
32903
4750
88980
95549
24367
37805
49734
5328
88557
28529
32886
51880
55475
95865
97198
78069
47675
68255
54067
66308
24009
30780
48672
86099
45934
95122
10630
64236
20626
63180
55885
23195
91527
81279
98622
84211
74522
6457
92155
70620
42127
35053
18103
66953
50738
64025
78357
21661
95893
39923
54486
9592
30138
98440
24561
43619
15116
93540
91144
56167
79956
45159
49308
29832
77658
76571
22843
30118
65517
68462
4137
57983
81341
76227
94108
15105
61977
1565
75310
22885
99865
19879
76513
18723
20133
37196
19990
23993
30508
32071
59050
29147
85292
99563
61642
47707
57644
85630
26828
62879
85720
26012
74039
53876
25460
35940
98603
90606
42693
40964
5361
34845
18452
77585
52057
25876
94290
93972
42877
33263
14320
42776
6204
94881
10831
78761
2531
37841
85694
75323
72289
75763
27114
75692
71662
41695
69920
51616
41969
93914
37674
58835
61574
64169
83273
53599
69558
76589
74519
71579
78862
24141
36228
92770
50471
56666
3241
47011
5599
82673
74527
96291
32659
22361
29234
34409
47053
10291
97926
60650
86377
77919
40634
74269
3997
65506
26115
29973
64585
9124
62028
35952
48206
24350
46941
76632
6443
74527
90272
68305
38828
71914
31815
3263
29850
98739
71327
61869
75730
24299
71640
5869
72586
72511
35995
85896
88555
18013
4071
83545
27578
91252
66343
815
44920
53531
35483
84120
55671
74664
72958
8138
37181
88403
25610
27755
16117
18147
96661
19996
15097
43155
97509
50798
66280
17813
50696
58608
51498
89671
4546
87874
1867
34149
12595
39613
73009
87345
80926
21274
53251
6616
58092
12575
72600
43098
64895
26676
38752
86313
93351
69339
86885
32154
90935
34683
23412
40849
66318
52224
22699
71897
68958
89203
83907
86368
37962
52883
30783
20865
63257
27838
67332
29830
45224
48861
50935
39261
64550
97171
74936
49955
7855
42270
97498
80824
67984
48937
54948
60271
55965
5927
43396
17538
5095
18401
22855
76570
11689
33115
66116
36336
71010
45904
49956
96644
46948
85094
82587
76453
25442
53098
74739
27241
66221
10319
6761
68614
20842
23682
2993
91008
93324
55821
61858
70399
78830
34109
67961
2252
42946
39931
87224
58116
92352
10050
31109
30558
33414
21154
35245
90132
93517
16417
73869
16101
86901
49157
16582
70376
33760
87909
34911
83906
58508
13246
36483
17092
13975
55593
56764
45210
17144
13177
44732
71347
45064
49109
6219
78000
30207
95698
35779
76613
16791
72176
64284
70835
2357
77971
17289
14514
22191
99752
95294
94475
29952
29183
58801
8828
43225
31216
17294
50234
5729
94222
74210
61465
72180
33761
32788
56323
49684
22998
89637
35526
22984
46645
59511
57126
51673
70284
30959
51802
85245
6140
74276
20411
62367
58488
58551
13958
48771
86123
49077
70152
32005
74334
42312
36255
21874
96989
49079
86795
70937
81059
2818
95999
56172
10185
77581
7745
13200
85818
7055
52285
3470
24379
2258
52565
91964
9880
36498
20511
53665
63727
90009
23624
6200
45997
28054
87829
23727
64498
34801
71963
16559
51850
22049
5950
54881
77366
6931
93613
45303
1971
21986
83188
7165
75464
57179
69463
14057
30574
78276
57122
22977
92813
70206
8486
65506
32889
57062
56659
97658
48695
69465
96530
99075
60788
8766
44830
44611
69930
23861
99151
75790
79486
74819
63759
19903
72624
27943
40882
65992
62699
7509
15276
84459
71019
71348
65799
27393
69911
10383
62185
21431
64014
75557
34260
25531
47264
82876
38113
4042
69478
93908
43158
28685
97592
55527
54295
71453
30059
54321
42894
49299
51175
88192
65336
96702
86326
69233
95788
45525
77740
30684
64769
80997
81572
75900
84728
96362
96587
65166
73236
4639
69320
95183
35060
2201
41702
6001
24085
20261
53511
95407
21499
51769
57752
1720
10271
41503
70506
36349
78710
79890
13427
84845
79821
40965
32244
25449
99256
54623
19660
91346
53999
65212
1233
99672
64799
19835
34731
56945
43676
86599
22078
80339
45892
79772
80672
76576
89102
69873
13958
63403
28261
98231
56950
96673
10592
52048
75786
36355
23780
67014
24142
61098
23052
67870
45653
26752
30094
1335
25434
20924
72949
98591
20828
23671
9976
90131
47610
40036
35441
37168
46629
47334
50529
38206
14181
35039
52096
61676
91360
72526
33768
55603
71567
62734
55787
8662
1114
76194
16068
98783
64034
2506
34526
8963
30283
76112
95446
74411
14868
54753
66951
85060
83552
18692
18599
68021
4714
93099
4288
9083
48867
6547
70917
34164
61792
67489
74070
36752
12298
76707
16165
36852
300
52785
34528
60332
34205
33093
67108
95667
61757
53980
9640
6222
41131
90944
58514
55395
93821
81817
9374
85513
60735
56720
78799
58205
83833
38026
42217
76128
29009
86364
44203
42002
14039
27893
76408
4892
57263
16831
3632
8185
28083
16680
70709
9415
22487
9832
62329
40305
47329
334
90311
50665
30482
30296
4571
63233
97391
70705
69185
97011
30737
85668
86588
24060
86466
90370
5616
40728
75327
29229
8515
82985
8425
71866
82665
3011
96800
77925
15589
47973
30060
86438
26755
40441
93132
66990
16465
4530
28308
83695
20358
76778
70078
55553
51307
43087
80150
57328
97619
14840
13334
41384
92657
1753
90356
48244
48023
15622
96501
54277
54335
87682
64970
47032
12050
82355
88068
23642
62188
74935
22616
40785
37100
64640
68801
95294
89425
31419
59549
57621
66693
80921
43453
19858
35069
71124
87691
34618
95225
60712
11684
50342
64921
2345
69818
77808
30090
79779
1283
79167
74482
29487
64757
91392
71371
13050
21035
76208
44850
63391
96743
28873
39958
11550
5683
43220
3431
81306
98164
82580
99836
21330
5856
73903
9666
4040
334
17537
41804
56408
83288
69504
20656
17492
46166
77550
37178
50503
44090
50598
43164
17651
95725
71641
86318
9088
49517
77423
13868
73174
48442
75495
87985
16927
36797
94745
63699
50427
94921
27022
58609
58197
7591
80654
93701
70468
55684
40560
52725
31819
17966
11305
8163
7783
49548
7650
72127
39102
9266
83224
24854
77342
65131
43667
13042
3508
29074
72035
84455
95890
39375
11675
41423
2636
81492
73373
60865
38007
46512
7551
5075
59588
14406
4038
53424
3446
39462
71834
12942
82219
70854
97168
94372
57522
5160
49883
86566
34060
70446
89051
45334
54068
37912
82908
64861
11227
68366
76880
86688
12959
26299
11967
63076
97192
19112
60338
67748
22939
69504
89992
84885
76636
71938
35113
26794
49204
36368
18500
97746
13790
96000
83455
76412
81516
19973
13020
71884
57061
72342
85483
1523
34931
7226
2668
96509
753
71608
30337
18483
28441
56342
59486
59742
62931
99244
37740
34099
91071
61969
70677
882
27725
30476
29529
34375
42890
40399
69537
52279
80225
70136
36580
31430
59837
81774
59223
6717
24078
52558
22674
99806
45979
97455
1582
66021
89871
32057
99502
23476
89176
6341
92576
32791
89200
9413
3885
12484
90420
49931
9586
20861
7530
3011
16020
51929
16138
65086
47437
93731
1112
84427
91592
6316
63675
95842
85741
57893
15841
54398
1362
23878
7120
48375
16329
23024
79497
8515
24385
12378
44097
67873
81179
40479
75722
61931
67853
37825
70830
5796
64125
92576
54448
10747
10262
57364
6382
9598
16714
24731
72761
75632
89480
68524
39002
20925
18283
9429
48038
28721
74197
50170
32738
17103
37708
44637
26916
26319
45437
5553
99568
89173
67933
57375
72193
81131
25454
99625
46623
16746
64323
59357
62875
77862
35458
49095
19247
99739
39457
3119
7679
88252
33820
36515
41289
25130
9334
87904
97930
52818
89858
27357
35314
3226
9123
11527
88720
45478
24925
47095
74461
46834
4430
78754
2607
57383
56807
46600
97371
89182
31150
10621
94165
42158
1040
48358
50462
57303
79320
85441
75167
39273
78327
98085
8675
15454
50467
18316
33065
1399
62720
85393
10461
797
75432
13912
38043
39659
83947
92681
33032
95274
95797
59362
79292
39099
97573
37531
66919
47352
41479
44239
64642
15556
27561
93876
49166
80846
60951
53541
51351
44354
25808
89819
62075
97544
56661
72953
98396
6961
61621
8791
59737
87732
85707
50212
74213
82732
21163
44231
49772
72713
89271
77804
40311
23733
7805
3998
53729
98367
54541
34727
84346
24303
33825
90809
76603
98168
68075
42107
64940
4313
78860
99384
46582
61573
58029
46447
54406
54335
76537
45910
59067
55599
26667
21933
14169
44182
68075
98948
93113
1073
57527
27559
52221
87212
98790
82242
49820
77129
69457
11125
83071
56419
64757
66067
46929
25738
48225
72268
22052
58981
94362
6629
48480
30620
18745
39906
6340
44000
1263
29819
92486
20230
20456
74566
52821
94134
54001
50965
50055
1738
79546
28053
51234
42875
57049
42693
59473
15352
97293
79890
92198
82456
91784
2971
22400
66738
60871
68158
63368
70113
60089
75206
54434
48032
18616
45346
57320
31073
82816
55523
93976
46201
50161
7907
2065
89861
26934
27639
77701
74266
14863
29650
72242
57781
94955
42578
29683
83841
21733
67500
13125
30737
68741
66099
65573
18935
25165
45192
71157
70894
82733
65484
31190
10959
35105
46041
91620
64292
93606
23185
73427
17917
21940
75092
55140
91595
11503
56094
4112
51621
80759
69360
89075
22994
85616
19537
69318
54524
32115
81507
25148
90166
58052
76153
16499
36031
3886
71374
41755
57876
5247
91701
28907
7167
11091
94706
8630
77006
61304
4371
35813
92444
96536
36082
48539
79747
61216
15045
84693
17231
1860
27904
56947
3968
74570
73944
1702
71423
45545
74232
71065
31454
40293
48493
42273
60436
48743
29525
17652
36596
74290
20393
68424
16435
74536
2573
19616
13318
43151
26840
4480
67288
16656
22743
4430
23868
49035
55463
97986
72541
43033
50286
53909
95658
95272
33606
35966
29606
47037
49684
5208
65767
31588
89122
73589
22917
82428
66181
35498
43907
52166
14091
61031
16763
38045
56335
4218
4933
17050
18578
43599
79986
7969
5909
78816
83803
15920
11543
81455
56682
16019
50338
35404
55461
42005
23681
35479
17294
26479
6622
94031
76712
9543
20982
83197
50168
5623
95208
22247
70709
68131
6905
54089
36079
74977
29371
43666
88882
66427
24272
43301
59051
6117
13794
95440
40955
23345
63212
61906
38553
4002
99635
3232
57361
88652
93270
38914
43980
76220
73364
30373
66435
3169
54358
58855
13450
9423
12643
24133
48712
38859
46669
63729
65938
15744
46288
90362
97832
53204
18425
40520
94303
35130
70185
4004
59954
21873
6197
87475
13367
80129
19257
1094
93144
17348
4329
19549
4934
97716
66148
28656
53605
58580
94669
66618
31387
19516
47102
90921
97413
11995
2283
79441
26225
7617
37705
21526
28673
95691
28136
1670
32201
48512
17922
54879
7610
13330
62211
33887
74597
79366
78312
68278
10672
95105
84532
77752
71327
60501
58707
85843
89845
17277
42373
58673
37746
1252
50251
54155
43381
28431
92998
72561
69760
25019
59366
31651
58500
795
97380
5397
34732
66093
87371
78189
25456
81880
16121
8883
75623
86959
1583
27311
11272
18239
22421
18337
94315
14976
6982
99589
83898
88977
17054
41578
34123
19396
9292
78537
41099
21388
75024
10273
2229
47776
59411
42658
19581
79092
99890
56497
45985
98849
56884
91162
24679
71459
86031
85683
48072
30919
18005
85659
87472
30219
91972
56979
95640
5878
19023
55148
27574
85708
8091
92666
37618
81464
53792
13954
3180
97966
44777
22365
32910
4801
47623
27440
35596
11322
79859
10814
54340
72982
82022
12419
53449
26092
41892
2185
31183
94277
73412
6629
39832
66315
19557
58218
83634
50525
62884
68151
28867
18679
49722
16447
38703
28130
55483
44904
33647
14758
86997
55976
69714
32310
37298
67602
55414
33042
49848
54778
35121
28019
4491
19791
82093
45405
85463
21598
72800
36048
79389
35172
88871
94601
66721
85765
27477
83958
21901
31111
75935
78778
13371
60767
1730
57180
78039
87739
87536
40067
75683
2721
65342
51566
38233
50545
37391
29059
15473
93627
91153
47567
28294
62559
14731
32563
57846
51470
63844
52959
93776
43968
78731
89295
31968
58316
57862
31031
21167
7924
49987
78785
46897
97487
91854
31912
76102
72592
70451
34613
51452
64851
42389
45304
58278
95791
1406
12901
40831
75084
40602
99268
2853
6992
69671
97660
13851
19276
65281
30278
25251
52545
88698
80034
96844
14403
29255
65920
64635
2825
74209
62805
49947
24009
93552
32297
53273
24888
75819
51034
24261
55792
56295
52963
26265
52471
59168
42217
8734
65089
33981
40778
92857
14492
24063
96077
71320
59610
54561
49554
96235
96678
86774
69583
84805
63393
34438
92321
7251
20807
56170
65957
51304
48363
69799
7503
56461
37909
25666
60331
68410
95683
65063
40244
82191
47857
6665
32605
22523
40340
21933
82080
45184
26308
99506
16701
46792
42273
18993
63839
80227
7202
66872
31942
31433
75246
91979
13178
13558
52945
44556
79554
32918
85299
26047
47008
91624
6976
13581
58054
54402
15774
52831
82432
93690
39573
59892
63646
67746
10013
80512
68650
6728
16699
94355
64264
62126
96544
80308
88499
73734
43100
34669
17115
40178
85722
58117
43322
29237
41676
9235
99867
56988
2536
46634
36756
72215
54914
85840
76175
58077
57295
48199
21548
80323
2568
88705
31069
19338
62387
17182
98843
96889
25787
28000
52
2345
47989
39745
80548
45290
34846
42661
39780
25958
13511
21887
71199
92889
9045
56052
5709
167
9474
67870
53771
63248
12959
78182
53799
61075
47052
37591
23147
20228
14394
11067
47699
59151
95319
3088
76818
97525
6457
81154
14602
87915
63386
65684
14583
76988
74046
76681
80018
31165
98675
75806
92924
23590
38193
91209
98693
40270
13876
81220
36799
72322
992
55561
15283
66318
52936
95804
10261
39528
91287
52507
24690
18689
74426
40796
9733
90356
58645
44078
5701
54233
47416
5740
82207
21596
79509
13301
56309
95998
17232
23019
85295
27011
70599
90590
54052
94391
87466
18201
58532
84904
92641
9557
67128
88462
35282
30498
44509
29473
73346
83132
52500
77956
92961
59453
66156
6341
75820
9406
67566
93336
16901
14117
31645
12488
73172
40297
58554
33262
80139
27620
35843
63685
8871
48487
49720
40198
6783
6730
48139
37359
89322
1062
79516
90674
64013
28374
33194
77884
7399
42780
98026
5355
69085
4190
97196
53210
52085
29399
24622
43531
17950
95386
31331
56975
25037
4024
46399
69500
28569
25737
78937
95434
28154
86132
7943
68653
86252
88242
58611
1392
37399
53868
51264
25967
35907
42567
83658
67374
55576
59836
20692
52419
69823
38618
38088
355
53043
81722
41177
13072
80851
23621
52760
64657
81106
12663
17849
46196
87371
20969
78379
65026
32760
52710
94565
83969
10710
83078
56873
51385
85234
28649
8199
82531
15635
29913
37566
37366
23851
14148
47631
90399
99227
26364
72086
1936
56260
25192
16348
5352
17748
27552
40531
58618
55341
15566
671
66276
27706
74749
99257
10884
71892
19079
17728
90736
74411
29513
31464
19837
3046
55995
95120
96046
69616
16881
69187
43856
15934
67414
90089
60523
72080
28536
62376
68327
52436
40701
79375
50176
37198
91104
21823
61798
80453
96623
76542
60298
62763
41516
40360
31526
18131
89725
61941
99837
19965
38515
19696
50979
40166
16063
33140
75657
95273
6128
6525
65628
86701
39433
16661
18328
85258
28090
88865
46400
73201
90334
61
65912
8197
91150
2246
97058
52317
86953
33182
27502
65996
12855
8617
61989
11173
12586
1923
5381
1606
8717
46667
21998
48322
44488
93680
44709
34052
8285
93129
62018
18419
31670
27045
46900
38190
88690
78291
52748
32211
74212
25234
97749
70579
69373
50657
5222
20456
5275
20946
52207
29438
28484
89535
60732
53525
56975
14641
73299
1217
71500
43501
64271
26517
12720
30659
97108
52054
90612
95564
26585
58945
74503
24294
32371
63852
53640
45604
42451
81644
75756
66659
29432
99152
58726
52812
25207
92775
71321
9428
16745
93814
94868
16152
53179
36078
64404
28616
53167
69601
54668
21432
34761
64671
40384
96016
93958
45910
33480
81462
46429
28501
65901
25459
87694
3837
50002
58102
56491
48944
11233
19154
4725
35096
16657
16509
40917
22283
87023
19691
41916
47904
62389
32689
91979
61654
14826
39894
42825
50935
49052
76872
82007
47605
96998
81739
68570
18965
26087
18440
49382
5719
88624
8223
95967
14432
81495
83602
17185
59369
42498
83485
13102
14653
52466
87173
21318
13278
46641
79013
70962
74508
70027
19776
54403
53155
76233
41697
79032
50311
33580
55815
75789
87549
47261
11212
21992
32732
62688
78691
20009
38879
2070
53590
89429
31063
16821
45768
22071
89628
37860
44708
410
35288
70756
10916
57234
92209
14456
12883
36473
42551
64212
54045
90771
98467
79364
73381
55831
14370
89108
841
85758
52135
78506
59788
94936
55275
16224
1683
25680
38566
28307
78400
3501
12311
75163
78468
54723
87834
93490
99657
25643
81292
73599
18752
2809
24343
45995
83256
81054
17469
22545
70366
84320
98000
11987
40814
15279
26636
4535
38398
34156
37112
92525
89280
17474
78540
11074
77380
57936
61825
67587
82209
67245
23938
32722
33904
31124
22423
83077
9297
84669
98672
12125
27835
54173
71640
51583
12862
94925
19699
47522
43148
51679
33175
91644
52572
54029
45398
75268
94544
24633
6403
26106
45193
24333
2865
11338
24924
35300
51040
91734
91197
71591
45469
46403
45012
78098
44384
56361
5779
40595
14052
41899
87404
16670
97504
518
59945
81026
1115
68675
77092
73213
36872
13609
33872
54309
79812
65429
18211
30983
66646
85477
52102
13869
62184
78483
71342
15836
38573
77954
19302
55659
43023
44422
4143
73617
48800
99322
80813
9962
38416
22637
80802
65332
75351
36524
29484
58611
56380
24694
91698
92746
21841
52960
53502
76862
87275
55449
25711
44039
59218
85487
42958
90090
17060
60122
53565
36500
98379
92106
20759
60479
87916
4954
47458
46760
36832
45816
3458
17950
95288
11652
8016
48796
7367
42374
47218
42330
58028
95649
72914
47611
3621
9502
91234
72515
59701
63862
30380
91756
81187
43935
7670
35736
60076
35754
15718
79842
78332
16692
39995
97127
90395
63272
93471
79113
98691
19804
86842
25593
30149
67399
63990
36449
98020
56942
8906
34280
54093
79123
44879
42592
81419
52376
93983
16687
2706
56532
97049
92740
50744
58742
17055
9471
82157
13394
23433
98437
27176
87159
33999
25449
16759
8957
57000
73237
92518
20416
14701
96172
70799
41242
45485
84972
33016
70468
42630
91555
54208
8709
13111
24982
77447
94931
15069
12483
43533
86901
55038
47468
54966
28719
91055
16017
18365
42037
50147
44394
22737
79852
15583
63597
67677
90664
51149
79829
70391
38364
91337
49407
26181
7556
35718
56494
42788
27408
14771
38024
4607
27315
39922
8264
86994
58693
19417
58931
93300
45737
71784
29134
33077
94929
93161
23045
13253
27735
28462
83816
7963
15520
55397
54286
86459
37375
17397
21110
8752
51916
31399
21112
15131
40837
7931
1776
29048
55974
39730
40885
83632
57938
21233
78583
93761
43019
15022
22290
78819
67075
20690
32172
26563
44206
8601
3387
79872
4238
25727
92731
68560
20233
49066
88854
43743
48589
51729
31649
79751
38928
93698
2086
21392
39386
35345
56355
16954
94519
26058
80998
18753
25366
84429
2139
77166
83461
15362
75885
18227
90021
54854
8125
92812
61890
10771
1636
24868
95215
53575
20144
66488
99294
17309
45087
97777
77186
78448
24246
28345
78185
55323
68830
12481
60137
59512
41753
98094
98419
38539
40194
31295
20194
1367
48142
47365
69601
73333
28656
71130
13401
88501
16840
73283
54216
37137
6809
78312
77601
58702
1425
81829
3709
63903
58246
56240
8231
29672
72003
24921
55274
1282
34955
18810
6090
57160
3687
92866
17136
52465
51922
51252
76961
57727
57271
11535
60896
26740
52065
69997
21889
10065
25613
39814
82365
92560
26690
57435
47061
99973
20774
5531
87871
99897
6017
82611
3709
63553
31383
60654
94916
3208
70344
22402
59706
25553
83329
31969
68643
28854
28437
75283
17122
33016
9218
23060
90535
31715
15258
23891
17919
32035
41395
80215
3250
49261
565
19148
33473
19229
87115
36718
87160
33121
89719
45134
76495
4960
22630
12772
91920
6882
33173
30242
68038
70396
2272
78082
11988
37227
36670
24308
72325
5295
41831
82399
45805
11659
432
79253
99048
92698
38543
42869
85323
55376
58489
79345
24439
1694
96960
77398
21049
5832
45981
51574
24547
43134
75727
83043
60780
11866
35670
62356
97228
86424
78650
73305
94668
49389
37445
33977
97783
18684
92454
25108
77823
89957
97875
56007
30783
17518
1256
34336
38671
61410
22240
40020
59712
18992
13365
30153
5732
46453
96146
28837
20203
29711
47964
71639
36420
73948
46510
81589
19755
37556
43712
38311
723
75772
49640
89579
8155
33429
91344
31853
63262
89243
95625
97543
17496
36263
65907
32931
84028
9154
68141
65243
24656
49029
27675
37312
30064
94023
74564
26262
51892
87085
27547
15468
48736
49475
62409
22549
84838
38446
68788
46994
70669
48753
47699
23104
57733
71793
49879
45053
13976
38322
39569
69841
58488
34019
50818
38326
59454
6101
22304
85058
98611
55399
12261
54133
17622
85164
99960
61928
5931
26375
46818
48633
34153
13228
4532
93328
4536
41363
59158
9109
68642
99248
79342
76201
63655
99967
88201
11202
5643
89153
62954
46449
67196
27763
99998
90942
10228
38243
91537
12860
9846
4141
17921
7637
2456
12672
17530
21460
45958
65300
37120
47434
7874
14039
7550
90070
26237
20719
40337
75453
54388
93020
49106
30224
67004
93633
15127
65642
41492
77586
13829
60878
20228
46802
98749
5349
54586
78384
91644
32704
78245
23438
97092
14638
61382
37916
28494
72532
18748
35523
70542
38751
89387
32912
97564
31140
31046
82638
26498
58908
87002
19419
31827
95593
9109
69270
55626
15316
28947
97153
19080
10094
9461
72407
18106
85263
1065
79003
64112
37009
97525
28239
4855
9895
24821
78182
88017
68114
74856
2079
39775
65151
27922
70662
18867
45091
84860
48859
53338
8803
91547
49565
23725
58771
28136
52431
60655
87061
89083
86212
19236
74689
36400
30592
36727
33759
56285
30333
6544
35845
69873
43477
14849
70245
2935
54207
92195
72365
45804
3135
77341
42810
51727
11675
58502
59980
82100
86538
43911
83688
45248
24168
64993
41154
89335
88226
91399
86809
88662
77724
38832
39505
99437
90667
63048
46144
79509
56069
87351
79621
92605
35324
32873
83805
25956
90580
43281
23908
19779
69610
54102
32607
39986
38109
84567
84281
24918
60319
51468
93939
62252
56299
73761
76493
10881
80734
83887
91829
94569
33507
66234
66039
29267
83006
97928
72457
23352
47606
20096
92668
95355
38543
83793
4095
1271
35054
18460
44353
71614
91150
65620
41416
75316
86024
47702
35753
45188
57586
46011
39914
51625
67539
13803
88462
2551
44887
66111
87121
67023
66614
25643
8665
33595
59416
98939
66397
12252
63430
28699
61497
52831
87784
98985
38498
80723
39680
9696
45322
59941
3312
26404
73281
3567
39377
41665
23361
24793
56048
52856
39251
95696
92983
98421
23582
1210
47818
22000
5151
70119
55659
62290
42816
8200
4925
63073
97999
8917
84173
82340
15285
14415
51408
2243
17285
81187
96668
15637
99353
60169
93477
65561
51703
81260
86485
38970
5722
52303
16021
88618
879
45474
41200
82194
36277
63204
58825
68233
1971
26224
25069
81770
53822
45012
3661
82381
69034
41849
40484
57424
37670
53497
76122
54408
98458
48157
91147
51035
74275
41038
43896
14260
41194
70423
27144
11278
21724
50779
65391
8726
68931
9598
68702
77265
634
83153
45318
13276
92905
19796
24889
66897
71691
24238
654
56131
96339
95893
62792
27636
79619
90649
9187
73570
6868
78964
2307
93667
10307
91924
27198
35634
72042
80328
81900
15629
94193
32939
82086
19262
71265
53808
73285
22245
21392
28597
38464
47645
43319
70864
88194
36569
63617
50565
47380
88103
79448
68123
67261
59098
8722
50315
19648
24643
40853
78820
942
26900
72626
94975
73432
79959
52027
99814
15518
86244
69448
98570
43257
91997
13457
31505
21544
70877
71188
70391
21808
72585
56729
4685
94861
15325
70706
9616
54629
93480
43256
69008
53103
3578
56764
221
95430
50664
24699
22158
83414
60078
3633
93712
85474
21869
99825
49157
58416
16522
2519
48865
28674
61491
38104
97602
35797
78458
15067
27442
27320
65377
63138
27964
81456
36952
66241
32822
1536
27793
61360
13543
5540
44503
54615
80600
94510
68151
18774
64395
24648
23546
19442
90805
85896
8749
96417
43689
44608
47892
62437
1648
46642
8894
47995
18245
90760
54813
77047
23186
87073
92217
78458
47097
81320
39154
74821
80965
36067
17063
28735
28444
42948
46216
48156
22584
24431
6896
43805
91179
8549
38357
29047
56461
72286
28360
38221
98035
54962
99712
47759
52074
5065
22579
44657
37334
7351
72945
82133
83047
98079
75286
17375
40752
5206
64150
19605
24411
99311
88293
25553
37554
16153
68825
57961
92710
77391
73561
2302
8821
36941
90953
11864
58899
88279
92265
90868
33872
4976
96028
95130
77197
26263
82221
88767
43847
52030
77542
93900
30863
92873
69348
85789
23973
25917
76702
85502
8503
64454
32976
28149
21233
38791
47444
64969
61205
91378
49596
64768
33492
83576
79350
51666
14234
7799
92947
13582
34006
27221
49197
53282
65056
79991
26573
37925
67020
19713
27462
30147
75488
97134
93656
49881
97182
24277
32159
36571
93976
93321
94497
23722
70838
65799
70811
95007
67897
44012
74050
24977
11149
41105
30283
37456
55834
62054
8993
38200
9443
76062
6392
47285
4284
52104
81088
5884
73617
92359
47591
60870
49166
21161
81194
88225
21974
50813
76265
90272
19779
85041
25315
75262
70416
1575
86140
25748
85927
49956
84786
85479
81950
26258
40687
48854
44240
25586
70904
64664
14712
44164
77645
2192
60998
48395
73674
2746
4425
3119
42218
12870
84691
20038
45815
62225
19899
68031
41786
30261
69549
2650
35129
27643
55843
5086
39866
79683
14363
59518
18257
27149
57502
29362
41196
60672
21145
41152
97970
39538
44855
60501
92196
31408
42669
11088
77664
75431
45422
44751
76008
65734
48931
86163
9561
10280
21715
84691
14576
29778
20324
97514
77334
30444
41655
33698
73168
52215
14374
34462
63812
54447
37826
63789
32671
85271
49604
75709
5650
41110
1622
8695
65989
83632
98061
47210
15446
93728
14904
26575
23470
94608
34694
99874
21691
54476
79472
91170
59923
4963
73640
37010
68732
69325
60832
88987
17022
11956
80595
64871
38033
64699
95404
18485
84490
13290
97855
81045
66764
45674
91753
72091
15225
21591
55282
60289
495
36819
1937
83931
56616
8857
37527
78603
98743
80635
28970
60024
21820
37247
86807
22201
10367
71423
86444
22070
7866
71707
38272
88962
62040
32973
13829
29316
37746
98172
54631
12462
36673
49568
7885
73159
69407
49953
46189
29879
78122
93714
26904
10003
96094
43616
36052
51105
20755
12054
92256
55751
30474
73502
40139
70399
7631
22922
14494
14103
50520
51337
6686
30083
36803
26648
29018
7024
94812
3888
46983
97418
82395
71460
980
71701
77845
61428
94855
79480
5659
91787
7641
40703
2862
71575
24446
85709
2338
25989
11326
17706
75822
61717
32492
56701
15528
17854
2493
48836
6594
76040
90645
98249
11719
66060
25009
253
90306
28825
62527
15227
76601
71324
77055
61456
48881
99340
48496
86811
1403
40365
47079
34396
71123
67868
8813
57884
76297
87723
36526
66259
60107
70578
60246
93370
27529
85312
85572
42050
46106
26512
10445
1064
6328
90434
51325
62776
59107
99796
2551
84052
72296
33400
47318
74134
39587
15961
46931
67529
26642
73650
92116
15114
31093
55939
90205
27835
73436
5223
1269
34513
21578
88097
22934
47997
21832
87696
43561
31974
84316
70385
55505
48434
71000
77780
73829
59532
42240
3842
32642
75863
19794
98054
50744
1954
9875
43000
25459
42284
32138
58122
7023
41648
56620
97194
95885
44036
66624
57283
88210
27132
89341
49744
66701
3827
26829
68538
60115
41802
93929
53798
58127
88061
21415
56729
22953
61377
49935
73478
29680
57493
75846
98065
12737
18151
17070
72667
41272
99696
39527
46704
60839
45388
58239
15678
52942
40295
38735
28932
31884
11556
51966
41564
12469
71581
88600
26310
68554
55061
32127
55734
17631
12010
66584
98276
38195
27375
36598
15581
28558
88016
10434
10166
27482
20752
45255
42644
69256
10647
60072
65735
44966
52437
19077
66170
21546
52892
32252
93432
20130
73540
10340
88435
66522
98017
72464
4686
2204
56072
57170
72886
21330
22830
55609
60670
77322
61568
94104
48639
8754
9329
67349
11398
94090
22105
69039
54475
62848
46683
97199
83178
54649
86869
80382
12623
77512
96691
80584
21738
42921
22502
29082
48364
32695
91649
70856
38351
33096
32542
40047
75121
44972
75800
79951
475
43045
85095
42063
97331
52453
11591
8279
39760
30548
3892
46585
56809
4644
64800
84764
56923
13921
54149
72807
16913
91671
66913
27132
65205
92794
57982
22744
81191
10091
3808
55136
27460
81400
49424
23311
36381
53811
5637
63259
37748
80713
31207
50363
77065
46241
29104
39516
40526
9989
19193
33905
57960
81964
3470
64755
57798
3820
19706
66269
62532
49355
94105
33487
40912
64798
99353
4346
56180
25812
52302
11432
48606
79799
55436
62462
93556
99538
94813
13996
96857
92837
47454
32293
35459
77515
16942
60937
24881
59652
58491
54197
18697
78937
80788
6964
37105
7621
5037
3478
95287
23765
94336
27778
69091
33543
67883
96168
73341
15525
17030
27728
40157
64307
75978
57146
76802
1816
26174
77569
78156
84923
60920
78928
81280
13538
51951
73515
47073
7631
67613
74764
93994
48921
41531
19903
94001
32805
29752
28913
51160
44948
75085
62366
16577
13724
98980
30930
38760
35619
29263
21669
66954
84334
43864
16459
32367
24774
74784
62229
66634
58099
83266
49597
70846
67176
24536
81387
3828
30774
2351
72460
52468
99078
41053
259
30420
42203
32041
32870
98163
33521
28493
94485
34107
73565
79997
34406
79882
78478
41407
83418
63080
47447
54683
46628
51712
94048
17884
20274
37375
67345
33855
24429
29286
64919
49677
76099
13117
92227
68760
36223
17458
21269
50503
60089
46912
79150
94521
38300
91440
69241
24028
89665
63866
67240
80474
91373
18674
62400
26444
16969
56300
93885
88873
8743
94373
41264
17638
3713
43484
43451
14054
60089
96783
94217
33812
16080
77666
56457
87462
16502
55502
27149
5332
64989
97104
29307
70090
26668
71165
27208
49120
27994
58839
14708
69028
82028
8303
46571
21420
35708
75584
94144
31063
85087
94777
99065
49791
36948
36631
40503
2021
10798
9194
47226
62190
44952
21359
83645
16405
1338
40207
69175
88809
6567
8771
93364
34827
28849
38445
45819
68460
50095
29117
82408
40956
94886
67044
79130
49998
32683
49922
58182
17032
71878
63229
98297
41922
39380
84285
47305
51143
67536
87381
5132
93007
66587
95391
51724
81925
88117
60342
63965
49318
77546
56760
42437
44268
93160
53503
61518
30206
73691
26131
9858
19310
60340
86715
91561
57886
52652
90551
50542
98469
29937
13814
36994
34971
26844
63185
48508
97475
64282
2753
58105
53124
34936
51691
61073
57304
22326
50406
41651
55465
35529
15525
19454
94232
69911
47086
11779
89774
11171
64055
68051
58264
92265
14223
66673
17475
38381
7569
57783
61847
17215
15814
10105
23337
55564
77054
76040
66954
10200
20067
26244
15
49654
22923
16317
98819
30011
32581
73867
32924
5455
96887
45187
14452
35
78903
17557
51784
38748
67606
75687
34610
11618
42981
14804
9557
20281
19883
41090
22506
3353
92796
32644
62805
82402
32816
39919
22493
58450
19329
23596
80964
1339
19598
60073
26707
65767
79715
66974
14476
1137
77077
94235
8060
73897
38960
95495
58574
98051
43101
17939
87050
1513
70235
36693
15280
42982
7560
85887
18280
94994
70703
53898
15904
19359
66495
1815
93424
34222
70616
4704
84624
43400
37637
44834
73540
32176
35947
79612
72468
69035
26889
50991
16837
95101
27834
6837
45299
66138
22329
17766
40135
56497
95354
19539
26
21928
14472
13163
40152
74728
21974
53918
53104
48407
51897
23775
71118
84346
6027
86263
10862
61217
68298
50177
91851
10192
46229
5679
96134
9835
25171
99538
31801
85026
50313
68443
82685
20
37806
83953
9217
23014
14665
27577
78726
51862
85842
78524
89099
6895
79454
31922
92011
88425
22623
79312
5038
49716
4815
71218
7582
85271
19068
40611
32020
49581
79844
43371
9532
59855
80384
62412
34752
90569
48696
15210
90629
39387
42518
98547
79667
96714
39639
6675
53952
67615
77060
77696
36951
14104
18082
39164
86897
42668
72566
2115
690
36082
15862
97650
36238
7003
45522
15039
67721
66152
68651
64631
61628
52567
7153
77404
70441
17036
73097
85775
58206
31564
33390
91153
6429
43426
45756
3194
36959
53459
91736
97146
77917
37678
45147
82947
67319
45074
87526
95625
41132
62049
682
52559
17596
71722
759
47471
51423
98861
70918
25411
20186
85011
55161
79221
59777
86125
52462
17362
75906
1575
90420
30212
74241
51476
73039
82384
38662
89866
21560
53161
53042
6000
13853
87639
59674
6955
86178
54105
90455
18855
19447
79857
92453
22104
84858
81804
77628
10673
25824
25897
5950
69605
79349
3477
41805
61031
79896
60491
19516
40473
48342
58001
13931
22246
85578
3314
44188
29737
19813
87473
37255
10638
79038
78972
69625
98405
91673
62835
85257
6036
39920
6488
9438
95638
3952
29477
62075
17279
49280
67171
53999
889
65321
78007
90072
60530
20792
7881
25764
7752
33036
95357
86687
19079
72031
83038
38845
48035
74363
63059
44175
36770
218
48383
17203
37087
10752
78716
38861
68517
62112
3980
87880
48890
39250
32691
76288
38948
71914
64645
36310
90882
91510
63779
18281
60650
6148
15107
3152
44943
72517
78239
56549
23279
58838
12851
42539
67812
19717
72738
86571
89827
56556
12432
58675
53622
88633
69078
17570
58848
38023
13184
51673
37733
98476
45259
55237
67381
81762
18828
90410
46484
51123
61596
61628
27949
74335
73164
86596
9352
34530
45716
59674
30977
60303
33101
31052
45455
89883
66929
23617
2375
14927
10976
77499
62968
93315
33796
69779
20476
32022
43866
83920
20076
64639
19736
42791
91889
84089
63524
73561
41938
91981
21225
91089
15520
97333
13676
86156
55848
53642
26505
81709
14863
32364
6426
70011
56972
31084
12061
56350
30676
57120
88330
48647
18608
22148
75241
35561
76210
63715
61465
10691
15491
28236
18439
44928
14631
83189
28267
53697
13975
3711
7602
17374
87134
10992
36254
88585
99665
61160
42942
35788
73562
14131
27240
9012
5672
2466
9047
69594
90979
24337
18239
6090
93709
25631
85728
49531
54630
71309
35132
13732
64695
85444
73269
43386
16156
21468
14722
66148
54995
51681
55545
28801
40489
10818
67203
47384
82588
56415
85124
83311
520
80766
19583
15923
14570
89872
11642
32342
97009
37309
21166
24247
82056
2966
32011
81914
93184
32755
11280
37872
98162
37477
45085
41167
38602
35929
65693
57811
57872
86298
8549
39851
92004
60342
29695
87035
30831
7316
75638
3565
67983
93894
42302
21280
76608
48582
22086
16341
2860
78883
27465
97130
3576
72007
62275
8399
54476
16647
30593
46073
55039
29255
67217
720
65996
73869
39344
58276
79959
25357
54697
52192
12477
64223
72582
96227
26523
25557
44014
63861
99676
28763
67464
89745
91434
73538
38080
82752
44843
22050
67007
24012
98281
98238
30297
69587
52152
77391
39688
53629
95916
69218
66143
64206
55173
9885
26744
44925
56245
76709
46854
87263
84252
21907
34269
45783
714
24470
88665
4590
55707
42047
45071
62043
77454
7879
12210
11495
13278
37260
26082
47165
92968
84335
69502
38412
20399
4878
23026
26781
67407
44671
37544
61565
35858
98148
49131
67601
74827
39496
16058
77852
53473
17774
30289
42663
10936
70331
42264
36931
34979
90559
91865
71313
38819
41280
53129
77641
97174
89950
32651
72309
38525
92378
80784
51799
52086
53343
42698
39887
41044
6396
52129
48305
68558
79272
65849
9069
66376
17066
61422
96358
5119
52987
76274
87444
61139
54263
54398
56214
22774
30153
65414
10246
18459
19633
32995
38570
83570
15188
36530
21459
56862
14613
69095
67336
87329
13858
15578
81712
49242
29608
3726
72870
86296
41357
31982
21431
71234
65051
4078
55950
43227
59918
26557
41038
41493
5903
50157
9907
10562
22736
48008
11487
23433
16968
80188
57289
95872
64590
57841
2874
72264
36143
71723
1260
86356
21629
88799
83645
43068
9953
99037
59133
43335
99935
28197
408
98984
18377
24914
94000
79793
67669
22976
24343
63226
62898
51151
16672
41424
84600
89021
21392
17826
30958
57919
18254
7831
63131
79710
97632
99147
85450
29967
60508
94864
967
89013
60329
91535
20665
38910
66859
44708
82960
63863
15621
83252
97676
27181
37168
56079
30480
32229
40067
42335
18641
33241
40534
75111
8159
42299
74519
42206
72150
97714
60358
27840
32965
58118
26969
62461
47806
1621
2602
38236
8061
29355
22687
63893
5137
23518
56154
94928
17050
4671
28419
12518
64215
53041
19156
48740
22926
27183
55424
22373
26481
89351
60325
61243
68860
3748
55613
89123
51769
7325
66000
40737
34864
73614
34858
65601
42339
49500
80196
19072
29767
44617
6080
18910
76648
85473
64200
44359
46213
17181
53968
77004
83325
58601
22591
91916
71803
35619
33178
44572
1335
44204
7261
6112
30281
54018
81554
36108
37581
19179
79351
86328
97454
51593
31980
92113
97597
851
83642
96940
73177
92317
53694
31127
35603
40533
69210
84993
968
14370
48041
13864
53951
59932
86886
66644
21970
95373
22820
79626
68565
41846
51533
41060
38982
28399
88758
18817
38436
32717
70321
37297
47199
79746
85334
34955
38276
54382
97628
39019
10405
85387
48560
40543
43120
26394
20045
14171
92922
88617
5006
48829
63581
5632
44185
3198
13989
71594
40901
1859
49782
57819
52060
51091
2541
68652
81483
31845
61702
52103
57093
49694
12395
50328
48159
19055
11438
31146
50378
11312
71254
41345
84313
88056
78523
12060
1296
90756
9275
34984
84658
64206
30908
54151
31585
62804
81226
63445
61380
6941
98596
88319
35459
12262
75821
25532
64020
79377
98326
34315
20196
39167
49406
21903
22979
54116
24895
12331
36886
76373
83761
30049
22456
6928
94249
17503
46651
44629
54510
6525
68105
7437
56375
40177
92059
99644
85044
33274
63319
9974
96192
80364
80040
21797
75316
18195
66420
30104
69336
95555
17220
6473
12156
87420
62792
73929
61458
70529
53657
10820
92320
82661
16590
44385
42277
42257
36073
38114
4899
14196
56429
82054
47699
4163
77243
4550
34488
38977
31239
67008
102
78969
50044
97159
85973
26811
23230
32738
25944
2859
5232
30934
82374
98862
30650
98962
90757
85668
6109
43332
97666
83081
64333
33041
72038
96849
43933
27897
70491
86364
62349
40798
40676
95960
43062
24171
10787
4138
79711
62599
75193
96978
78030
86121
64999
76964
83302
5218
10265
79156
31914
55051
39970
93896
76584
50238
70130
32259
3838
52698
22367
51607
10968
73727
39893
82251
90409
52011
8076
27145
60535
24824
72956
56757
26272
33120
22879
28011
7087
71660
77278
12400
89065
46497
99496
80164
28315
81158
529
84503
30132
40747
96598
28875
53791
85079
90024
75593
39976
79937
5884
71730
50885
15984
14003
43725
8344
85888
83345
77537
12170
9822
41454
56716
36822
52863
78440
15785
71678
50332
71882
40258
66302
45503
67492
60710
4120
54171
28672
48269
30759
59674
41399
26435
76820
21560
75561
66141
76315
90400
82308
52993
58418
33916
972
78965
34606
46743
81362
63753
21331
91080
2041
48339
44082
42718
72190
4233
56726
66783
74818
39452
36112
12193
27619
73831
31626
50323
19105
72584
69614
68377
10203
75808
91820
6301
18114
54765
70898
97342
81763
15007
22974
11720
81979
96044
4017
91472
54986
50050
61925
63802
20624
90692
99042
5189
43669
6733
40256
22134
11916
88892
38026
81794
38769
33477
28428
83453
48058
12637
3123
90577
76485
65966
98429
10934
74273
83545
66645
27891
61199
31629
32700
66914
82090
40197
91206
6246
91939
25171
69857
6624
51670
32655
72795
3064
26741
84893
48757
44902
88666
19183
97648
61089
35822
8824
67283
39193
20546
72118
93575
76565
89748
57978
571
93203
51718
64815
71463
42842
73720
94410
24547
15542
2350
13417
44636
51077
98759
70479
25083
78819
55808
22199
4932
51272
97922
24922
2737
72916
22467
4128
50580
50956
50638
25685
11929
81074
47154
46457
19083
86185
18785
16557
99709
28881
81801
8635
8446
87143
49124
22279
13749
18120
95633
91818
21215
63996
22572
76901
2225
77219
82344
46513
66309
37759
24886
92659
9262
65992
25285
27023
85054
44616
87180
28112
25549
51841
96221
40083
30007
61579
67667
44549
33464
37144
13318
55239
87367
397
73314
73176
8610
53609
99340
13937
5539
34357
18939
64141
45910
20219
9889
71289
74858
22418
70755
90953
36194
19033
47844
85332
61571
75977
29328
80700
84317
66519
83689
81299
11717
21697
87821
35290
13021
94957
43836
52110
42327
82236
17366
6078
52758
19458
67984
73491
5171
65196
43873
93589
92840
96129
47614
15292
16443
69189
9684
40557
58462
3109
22502
52485
58576
52264
14198
87343
21885
80860
68059
97920
97156
58987
81556
81473
74919
76346
94096
62611
29327
83105
79856
33236
47948
84872
59554
2802
55279
55980
2958
87722
61408
79713
74114
94140
85102
24347
32268
62028
53421
53814
19045
48621
75580
83752
86003
35299
96700
38310
8998
99296
76551
60726
56107
17582
38619
86109
68224
39054
43148
86393
91113
36819
6210
11662
55824
65502
27104
32247
21531
58082
29331
85994
47858
67871
86676
98854
18546
22510
48176
31974
3900
92421
32749
75002
5411
9801
42851
15120
75024
80824
98885
61439
6252
65947
9882
23607
69983
37291
58185
15309
62067
65160
50560
17560
30957
33107
92922
53127
2378
54990
22366
62480
63881
51604
1624
47948
26126
70073
86523
8477
56719
28432
47666
35164
62989
91271
15787
12880
93627
70196
52881
18724
27476
8666
20859
59123
74720
9725
5085
79523
9862
8834
1176
79202
12634
93416
77347
93180
83106
61448
9172
55810
94188
29494
75894
68407
92272
61534
91507
66462
85880
57043
46013
87375
19665
77804
23432
65004
90603
10016
35021
57604
10790
32962
59026
90362
81225
87888
9394
45955
20256
59648
64195
34258
10155
67584
65657
86560
10661
73792
52895
60119
58982
58804
91999
39737
59191
50136
74707
43507
19028
58144
58832
93897
80791
52830
8035
34787
47932
67879
75891
24464
71495
56898
35770
98074
14992
89679
92437
14303
42533
68542
33732
1069
22567
15963
26079
6044
82309
65595
23532
88458
93448
79315
55394
61309
14120
25110
91963
72853
86693
12915
53558
15624
61960
6154
39441
80594
96642
75824
91857
73301
6269
50523
81321
59942
52795
42015
67777
52695
57063
39551
79103
21120
84145
84315
7128
31574
28450
46670
97259
87641
54232
87341
90124
99520
33830
7842
70773
12147
37064
37888
4377
21971
57909
96241
13533
54703
75130
26277
30117
75238
67866
91236
57503
31455
85364
53694
48342
35822
57746
43785
73197
27756
80097
98310
55599
20794
38105
93410
84603
38402
95129
52750
51090
44894
65726
76587
47422
21880
42897
55937
91282
47645
10352
22366
15091
87719
57594
78409
10729
65178
77251
84080
84541
35724
75435
36539
28049
48862
90656
66563
37387
90112
20352
10271
48188
49784
45114
5581
8690
18142
362
41420
68368
49899
25818
348
8018
58521
57214
2305
81950
97670
39534
95927
16551
61803
3430
8652
93407
40618
89455
72818
32086
18814
72458
83711
30586
13487
11824
72551
31669
13179
40748
21857
36826
86169
23684
11453
7210
34843
98894
30569
91130
39394
71374
34003
24533
51977
65946
36361
93956
1417
93695
22507
2409
18788
45945
67688
35294
26235
85227
19534
94562
3839
32669
78133
79063
50454
62757
43645
64073
93347
18210
74389
36182
66677
14435
64241
12009
4499
50833
1800
94349
84000
56794
92005
16466
93069
79335
57075
37498
18203
29509
66563
94742
69076
63134
13629
66814
86119
43349
55442
83174
45190
90491
96221
23647
14161
72872
45918
32748
65210
16081
38590
88911
50806
66233
44315
84804
4951
81939
40193
28511
18885
49529
38221
22842
43387
33318
62577
56861
54173
29869
57578
83038
96772
13860
5899
81831
20053
6703
59309
56474
88790
16289
96110
24025
83132
84785
56536
71049
94107
32989
4149
61159
51889
36283
12507
75556
63439
80339
86672
4220
90500
48258
82989
53275
27799
93693
25268
58169
72738
60794
33070
25918
33118
36319
22944
10753
62894
84482
70860
43430
19194
40097
27523
53005
70344
96315
40914
16365
2762
20877
43797
25210
51138
24981
96562
2354
65498
52686
18444
89071
79520
76207
59131
1596
42394
22382
29418
50643
99049
43863
76172
31949
63571
25348
73375
25389
13334
53697
44140
58277
80685
40657
67
89096
99085
61372
83394
69384
83847
75064
4518
52280
98889
13786
80213
29051
94961
9377
51830
18118
94457
85590
76109
74844
89883
71434
80235
82490
45016
15954
52179
34311
47496
37410
49516
58692
30815
62448
85625
9212
49546
81012
50246
14298
63858
97020
35453
25086
27512
56234
88948
11917
32557
29290
81959
48365
25219
98938
96574
59021
14889
74388
58039
61513
93390
74386
38456
99504
63145
28376
50110
5884
14999
57395
64858
83902
12752
31979
47949
90382
18815
18746
17752
89815
89474
9768
37815
39907
57421
97847
36914
870
88058
13521
3582
31475
80867
7913
89558
20064
75234
29702
156
25559
8637
13233
7212
69562
68560
70162
48846
45286
29980
81377
93617
22267
33362
39896
10651
53005
50560
96104
83258
13248
68184
23442
85269
15467
94233
90901
15289
1724
80166
78821
60443
63772
38968
64184
2806
99023
45506
86084
91711
21636
78328
3103
97220
7364
48034
84161
94949
46389
88860
64584
64287
53351
95498
30467
64138
70495
1634
3988
91258
27515
22706
63824
41946
75154
55922
74420
87098
68344
51119
81089
60308
11775
49943
2683
56720
28809
86417
87619
55939
19543
36424
6745
34545
2103
39958
98291
51107
13314
24605
7417
54298
93300
89684
86723
70412
78039
34256
97420
97704
6573
87830
62912
84389
37226
57562
3355
78312
68428
39860
17988
4884
382
77193
83018
65652
13706
32823
28700
57691
70602
12991
49105
34106
4972
86189
54386
4714
71077
96830
88389
60350
52707
7525
63811
49287
71316
10542
66491
79662
86906
69233
49
3704
85272
5338
42537
69161
12241
49365
21510
61207
44520
64239
48532
30438
8818
44889
13899
63042
2
25320
84477
52589
27684
39179
16950
40837
483
53863
80158
8638
59952
74257
167
51807
31936
60020
30664
72313
2822
88637
58296
66685
76878
99865
90088
76676
7058
18367
87317
67601
53896
25163
79142
2862
1451
22735
77702
37241
72644
90823
37343
72525
64268
8172
45434
92998
74036
69653
79077
64033
31682
87907
57913
47254
59875
51790
78915
85145
25364
30452
61228
55886
9582
26691
69507
18385
2541
47452
44498
52208
51596
6686
90979
66393
30135
40486
16009
37888
12190
17709
61491
62709
65445
82735
39233
74815
27975
55540
77443
36968
17562
74073
27928
9511
30633
89329
66338
96451
64288
15647
45867
27932
37956
31365
917
51684
64800
85373
35349
79565
32752
8474
28566
16257
40445
14040
66606
59561
85121
65711
56630
76990
90184
45242
16863
41269
15912
8247
35911
41702
32730
4719
12794
99745
41489
54440
79145
30563
74365
65525
4417
20019
94841
60772
62650
8651
34741
91604
23187
39646
98088
80385
49679
98765
56524
53455
87556
66792
76669
90480
25999
39964
27104
32408
39528
75776
25494
56729
57148
77148
33964
67057
3653
10257
95868
77153
27909
29184
14562
88163
36409
70186
41774
31073
45788
34653
58269
17829
85189
96485
90747
53053
32801
6773
39379
84846
1601
50279
7426
8866
35163
48345
33509
9302
84694
33485
43159
82908
60510
35744
88726
36415
36633
44599
92627
73065
44991
94295
4893
14019
49789
901
22025
18318
39801
63295
16734
71618
12586
46685
55923
66971
39016
64848
5079
76051
74416
63591
91271
42531
5669
80539
72068
43140
89187
89055
31431
25837
75383
8738
80241
78145
62062
6523
99765
28581
84294
47939
13275
48591
95528
392
55442
45477
81776
20363
49326
87100
35851
93407
93710
65547
218
34977
29634
60056
24994
86633
9633
2728
68370
77295
89136
58716
17281
37924
2426
25305
22438
12029
41320
71760
16966
40392
92838
14616
75796
971
49593
5933
95560
52478
3079
78018
45888
54671
66862
63426
87447
45483
37443
35265
42368
919
898
59200
38925
33923
54145
17426
13498
44812
13757
27765
31720
47493
25228
48977
16121
98477
72407
51580
31315
47787
83363
36607
33570
42359
17600
23654
78400
59712
13978
92803
86994
65311
78422
25219
91665
93567
63982
38963
69387
6003
85088
2177
18437
59185
31696
34886
10929
74577
70214
47308
61462
76285
84824
4119
94221
34553
6630
1406
35932
53469
87954
32081
72317
28762
28985
44716
9616
73953
41944
98890
36419
40393
76697
8736
84556
3589
76177
40211
81243
48527
85894
33417
20491
99515
80999
30599
46411
39296
40179
97699
64796
66142
23194
49052
53272
64570
41506
79591
8415
82993
47315
50228
6431
28758
21409
92752
2718
50987
78961
52458
4913
22319
93952
43562
1200
39962
12059
62657
82961
5113
34754
60957
64030
70299
39966
81951
75914
12571
99018
17506
64971
94747
74542
91516
87960
62227
93163
34544
8760
47349
8717
64430
54152
19106
14407
36941
19201
34010
51688
31183
44828
60338
86179
8986
22054
59310
62005
30331
35154
73515
91255
75259
41861
41461
64937
60790
33620
72729
72246
84074
18955
59512
86557
42543
97333
53340
97292
94856
76516
15529
77520
74146
12
83656
66226
62845
52701
58434
58062
98567
80591
27922
49353
59375
31884
93140
51182
88411
87184
1116
35451
12332
41694
80307
89928
3370
24877
96755
72119
77184
48618
63250
42867
44752
29223
81010
94558
70498
67910
26658
25685
60049
1806
16978
37579
81056
28026
19183
3401
21253
183
52314
64301
87691
91575
69742
33563
68604
73130
12182
72067
10375
72513
45518
24264
44080
25912
65495
14093
74887
27263
46267
26756
98666
2656
63905
92008
82704
92843
83873
51466
88326
14
97805
60554
934
86802
46123
36020
93036
17995
84807
85891
71913
85503
43253
97227
92683
20279
95111
24096
4636
78336
76318
9826
84077
85167
92078
28522
83423
72332
44885
5720
65509
47418
89302
82727
28956
93407
13690
20277
3664
75394
90769
4908
91722
67144
1744
74554
69965
67189
63108
74474
12004
17619
40556
18148
93642
44250
72630
56539
43566
50490
97710
25765
35575
19642
8921
62914
95828
85987
1228
9785
18964
32332
85304
23213
83597
29327
55611
85850
20492
31943
85347
16515
52052
15710
29125
56839
33845
76387
24685
46540
3736
90609
20253
21044
98009
53271
75264
71729
63928
89661
92672
50080
52120
41496
16117
62474
58089
61651
35425
49696
40980
18959
56923
1989
29173
14699
23921
84568
67533
22694
73565
12793
71881
54257
55645
28018
19572
45091
70615
95949
49550
55583
18107
85365
15497
65658
31616
60483
24778
52125
56244
41545
48016
81783
89753
28783
71520
33792
97785
78466
3661
2131
76393
21534
70079
64039
42132
85452
18558
18321
65634
54579
7420
15603
53870
56016
8847
90248
46203
4036
37231
66686
17862
90875
56988
97434
74750
50610
19388
18407
11905
31636
2754
42431
62838
63366
91299
37780
98855
11772
64314
17938
81935
76938
34046
71232
11353
15465
7201
28418
53688
14440
53236
21182
83272
85297
26112
30083
65846
2191
71752
50021
40469
68097
64330
63034
54304
76205
73467
82464
77119
47770
66279
16767
39284
21951
64408
43094
15848
57573
47386
57418
22641
71910
96630
88116
58595
57826
37870
81694
29867
88473
42319
13114
5136
98626
21564
21620
80719
2621
59776
68099
50008
88226
61718
26923
6937
92247
79842
68438
47804
21899
67724
75573
85047
15545
48197
53357
59489
2696
92955
62
94622
91301
89212
33327
92923
59111
3913
59659
17169
79621
95976
60969
71398
71701
48188
57160
50600
49234
60809
22438
9945
58868
67344
6648
1705
16005
86083
56064
1078
46632
81651
87467
76626
23959
26656
47059
79849
59021
63532
82283
52613
61863
14361
25243
40608
23163
58980
61770
88802
66416
81030
72745
90849
53662
57023
43500
17460
91451
14442
61619
91222
96427
6766
41454
26947
95963
68230
66441
29571
55799
95812
65405
35707
13173
79847
79179
67907
21520
98623
85827
82826
44191
46640
52521
24697
31495
80062
61718
38712
56704
51104
41372
62947
33012
62517
29122
1696
40262
48898
92053
55228
53947
8338
2043
2229
65257
26608
46289
61910
61708
46042
49231
81751
74842
19670
49171
92553
68257
19180
95517
48939
53356
33235
89966
17154
73887
91379
45612
43090
10095
56993
91433
27761
5790
2947
31384
12557
64237
66865
28517
36251
79616
23965
47251
70834
42752
70643
96605
92761
20428
80369
74603
19821
70551
50030
94913
1872
81099
17391
65988
24801
26756
37466
74342
15417
75043
83519
95765
43337
21358
60873
4030
26947
4138
72495
81924
85922
26237
1179
90205
24425
93028
79225
23897
29803
64984
3128
87556
22815
19112
84026
85432
64006
6410
72008
78492
97527
52835
96892
45668
58441
12515
69755
25893
23105
12852
75393
27838
21085
60218
1649
74317
47690
92938
1874
59199
9681
17473
38301
88696
7991
11022
76408
33526
81917
43047
53402
78030
86559
65412
58725
96306
70522
20002
40475
97879
75983
58229
29346
41161
44893
82977
70286
82529
36202
50973
12606
29
88480
67782
60066
52121
17588
66354
18511
16804
6276
16775
31399
94207
74653
14651
62921
64643
79965
90924
95422
97353
39811
92160
1014
29463
77802
1566
18828
77978
49224
63561
90664
17574
99779
74726
34940
16275
95724
83561
28949
28472
23655
73603
17824
64284
49811
24760
28338
72225
83591
20712
79544
66045
55993
5640
47144
39361
54032
53861
18556
1086
75350
12952
81914
49469
70002
49296
83404
26877
65190
60343
22142
91255
91164
69462
18357
45182
26057
44115
77270
85755
88904
51365
37524
79630
32613
82131
50739
81473
63747
9939
4060
16964
65585
92606
4169
92800
59629
73314
74078
57309
29523
43244
62818
52016
13958
89103
71997
50832
70365
81639
47611
52575
70805
51495
16713
89889
39421
18291
30595
90803
38310
23529
83944
87402
58417
37211
97698
62577
52410
56252
3683
32135
65375
85726
29190
59321
81000
65131
82435
76554
89563
34270
93920
15581
80149
37935
90360
86081
42162
93371
45739
67653
27873
88968
72640
1882
85906
11238
13177
30652
3430
98791
86671
33886
11300
48392
75082
69027
5588
42525
38921
30814
36222
7310
40150
60698
80438
27480
56235
75612
86897
31615
83315
1592
99666
89077
78469
66769
84218
58001
56532
29416
49053
27997
66799
3511
26981
80623
184
87475
47819
67750
80645
68636
73630
14116
13719
70986
12876
45116
94153
25403
91780
23275
67785
31503
25718
96321
9874
54063
46455
96615
50630
58895
20034
39778
1544
64029
23499
17609
80293
64766
424
1617
83094
3461
73476
39586
38072
22896
64379
20462
33282
27648
50995
62532
45416
19519
86785
13098
72674
30387
42068
90323
95194
60131
95954
70583
25868
26878
31341
30860
46502
480
62599
22314
54136
84372
51310
9317
39702
93240
54942
55234
98614
28710
90064
12176
37726
47664
76819
45247
44958
9039
66319
81627
62535
6340
46852
58217
74456
27305
58663
18619
23350
44150
37560
82019
94771
81284
58024
42135
22977
2627
14235
11960
8795
73506
3772
93680
86655
18801
52708
43117
43421
62561
87461
147
68581
60634
88001
80693
24206
8636
69650
52398
94747
62590
99432
89559
12825
8611
85269
99428
72994
52863
6662
88725
89814
96780
43082
39911
43568
83604
25438
23737
86884
65968
29992
4937
54970
88256
89097
91589
36645
27162
56385
57800
54622
46324
6770
61266
3258
79352
14563
59765
83683
50545
71950
80675
73767
90553
66963
69536
77212
50398
54958
5601
88483
7043
58496
23225
66860
15649
2867
12088
36229
5303
59057
84843
24510
63858
36560
64640
6503
76106
45620
86152
89774
71143
4956
17084
62833
25585
68289
77158
32806
31404
49268
4685
88141
55444
52
20859
3125
62311
95144
37200
51806
58765
92578
93381
17651
35485
35229
5283
14669
7055
41430
9196
56069
37579
61935
82191
24616
58794
55254
27503
2515
46749
18875
45236
63561
24189
7398
14912
50554
75590
5159
8974
51670
34913
12237
740
87281
66716
53930
11661
46651
77347
32294
45054
61464
16233
19519
98113
54269
68462
14844
69011
96652
66931
44785
54796
22851
25677
10481
47660
84919
76047
69111
77432
99115
95087
54555
35721
82173
13308
63642
69859
78409
50518
69711
58250
60037
81095
89596
86714
35074
57626
51956
41816
56170
19542
20877
479
84100
36173
92097
221
64650
12206
37955
92662
64538
74182
69794
55346
62273
36086
68298
80945
17386
26642
87950
30435
86753
85847
45241
66590
2359
52045
29827
19360
78355
82529
55252
77757
77187
46981
79462
14257
35021
45918
37424
995
97107
74300
14611
33103
96090
20377
97102
43965
73220
37441
41958
23935
27578
87532
56950
12153
41496
57610
55377
42659
74510
39711
37904
47293
90707
12494
23308
89458
89084
87596
9509
65323
24753
35379
34789
46590
74244
80703
41668
31937
23618
92328
76940
11609
84362
99059
68200
85968
78377
46730
38075
77213
78870
5767
28959
29578
96158
94109
8242
33611
67400
51445
84220
41830
83623
96756
16396
66101
19121
29365
19503
61684
77239
12665
10308
38174
8086
48441
78215
92733
80464
11052
90466
35039
49504
57430
93023
61963
64733
36755
48900
7803
68050
91782
8397
13882
48709
67456
14940
15608
76952
23164
17734
68186
83166
88277
21638
55182
37644
15513
72958
72803
21958
72507
72205
86687
80075
21415
21667
94063
89917
14518
20942
16861
58663
15892
78714
38779
83625
62800
83527
94319
41343
56846
60640
29890
243
39452
30871
19161
93875
18121
22837
13044
36055
12139
952
28707
27406
94073
42298
26462
88998
34855
38331
67916
98293
63567
96987
66292
22695
49934
79740
96604
57619
97256
13236
21421
15102
68323
82865
69742
45378
11783
53856
84627
96306
99805
49132
19745
61109
53422
62289
57911
97252
79975
81280
93626
48774
46799
10898
70001
74535
7558
60323
90019
64721
61345
27708
61866
19138
59616
84509
7722
18858
49683
74087
52168
78439
66387
23868
90333
81071
81248
22495
59085
8803
21044
19387
45182
5752
60116
54389
29079
74344
39761
98584
21469
9837
69687
49052
34564
38153
78800
18498
95390
42663
53961
92522
5133
74124
41000
79319
76614
56746
44616
99904
79754
26142
55259
9147
62873
65501
47572
70075
58402
1948
78739
4155
37657
69209
87700
66462
88692
6383
70742
90752
34715
22548
30754
94141
93731
30448
42913
44549
85307
98135
93735
28623
81968
26224
80904
32801
23054
54398
68392
4746
16090
41716
47353
99718
49643
70987
78090
50775
63070
29698
14579
43005
97280
21498
29084
16775
72972
949
72621
14798
28651
86323
8300
85977
92380
17760
50804
3752
14853
27781
74054
59251
80887
81696
39062
6819
49571
10112
45942
73082
21642
13068
74950
84405
69618
77422
89054
78458
53013
28522
96319
16213
62981
72602
15358
6604
22687
80729
22274
26272
31350
48162
73982
17846
4408
433
93553
26863
64279
46754
87834
83789
61253
80741
90618
63071
94161
98493
12656
89604
37522
661
33177
35113
6853
59216
39119
99204
17387
30083
67338
77739
88011
24543
28014
45334
77956
98569
36197
39403
36073
91766
15988
86395
64479
15328
8809
42737
48639
35894
43923
56893
57888
77634
15737
75624
8629
87142
95068
35021
77536
11084
27411
44666
59157
18341
78073
23609
49869
71281
2216
55844
18162
11585
56110
56037
68239
92603
58418
21851
15922
84620
61819
4790
98238
44941
16174
93700
12061
40967
60979
99211
76151
36665
5098
87518
96050
91612
35938
43547
52914
56942
50862
15174
62147
64226
71314
23152
27494
88240
2118
92784
20436
34215
43650
49473
24398
98210
57385
64403
36181
14106
69481
36195
20558
78055
4684
62743
47478
67012
80361
51820
2538
22468
74138
5251
96186
21952
93341
27352
88407
88837
136
72328
30719
51050
41957
10088
24097
10435
39966
17484
275
9937
15895
24175
52669
10491
28257
71473
86990
58924
42013
32010
89359
7833
19172
22850
95107
45544
80260
23980
27885
77337
46896
82969
18612
95825
10635
98982
84898
24986
14903
20148
72355
10769
5029
75944
74132
29592
59182
52572
21357
71771
29268
63073
74419
90267
48206
26492
99902
85724
47057
22952
97802
17594
61507
54948
69857
13494
5279
79987
80740
55709
83599
81394
72237
25451
93540
96844
24490
84372
6725
63672
90522
91820
19077
41144
2147
99046
86148
60534
74525
96863
64689
35429
9215
33284
98168
90629
36252
67300
92528
25427
55599
78467
5778
37861
21668
92910
47439
14036
24639
74155
11440
25228
56433
51803
22951
21932
11081
27905
12241
12945
16349
40675
29941
91189
7953
66107
23842
29779
59723
82212
82266
27823
30070
64600
38706
29755
15959
80269
8365
12379
23146
73467
25017
47737
16620
36626
2130
8093
24615
90556
77998
83400
44737
2536
77858
27327
41830
97121
15263
60652
37831
6431
54887
93820
23579
80579
23539
61779
67492
33055
43170
26902
32326
9068
17310
79251
34657
27102
78533
47687
70729
1483
31528
91083
35542
66759
51364
29126
16234
24100
53324
55064
79059
33859
76751
69062
79398
18312
55984
911
39033
37442
63429
88819
83442
88630
84367
8974
40273
75517
26936
19098
35321
66589
23650
87022
93151
16521
23731
15180
28825
92919
90405
24711
28918
81751
98058
45428
34148
24489
18670
11008
68244
41688
19595
83064
27014
19424
7229
23689
26163
47680
48759
58001
23171
37848
70219
86359
31702
68188
29300
42021
16010
37312
17672
86629
31216
8211
39165
81084
75467
40842
70048
99328
56731
77160
62791
55899
29096
74193
94295
71638
13305
62469
9989
70930
39447
15566
32360
10662
61836
73614
32432
52772
63864
32782
29767
46572
449
44029
89086
36911
14402
97703
41227
45652
13478
39207
36851
67358
57751
57859
79028
93375
31604
74521
54722
99188
30157
26727
38899
85001
21981
61541
75002
99283
16251
39979
259
9280
81845
63037
25760
37905
49050
74202
2710
77878
72541
61475
40099
74577
75666
35349
33066
69638
59836
96001
67115
62527
17493
72827
87047
82951
15064
89526
68716
49648
28479
29829
41718
26578
92359
49219
70509
74707
54241
91547
91728
5289
26915
8705
83370
92661
1006
44095
48104
49946
31733
96094
6781
43706
45040
17377
27773
67738
68462
11038
77778
14264
36234
51504
45354
63653
63338
23277
22941
47083
77099
23737
99447
38846
50449
79767
65048
95774
2681
26712
84091
29963
71685
44538
42366
77082
19193
32933
88363
54252
30768
85243
49526
70370
80971
82615
74947
31230
2498
64476
68968
50151
58202
17998
20451
60243
43448
72254
63123
8667
18157
23310
66411
28834
31572
90125
92866
41936
46524
48423
86143
77440
61549
10815
2043
20164
26133
87573
88811
23873
72196
22405
32907
2031
32129
4437
23576
88064
6040
18700
38537
38714
86038
56813
92374
54364
89481
45066
93929
49624
92090
31718
39561
46530
47517
45594
66726
960
68392
64316
95567
66447
45124
46939
48223
72725
67570
55965
83953
57829
71604
76468
45584
64451
47896
22892
69231
97582
74509
62159
59225
48695
50465
77948
99138
32759
60863
60974
19929
87135
90107
34979
49075
80209
85319
98386
60573
83843
56548
77296
10801
32417
76597
55600
87935
77669
18681
47974
9027
77012
20924
3906
36532
37401
75517
69669
56620
21788
41298
16353
95480
28286
10410
97553
31793
76419
56316
51137
51554
55441
18520
6522
85198
92592
87253
21520
10371
21022
98129
60985
34696
1040
38158
95724
81998
32044
66653
61290
84605
41916
59306
83205
85914
18170
47403
26753
74037
70658
15607
38912
8391
91047
41809
87598
16481
53459
25468
915
21732
39614
44849
37560
53730
16645
98959
51813
78339
85034
90136
3224
78933
71787
29401
1717
16510
43397
5476
25423
20355
67266
8555
21524
70485
87283
9472
72314
75241
60574
6642
39143
10519
12222
80132
70818
97629
73451
48763
64090
99248
63753
12607
15616
72118
26087
11175
84564
15098
83442
68299
31110
84583
61878
19460
45692
28498
56971
94191
57058
419
42960
13080
80140
44084
51229
57912
18291
84477
78476
28555
90937
36688
92188
8957
7610
94384
12801
30456
84303
48936
37230
29217
33580
55828
67243
59246
76853
85467
31811
87937
59805
83928
21630
3166
53389
493
36045
63419
90948
53961
52105
92220
51283
28177
81962
84015
20923
54204
7882
51010
79107
80298
37103
39246
27602
78078
89003
12690
9578
80623
77122
17658
1564
8377
93177
20654
18381
63538
72498
34501
86320
77697
95660
93029
94345
37021
53457
32157
23701
12600
76473
25236
74796
97583
641
90233
93447
23382
4441
72032
56092
72757
64596
65755
99683
84263
85470
77615
53467
89851
98298
67744
18450
93087
19935
74110
40167
72299
13179
71453
30077
38197
78217
84117
54700
56252
97132
99963
75589
36305
55710
34498
55739
45529
9211
12305
86331
32319
43336
87270
63642
15922
78832
99842
72598
84929
95250
30459
63921
85645
76366
46245
53488
72192
5515
55330
58879
94626
78147
92077
482
61145
29235
56166
16225
83876
24538
25768
82456
48412
63572
30342
68754
30167
38819
64997
77736
25210
30442
92020
9916
80631
55221
28581
29053
19548
60774
81167
90934
56777
28520
74765
82027
43601
653
81286
37402
4019
67868
14125
41932
86070
32738
22986
44824
81224
75257
51562
27503
63982
78274
53044
80156
45372
59142
17315
82562
42988
67143
39132
81424
24692
77754
67890
53806
79487
25441
64405
61711
19033
15496
54191
36491
44023
32720
51223
16811
57403
7227
41369
77692
61415
66237
70174
2445
20357
33401
89085
19534
67415
75601
98499
10790
61847
71849
96452
58658
85683
30310
14303
60892
28893
84374
6261
4414
77877
31833
71726
6774
82845
35215
69468
94775
94448
86686
55393
74151
33555
33669
64921
12906
62958
158
50987
13462
40315
70739
94774
57829
26935
44467
83733
93737
6859
85554
66368
30563
95127
6110
38834
27230
52513
85216
47749
78204
94494
43688
97275
39551
20405
15960
36052
43069
24210
52105
382
15935
8929
61547
68728
29081
22130
10800
27955
21986
24826
49639
27094
7070
5911
37540
81576
74247
47259
29543
46218
30084
99534
11308
52050
47631
55188
11802
43207
10766
93514
22216
51487
49850
92732
40070
2562
36783
61799
97514
38455
75605
11593
94414
48937
64376
8609
49891
15676
23508
52959
66857
91447
98072
14212
81483
1561
96100
16098
84001
79898
18303
85636
85837
78430
51171
84127
40785
5227
43844
12114
92141
29582
26090
59908
87504
81637
82722
9653
39291
92502
55859
99646
39691
26514
90628
91975
44553
61153
25238
25477
18913
85640
62602
45513
87998
91254
95554
77688
88199
50
83853
7119
37065
77315
29454
62180
73323
39177
30033
73481
74161
66829
24837
20845
15765
62871
47683
82078
89927
97035
67626
29934
14211
57244
79120
325
84653
41893
7715
55515
36657
34159
277
4673
41939
12163
26690
11878
8242
81837
48570
8583
69270
38255
44551
81644
50470
79280
62908
17345
73874
58934
12676
32
73939
8519
1949
87659
22818
35884
59354
80431
56231
7031
7902
5832
97464
71600
56454
27124
64888
14544
49229
62918
19634
2876
60887
47083
18906
4303
4231
18481
53775
97035
39359
6158
25091
41444
85037
20244
92447
55054
93038
1232
89629
39664
52626
23589
69046
43701
65789
88615
30527
81173
64278
18103
36549
76742
79505
85013
93689
31037
19250
2820
72208
27215
34958
17799
51440
89522
7938
35902
74566
55652
89022
76700
56452
82176
37171
28191
40840
68040
78233
36872
41058
71575
24910
36882
36576
59719
14303
2845
88694
92376
30681
13683
11272
58904
33722
85604
17898
44725
32094
77646
20958
69322
59607
3490
42345
77369
45484
71636
36783
65273
12085
16607
62248
12648
16035
20763
54642
37560
54836
28588
17530
74230
27255
46840
16249
37273
78522
35557
72435
40685
73920
58850
55377
82509
694
45129
62326
56304
34567
33799
5061
33889
80466
44539
68525
6576
57714
75255
87966
63200
29122
53114
18590
49402
9054
9689
19321
2220
99643
38880
1482
93712
13028
92200
74757
26585
89742
33272
25262
97886
47359
69154
57199
51977
20549
70073
87957
86485
5558
48198
82933
6972
3620
7136
37907
54912
32454
17830
64546
90039
29603
9522
46636
32915
69166
91428
2994
65774
69967
45469
58533
54802
7048
944
46244
92054
49637
87711
756
2501
82013
96872
46643
89119
1197
85752
74424
34461
2989
16689
71365
49155
47627
46064
31846
49137
43073
19157
97865
4587
97665
77794
44982
28430
95926
27577
54829
35880
7800
76708
94978
37080
54822
41184
46240
27504
24642
12703
49108
16080
17282
79174
25752
89650
68142
32441
90141
96123
20152
16918
90964
20041
5272
94685
31874
26954
37828
79429
14090
6466
61077
76562
8050
69378
35869
75387
21375
74542
12709
93939
68547
92970
45257
95850
82629
25538
97876
9405
19638
64209
73225
77630
63109
41795
89569
89685
99278
534
69478
13273
94801
27010
60452
16118
37288
56981
54732
750
46328
18573
13199
63956
61375
78386
34888
50740
39658
15484
34902
47657
23574
82469
80901
25579
88910
25034
12182
56286
48533
64505
80979
71557
24879
14002
74545
42103
20351
64998
11699
88281
65671
96915
92866
36538
8875
19026
6264
89891
24681
81359
78514
12084
78743
9841
33292
48601
75842
54503
34911
55439
8488
30691
21523
33527
21680
16880
63471
59997
27820
52540
92826
57434
60720
66905
30239
9156
12778
12114
16165
19397
36731
24395
64378
47404
49362
28656
10553
5350
51114
21703
87474
17195
18883
61289
37254
94023
78907
56140
45485
76176
42907
2170
49040
79666
14914
20720
44859
52047
35972
67989
86607
62903
20439
51737
81063
69335
8998
31225
94707
53709
61493
79161
57120
19878
56940
55698
43835
58382
80668
17487
84758
31497
87004
92496
12414
24483
75687
62861
34406
21414
48705
38270
2292
7085
30835
51851
64560
8183
41560
11048
91800
77100
43999
83492
70322
7756
58676
84027
21038
1170
27800
71061
71682
52526
24560
8361
16743
77296
80665
37636
46870
24326
17394
37188
35709
22256
78680
93722
4401
41606
55125
85101
19832
71141
17260
95318
31514
7248
6123
6095
81627
34311
47681
26086
93397
11094
91668
62895
93097
65149
22461
19024
12427
54930
17604
81257
50230
29350
74704
19918
53608
72950
2436
44608
17961
34179
73932
28281
80436
95792
96670
89434
61753
55981
88715
25021
96921
57107
8208
94738
86734
50108
75191
91775
58560
99696
78430
23154
384
35710
56279
98958
96537
61479
69202
85132
83722
9119
79524
20670
52117
12844
84731
81628
31468
64450
10187
82895
82994
17385
11193
80295
75347
81552
40474
58390
98661
9963
45474
16113
26199
84984
5873
28363
39299
74351
78009
54441
20466
14147
86331
15867
10985
21316
93259
374
12268
38436
35661
34841
65320
95554
20960
37818
69115
36196
71130
93164
80737
38741
96524
46524
20346
89459
2184
54853
89862
76018
77363
43668
9136
65022
9475
95135
42084
22124
46835
77414
87445
41434
50220
57210
7359
15442
71208
60809
2050
52439
35775
39140
3351
43193
32145
65834
39283
36828
2791
17319
9901
77549
7812
16104
68339
91797
32174
60945
26587
16541
81687
96077
56068
67517
5778
81145
23696
71928
43728
50894
75909
85313
28388
29626
58639
27088
6491
25752
66288
16646
88187
95806
29075
8799
67292
30432
54371
48841
16950
40506
9291
64253
85270
97428
57895
97145
14635
42003
45801
61460
75177
74393
26947
70746
163
56172
80507
96126
88613
42091
89006
30987
19174
66416
81991
75100
45368
72784
61186
71902
16304
64490
46985
49354
58481
893
59058
72517
45120
94364
98654
92150
41606
1678
52185
53217
96219
66385
58798
46338
62163
69908
62934
1467
83768
15773
8505
25202
94784
32077
87843
97921
56904
5161
78634
93445
14415
81020
62811
56938
36575
16880
39046
58564
94072
91033
88216
27347
60429
80290
52821
89733
66150
45564
13481
93794
49968
6163
33550
3357
23035
88968
88307
89633
50237
55046
97140
47128
49909
10866
17771
91058
47337
47232
91644
64912
644
59083
79537
62438
89353
88462
11321
7270
76174
18615
39426
94444
18628
27605
52415
93388
83325
17592
7311
69219
78513
71798
86155
86025
9419
39952
82961
65685
21795
38160
40110
4391
80836
44733
61114
26621
50885
86917
2934
178
14390
56369
31549
66883
93855
52743
12623
12792
13815
68732
13057
43517
19008
72781
99422
22605
75986
94747
66440
54987
4205
53860
21187
98151
70266
70464
75381
50613
11683
45851
27417
8483
45262
60169
90959
40721
30431
19278
11337
77966
62905
97197
63560
29362
82880
96138
88236
61213
3049
80124
71951
25285
67316
18960
15039
43950
68823
76077
22749
68089
70731
6220
2891
39241
53984
13636
269
5992
79961
39037
16487
20168
3442
22138
80837
10292
3989
62538
37959
17171
49538
32655
96484
94166
34932
46007
44394
28785
52256
8041
63672
73046
3475
74891
82441
37623
61721
64052
19161
31859
16229
6062
88321
65869
76988
10790
61549
21033
43874
20283
83591
86610
22284
62404
30848
90848
70989
95792
83012
61523
14545
85124
94424
13739
12056
66659
63348
7139
54271
59748
37215
76469
32233
45708
98741
15102
37908
6796
97126
92536
64715
56384
19616
94114
97218
75134
80029
92249
99583
56662
72842
4121
53697
81876
19527
21020
13328
74855
13106
51812
71529
10673
5145
58336
48068
67043
29319
11479
37354
89788
15058
69783
11398
25415
33191
47780
43023
61801
19978
55532
96664
94274
40477
76862
59306
20173
31511
5698
51009
41596
42199
25749
6027
15088
53901
12447
99025
14870
79138
43724
50701
18625
21549
56480
77706
15903
53537
89065
63907
68937
4547
31764
73079
13631
23120
68095
52862
8095
43579
83713
20958
48711
64206
11304
49123
92060
89924
8827
60273
46833
78001
68193
71579
7938
54979
98294
33965
61267
54672
23299
95583
76051
57286
28154
55169
19855
65842
30315
11189
51768
73048
68081
4674
62144
38471
12130
87335
31247
50187
95641
71780
4805
36652
30250
44957
56502
61974
9088
4835
26374
15656
63072
47071
51579
78721
15964
47913
34851
37087
62703
77549
43120
92593
90945
95214
64521
73696
2078
42600
86025
60500
60317
33896
78082
35141
74178
16173
41418
87693
45173
39861
72653
50894
73204
26344
9748
24249
10272
52299
2072
38334
31331
98452
23354
71058
84924
30225
24646
18779
32192
97858
67135
46946
25354
80872
5472
95859
1983
21604
36835
73998
41709
72228
86173
46259
56288
97432
16310
20035
19417
22107
82502
70072
3044
73598
71902
96371
43882
51281
45745
25958
73
38915
45129
5921
50762
97495
64695
59111
27220
79036
27095
51769
97178
46459
71055
64402
728
83990
68328
88574
18893
75525
67428
11558
4067
2498
57950
12611
95514
72410
1213
22646
36411
69265
79240
11767
4505
49692
30057
55983
70411
62951
77931
37131
72996
47632
73436
67341
55012
37285
42899
27869
56390
18900
44958
79400
15507
50883
55529
16183
10278
58237
74232
46923
40655
83213
18230
87324
73309
95955
77269
20291
55170
12889
49989
22079
22447
62044
68060
28305
1271
65573
97304
92618
44228
14066
62171
11189
28899
30427
23148
87110
70066
56718
73081
53763
83306
48213
80628
3473
71760
28129
38398
63974
65094
69246
34349
8469
79902
83380
25213
18781
89011
49795
92728
46960
44298
42085
50902
63155
10255
93121
33532
16750
96193
74334
91169
43142
13334
16473
96473
6744
82210
34668
56746
57642
69339
40305
31657
60228
21946
57576
30078
45778
40802
19617
22920
22623
69053
62412
12825
6995
16972
20447
12564
12581
87220
26000
32052
34643
19088
42803
13720
70367
40585
8036
62853
34700
78280
41642
38444
60019
41544
29472
44415
8135
88644
23744
14101
28135
53276
77719
68541
88962
67010
25591
7809
85868
46715
27390
34423
9098
65353
36472
4912
28394
26070
61722
9102
45762
40591
65719
95690
65830
72012
74761
86097
55349
71552
44856
97278
5111
40945
4159
40491
43927
95546
61027
51929
86877
65372
61079
2316
98320
56918
77140
46062
73064
66928
56277
76529
13388
93447
32457
91758
90108
24969
27117
45813
14929
84755
98163
65159
82290
69706
82367
86029
71690
43931
37778
95471
21356
63785
8354
96156
94043
16841
75408
94827
11880
85628
71029
10038
26201
72736
474
30514
29928
22781
12499
77132
46499
97760
49053
45973
5525
63014
83858
32044
61211
75905
25255
62490
41548
91561
6312
63194
52947
74820
13631
69889
64867
22064
3274
3757
50056
75030
56713
20506
40819
32209
59491
52441
32581
88561
23721
6325
63366
91081
34447
20432
61102
55039
70713
52405
65446
84624
39868
32778
15515
58140
98271
36952
82197
26528
63936
57590
3162
11504
60588
82791
6325
72667
92173
43005
32966
60159
37179
6982
72172
66383
82779
84125
51704
67089
11145
70619
57548
1218
82738
94776
69229
63590
90571
13118
3528
94664
86125
45293
42143
31583
49556
1321
78925
10143
6783
28722
71018
96201
85186
12351
38429
64945
55275
56403
68218
23836
20507
70663
73883
97492
75777
48992
66756
37132
78993
76413
29295
85859
20767
38983
47752
19542
15302
61769
90945
96015
38176
36717
92617
75161
98937
11089
30017
27819
12280
10589
76717
46645
58610
831
49412
10404
192
70493
21001
88088
93295
25207
21710
15184
18160
54850
20735
88603
75636
21987
67774
74874
88432
25696
23326
47936
95595
97899
78697
50414
18749
84887
79714
74763
7702
0
68308
70318
34301
51064
93915
34060
98419
9490
56070
18258
20193
72598
37758
24767
18568
38777
87816
25728
16726
58914
88762
46452
85744
71565
4281
88916
93990
92270
80212
95780
7805
79591
2727
35162
61150
33707
13210
97668
56817
13793
41342
54020
74366
32248
45442
43975
41198
45273
65596
68752
35793
31862
35673
73930
3252
4981
67886
34506
6398
56541
90964
69413
90858
87041
32622
57031
16821
64861
53510
87320
15669
48467
37734
93554
84256
628
44392
89593
14469
44425
77707
29076
92195
5637
12981
76099
33871
12088
33565
53243
38570
83495
28585
17909
2508
99040
29651
68255
24246
7120
47050
66613
87338
1103
68587
17777
72500
64168
54167
25351
14347
58865
18881
86734
13341
65000
48553
49430
440
23169
25903
10362
5129
47951
66267
1795
47213
93811
88359
8080
67441
38892
68043
51180
20615
15433
39797
66324
17396
77849
16802
53711
68303
59657
54942
88777
37642
95325
14064
98629
26633
93875
81249
43908
2109
81285
13883
90899
85984
90403
4681
44436
20726
38969
82147
8898
67477
10683
32734
69949
73944
24081
59436
71872
69660
94176
10843
63237
41971
2944
34412
5070
61496
11906
71504
24943
86894
5999
89690
95420
42899
5299
57946
22477
44225
46219
73048
96217
58507
9175
86723
57090
23842
29700
58292
50510
78127
68483
51535
53921
53880
25460
34670
7607
36513
28509
36990
9082
25740
98281
97124
50516
97704
49345
46100
70716
2710
89442
82911
84626
68700
90814
57455
41461
6806
41037
19121
29804
69105
75727
79692
16425
29544
76404
4930
25362
22829
68837
95699
6758
31026
19464
83166
75687
15727
94558
86764
85303
5515
68623
79164
22311
42238
74841
47793
42415
25979
44641
6489
48060
52128
36883
78901
56903
33251
93002
84992
64551
47813
75444
72012
80742
99647
1283
79162
95553
15833
66193
61920
52058
76814
25389
68139
62876
71705
94820
57778
43975
70859
26137
15393
50852
74535
33581
85041
73639
28943
39931
3638
42372
97103
57461
21942
99520
58021
71151
83373
93212
98877
32109
18184
20232
9358
55660
3142
19759
72486
62976
67270
90540
80981
94796
35343
23119
62833
25741
43855
86533
96882
29515
67269
5003
65276
54831
39177
99020
46331
39891
14495
35688
6142
22278
61033
34904
84158
3625
93411
49938
35043
92066
73040
63284
27285
68993
95913
57460
59752
98652
80808
75014
49397
60858
63413
8764
22152
40052
99851
68542
11629
87824
70104
98507
38825
83083
36135
25536
93501
36277
93929
39546
84078
48178
2142
43643
63265
13518
50931
85509
25712
12076
8952
88476
64625
86510
41791
72700
11984
59931
34071
33286
86271
12261
93039
56464
1452
90708
63314
30007
68527
43093
11825
97350
77412
2821
49450
4079
44871
87705
33230
77952
97702
57720
815
46532
21764
39841
69533
39646
15018
76734
59255
39534
35246
18948
16797
75928
61120
12472
42119
25397
32628
34077
17894
86815
29975
10097
90452
73226
14083
91455
10111
59469
53181
90853
64610
462
79296
30346
12855
19783
1521
9124
34924
26288
58393
41035
42039
39725
79915
81714
60531
79841
70544
91841
22000
48146
34206
65951
386
59718
81541
22346
11910
92501
60385
55159
85893
2986
8276
37120
90439
77416
29931
27249
58497
63192
29282
85188
80809
66444
41633
19323
91692
74004
82213
21330
18997
35087
21974
51380
54527
53667
14383
29132
15433
15898
41854
69241
54909
3174
56651
63278
74014
80529
44834
87669
54200
93822
46163
88109
71658
62936
14757
66578
32723
46881
80524
65283
55585
90614
54671
4666
89111
90992
20838
90379
15024
20108
41856
57909
9554
40936
90831
9688
79849
16894
41752
85096
44914
37993
22863
93922
25278
35484
42583
86018
13662
43457
566
42596
44971
58551
27033
65872
589
86850
69248
63136
67395
3234
17587
5029
68831
11033
82142
97873
10606
24096
24813
32832
93727
45886
38089
90831
29788
96716
31555
3950
71604
97416
10312
90388
52262
12683
817
3679
62313
88583
15343
71184
1453
50193
52716
5737
19728
25923
74667
86923
3577
24940
15352
20472
92935
83808
87095
75016
8209
99512
37428
69642
92374
88968
80495
56839
39790
42014
24141
21897
81864
35999
29337
16539
6533
23099
24645
46223
60395
93739
97303
40342
50359
21469
97047
41722
56667
26623
44919
2
13889
21760
23497
41640
63699
50849
95702
53082
11771
5951
5327
16533
15095
87430
55068
97430
43663
95928
89926
60941
31445
12442
8872
82964
14217
46519
13096
99717
82068
30993
92637
9280
96518
39951
88547
65306
35938
47609
47805
81442
26545
77194
29488
98575
29989
6187
58747
41175
30367
21936
60416
32082
80497
23292
92864
81269
13911
51740
60906
41757
19041
31909
12636
35447
87648
68135
33073
58824
60631
9372
90246
42454
90975
14153
47702
96548
18501
42529
38654
31769
73995
97645
25223
17113
2930
25601
25136
94176
29163
41415
50786
96473
18585
19361
90749
94586
93638
86251
33255
71082
71959
19414
89688
6061
97927
26297
37735
44472
54322
81044
41882
70161
42781
83983
65304
21581
2999
41730
27016
75201
11774
71826
32663
5681
65956
17176
43931
20292
65376
44290
38157
61145
57015
43760
5108
54842
81732
44752
78127
88714
65875
24481
39589
99094
48349
89053
61747
6976
85441
23278
96594
13633
37789
1821
725
70009
35521
51825
95268
15491
88131
90002
5223
56862
33182
42229
85544
60246
13859
41411
42621
68052
67872
22824
52982
50147
20918
64783
13438
99295
97497
60608
54393
43484
11099
91987
66633
7699
14920
45557
18973
22302
6418
13034
61274
21999
54766
56368
30457
91588
33993
8130
9966
72840
69028
60999
36408
54563
19375
26505
53819
1740
53909
85720
21388
44357
62985
82702
5384
52027
86451
62511
93814
4104
13160
16416
15854
63826
59718
48539
83083
36538
37887
78455
89216
88295
86760
74118
72878
15798
97776
15642
14720
49615
67063
37406
65414
30570
49320
52217
38214
82331
20718
99385
78859
65915
43388
21631
18003
66754
56783
86810
11443
14445
42168
46111
90080
89622
31412
61559
92641
48645
9356
54842
62358
54458
14864
47954
56000
10138
45810
73013
17201
18347
3087
82946
40043
40463
90591
37475
90147
43842
33429
78975
62586
29659
56872
35548
93083
3210
77561
84315
58726
62681
54463
41668
80810
93119
79323
49272
51114
99277
61088
40601
54975
30322
77247
98583
49700
10940
86624
77604
5828
74103
63218
80863
62964
39441
7895
13235
93054
53337
74644
50730
43855
18268
35323
14920
31677
13405
52830
99625
42535
50474
9575
13641
24075
37355
20506
74843
41698
57881
7622
21269
72922
39346
31727
30046
96467
71588
31871
13435
187
85612
22709
72028
76250
85190
57953
65522
41979
22014
26744
33244
47359
87057
94659
11371
37862
89893
49117
12961
88681
93479
44434
49675
24445
59319
91038
81583
96437
14905
78379
88175
94933
86971
12183
78540
67685
31957
32368
53652
56261
96029
42009
38741
69784
63899
28716
54439
88870
10583
65025
10657
24599
73555
3314
2525
71032
34586
93792
47256
90404
72965
33193
98088
18306
79226
39624
32118
16467
81650
51428
63867
95727
77921
80864
80502
81047
64610
18609
60829
87780
72178
56782
48362
15578
36715
3273
82232
53915
85508
2765
59149
18917
31311
67160
18604
40745
26994
94040
57675
1481
69584
52814
6884
69086
32003
15201
52702
81697
65007
84020
2930
69960
76603
46153
7344
35836
92686
34331
3756
30520
91628
2611
38288
9851
33553
80989
81943
26245
11808
29418
12393
16074
26447
80913
17615
38976
77908
92429
65974
6241
22003
28693
13187
22056
44024
93192
37341
8625
45142
80219
48943
48891
84796
48595
2576
94131
22711
33256
27159
45390
30696
19163
47208
99772
52215
21811
80603
98457
21600
57283
77013
2019
89052
48651
95989
49634
38896
98990
85030
65082
40984
45410
90475
7206
24350
64815
48446
21472
16474
51628
37564
1606
76971
49469
75095
72258
78606
3206
50164
27964
86271
86696
60896
33272
86823
12329
44281
21170
93276
88712
21052
60784
68219
46649
88057
70716
50624
81474
22353
77582
60404
72210
1814
45507
50392
17919
23292
84351
8969
44245
971
16470
54725
15202
25056
73674
67172
36071
46031
58923
69178
52022
14023
34917
87245
53715
48399
95756
49296
17565
33486
2999
24094
10004
79992
75582
40879
46770
66131
96619
59931
59776
56796
47805
66492
2168
14531
98647
17052
18438
73469
35721
54961
42178
39378
89433
84507
66939
89136
51116
21014
38990
77289
29695
37002
3339
83343
12109
54803
82432
87676
9989
6761
86766
52999
10355
62293
10374
90901
74626
1257
28942
3348
3664
52857
35836
32996
40088
82067
28559
90802
23222
48946
47239
67071
57302
62908
27004
43058
39381
71651
66216
54721
65124
59183
69463
9993
10203
43271
59359
7833
94530
14152
5668
97039
85422
81799
95388
59334
28423
1052
85762
59712
20707
39960
73583
96084
15015
22255
92826
76132
90615
30634
25964
53916
53192
23823
15591
64046
65243
89813
42050
47037
97914
92580
53469
5766
33638
61366
77749
60211
49508
87982
28661
33370
54729
72115
63833
30339
33056
72181
22984
84361
91465
41708
29797
55614
11203
29061
33767
26139
94591
64382
99523
95292
24449
61168
32304
30856
91000
36119
13821
26849
98715
87948
52168
908
18088
64124
88986
44062
45207
73487
4007
50130
61856
32180
42718
53748
35661
68761
72883
30215
9565
64865
7156
72285
67610
45888
78035
69384
60834
67591
30903
15973
50866
42664
12929
85646
87379
29209
69498
83204
59792
17292
39785
293
12459
19528
7107
90431
10714
17028
59034
59530
82473
27647
37326
66751
91957
91822
97161
4779
40990
89825
49659
61426
34210
17104
67036
52719
62044
29397
33885
97273
24664
79067
74809
7296
73497
59054
7683
61075
5002
48074
34251
52201
3403
9826
32990
34966
72542
4544
78578
71215
3805
82245
40890
64490
77526
18845
91314
23776
1757
19578
40135
86796
27121
40287
80325
67896
836
31901
9293
24986
2246
93577
22540
86777
88258
11654
69843
62680
98068
34412
92747
38545
57480
15401
6738
91300
11419
44441
70143
18440
20632
81295
41954
21544
75466
71830
51883
97687
34635
49460
69987
12146
863
69199
42135
61459
88648
62929
41393
82060
40071
47338
76568
54585
53714
1556
51114
49270
56426
63461
62837
33104
57426
15023
98540
56745
10313
31266
26144
42387
76043
53714
27636
17919
25134
97088
31768
16523
97911
34887
68068
41115
50627
3922
59941
7373
94515
19554
56725
89991
19020
45563
54331
50263
50216
54273
46996
65569
9137
83545
82527
80140
98491
26364
38673
93997
17581
28005
69128
39067
78263
31021
34893
7893
86070
45253
73024
85827
38385
83079
50535
54727
22495
96498
51485
21363
2185
7237
85998
53835
37010
35656
92560
75212
26569
77589
86608
23550
48439
24328
21857
52007
88792
80004
99066
62673
24087
64588
39407
83969
29650
96787
11641
24241
21988
97361
7950
10353
46679
40709
33898
7942
65050
39362
23289
85178
41957
22440
36124
62850
15481
79459
94590
7040
3998
84388
63297
39822
2144
62159
73608
44586
34855
97231
14747
71
19186
54058
50747
12666
61932
19790
61865
75689
94549
89605
15841
6084
44597
75140
3017
22781
17171
81546
2992
71364
31848
45565
78603
75135
90472
84910
36458
44902
78876
99692
84793
52158
96948
18882
48643
23372
21979
34245
95070
47710
72308
98938
69044
21320
345
81592
78348
80072
6158
93682
47947
64852
47209
99450
42700
34322
8955
98766
65679
60953
82568
17681
59860
58345
21248
53785
87769
84314
58265
22791
23499
21362
79677
13172
57320
69547
26885
14752
31453
13015
631
93729
45686
43906
40959
45550
67465
20664
54725
83226
84075
82385
76801
50026
92152
94744
77230
56548
8472
91485
36325
57907
59268
30560
52939
81447
61449
52742
71776
91377
75317
56828
69114
539
56334
93509
78444
31985
40590
26661
31955
37454
50104
53183
58739
16418
50059
71296
13735
36098
65442
28674
75643
51627
94101
85838
96833
64044
59805
62527
74230
32746
24742
92871
83414
44079
53906
53218
64974
31066
82312
9092
25634
70734
78483
93715
25527
61347
2857
81090
17267
60630
37702
39737
76241
26696
74520
8647
71942
17392
51247
66100
85249
57331
82251
58658
69846
73127
15089
50539
77200
23923
39649
77847
34464
9611
91520
22722
40242
14496
69777
8219
51963
62725
17389
65381
89841
15694
92310
22165
92257
99877
9887
19840
24410
28072
28354
41547
57042
78723
90879
68916
23317
1790
24495
73381
70740
2462
97527
51884
98159
71631
80294
88972
8915
74449
31955
28427
43613
19972
11196
55272
97540
57316
37141
57129
92623
36384
99314
14590
5242
63510
26753
93285
34130
66706
60626
77743
78772
6645
49832
77852
42241
70777
30677
1419
93644
27390
77636
16329
61131
21724
7436
36939
95586
81311
46402
79000
77721
92440
44089
58695
82033
98855
51032
72397
29257
88164
61184
65619
5924
79808
34429
96279
87378
5190
64335
75853
48805
28176
28456
56060
17243
76371
12704
30677
94662
15454
914
80601
18071
29556
62150
41975
10257
24987
61482
72565
83150
88977
7831
74102
38204
72235
88674
17112
27285
336
78691
31929
36150
30478
38682
17164
87168
72008
30385
28110
66309
57079
65384
25976
91440
67030
19154
68958
88146
48745
62269
673
32902
46250
97059
89257
79411
30796
46356
70229
61103
3681
30247
23645
85040
30861
36992
24994
47937
951
99987
99779
99807
10690
4981
5497
13492
54878
18343
31158
59503
58591
61575
22744
1250
97063
91440
92438
66054
61451
67526
75904
19893
82120
58907
2970
80314
6975
39607
43745
70173
90055
20373
37034
76683
96394
25837
4927
49781
48379
13739
97105
32171
1418
63498
53095
53098
40306
65379
50775
76473
41516
18747
57546
78945
43607
69282
78161
18643
38301
38497
75638
78245
85597
26865
69837
1014
15351
74965
98049
79311
85807
53070
63152
26341
84266
95875
58907
45274
53558
27361
77950
34498
88238
81821
14593
33855
50371
56983
37527
34973
31547
1712
44548
99744
3011
49249
24547
67067
58171
19122
60432
34612
67183
94563
31403
19831
58054
17084
97100
47776
29920
94240
48753
59280
56701
89917
26601
7793
4644
15041
55476
94436
69305
18405
91021
40493
95983
4157
35260
47495
34805
34697
83282
36815
71215
54982
42242
64363
1728
1765
69650
59530
729
62393
26792
64825
32789
58207
67730
77857
66276
8302
98330
93100
55961
24078
4063
45299
48360
39649
53056
87699
93386
52173
42901
21654
77438
80717
80656
64651
14669
32782
34066
79388
28168
50654
57611
79290
19501
60084
50430
41818
10326
46262
83367
65038
24232
10639
38618
62229
44551
59003
51413
26351
44093
13817
81448
34824
47739
71090
52131
56109
18918
98009
22930
38912
52274
578
54268
5857
21614
8135
18067
88645
98972
15678
99698
45477
18732
19383
97661
25279
45541
128
50617
21032
91066
91225
15071
12637
76063
11190
89486
46320
29030
54698
59110
35786
54397
2938
56312
126
79317
69028
55572
27969
81809
83907
24964
5442
98302
25371
29873
42353
96678
80441
34183
7638
53814
41042
69738
51694
19032
66348
30725
57102
94533
14336
3144
41173
62811
586
97805
5100
22535
30618
90512
64207
21352
72206
58779
76552
70730
37531
27881
68031
6984
10828
7591
94906
46551
97998
2322
4840
36538
62868
93601
88673
989
75240
32548
59480
50804
36644
25321
41505
99953
28341
57673
76818
15787
41749
42521
86943
30096
53366
20183
92649
85751
27444
90187
84135
183
19977
87864
33056
79692
50792
38845
63236
707
39029
1038
88008
80184
39881
32415
75905
97924
96502
83214
57450
36146
3789
27808
11850
18029
80552
65985
20491
78103
42480
57146
97091
25124
577
30368
99593
48194
47063
37847
39707
39104
9955
90089
79441
94875
16292
49527
76651
94043
30033
64173
23817
91977
71039
22746
80734
97752
51751
95867
49858
33156
31113
78013
57308
53990
15135
42477
95049
22422
78868
71563
25331
60349
64903
74590
35232
87132
25483
55336
68524
52639
78043
88564
98674
46815
74497
19570
96795
23325
79374
82729
76055
99637
87374
26895
45779
42130
5742
32409
50939
56772
38639
8450
77400
50559
15846
79009
64409
8010
48760
91099
70674
77035
75756
86508
85322
51892
70197
29947
4837
32381
68553
64278
69324
71063
82789
30187
52813
31192
80497
79482
98471
9102
37276
61924
1681
84566
82133
9703
61585
1389
78793
78574
86954
25899
21817
72939
56932
7265
81794
82846
99735
71769
70316
7245
64434
86077
82503
89951
72515
66202
35673
80913
32055
66434
96278
44953
8469
35913
75095
92937
18186
68177
82315
59994
48127
34281
17488
96345
53553
26779
89666
94285
52483
6179
71589
99809
26723
64741
37050
77435
64019
7989
71438
33999
28422
35860
53476
38051
60022
3233
73537
11308
12578
58869
2728
89368
31310
67664
29887
19946
60539
87036
5449
58987
58025
40309
7469
35001
67707
99502
99622
32842
79593
31410
72851
2856
73643
26497
11081
87942
57565
54817
59477
92098
90442
4454
32002
47418
47879
2827
14678
41001
25119
87188
56064
41309
94485
61747
7520
38438
6419
60478
42176
65899
8459
40821
67732
29408
50681
99534
29192
36906
52583
34391
60308
22697
89749
48814
28031
25514
11759
26366
67433
70864
26789
26190
29466
44422
48216
74728
53453
42542
71930
13917
28674
92977
50702
79586
77560
52133
41790
70356
95093
21705
7760
44568
45954
56036
62154
47627
36733
70648
66180
11007
96857
80790
54247
52326
23700
78166
30395
60151
53805
12908
66070
83376
28725
54862
95822
2508
10079
37842
55555
8162
87576
14806
91264
42153
15979
11784
49272
25583
80717
91355
12066
42571
37699
48694
72836
37581
3374
82465
33137
74831
59266
52048
56616
42784
45381
75725
8441
7091
32849
25662
41817
61184
54196
37970
27978
72262
73248
25507
15195
63282
63265
44468
65380
12411
48089
98473
67674
98108
74757
23784
5831
98343
85223
57908
31785
70671
29762
55293
80322
49367
10961
62939
53154
25796
87152
19888
66248
64547
91829
71132
10641
70900
32132
61462
8872
91587
737
67163
92943
86854
13106
67795
23729
88266
36268
40393
21166
81835
56193
18759
29116
47022
68030
44634
84443
50228
39519
45364
16351
4913
20793
24799
19002
84970
96257
63045
70696
50182
15138
5593
28175
80371
85438
92747
88330
32245
6170
69644
59385
91716
16307
575
66294
73306
76907
3913
79750
53686
96858
76087
61485
1995
4628
97109
93376
53035
59179
49914
32239
14468
88089
49659
27329
75038
31957
70244
99080
63950
85695
66588
68505
58068
72346
11652
46029
26189
18484
65261
31778
25978
33335
58646
45363
8071
79364
14197
17414
97628
37247
38057
28055
25331
96515
38245
57965
93533
33399
72516
80094
30401
80272
29680
28106
92427
83006
21712
51653
78474
3361
80726
27368
47382
58309
25612
71740
62056
69746
37969
7983
99245
31468
37034
54965
6855
45364
8264
80681
47240
91558
6526
49714
44955
83849
99172
52416
68809
83112
94177
69579
88393
1275
88779
54819
86828
25780
85153
38359
33582
1684
46498
65591
59208
1205
46577
98830
63282
4606
54457
79248
97333
71855
40499
42333
46488
64142
39232
68835
30438
344
55973
95028
95724
22298
93901
16709
18015
50437
22232
35738
1052
58383
80648
82883
43030
93451
91115
78876
73530
91134
49518
7838
35894
68894
71465
4297
17152
7107
82063
35367
65503
37114
54337
57607
84179
55666
96428
95265
27010
43683
71437
19203
29830
90021
51895
12673
5353
63987
94977
5594
88854
73300
71188
37853
27063
18417
34952
41348
65639
55002
64041
78233
41654
88867
72846
74540
67238
35524
10705
54347
49659
66097
25973
98523
4128
83479
79843
24988
6889
60572
85364
69665
76472
74195
10767
96921
4268
94813
56248
38061
74198
1956
37859
96424
9414
54248
24365
41980
86082
29821
16309
87104
17139
6250
70016
83942
15842
61302
18211
21988
80652
54866
96661
48422
97018
18593
29513
90258
48320
50789
86439
94662
43791
59421
91233
32948
37824
67182
9351
90798
83371
67925
73140
58623
25769
3595
60971
54740
32310
38046
72885
65221
85063
56223
91898
19548
19845
67421
93524
58054
30349
18004
77783
85790
17642
65723
11225
93444
91866
56866
87999
44201
98837
58785
73648
38524
24142
63561
66134
84587
88996
52109
22723
2186
35729
51055
49704
83660
88925
80585
99039
24258
74462
43106
74090
74031
6166
36291
50230
40634
10586
83237
54148
1563
43674
15905
75955
95672
95233
59280
3053
79394
67811
69289
97006
83434
32570
52274
10695
33606
98244
63567
79005
25472
48140
87701
25390
29155
73794
25567
63954
20987
31817
16646
92798
54248
34919
90243
60873
354
41271
59379
20938
2456
5104
15052
85781
2444
36051
52100
39500
58251
37073
93374
27874
83699
15420
26810
42307
21383
40956
28132
46953
98009
9068
52611
57153
47789
79398
33869
9027
99406
70836
55228
59750
28622
35337
4290
3679
80427
74692
7253
19760
10928
78008
42413
31584
89730
41615
65102
29566
96586
2029
1365
59772
84978
66022
68195
90482
25962
87981
97906
75213
58483
32933
82929
45270
82645
96109
16549
43801
55015
44108
35524
16485
55834
88123
33592
89000
58395
15650
44534
62648
25856
80089
60112
53523
67496
11414
44062
55392
86794
26860
67082
30409
65812
72049
82084
56733
4088
67656
50586
7506
83323
6019
96383
49481
30057
45672
1347
47333
58533
83429
52351
68035
81472
83287
3140
40072
58948
73964
40304
15966
4446
53677
85068
75838
31654
12906
15530
52481
66658
45236
10863
42088
49475
23223
11277
19204
46221
97277
94354
77553
66974
81156
1196
28501
47086
5871
55793
48601
46371
36438
87228
77306
11470
69199
98731
64338
9555
11045
37322
21934
91697
36672
31979
76054
81419
23116
13847
59212
40354
74567
51466
95204
86619
66313
35641
56235
51001
80234
1950
47497
11941
38775
32147
15040
48758
69744
77191
67748
47895
18723
32576
72882
64255
2752
15015
78346
52090
88591
76093
72806
49140
49768
42424
85438
87030
71562
91545
32287
72274
6479
49557
32909
11794
97369
85757
60068
30111
98038
35305
73428
8540
84961
67238
98305
75097
33862
6264
55440
77073
1417
89940
22167
65667
50046
13300
90328
37062
55211
14167
76555
13941
17827
69727
60629
63444
39844
32544
42567
2485
61734
34982
5748
93506
3907
52215
97575
24336
92584
87456
14053
53320
3139
29361
95856
82372
75676
45837
25169
21512
77768
40828
94272
57310
70723
89303
84875
52271
17190
51879
26011
37479
42109
2325
22463
63858
11429
55492
91206
45064
94485
29410
49102
2149
58241
93434
40987
98727
62215
33922
88370
54123
72374
4120
78459
25505
59552
51067
63934
94537
59491
87519
78471
95083
64052
28934
1771
84015
32444
37420
8015
83496
7332
18603
12295
11248
87519
53638
58987
78431
92937
32712
80024
31636
13316
66757
9902
75189
27434
13791
22624
89818
95389
57113
31664
94151
7397
248
42628
84860
91681
2
12527
78761
83405
76578
43284
53581
25961
17835
46054
58632
86666
80187
58738
30475
22166
27691
27624
89194
52807
61236
43815
43653
45617
56041
46490
51232
96706
3210
88483
65842
11266
8324
51442
68254
33448
38086
67154
93658
10897
74766
80337
41691
4432
40591
92383
4423
92554
81948
84743
33967
99797
75643
32308
32777
75459
97960
90807
21217
46569
86834
73760
94743
72312
80452
7084
94287
15149
48919
53664
2763
77049
23768
43661
90106
81307
2399
57582
21377
43184
22578
5158
7311
30286
60496
36613
63766
75138
53000
83058
45906
30609
94253
89869
21843
70224
28347
61176
84423
71980
17329
25197
50398
87161
78552
14826
75574
40886
31857
65534
69449
11138
30192
63626
38010
25018
92729
90528
94616
12001
92070
17347
16439
50658
95385
70914
53927
50746
38433
35253
90905
52612
22745
36909
64580
60464
1720
60838
47809
33201
80521
76840
77498
6787
44757
96619
96156
74968
33156
49988
64704
13475
82965
42809
92179
81329
45549
91221
87990
37020
77488
69108
56893
23796
56728
45346
94023
38287
597
68475
12868
87722
4573
72555
82321
8293
85563
68120
3617
59843
30283
6111
69641
92189
38365
88622
8691
80672
30267
61028
94135
54691
14359
52482
42680
3937
83804
20160
29006
59783
58347
13886
52230
95629
77193
10642
12190
4492
40520
94920
84245
91658
72957
46984
62738
8215
51476
93385
52786
66815
38465
11723
6700
80473
2998
85359
80806
86990
26787
84342
45038
50251
68829
65309
50789
20813
17802
39564
49423
53113
48304
95992
94667
22529
52752
97532
22144
56023
59498
53064
52473
98100
70530
20187
15761
26899
70189
58979
73850
2658
69686
96876
89362
70252
30502
90017
92831
49847
68175
91980
26058
1230
21000
47793
4482
67401
97602
85994
72046
78895
62483
49995
82081
66336
30550
62462
6004
47519
29072
66031
64304
75198
77425
20245
28758
51910
40692
77451
1159
22975
67000
36678
92637
54766
97443
73153
51016
32031
351
18655
13196
35433
7369
61244
15126
66127
72065
76360
68276
1589
65357
78194
11648
47307
24445
18599
29908
68267
23741
21634
11947
10856
97230
41609
69814
20705
5812
12900
55457
64213
47913
69977
25729
2270
69363
10946
61820
63839
27401
93240
1314
66423
83297
86775
97005
64375
93487
12526
26032
42874
5711
69086
31674
30138
75394
24505
74589
27222
98161
78096
10529
16278
91708
18533
19661
14451
64443
78703
66354
56354
17438
51616
46775
61931
69585
21495
22182
28103
51449
5546
1773
80301
86716
4857
95957
29921
90967
60766
9605
40032
26527
93868
1437
72094
77706
55054
93882
54944
54287
89546
20608
33517
7549
86035
74869
58206
67118
9518
52290
37233
83168
28694
68109
32297
22318
89236
41397
95474
31111
64244
75950
84924
53766
86917
33990
91751
1349
30934
17025
32129
54415
59048
4793
21406
48939
81187
12665
3103
65621
45473
56821
34656
67670
79240
58494
58530
51261
68116
64404
43133
90593
86190
60717
66732
97919
81711
25368
73036
4933
19962
12186
54477
48729
73746
71783
6296
73004
4410
98632
74125
80261
53880
77958
42108
76106
2228
86643
23470
21433
57967
13882
62346
86357
55295
43994
10495
40522
64683
73123
70038
69847
19252
66081
42992
41682
60855
12095
22865
19421
93906
17380
82907
29597
13369
17915
98385
6027
87800
50324
92647
93737
89570
2367
57353
96291
14355
29767
88910
47056
63541
621
19442
19926
98803
26562
82144
11517
24449
64125
7472
65695
91991
73753
17042
16840
6880
34521
12496
15555
73189
34379
89263
45622
84996
35236
46948
44946
84213
63862
50280
90240
29865
63598
73751
3380
41355
61181
94004
38995
40949
92352
77141
65497
94214
76064
60623
46539
24567
70825
49865
95527
12455
62952
51401
30092
13025
62768
81245
87464
98946
54696
80304
19554
71599
290
61649
8363
36813
44308
33739
84327
70874
27605
33433
32244
20863
75632
10336
20912
59439
26797
43798
29751
22833
49927
63258
84151
9110
16305
3397
86955
89505
43937
63713
38537
27064
88849
59401
4799
42912
35126
76942
9676
26903
45354
33010
25228
95229
25915
18364
4936
75697
2269
9149
2923
37708
97326
65486
42583
97292
34267
44577
43769
89492
27950
65262
40458
28713
14255
74115
45220
35717
93607
57199
9747
96508
89358
7825
83684
10810
36284
25281
63135
62396
50880
47803
95313
73107
75948
11824
13757
82672
74781
39885
53269
78094
86962
87988
48160
49985
4649
10049
62763
81965
93046
6260
64502
97770
16480
30347
53136
68230
21201
44351
28829
54730
9206
13728
23837
63237
89938
89343
93462
89752
16581
928
67632
27957
861
92722
93263
24599
28662
53807
58198
74541
61010
8204
21426
93989
19099
64668
32347
75829
33724
42090
61629
5633
87357
61553
55250
20346
76523
7339
53325
58026
23877
17892
87279
90000
54802
66460
77989
67095
8640
89480
5124
46401
81703
31546
81120
53743
40096
23579
73121
66973
36079
12616
54399
15911
54823
68
86603
24581
67487
81078
45604
59228
39017
51258
82661
90631
23098
23739
19055
37256
42317
86892
55828
90286
19150
84683
13701
60793
50911
3860
3057
32314
21805
81052
11995
2050
42167
57138
7753
53368
51577
1700
39419
10984
957
95407
59208
98886
70720
47733
80381
60151
97831
63885
2684
729
80789
10098
19421
56615
7721
17423
74811
14085
72481
56015
80032
61055
63034
3874
98960
55654
76020
26946
75821
23482
77008
42289
97239
16058
49845
85478
65578
11835
99621
91341
28742
16536
72989
94649
14535
49671
25260
95416
47794
33399
6846
91878
48308
32572
59335
41215
73438
4264
745
65309
91063
74288
34787
28746
57111
25392
45056
74761
80420
41703
62680
17563
16295
36615
27719
33215
11961
14600
78120
4694
83162
73331
5856
62352
40669
76050
86361
23500
57183
49871
49910
1175
47839
69590
32871
41911
20971
17369
26489
20272
11383
73390
47307
24073
75579
7907
19067
17926
26200
26782
10371
61297
90791
71082
40798
22261
58128
50897
30153
57467
43894
16090
84557
18841
30550
9039
41203
16010
73476
47075
94340
72939
33972
53976
34638
32099
34522
17694
28539
12649
71860
28096
40091
44633
94254
72609
56158
10193
67911
62032
850
28202
64750
76003
31592
75611
31721
35624
57499
32468
52390
14136
80307
82125
65596
54762
48912
22559
53170
16658
83856
11797
94165
90287
18046
55959
51441
36292
2215
46856
88476
22064
11882
87146
10900
31910
96217
73786
73299
92754
45732
28255
21436
41171
45692
42708
40354
91435
58582
26089
16506
86263
81081
63259
41592
19963
4944
944
63509
88745
43061
59879
96111
23752
52617
17799
34443
65877
1563
56665
5332
19563
90820
56704
46919
56599
21873
54715
63219
43295
94344
74473
255
73537
6265
35241
39272
87574
7104
87728
37421
33560
98804
90695
25546
34670
29373
16994
62408
17756
77322
43501
96066
18029
43257
68552
90858
89186
69918
92562
81060
12093
13135
95830
12628
64489
67262
73180
49860
13275
76402
23284
72134
7674
96874
36145
50983
18286
38161
52925
38905
50881
40213
60086
97996
91868
11102
57955
6523
78900
36827
27906
62748
1344
21155
52195
53766
39932
43314
31126
34901
28648
39893
55661
16942
13672
88068
57254
16424
97949
69321
16213
44198
54995
82622
55670
32714
80970
14257
85795
77244
33732
41574
10628
31665
26546
14582
82603
4671
57914
35719
2219
97635
3551
61183
62670
57117
18079
5643
51322
67670
99442
5379
24338
75868
24209
32109
48449
99041
6379
3858
36769
98491
97482
47630
68035
23703
74684
82150
64653
3498
59484
13669
10788
37264
63360
24615
63202
37851
87775
83693
42970
48535
10823
24619
69827
46344
73413
12580
28431
32918
47911
74719
93143
77137
26989
74773
85187
42756
62985
82830
97512
26956
857
12077
69015
39864
61250
47698
31965
65630
68951
51116
14029
85009
27447
27368
27059
2900
44600
96682
52568
16735
57507
38569
5479
85028
94277
97102
90937
722
63854
3147
9203
45159
52400
79646
73193
16353
4406
47906
6845
84341
5212
18219
65300
63125
33781
10755
50054
17311
43472
58749
44140
98798
12675
80381
62073
76913
66182
69229
58401
49068
23557
22066
26160
65037
49419
45132
72512
1875
96534
42541
14089
24062
82849
84087
43240
22498
71271
13737
71568
47184
28717
28615
83035
51999
54958
68863
19238
98309
3167
65396
4886
11143
36389
14483
8860
12470
61999
94214
1047
3921
65738
75620
9384
42535
55578
30246
76322
519
70827
41770
86968
10283
44155
13364
3986
65124
7373
79192
12719
83315
4957
71151
94667
62304
93617
72797
51753
98317
97223
36522
24984
24167
48807
47138
26357
23133
66288
43471
46710
63908
68923
14353
55240
5316
85409
3816
15086
55699
30487
58013
64631
99823
92061
44013
44808
76317
98598
10198
64877
82472
8729
13070
1710
83178
27369
79513
54685
76497
25036
74564
12178
12303
51487
68711
88833
66266
44857
30491
69860
42653
87241
36714
44296
2941
38460
1045
8814
77491
16855
98389
13616
57305
50808
96643
97951
47316
14124
34131
99326
44348
50053
68843
4554
20700
75770
65967
29354
89727
35053
56664
97483
78999
84430
85472
19824
88703
52318
91638
62971
36586
51909
56801
98122
25611
24699
41602
75088
61623
98553
30925
74999
58422
68468
94825
99418
88784
73220
82362
17555
32530
62728
55608
24133
95235
63288
94988
70202
62856
84403
24083
31879
52523
54844
90780
63980
38120
57462
92514
87588
4754
18278
94198
81734
17510
78944
80321
9491
87492
69161
73899
341
26419
59000
22571
73346
92374
8462
93736
30074
77378
21081
99309
22375
25808
69181
6069
94856
43556
39469
58705
52691
11278
81369
52244
85236
56796
33362
73185
21397
58115
9119
63061
48148
93675
68448
99918
20146
26233
23163
31298
58681
30030
83613
87961
18437
64359
76144
60437
73704
30064
76426
42612
11559
42730
42487
51944
94588
31177
67242
91831
37920
83170
92899
82447
43670
17161
365
31301
91250
59142
43173
84411
48423
9122
5486
36348
23190
69497
86016
93132
68517
43688
48866
51381
80705
23942
62470
32954
67886
28974
46832
14962
80938
53260
83578
32211
51700
99587
6106
89222
94127
51259
63142
98872
47961
79526
39029
4072
32428
74518
92220
75275
89123
68177
11424
66121
91970
18087
21215
17900
65653
17081
8423
61903
42033
48051
86747
61844
77269
81865
87574
50892
99557
58762
4392
44236
30654
83122
43286
43461
55587
41190
69827
71326
30994
72079
91826
37206
83218
36408
79944
43973
46004
95439
28245
94539
87917
94464
85266
97772
21097
18718
82611
75854
5948
70893
9548
86491
65830
55951
31181
51391
40041
71372
79581
38631
87306
15969
4761
27540
39982
90981
58160
27425
34959
23989
47111
71997
86293
87386
77368
27849
14748
9726
94181
2610
9584
9247
3560
90335
79431
37555
78961
56261
50112
27591
68181
55512
32944
55120
23363
31483
24301
73823
96521
85180
1036
45419
10513
18900
22843
76293
27809
99599
7902
79934
44979
83410
33338
14156
15630
48769
50329
86072
81
45610
2225
39866
12925
63227
36063
30276
7640
80377
84413
13212
55402
39064
57183
37348
76118
34560
42732
74538
39824
46211
67957
86553
76043
31729
2573
32378
71102
34790
45635
13887
61368
9127
27157
55532
51160
4495
56573
23234
67369
47423
33946
8254
26258
61030
9974
45
85430
7096
71606
19263
13329
31164
93532
27458
40070
74482
7732
57337
2460
39793
4147
24006
87999
97257
13396
15497
44032
70589
77545
95889
92449
49395
56111
24070
11069
86710
29137
74990
55302
30320
66333
96130
69101
35071
86206
72613
53603
49871
45912
98170
1355
31802
43532
39239
99636
4052
14233
4823
22884
87117
78853
67678
8503
31859
40638
61479
41579
46177
68577
20452
21271
12146
59161
62652
95224
29300
8669
85622
32586
23118
6706
65521
85369
73172
55134
72575
66029
3877
57488
11180
46119
66673
47498
9263
97255
91009
25944
33401
58626
77560
13003
88104
79187
30132
2388
96963
17279
907
38536
77474
69121
80288
25022
19361
58298
99893
76741
67607
97143
55790
39150
86557
86905
96355
65049
4710
1039
69055
13158
65327
15109
25765
81736
33438
1668
20904
53169
88318
14143
2809
1412
1221
98744
58912
48751
70514
89979
76182
84771
19548
40758
82841
12129
67218
47706
23500
58982
80524
50847
37975
94688
230
14260
30720
77284
93317
8771
84103
46547
37867
98635
15387
40391
4749
2371
46323
10986
68217
43257
58233
58360
41564
59083
69433
96504
2442
58769
32499
28652
2253
17853
12494
49735
76921
74923
70246
60077
48867
89050
63065
37744
71146
42057
54887
5816
7487
86177
97221
32854
36242
74596
25096
27584
9726
98428
96535
25854
70551
88435
29783
40679
81073
92246
45282
38737
19261
47168
1213
16179
82199
89152
55606
19039
44264
51921
38707
38843
92826
73874
86178
56744
43420
91518
3050
43867
34700
12144
71534
89179
30214
69908
31832
9827
29871
69610
65887
8219
90212
3253
83810
68101
70748
18151
89655
38681
53427
32022
51643
99759
49694
24157
20339
76289
79064
86186
21518
24626
4996
89208
99293
95719
44790
27867
88815
62357
50546
87323
63747
17100
21920
25002
24347
39506
2982
80361
2853
62984
59174
38526
8695
82819
56733
92521
32265
42515
25188
86098
83234
25958
7738
76512
12562
60887
39226
38463
90359
13087
72683
87937
24144
90154
34735
86135
87722
90117
57908
87470
67117
83420
25556
31037
72001
82648
36211
67371
74874
9129
196
37254
41784
68401
75378
76095
16078
84857
30182
57058
5664
10496
11109
33886
21228
18007
36701
65877
83958
72083
33875
79391
9087
43575
89293
29979
41364
89313
37809
92822
35938
24497
83153
40683
54592
8519
56831
12224
78594
96793
82089
81313
4469
67542
73576
93863
89067
81815
85668
43985
30302
16904
245
47845
96197
96387
64579
80707
69430
17288
36525
520
17662
48045
68679
19526
96355
6159
32895
31564
80482
37538
60751
82847
94090
16963
20435
7858
18382
50688
41072
36900
13307
65711
14790
54890
76729
8770
65689
50951
31965
85116
82480
72370
54056
61644
94603
83727
8564
52096
23886
16648
94577
94324
74691
92067
8490
99550
47196
84541
78354
27483
33409
94323
94231
91500
20953
26111
15261
14542
1126
2904
644
68854
75898
84751
77883
24933
68831
89977
64549
69210
74429
60790
48242
37463
56944
77004
6368
88201
9711
90677
70524
82921
38024
34665
62393
51205
71946
45247
18813
42578
80721
67823
88294
64573
76091
8144
64255
20517
51906
32249
75910
69534
61386
64718
54344
93350
84784
46807
19028
49924
25371
76981
68129
88072
46322
4642
8274
91644
51389
23317
31586
7759
39957
83930
1799
89770
15393
94158
9682
34000
98428
16960
73217
37653
92328
33617
3663
17898
14380
80175
71460
80758
38008
46669
92323
58955
55289
37704
489
74733
74779
28054
769
29023
40381
15535
6461
70906
9983
36421
29762
71656
99470
41769
18265
19765
3950
67095
58184
31020
7082
47244
3745
9312
55256
86833
65998
87916
60787
19245
21005
37333
26939
97139
99720
5312
51999
25518
180
51449
27559
40921
28551
91262
32607
3212
4877
98412
13998
13355
35803
73826
28163
99629
74876
43914
93597
23193
37173
31447
6578
89368
17070
4861
25612
64961
18409
43389
53947
47294
1757
77891
53480
28409
9424
21071
1492
6853
22650
33610
45582
66920
14558
72508
1542
47627
42999
81395
40043
85039
52181
78519
42432
38287
91728
93864
50033
40913
58818
47802
8209
73297
61636
14419
1002
73325
2000
48751
98495
31375
21663
78824
87310
5117
53983
92961
85890
61589
92481
6438
47591
3660
33477
3621
91278
6944
41052
71820
98727
79021
30488
54149
51049
27474
14398
67432
16921
21338
2180
14363
7761
35449
85266
78265
52164
71990
68726
84654
91858
24761
10020
81103
27756
45533
24412
59832
54401
72266
31811
23037
96758
46112
88516
22478
90796
5725
75283
12823
59752
27813
72243
99541
29804
1896
85019
41566
79727
222
3662
65866
5926
86843
622
47958
67512
55432
67985
79045
4747
39858
29790
43737
50344
27405
49681
85866
89806
99643
2099
27797
13903
266
96382
84125
72135
99758
6957
29685
86871
71622
45118
10501
87887
41571
26521
59827
67297
6341
34179
74132
53887
43823
27367
41691
21940
10146
60105
74411
90192
7815
39872
43142
34905
36971
66409
95991
59107
58900
8774
76669
56520
88269
90866
99916
13830
57910
20273
58308
57916
17644
84366
8731
28207
20126
18611
35558
68447
78230
30274
47816
6719
82159
17268
98696
41683
8132
40042
15707
61127
59974
35949
31450
76310
2575
11859
98284
59759
57746
62696
37953
54104
93248
34469
0
46628
72227
1270
38377
62786
21319
37350
55303
68424
13026
39687
31796
3391
19079
22413
70331
21755
60303
2491
20989
48257
68488
48748
2900
49107
39398
11136
42851
26776
78931
955
31067
65282
64927
92808
30810
61945
34730
74967
52320
66510
74819
20042
6080
70416
53709
88093
27117
43485
95395
91401
11119
59890
75504
70129
60408
11556
89017
66753
85038
57575
14319
57015
16006
20074
16939
59807
18992
71413
66082
25351
79646
78232
79825
23562
30400
27583
29276
75683
13410
89307
99691
26101
42894
1313
63175
25810
60964
72052
19798
52593
14339
25538
93627
25611
42465
69803
78848
42550
8179
73941
86924
33954
37744
2186
4574
2497
23446
59342
50551
7734
44342
24728
36588
83038
77775
14822
66495
95533
69452
48732
99582
95481
77868
29954
67854
54796
52021
63550
31759
71025
70507
1416
46250
76271
96700
30807
98648
14801
84140
98386
64088
5717
14545
40082
18779
25160
4651
43654
46395
59425
56255
83133
41427
34456
83321
66942
36857
31991
55967
37558
39986
5327
19683
38481
93996
67941
31771
37481
37709
31205
94091
41029
1074
10969
76811
63184
83299
49109
35891
16560
48875
66267
59796
21031
95
4566
64360
73531
19173
99664
91087
53463
16482
63360
46397
72997
77923
29618
86946
74616
50800
9143
60980
46759
74628
77823
85503
6832
89453
34270
82362
65674
34325
98423
86031
46234
93065
88104
2756
63931
71783
47241
43545
25645
56836
72213
71920
6739
39794
22211
97704
13870
88979
63077
39609
3246
83328
35590
64248
72006
11079
83250
92165
47914
79755
75209
3680
21361
89450
55187
10095
12210
80032
33620
13604
39201
92407
11223
60435
53330
96990
14934
35089
63264
21974
97244
54360
62039
78104
88385
44369
70166
54733
89615
71322
81842
54998
87223
89913
77623
56126
8509
25410
93902
17605
58678
50100
70666
24182
25234
8644
1507
62345
87294
65561
58756
94723
61568
73438
86846
39489
57651
52205
35686
36913
60971
93199
81293
14733
39783
91732
46475
6484
14982
44819
50037
35348
83724
75232
81264
77149
50667
89025
42800
32653
34464
93951
94800
53053
12621
47797
3683
90638
10952
52395
16953
31710
69362
95854
97776
55928
78672
36473
88159
3012
54107
33926
53871
83112
86032
53355
61249
41551
9382
3064
22905
71624
90172
72406
41713
22294
75206
82784
98446
92154
67602
21459
76809
50306
77370
61835
48534
20262
31484
23589
78597
71089
70087
25233
32787
9005
65476
26910
64321
42037
85338
72131
23419
98152
55666
59510
12355
56396
10137
33048
36583
33788
43188
77779
94761
6389
63497
4293
21020
55097
42861
13993
47320
21618
51562
84971
26441
52165
18973
32296
36685
85240
10757
16900
74913
19632
77811
71502
37241
90221
22730
1179
97395
70520
51176
36752
97883
94634
3936
67794
5904
3373
3503
92696
41694
60773
20946
68843
37458
57441
20302
5088
30309
70062
17659
54128
47546
41047
48632
58066
76657
69665
14366
76355
88245
80285
99557
26675
41707
83824
32282
5482
57481
56968
2217
72465
53011
15064
50998
72218
42901
33089
80278
14679
11340
89096
10756
17585
33529
5470
5214
57478
62701
47232
39457
3826
95326
28682
72033
55023
85865
8793
71498
7996
57903
1979
34959
46080
83131
76197
25317
77519
84769
78183
55332
53836
96590
81217
39642
61068
84157
81283
38327
50773
78837
8809
42214
63062
80330
82107
47023
97540
80407
44378
63084
95677
24007
19674
86358
68864
49897
43126
27953
32532
48784
54431
32958
44830
22369
21224
87590
78171
60320
80905
53049
96879
67655
47637
14453
75049
42209
64606
5437
4366
87242
13618
88316
61710
72010
80623
26453
97296
4174
44631
34583
14141
1739
29236
33938
19766
92865
68956
79783
4562
38959
61665
96589
63645
78629
52709
13684
71990
6763
81350
18106
12689
64661
11760
44634
62024
97600
24957
67999
93146
84204
15946
53220
36290
38569
96217
7670
52210
36702
41330
1568
60623
43433
73567
83795
10135
94768
12524
3238
12915
15128
21950
52436
95957
25099
32936
88255
92431
92806
74004
1467
79364
73187
64674
69478
72821
76917
81920
58418
73609
71971
21678
27373
73876
12596
2740
53440
93393
26984
87170
86398
22398
67293
37155
96354
65083
23841
79267
63428
69144
51182
63845
97286
50322
63742
19117
86544
17840
32487
9287
80274
53345
60414
82043
37584
93812
78528
16086
96692
73472
60156
293
24741
45603
72496
11901
38632
50042
3742
25554
59424
74053
81641
46248
50282
5027
46854
38711
34735
21994
48503
6270
76861
30764
43092
35115
46105
95934
22537
60706
29215
2539
45715
73234
39532
17915
51721
59292
40651
23197
44958
18633
17857
24472
45810
88058
38054
66272
31624
38783
12254
21527
66262
41022
18736
98853
48701
5144
29468
23687
31646
85183
61335
22944
42803
96914
84395
22064
53576
27650
20141
56509
23784
10787
13701
74403
87861
40025
7517
37199
82727
16174
47203
79702
93046
1425
46769
55613
7269
9115
38148
33853
53703
10124
22453
69524
95064
25353
59580
99482
97594
99121
81808
57427
34829
38562
65013
32789
85576
24449
35091
74540
56358
24144
35
85538
25308
43842
30538
55990
87155
52079
54552
47778
17793
17485
81828
62492
34230
12515
14005
86793
2765
27616
89453
24093
51931
26644
46595
66086
32298
7577
19036
51883
80379
94336
41979
86211
17103
69341
66015
54696
76678
83957
56150
91123
98004
16423
15768
25952
18036
40470
25838
27070
25435
50212
80314
96477
71736
75212
18563
70770
29681
95010
53182
26197
54938
70937
35589
90433
91463
18720
61375
73984
10206
21488
67880
43459
40635
15825
32284
94541
80959
5572
27884
14436
48400
84619
2139
9282
8185
63695
87919
66267
25111
38855
71969
25130
60771
47839
68777
56362
14200
64458
85097
23705
77940
18192
15117
33533
63777
81275
92892
73693
32642
36561
15540
33496
82109
33547
78274
73698
51656
87337
25677
42364
16205
96760
36237
35978
48555
69417
35254
95496
99541
32274
76929
61003
28169
7138
91979
94016
23388
24366
45226
4516
11934
67186
23208
74879
30662
18262
27119
24983
3353
65250
40293
62519
47828
49927
60291
71618
79872
34161
86900
34428
83770
79868
32266
18196
21757
8481
72139
3697
13409
86365
95535
95944
47489
92307
16436
29775
29811
96810
85184
23013
96518
6637
96504
68248
96483
58569
92256
91567
70270
16509
98170
52374
88150
9108
25844
3559
26469
45304
35488
43948
20190
87611
60062
4334
32327
22998
95344
36152
2539
78800
41282
41178
81015
85577
81473
63247
88545
80317
15882
6899
13745
21702
68493
77598
47091
12760
9901
37873
39836
97066
83936
14644
44617
53410
54429
24012
737
86055
98862
66147
52610
46294
24302
89007
76211
99705
53639
92412
94304
45472
60871
44896
35351
37845
27811
85155
16163
7139
24637
53756
88745
61253
22597
28170
31654
54730
50001
18866
82202
40074
87395
53776
80634
74036
39905
96929
57696
98783
3488
10954
15644
97989
32280
70315
98430
49801
51364
40151
58329
79510
79052
98572
95402
32426
63371
13706
41650
56766
5611
1644
86667
85825
74430
16241
89548
96397
72246
37367
81191
89918
62323
31124
28792
3826
54736
65417
7129
13764
48898
15973
85980
46682
12288
3429
42137
40772
38324
159
90492
79173
78687
53891
95159
60811
82647
49043
79868
56838
88091
20117
56197
85039
62034
66903
73075
69896
7967
81694
12689
95574
5867
54053
15368
97829
85045
84657
54726
84900
2442
43529
35618
73768
69334
33152
90403
19634
83827
20703
51960
86429
46135
12179
14134
59829
97555
30609
53359
27261
50820
56688
16461
61938
60909
19173
46745
75295
89008
17586
52538
93855
49166
97205
16564
27957
37593
63169
33729
28532
4474
36321
44369
99495
25829
76161
72634
39994
83186
24558
5672
36725
69323
54009
59695
48714
1912
51130
17939
56925
16938
43041
62411
64547
19500
81382
72794
1705
26609
9005
719
88072
85686
26841
62102
62279
41802
62563
27490
4515
83913
88296
4511
72178
41188
23559
5081
11056
15698
85464
93895
99167
61828
80098
57641
83094
17529
68098
82748
95383
65883
71435
19861
21376
36035
25688
43128
95999
74569
16654
61201
69001
40904
52902
17566
36259
20295
76233
93852
22640
42550
52936
40587
95820
87473
79827
28090
89576
43791
21982
94448
95150
95363
13800
75424
10199
19872
96521
87690
72799
623
87976
64051
46725
66531
67401
88253
64850
76244
19620
36700
37577
54012
77973
62490
13305
43533
28863
65689
58056
18186
53615
38852
98160
35412
26696
30640
20658
27416
88757
85291
84833
2783
78406
15143
82600
11176
91170
94618
2426
431
65134
18594
89507
90152
84959
38367
11602
62007
99769
65521
93794
79871
60911
40154
20771
75908
37286
32619
71599
72335
64862
67523
55990
4322
23258
43910
28346
11289
94100
47151
70834
82434
81762
69722
74743
56122
93616
70624
52052
63307
99747
16732
54217
85614
74028
54785
81698
95638
66220
22373
89714
60121
93035
53203
14121
11124
34193
66270
55942
29933
98288
37466
73835
38513
18419
60479
85760
95514
50009
55701
23216
5908
13584
36007
73677
94029
9581
50822
98043
85938
4253
76037
52529
79601
70095
40663
21198
82735
77680
80165
15981
79473
63419
50026
64740
92333
16911
64071
89213
89038
60974
85671
66903
30926
35513
75422
74184
22982
47425
66313
8724
93264
63876
63447
95579
94457
99938
21847
10021
71717
1782
55483
87075
15927
66886
71653
43600
46354
86501
54732
91644
45923
15471
87675
7840
81001
52847
41100
68761
79687
72781
4810
92706
3316
88763
85663
99855
76641
80458
42326
33877
14868
41281
63668
20371
1967
94208
23588
67856
72826
52494
80272
62127
43068
3004
6739
71926
98875
98095
8231
45040
99777
22340
2784
22632
45742
70270
31754
81538
35709
70566
92496
69706
91454
87588
20004
9232
69967
26487
13708
62972
73763
34243
83069
20457
12080
81045
23846
85160
4567
97778
2512
77600
55943
73565
78573
87881
77341
42283
65596
15681
54722
46140
7045
76680
48066
49249
1589
75330
89451
22665
60350
15329
2288
21420
37555
89954
88643
97212
50419
19944
39786
2422
24816
75624
86064
88939
47460
96957
3934
12052
98615
88806
11450
16097
31195
10939
40575
20828
25196
31163
95937
41163
18642
45802
69413
37675
938
86781
5343
2187
77420
75757
90392
81738
65404
5416
30081
78780
56880
98857
7768
56133
71858
48909
38805
57397
72012
12420
40567
64747
29506
73818
55144
39711
27439
5480
23771
66703
97108
17174
26609
53508
25618
60654
99673
88493
57321
17097
76002
49701
77894
87241
76844
24736
20685
40046
82349
67591
37802
14888
54877
45394
44578
68749
64035
57709
89334
14910
16386
31023
8916
15828
79567
53833
39630
64074
13858
87092
92759
45678
6642
91445
87432
68690
63741
31295
84606
43877
74403
92841
17659
50877
93356
23641
10858
70086
58074
31277
52722
89041
18375
48084
1353
15156
19925
84403
27826
60035
25294
17112
96796
61278
25737
97905
73555
50108
13111
88800
72513
89705
96392
30781
93323
86101
90988
61926
76552
57911
28211
19210
3315
58757
14223
27482
64020
68680
49869
4006
48960
88402
7075
46145
12941
72346
1961
24322
445
14842
8131
89910
50382
71601
58537
73039
1226
40317
9860
5074
64511
63803
89784
99933
17283
19860
92076
64569
11625
75397
78717
41450
60713
37249
25670
2629
90570
47165
16771
5190
8815
20617
63877
5659
67378
20148
74020
69508
20090
6691
86483
19631
43356
67199
14983
57013
78905
79978
97816
93041
55950
66609
25886
18912
13779
83881
10967
89948
80640
61027
62224
96766
96220
44549
40337
65688
58062
52197
10266
59964
99178
92391
4167
63385
99154
5456
69161
11670
6682
95238
48664
47941
71241
93882
90364
92482
79492
84868
31916
53354
35203
51340
28936
44293
60732
6894
13866
58630
46425
8554
50852
24253
34145
14905
60401
45965
17805
16773
84189
63732
99342
20391
19296
77587
66500
66870
23692
19007
74364
37989
86690
5573
22866
32801
97435
21216
3491
93848
97822
63936
78089
92476
44828
34339
8982
32176
75228
36356
33629
5390
90532
47267
99854
57852
31800
74165
40694
21011
92748
44486
19690
39875
19517
80179
66804
37520
93602
11232
95440
78289
7280
18528
23248
90457
30816
93506
74497
11663
18826
11758
10868
94327
50259
16206
50237
69175
18583
38130
91859
81641
49236
36303
37406
11030
61098
94098
52635
73744
32343
39829
68886
63735
10042
64145
24584
40552
59870
88214
91755
48312
42746
95463
1345
72778
44131
93530
85943
80748
86315
23266
91657
21345
95864
33357
8270
82466
35256
97413
49733
28278
55184
47856
90597
95655
89670
87319
2064
54974
16938
12899
5054
61389
61106
50669
46592
53900
7531
67829
19300
84640
43057
95858
85921
13892
81297
29669
37711
30914
19227
2206
48181
18170
51719
55314
5386
2770
59224
68045
7693
50880
40179
82371
93518
71825
82192
49322
35193
63018
58483
36364
80245
91052
411
49875
60072
52272
88974
58704
32833
30055
83450
85653
29938
80368
16477
6411
14873
20424
63304
78438
17708
50174
70742
58211
43316
84474
52647
73840
11654
75455
13286
5172
26935
34803
19758
13907
646
14796
41362
76116
10204
22515
2418
90044
88289
59263
75272
10595
332
78196
13031
45931
67107
16355
85699
79444
61886
34595
33127
21901
7448
16482
78567
27374
91731
5911
47422
18262
49846
66477
20671
58885
91000
81465
69692
80119
99801
98524
64857
11718
62954
98719
94559
86273
56718
43152
34975
76513
72877
77784
60824
23476
85628
45449
54157
54006
37668
65957
98719
56387
22405
24889
35583
95801
43904
23714
90272
45896
40142
86887
68864
33611
94675
37889
42644
17780
52132
9224
70786
12923
28216
70628
89901
59948
10955
40651
60991
91877
73562
92586
33382
28418
5815
82278
51331
33073
44965
90258
64339
52204
68196
10151
63684
44094
29082
83732
71379
53008
63263
32087
57319
71798
68576
8375
8745
73795
17138
39730
22044
75824
56473
67552
1149
60345
70926
90672
12730
5132
54979
50927
16667
91549
42785
72165
82632
48814
87857
78568
12956
66995
86541
48693
54519
46045
3285
46222
46544
99710
21372
50193
66205
65319
1056
16745
74952
38328
28695
86651
55879
61552
84122
95860
4500
42859
66556
38546
32510
47532
31087
76931
22857
98007
19856
48344
2539
33877
89464
78690
88080
7818
12729
60638
81342
44598
47997
15634
14756
17719
45939
49707
42920
47201
72859
26545
35801
33795
3004
92367
19357
54265
68700
23030
10319
6311
8152
75511
30859
49736
21622
54029
76246
64922
60199
27313
19544
10730
1664
83942
16810
18093
24874
32369
77061
93087
61690
1002
90353
4306
24699
52545
38742
82219
52002
50494
40448
93778
85871
66474
2391
42427
44236
43630
96287
43678
10408
18955
97775
64048
9486
100
20352
12492
88188
75165
48578
54151
56870
28576
97296
30444
8388
54875
71100
14267
52272
84920
86576
11893
66511
39813
41292
42581
53080
23796
71304
95399
51328
52352
93117
30573
86248
2458
6691
94872
24570
68070
60859
52382
39259
25240
57479
48029
69739
81880
21054
71009
30684
15369
30690
55299
30700
3361
34575
7242
94164
54602
38383
50220
55966
6264
78388
96131
12375
16227
7449
18551
62010
79351
73275
35353
3071
85672
50982
81564
24728
49409
35418
56158
83635
87643
89597
54730
79560
30100
28898
6276
5888
40171
66303
31079
7187
5623
90967
35503
14161
17708
39741
99650
7774
3210
29267
31082
26774
66655
80254
62413
83594
92465
37895
72814
95764
85814
63277
6133
33304
63290
87494
215
88909
87479
17638
2324
72619
99115
24308
11409
13965
39682
36661
18264
28400
92307
54953
88571
73927
68662
7515
37095
95772
85495
39913
66862
6205
72686
39573
25231
47748
53172
96685
61293
75424
7095
85224
20612
21441
38607
19628
67589
33497
22547
84152
65179
46321
68452
52906
71265
31902
93930
11638
55845
73580
1403
46868
13838
29550
58935
91915
87031
66896
896
74565
59285
83671
4150
89134
20709
57280
28347
42869
40333
4954
34641
60063
68443
49388
62665
89270
21615
2188
48092
56063
71941
18090
89891
40705
41016
99149
2654
5889
10456
99775
31968
81255
7747
16794
7424
62397
88727
44429
31502
82728
39080
9327
14105
27500
49608
65925
23929
92678
72714
56952
7753
88458
4703
41740
22645
23257
53536
2098
46945
8877
83505
57909
7133
30021
42287
13579
87231
69304
50010
82973
23282
94255
31068
91018
84630
12297
82094
68413
46212
42179
47878
70920
51868
20996
15962
363
28719
79798
38144
47236
22214
58824
47346
25212
33485
59840
73632
20852
40419
48145
31206
16798
22196
97144
35776
8883
69735
86132
92301
36282
36858
35117
99211
98556
15440
88033
13379
52989
92126
35116
30758
49360
82963
99412
82270
40383
55959
19646
66940
62828
86389
41116
12013
70676
86420
58504
54967
94429
76891
34746
46338
81093
39616
85627
23213
68938
41379
80440
22834
20282
11459
3013
28156
57214
94350
26277
61404
54411
19540
69973
34097
4712
7288
31996
45533
71056
38723
11931
5749
61691
57159
60738
17792
28568
80574
37070
88991
19774
21753
32101
31531
17888
11159
33067
9052
12991
69365
88158
68380
30538
42153
83580
13535
76685
92951
1434
80271
2510
46138
47881
85642
55233
31089
98615
80972
21091
66491
74877
90114
63497
18980
30608
67411
78158
84686
65401
97705
80374
54633
64644
76082
7834
29336
64643
61420
81559
94549
64720
5218
25732
99229
22492
76640
32994
3613
16257
57515
60432
76589
36517
39893
82537
57974
14568
4839
18572
71026
59932
33111
72252
32257
77039
35651
85943
50005
14035
92803
76806
4983
64218
48798
83405
88131
59411
43732
80242
61627
71087
98220
87573
58343
35409
31883
65804
38055
74170
22795
24551
29209
30948
74826
94756
30617
16906
74077
15836
72764
86016
38578
67252
90467
76555
2027
59229
90130
20604
25347
48820
70992
25283
72981
93837
88006
52515
73916
19928
13922
80337
88418
41858
41472
10887
18395
33566
86877
81945
78540
55819
79572
34102
92956
33716
32455
70248
62416
33567
36770
64462
76181
74695
59397
68516
41525
49285
5730
19695
33327
57300
17374
38270
4865
35831
68639
11091
32245
1106
70665
92838
92956
86082
27246
36279
20573
56806
31643
75472
14665
81692
44710
11116
67514
22021
74483
90969
39508
86646
79432
76232
36288
40139
80433
10906
33751
21569
92984
36183
99875
10564
85730
93878
57716
47090
55138
60649
35985
82087
81550
34857
65347
24620
67742
17727
27809
35563
43983
83023
78324
11279
62962
5025
46395
59388
75290
37901
63407
16037
44286
14095
21470
12054
80196
78539
28339
4072
43139
33744
60171
64107
20615
9702
56647
2606
8831
21598
38428
63962
40789
22676
11497
53871
54629
11075
69542
57698
78364
35394
64066
60583
93428
40676
74100
32212
42257
70094
48424
43160
29782
98085
45322
51044
97696
21206
67215
8693
96665
77126
48484
33915
21966
60415
51819
64805
86051
11072
58651
30216
85170
58199
95802
95915
23948
334
11146
26148
68976
5860
94365
42529
9353
97816
24989
54486
93912
40838
61150
74337
35994
31047
32423
1039
73469
83023
42301
73048
87258
47294
93692
67012
15537
64696
92967
76814
33276
44615
97502
17231
35588
1571
30328
48507
24551
62224
82162
68222
77446
86892
77687
36617
95152
94378
76423
52067
19971
44787
84299
13891
13656
1969
70066
98500
75739
36230
33030
23232
82082
94716
63194
10528
63454
57511
52345
72630
27057
14707
65132
7459
56260
15994
43775
5742
18584
19840
4023
91181
65615
20909
43920
38353
59158
58582
42718
59166
33731
40279
59453
90925
83546
51290
10310
54750
39233
16620
54836
39576
77419
83379
9835
64247
63068
69450
46870
82813
44781
73116
42952
77890
10508
57690
62425
9539
42223
76761
97686
213
21249
37389
81107
79783
65748
17449
42210
97541
14496
9655
37486
40924
57501
85521
76848
6142
60844
79823
72999
30164
46996
40789
49808
13264
43203
26901
31496
48410
50963
99618
91900
61651
4299
87474
36084
11244
82551
13
43506
20605
16553
10531
78771
10442
74938
33604
92241
96873
25307
73420
86656
63118
12921
73005
57810
73198
19827
15765
52050
25663
9359
26393
29577
66454
63931
97319
26426
20807
97053
44612
88644
34857
15934
93073
41981
84350
80121
98194
75706
50316
93943
33597
76366
46337
73731
23574
71744
63187
20504
72682
6926
48030
60073
89156
96655
34067
13028
12850
72780
9562
30346
43189
61826
41309
60766
14536
10669
5564
69249
73874
92162
6115
41242
47872
87190
49739
11919
4570
65485
60004
7478
61388
8067
20657
45091
25302
7238
95663
47813
32869
3594
43171
39667
18150
18388
84757
74277
80958
13481
50257
9890
49787
55885
22961
93492
29762
48833
31880
57445
85880
77045
85893
5258
43810
92048
13479
23991
15072
77790
5638
31016
9027
53552
61358
26731
22556
12066
83119
23586
16372
60298
66885
50027
80426
1876
44481
78405
54980
89077
51781
37446
2726
8764
3020
71497
43569
55978
34194
31487
2073
14209
85813
30429
27129
32968
49492
41718
32640
70881
42915
77361
95770
14336
96805
94372
81762
33750
95959
64300
17293
25154
75960
87399
5044
8081
97338
798
57948
71795
40817
69096
60097
12469
54543
82922
10097
15650
80284
10424
58348
86316
14308
47586
15362
81060
17035
15968
79697
88291
38595
41765
19346
20900
53012
26214
97691
64565
82940
54772
66018
64155
50248
16494
7912
65629
52647
4144
18034
15287
75099
55011
7741
93526
10746
38183
70503
73749
5638
42998
3855
31802
8595
84884
57899
72838
34821
42459
54340
86020
77293
20106
52479
79855
68144
14790
56825
16702
49023
2162
67286
16823
29348
81865
69773
96841
13050
12654
93519
21032
19958
49911
42131
21890
21770
51428
79852
71139
91995
9410
52149
23333
74811
57272
46269
57119
87147
91383
66934
29203
81712
10274
85316
32369
68402
97572
72551
58863
48898
54872
25102
44587
53042
8004
83574
33589
52279
47446
1145
66297
82703
7318
99708
43599
630
24699
79041
99596
18856
27094
22232
57334
80122
37936
19976
40484
44091
60371
52053
92860
31186
99906
99385
97073
42587
62806
96360
48863
63956
98930
55412
52666
40741
46503
9866
5375
91669
11585
17803
62597
82426
23278
17025
56935
11479
34128
18279
90745
74361
96191
51306
18622
14240
52871
76527
64653
2341
85596
43736
67239
71714
69373
35280
63742
36200
83314
32463
62718
87958
34038
79175
52214
52295
58331
40608
43350
70346
15583
91167
13527
18002
59234
3220
98188
21730
64027
76002
61995
84025
55214
74012
67987
90886
469
73311
44572
56088
96050
51344
69464
17900
1102
36184
86089
16079
66414
81083
85905
61919
11160
91362
70586
69681
59323
84491
59516
85540
104
63207
45568
13100
31569
61410
45266
22770
24573
92449
94549
63244
19850
40569
2271
83659
70003
99853
74600
41498
92377
89020
76519
93719
28246
84613
23624
82954
30283
5342
99536
57842
63515
39283
92661
57414
19576
39933
15880
98665
33471
77375
74434
6318
97706
31614
71942
31025
18946
62784
263
67579
99051
55744
37908
90306
80951
19181
36855
64602
34491
93440
25957
11171
59079
95299
77187
28642
32329
25439
44895
14503
79071
6659
766
55885
91492
42765
6753
28265
35425
33065
19924
504
46926
53226
1167
64265
87103
83296
31984
11696
6889
21333
80515
5497
24142
40841
59135
37631
11413
88357
77291
51351
73978
21173
1220
75358
75915
60947
58390
68344
72626
26187
82031
33660
54402
66116
25559
13210
35876
36250
10574
71920
40983
12192
67270
29084
96707
94476
10566
96625
85306
66401
25375
34337
58098
42673
72246
55274
80214
15366
73734
41869
34549
17927
89231
27140
9418
53830
53489
34973
40029
71465
89441
6238
19494
76524
70123
69069
16362
90621
8679
27561
5157
83820
34439
48287
91492
65426
98507
75560
65776
75826
20568
51317
30583
24490
18725
46357
66205
77834
19241
74123
28245
35953
56779
24418
34743
56624
6479
54024
47500
23755
70294
34241
68091
4502
10261
44247
79475
34320
13065
73444
74522
166
30821
48207
80684
4320
24099
65755
94813
47791
6182
15375
50907
45447
40902
48650
85005
47469
69071
40815
50294
32093
86958
14175
16644
67950
77382
45417
65455
65486
85574
27897
77744
86837
60935
35829
15715
91533
85042
19472
37045
61318
84460
87463
60931
97007
58839
1525
97278
96317
37439
44107
77947
90949
40053
4601
74447
48702
86156
16538
35582
13579
10784
38983
11669
48004
58047
80041
36486
60422
42990
95239
26376
17244
64194
43417
8002
30994
46707
39558
65066
61789
74537
77343
28855
46427
87542
41793
33767
70291
51002
4608
25951
88838
85762
72547
95151
33763
90435
67112
75706
99581
15108
92263
96269
34549
51739
11072
73197
45710
93438
63876
70632
10683
62095
66836
11570
55814
63612
77952
39180
64563
16709
25978
39387
17391
79453
38509
78082
64525
41096
71349
15545
54200
63328
39885
73907
74346
93031
21620
72917
66114
64012
77706
15887
26484
72833
5598
57009
69338
22300
83277
57127
49158
1355
31057
58301
18473
68578
79137
36605
30430
38052
69645
16648
75597
87478
24241
85999
31002
53984
41168
65396
5478
51752
18072
40225
63952
94374
19307
44733
91280
47388
63576
96179
32012
845
76712
34351
86510
73759
33016
15311
29516
73489
85379
7151
36459
81543
59910
75216
85280
81720
88015
56671
2097
44379
34074
11762
21150
21929
38351
34840
94691
15125
24416
80842
35971
21210
72540
6856
69878
84608
95669
2859
47682
59575
8355
97139
46451
11687
25360
23296
3030
35869
17403
86457
12221
34921
23763
75861
54911
32061
83423
80667
87209
18229
71324
43961
82701
78579
73951
78064
3203
73563
86740
93788
14138
84011
39096
58841
94019
49767
91015
46123
41039
31411
40385
70217
38464
36164
36605
27602
33772
32987
79401
8942
57571
22939
76697
44616
48766
23557
86117
56206
92982
5582
57067
89494
30260
61283
88538
51254
54003
47957
64642
19612
75239
57801
55539
17285
98775
95786
19860
78283
3211
50117
5204
76509
8929
94824
79195
74169
98900
6945
12105
28093
70383
30404
43760
33861
943
17457
17856
8034
64538
61938
30274
91644
50973
84919
87343
23951
25857
28717
31996
17946
80744
91419
56914
43323
60564
27496
26991
85587
36594
30058
45271
6064
25005
55325
25213
78195
31246
20816
75441
5551
50956
86118
74845
43822
54000
92267
70498
18335
19349
87645
61836
173
55889
56385
97717
12962
93850
59399
90275
18324
48558
98564
30164
92533
15819
41337
38687
19519
51864
82984
71178
93226
95419
20770
6708
69870
76609
27598
30275
37726
65990
66229
3343
15475
29288
32047
73165
74331
20343
71427
88408
7812
9555
18906
84359
30594
38365
99621
14006
33008
62192
23967
7501
75542
48770
9726
41796
3352
31063
54953
29265
63661
17135
3347
16191
4538
2438
12123
75615
53976
90708
79215
94068
34837
99085
4148
87293
62959
93131
92610
52352
45368
75919
86179
47780
3724
49153
14082
89813
958
25015
36057
2424
57918
80100
58681
80097
66944
62290
59286
57934
32763
14190
41503
5892
37029
45564
37430
21697
15657
31623
31481
84579
34363
89811
61344
82547
69695
2036
98404
44299
78919
11513
37001
59629
91894
83800
67658
37639
84661
79328
25120
8364
53763
24488
4452
50426
29618
62660
37043
59485
30983
78666
31139
61302
70761
51312
88209
75692
44821
51887
80670
48059
52038
34307
90604
33110
61080
82406
29454
331
23778
7600
31845
73478
30887
45615
34550
37933
13284
62386
11156
63675
92394
1872
24385
69814
33263
65316
90664
11972
58182
30254
27489
38662
99899
26759
17929
98173
66101
31300
31412
12505
73575
95610
21616
40868
14003
32427
72962
85752
73939
51228
19286
5868
53311
90036
40106
17861
46114
97449
17048
23764
89040
49643
51634
29830
76784
84547
46616
2193
69266
35991
94118
67830
25349
6179
30621
84211
19575
1095
56604
1796
42604
46185
70768
69323
93796
61815
64549
7559
69788
84992
22830
94799
19674
93677
72658
19979
44444
46099
81962
15370
58091
34115
36938
72144
17111
34486
89356
32159
35577
67732
46351
65864
37757
39104
91004
35956
73341
4853
51038
69152
5984
56141
35768
23951
87647
67918
36597
79464
38906
91802
48733
37626
28222
82561
51024
92871
15954
14461
61375
84766
6456
24718
69702
54696
47390
21174
76342
58092
51867
85722
33307
77577
3639
83079
10455
24786
10196
47282
28310
72842
17502
61718
62679
44325
71043
74185
314
47499
76714
33586
56587
99820
7764
99476
39740
66611
11451
95636
61450
95684
43819
9867
30882
62819
43874
92031
23840
32515
80974
47550
46739
30108
93205
56960
43056
65937
13720
37204
20958
91839
79670
20495
30835
87504
45800
28536
47037
47195
64943
24515
71274
91281
93653
37728
93736
2780
75076
47542
39574
60428
61281
84448
48373
23920
71634
23436
11008
58796
59199
29654
97270
11898
46906
11645
3756
87527
43380
58685
78868
67433
53979
44184
75547
99712
37181
91452
59241
1370
1086
72698
34723
43048
26229
66654
54691
19072
63267
23016
99918
28757
59592
89622
78394
8270
56757
99182
86010
18621
55942
22434
20636
75615
41649
96167
53161
9514
7570
11524
51078
15360
92851
67532
23897
33197
82987
53398
75612
6707
6934
39467
16049
88213
7181
57423
10116
88921
55036
18289
25709
43001
33207
2375
44221
21191
88298
24950
50264
38250
44214
10403
84579
64683
51162
61698
88478
52747
39389
72725
92726
50225
8156
61414
18084
79472
44530
36042
8407
5734
28745
94741
52410
88140
87908
75697
80589
57937
2515
72781
71223
96636
56472
71062
18727
41723
26940
46636
51429
51670
7768
32058
27620
31765
17664
5158
55548
30488
75868
41601
48880
10469
45089
18077
98373
66487
5282
51353
68818
11670
26373
51672
73093
39290
22736
27911
5082
17513
80155
58204
69425
60869
38637
62649
48024
382
43546
76507
87106
96218
77974
76203
33669
99889
16331
9051
2330
53415
62684
77150
45807
76394
68070
73645
89934
71609
89364
82442
55370
37449
45064
60471
82609
97902
31464
14571
74479
79474
41263
54050
73290
30017
76973
46004
30007
14350
86949
99285
15123
8898
58567
49935
94393
95172
43165
193
86709
99485
27082
37307
30916
36210
31537
76119
42497
457
84711
65189
76185
62326
7685
66006
96776
40004
2513
75563
76326
7374
68510
79376
68287
37185
75646
6762
12290
39557
96181
93058
3547
29619
987
78373
57750
64294
36863
31445
93233
66964
26358
34913
53379
85555
87187
37766
45652
5056
25403
3800
89732
41190
21214
42416
70988
40723
15158
29095
49812
92255
16657
62129
41331
84829
55350
86875
26919
32056
42053
95230
16540
90263
98182
24896
58406
86782
50893
76528
12341
20661
53293
52034
13574
71556
34798
91112
84564
15576
79268
45304
76216
59860
79166
13818
20974
70793
72513
25198
72228
30629
38414
57370
67094
2087
40620
66147
47238
2377
23123
13914
33489
47870
64696
73861
1975
9843
55470
92510
64309
41008
16262
67064
46131
96797
93256
83961
16607
24290
29483
22238
4725
61695
23288
63678
45484
470
1015
10999
35048
20081
56789
63359
9239
41614
23178
79924
71577
83046
44128
63209
9480
41266
36442
76248
46184
82401
22720
63380
22093
86914
2757
27075
24458
40480
34915
46476
95069
11599
75190
42343
85233
37343
48460
89996
57650
22843
17883
29131
59984
91539
10082
1467
68050
91685
71056
64208
88796
77147
40336
96608
86725
27926
78374
41714
5862
25863
99747
58565
68382
11917
17177
72026
77216
86595
82276
30811
26058
20073
11450
21883
41016
55463
83424
29657
68721
12558
43322
96755
33187
48013
29670
45489
96190
25345
78524
73857
43531
84499
12151
72149
20544
5219
1161
34466
8416
6569
87601
14490
45489
48173
38469
65652
49041
54789
46345
73065
88469
76514
1449
50452
39078
78410
81839
29408
72838
81996
83364
38177
68383
64230
45743
95944
15378
22766
97698
39828
426
28595
35492
33021
90442
56968
72115
75109
24245
43512
96838
95467
12680
81057
44374
24701
29725
85516
72726
19328
12398
75954
71771
91554
38829
31877
53107
38518
11670
44177
22658
6812
55898
95046
2422
58972
4252
38160
24591
46109
53437
71517
94514
71045
52874
29411
19036
47344
35953
95726
89129
47794
40032
90972
17681
40933
50899
80494
88815
37538
51073
58521
14466
21452
94123
31254
5142
19626
4701
29622
90843
90562
65938
50575
52101
90995
69027
65921
34721
59556
82177
1859
43329
38779
46927
64298
23224
19230
37201
48137
52760
79632
81440
82738
61155
34245
53891
31786
14315
21504
33585
69527
61877
48229
42995
32792
22337
3155
90472
74680
40820
47065
53766
91835
76114
12198
69104
43852
14915
95370
45707
26770
86754
73919
98741
68199
25916
80772
37315
45312
21252
93982
82810
21068
7948
92081
87705
79060
92294
64458
64620
78783
23609
58770
63277
57762
14070
91372
37323
89367
97331
17609
90466
91838
55520
59767
1368
48403
65534
64690
37288
81232
19095
55705
35190
76041
64755
74483
76281
80760
58696
87326
86332
31202
55408
56474
27828
85239
5412
26419
47384
20563
82543
59270
15385
99096
46523
8226
66410
56094
77383
81601
56370
24641
4739
7475
46807
43111
84160
6122
54463
61806
78734
55209
12987
55564
54023
92446
56937
67352
46980
41478
11736
84466
59215
99731
30626
56508
57296
2032
6862
90079
48601
75840
63842
83083
51625
67051
56487
79248
78417
72206
23758
15718
3653
68134
34393
21282
94185
37102
6493
81154
85379
31008
73496
35197
14777
45904
1310
67453
94793
23860
59763
840
46704
93843
67975
48601
83010
74175
94396
66375
61754
28248
64378
88647
9590
26055
75145
26685
3271
83540
20702
51036
23958
96989
43145
97549
88720
42718
6738
31142
77392
66071
92383
93028
45505
72361
94463
97166
80416
24003
85067
91251
76752
12078
86293
98251
20507
23267
60059
14290
38651
40538
36975
99003
92772
38996
12889
57742
75163
70152
71255
38258
55519
47499
81945
1709
61118
63540
92898
17333
22384
95011
39867
59275
23760
52195
66914
96308
86415
86278
83169
36445
80735
21253
67390
26654
74558
85103
94107
74382
95011
55710
20729
85497
28572
23021
92280
18289
67187
53903
10802
96746
54500
70397
96985
94261
84920
80087
69694
7837
89515
99970
14500
80377
36296
33612
21804
58022
22504
11030
63627
43595
55189
76154
8467
53647
84862
64210
83060
88849
63072
78000
77942
75813
37447
36456
51518
79586
56954
3789
8765
28158
43175
65423
81814
60234
76316
57300
31530
7929
33066
72094
29535
55498
10533
12096
69416
99923
63585
70401
50605
23727
27589
42848
65024
81254
32338
85272
99490
67690
60230
36095
22198
26221
841
27563
15271
42266
71708
94235
21155
86977
14479
57814
15046
23837
25377
84661
32421
58481
8139
63320
3382
29866
22880
24717
91321
65308
51101
78539
21108
62838
51654
88093
54074
16659
49741
79889
48090
16234
66533
5839
65611
74506
50422
22325
30166
63610
88396
89198
36411
84827
95342
31046
69108
18428
20492
46091
7351
43870
57713
18483
37549
22437
51340
96396
99524
48358
30873
1301
57425
10897
56328
79011
46054
71836
19533
56830
58041
85513
35567
46482
77797
19096
13364
28278
68310
22749
78060
44984
83335
50345
46811
36605
67181
31593
54570
81405
13318
6724
65433
72251
77566
46562
80389
8911
6336
47002
74373
49957
75332
62826
82742
96435
15343
53800
33739
41312
20768
43863
54944
40885
41823
59535
48294
55400
1830
57315
55947
85920
28393
83056
65368
44261
71115
9026
17651
80353
90687
13767
63400
67692
37379
9843
78537
12679
3815
39284
35594
1630
712
76809
31407
68955
9275
45995
2430
57091
32476
18477
61371
23385
63190
79515
85815
45743
8375
46690
91614
7513
92633
67476
77136
11606
33581
61718
26903
26364
13386
72359
24601
89480
46016
67905
74888
84928
6286
79701
72314
37026
85274
19112
98598
19520
57793
94512
51104
88792
75287
96293
77301
53568
82529
38951
39045
65579
80171
22774
97987
16280
98400
16943
84494
77295
16896
70094
29476
10345
11619
11446
52384
67938
19248
67162
66041
2860
78279
79971
22192
71640
60365
31765
21696
14050
42005
84886
16418
84042
48387
5887
44237
72101
37495
98279
84442
85023
70289
77068
79373
75626
128
38219
97791
18394
56190
33845
54870
6033
65934
49733
61383
15574
29125
24325
14013
2371
34378
1662
28069
69180
99265
79479
49402
12083
27578
57569
83460
60954
19587
93422
70125
12993
67493
97100
56094
22976
88893
26335
12465
15916
17600
57829
73419
89871
24578
98982
81174
59548
47217
19932
8804
11864
63072
62998
94247
32346
84383
1184
63167
76587
55964
32672
27492
80131
89485
49814
89816
5894
5226
88791
40726
5881
57924
343
30140
26684
55068
2064
13539
36436
26416
43631
70913
5277
30859
49033
65431
79039
59984
75301
15952
76311
85932
67954
44273
76687
71293
91286
87394
48485
79677
31502
44958
49561
38973
46212
17183
32159
50154
22544
51357
42899
5489
15494
54248
68465
75869
4168
80893
33008
23072
59224
64434
30813
80337
53954
55794
60122
89080
45364
38642
71700
30458
15776
27659
71524
75295
95498
39327
98650
26805
66257
48556
50048
84489
69805
53243
45271
79117
89103
35397
83585
89055
15230
37124
23453
88923
34412
66824
75789
96933
69578
86954
11477
55177
12599
56748
87166
62606
41406
43427
76011
50490
9796
945
27541
2841
74800
27365
36654
5812
50953
79947
10307
98190
70171
88546
14775
29052
11180
27501
97229
93524
80265
14768
6426
84477
67322
6548
42806
95623
83681
4439
80282
63154
13810
90733
65999
27593
80006
90402
99342
32148
70645
27503
91365
13658
24580
27651
19204
66235
87354
83328
36940
68292
44775
2979
70426
29573
52438
68654
45860
37522
69874
78436
92035
20307
47441
46910
46111
77492
47017
5691
59207
56720
8478
91553
18433
46935
27566
57529
73051
87973
87671
16639
87557
66106
33144
8131
49833
9464
94342
74077
52900
19380
97999
28666
51697
43748
72361
56902
97639
96739
14858
25625
18863
64564
16866
48622
71839
80879
89515
61662
8392
554
49388
74898
75555
46964
59016
1944
27785
97192
92406
53503
27993
45768
84311
17907
99909
13179
46011
89660
80557
42837
60525
54141
19616
78973
39278
55325
45819
69822
6024
73989
32290
81937
44792
20702
93839
95958
65284
45698
16427
66673
22499
50707
91002
32730
68568
12749
28933
32597
92841
79254
73286
33564
94421
34762
68944
56148
25070
69030
67211
137
23161
33870
49797
96813
42699
53428
28140
32424
95272
77023
90390
13787
11560
80074
88061
48331
93472
27401
5117
47731
36126
75493
46789
34558
90474
42251
63253
80111
90602
20849
42035
1949
20955
40605
11847
98669
47540
35741
15075
52316
72334
72291
70091
18677
30564
33095
73650
58513
57054
23533
31180
33237
62498
87491
74271
49079
88157
27785
48411
89627
91650
87687
44563
1430
51025
14877
26156
22279
13897
13845
13670
51544
97749
29686
12318
16894
3977
35487
423
37195
7796
90446
49662
89752
52818
77795
11361
1907
79738
90315
88600
51065
46051
22775
71320
702
59904
97137
66721
9930
93384
50011
92976
25296
46844
37148
83019
48003
56351
51455
94208
27311
49243
8856
26200
27774
48598
10031
87778
49501
91
19294
95299
32084
95269
65417
3934
27905
5760
33053
92292
39942
45120
38067
97624
46206
60455
84638
45719
36029
88757
3817
30141
19889
3530
98310
62848
67366
64975
54393
90832
17752
31336
93096
92270
86696
6978
89715
94696
76412
20603
52862
6408
31249
78926
13842
86392
66682
68970
29255
11356
70830
98020
57795
7489
45871
66587
29818
39515
36590
44307
9421
49274
71384
56408
92866
60421
24328
71800
50879
72495
43354
79107
38763
47229
76580
87613
32776
79313
24326
24812
47611
55153
56609
5882
87971
61408
34571
94091
23947
87320
49540
75807
2018
93872
70192
91934
92326
24890
57829
29252
59184
45027
16711
63809
55308
88022
7423
44122
11029
14485
748
8664
87490
93819
14098
58583
36678
81576
81576
25978
61377
72333
77643
99117
42176
38586
296
39611
48553
57601
69255
25793
33987
96956
53437
37211
53069
8933
10727
67263
11918
50905
21685
76952
7994
15972
72677
58572
50291
67459
23117
96973
48019
65510
2855
32574
93729
76940
88955
92203
7488
82257
26277
64166
88862
4979
31927
36343
89894
5451
20008
80348
65414
54939
49182
48741
37550
40484
49016
78292
32761
85617
90838
87764
33346
98786
99214
56390
65543
39047
49781
13157
88669
30928
40272
56019
71910
19501
24020
78705
79438
94031
87327
77000
94467
25979
27580
14913
18824
86377
94224
32254
4092
79407
99889
7729
49397
43396
87765
17227
73167
22881
11793
37432
5042
87300
98478
66953
920
57241
35007
47044
61946
28186
60493
32640
89193
38889
20982
9806
75576
11158
11762
87085
98044
81601
49434
76274
38127
46903
43911
22844
39960
77095
56559
92564
98708
15751
19955
90016
79172
29124
2840
35716
59667
31346
66986
34933
99615
50218
98337
37423
15965
44796
67092
97561
95172
9517
23113
37651
47398
76333
6091
65656
27637
20559
78622
96676
61425
60568
97913
21635
37658
72377
90521
32210
11238
7880
76270
85290
40890
81609
95288
80221
69293
13855
51243
37163
48853
28573
5106
52194
26596
48466
73018
3451
25186
33337
18442
85969
80043
5098
11927
76180
57432
74092
84184
65366
35978
79609
75514
58461
66065
25217
39362
52344
4662
15256
4421
58937
41746
54631
85007
80308
82282
55333
73225
79362
54285
79760
36942
88027
18258
96918
84819
81323
20170
18833
44106
97747
60494
32031
7087
40208
79814
91929
45773
51859
31195
48028
93104
39586
73630
58369
16983
7562
30974
39258
75140
55246
25773
89285
81964
94599
18486
70490
39985
80781
83077
49718
28911
17046
42454
83743
35620
61574
75142
14496
50433
9026
41123
3929
85309
42298
94800
77472
49423
54754
43255
22797
7204
26381
53361
40981
52038
82087
94976
7569
26002
3608
15376
21296
40145
26572
68349
73341
25227
88526
8806
77066
87051
85276
43131
18733
9680
4101
5005
26987
19451
3945
80281
11322
16366
86977
78456
38769
91199
17647
96784
46809
44380
50676
41937
49224
19275
2365
97177
46524
63777
98781
39485
4565
45971
34125
77524
20342
41324
383
18669
18318
16448
10709
8221
70348
50274
18091
78572
87129
43228
18509
38638
17742
89789
18541
43088
61823
98329
11215
21425
11610
6906
66187
66388
56196
58126
67452
13665
10768
15648
36199
59541
37730
7813
6612
91527
77213
25812
72635
75201
55808
93993
49983
74827
44749
88956
39124
83019
44496
56386
40769
33154
63304
11788
27763
86043
71703
5050
29637
96463
29839
84213
34228
32670
54672
7289
43664
75611
19139
23805
75535
42112
55344
70337
47839
63287
92931
31129
99235
20219
86057
83991
14731
27488
49639
66511
75021
92283
75705
38607
6010
7057
27227
26409
33613
59128
65107
26235
59371
5254
56071
58093
80492
79046
89374
57493
87146
31225
80969
64006
13825
59132
66415
96372
65217
73919
34366
16772
79720
52171
31407
99299
95496
27379
24934
41757
55827
14733
23431
23844
55815
28872
62901
5072
78418
76393
59010
91590
46714
70494
38103
14469
68749
71845
35410
99112
55542
32660
96125
64160
40518
85940
67794
15475
10382
74656
85711
46051
83172
67986
93328
32652
80575
10095
96680
94695
77426
77281
78173
50646
13330
71496
39820
66169
35496
69052
26329
4632
71633
78533
96754
50574
86556
17187
77367
82230
52966
41081
45382
10703
97800
9527
98344
69564
67426
7739
94355
51175
59793
51287
83950
3791
56269
3716
47720
84988
23141
7223
54586
47638
46537
889
72284
40777
22075
17516
12723
81787
94631
93874
99910
77362
61630
22927
55757
51121
33903
42315
53320
55205
39762
57788
14523
5247
60198
82599
22581
77568
47470
17053
47566
8867
64369
69480
89395
3045
34622
93215
57165
68975
98445
78636
10641
39591
55881
45546
42617
14025
90409
33448
43211
81372
46412
81171
94316
62343
65157
43876
80945
15705
73697
33416
76607
59281
71833
29260
33976
76260
88739
71463
51833
75012
1179
54976
65150
71788
1899
93754
65228
38717
15537
61221
92468
53991
44179
74329
81166
61092
7515
15402
46639
95703
93735
22933
59363
46595
68464
5561
4573
2387
29186
49752
72730
10709
30249
63938
14451
21632
42817
18237
14337
65943
18210
6187
27271
20398
47033
60222
6149
4529
1937
55976
7546
73808
11105
46412
2558
93571
32339
11179
17416
82749
87277
48223
62129
89834
84430
32725
27767
23835
90200
89386
47600
81006
53918
39042
18224
16670
65749
15960
53796
68746
85084
53059
81918
88074
32221
56803
14820
18799
85852
2246
50817
69871
80711
84295
72605
94229
28239
7691
41738
13604
29421
13515
24354
90830
14973
92294
88306
19963
71285
1355
52380
83636
9254
27054
85544
29679
23215
51166
10397
94504
74534
16455
74431
80190
45415
14137
99132
24188
44946
87838
70244
45088
62772
99739
25867
81302
35957
1998
53364
3997
95568
51814
75380
36749
13182
56431
92444
3336
70369
84266
79752
69040
54472
68600
71401
18232
93350
15502
18321
36275
72924
75758
741
29054
17425
79230
86007
66575
6102
56515
39152
7443
98013
96777
63764
36066
37186
66425
68977
87667
89710
32949
55832
43515
10274
85882
29421
14417
35473
36186
58187
20444
3488
96127
69268
81338
43716
99231
81929
53947
27245
95606
62611
57216
66897
16743
63929
12114
56174
78081
31233
89127
83763
31084
49785
92486
46586
16085
70695
33703
22033
29838
76950
85847
8840
47248
40810
88005
42091
19031
92890
22882
20089
91427
22074
66113
59751
59440
41514
52864
41316
84762
98365
68803
87982
65669
32210
92959
84643
69582
44830
16716
59809
94424
24766
56374
29888
56622
62812
18306
96502
27987
33406
86823
44093
67839
39911
41014
21295
3709
16799
65025
99252
10494
3198
56447
88739
36645
26739
83290
42565
39494
1055
18584
18694
66619
27876
93778
81008
39685
59572
6175
43181
73143
95466
20707
21150
85257
63649
76177
73047
16474
1791
75458
66475
89837
87384
14357
7513
79252
24215
72671
15493
85906
81674
71809
93946
52358
41695
91771
38076
60851
2317
2857
46538
37528
82537
68899
98623
36294
57490
50244
77941
57061
79675
52615
70689
43189
74796
15976
57030
83676
57019
87424
58044
98201
14517
47210
20927
10423
39071
42246
38254
55552
51766
25155
47591
34734
95633
68223
26801
75332
40335
80362
90190
97162
91384
51110
47907
46031
94858
84964
10408
74063
93971
34195
66841
66174
9071
2826
33501
43641
96698
6334
19653
40480
54007
5481
60510
58869
53329
35754
44160
25265
14191
24846
64259
23045
66499
74339
97668
67542
86370
68061
78421
15475
74705
6587
82203
97063
13250
59587
94229
63001
7906
11938
54931
87952
6880
24254
71096
32760
1610
71044
30424
83450
4075
87588
58249
2055
56149
79062
99989
16142
73850
69751
93677
12915
60196
3212
95613
48520
17942
67966
25956
95043
88051
9164
55177
55865
4866
48199
61841
83049
73161
73076
52894
1831
75044
83516
72232
86247
67610
4544
97329
15536
6144
8684
22516
5371
32214
73199
66004
3543
58557
87519
40192
78077
26535
8866
93394
11221
35629
28404
27314
73288
48059
79043
92709
93219
26327
56687
53568
51444
63502
28350
33641
97608
4719
14086
11192
55283
11897
53738
95311
68493
67232
30363
71990
18991
20463
43563
94634
41048
52159
28714
1386
68073
82226
7227
20667
88166
8550
78413
44637
39824
99882
79317
5663
15670
44252
42431
66028
77076
74521
98525
37926
66527
22032
97652
81124
13460
73687
30640
71750
52195
67049
3753
15363
10635
57247
28335
70113
95308
20438
29160
8992
20938
50801
5053
89894
46672
89093
43575
83882
74212
91310
15466
94589
23017
44530
64162
17054
83233
51959
88560
9480
50323
86437
46928
7469
24955
15387
78011
93062
40102
56070
44033
78600
42068
11633
78577
82591
63009
63625
7123
76725
67114
57088
56148
71341
5063
75408
80571
222
79533
64010
49862
4564
74248
30836
16926
21255
57898
99872
25412
11093
5534
34322
71992
82694
69427
8563
40586
83549
65563
90400
46716
25298
73069
65676
41839
38907
64924
39339
38828
42454
49830
32028
74468
62126
21684
55284
54906
11485
25291
93213
3065
81833
89089
9454
3813
29026
99795
22711
54414
71629
43982
81800
19950
6618
68244
61024
76067
36293
95661
94133
40508
8222
36153
54329
37777
20481
67670
55315
32313
55348
30112
33324
33555
6916
37283
97976
78930
17263
80628
92000
76799
18431
16005
80991
10241
13696
95540
34163
40466
33899
46002
87962
86428
28429
49694
78385
98527
9662
9940
87254
30165
58030
67725
52587
25365
65482
19775
90629
69544
18274
25324
3996
55871
16665
1222
78475
87358
99844
30469
7407
14085
600
72524
22190
24900
97685
47691
14471
4021
90918
15140
44422
87470
33068
83352
64327
51936
98239
66551
75007
76607
19489
52871
59364
54299
24945
27769
52651
38074
8881
5802
63039
26560
45400
22630
73725
26034
89009
76839
97600
80852
29549
72064
25691
81713
16950
66657
52675
79613
7561
55489
57767
52603
54000
52215
38612
11788
37423
86701
62720
87113
90731
48002
64271
16183
73034
74216
42584
42971
25946
22405
97893
97024
75148
79997
22193
51585
69028
98732
18404
65968
29317
58361
85589
18913
20124
66951
90448
61453
80963
78701
15164
77335
17403
38829
67633
99244
15076
68792
89277
80079
77033
25628
33088
223
74755
17296
61753
81635
94778
88600
71671
48790
98729
39948
98618
98862
88017
82497
87228
76948
74848
6736
53875
53244
47204
39110
80209
87167
35098
55888
20744
70245
39339
38400
59153
50392
60927
42131
63541
74940
68132
42159
48142
10807
12384
90952
26973
86776
88840
87684
4643
11877
81356
10188
58504
38046
69626
45385
99466
51271
48544
74758
72348
67624
23962
37004
64025
99514
17198
9646
74181
71862
13672
79339
29265
73787
87369
49851
54492
30302
8915
88139
21623
86215
72215
97035
82365
350
16868
25675
63990
31899
16262
8504
99088
45682
49227
39232
95639
72153
8784
96944
74193
25259
28267
59739
51315
81635
64400
52628
29698
36865
13569
5462
49047
75099
82852
20951
89208
78449
33524
3955
48471
46476
23199
97481
69195
19789
78618
76556
55753
59927
41912
58445
48628
34109
62811
3776
57593
73515
43575
79999
30597
41966
85477
25616
94096
70146
55539
88915
62015
46430
52034
48505
82822
9637
90714
22630
2441
7341
99849
92439
34141
79372
19844
49044
11083
3055
11035
37728
90229
42372
36996
84924
30323
41807
55415
51654
90396
73652
24133
39598
93264
44676
27853
49630
64533
95565
56629
48213
2589
66762
572
61521
94938
53012
18574
80011
37481
11062
21966
59923
29816
7512
69159
89194
92651
59203
49174
9547
70476
4810
97845
97742
33388
85678
54323
84312
88429
18118
96437
69769
44668
79945
71331
83028
4269
459
61749
85916
43538
14097
44392
95952
44128
47768
52751
27168
35348
46915
39830
17693
50933
83184
29219
50430
67214
22942
49268
39605
22643
89359
29836
71293
82600
65461
38393
61473
75032
643
18923
43338
2753
12575
80655
74102
69858
2604
79120
81615
70953
2341
5989
72979
87825
51688
84126
37159
80344
45382
729
99757
25733
80712
86395
69363
94645
31470
7807
94472
45216
95556
82992
98193
4287
80186
71389
97772
99242
37228
20204
7331
25528
4141
51979
95468
3531
48190
84787
9432
23315
9700
53950
5283
33998
4628
17555
40928
98469
63629
11242
56759
35063
31389
42144
70578
66947
49787
52866
97452
62625
53115
80507
13150
81810
79649
32480
37863
82058
88331
26227
351
37613
69200
75781
52084
19099
73191
55796
29495
63953
48487
45774
2448
26289
51578
61912
94369
17847
95637
29336
5785
11419
39253
11376
20277
1409
84704
86182
66447
58016
82285
21720
17763
94750
70498
80014
42359
40738
85279
35249
26768
89569
92996
30124
31578
64706
27259
99440
48451
37104
61842
27883
42525
44267
61211
6719
22713
90914
75117
6619
86764
98415
16821
24948
75635
18150
28841
48828
68092
21863
94974
56811
1460
51151
9679
9617
10346
51774
68722
20653
39531
2894
90309
37078
68165
45790
26407
14849
69908
14818
34221
43593
48119
26442
25042
24625
53650
3268
77073
45953
92418
89768
51038
18532
73663
47413
41388
87989
29976
6209
91198
65316
78929
55334
60578
96369
24453
64450
79425
92650
90206
31363
63443
64080
12138
70841
55802
5073
7040
24190
51789
99126
16601
41787
89481
81552
75580
51621
96779
34407
44796
7068
90330
32655
89353
63725
12055
4055
29875
85624
12007
16851
96962
9448
18976
46610
12194
11371
27311
89215
71319
83834
83778
36553
29505
86019
89955
79926
62672
5520
9497
66113
2741
48998
54175
68563
29908
44887
71298
94987
60731
22148
6081
64367
51722
44099
92757
71465
10971
88299
57146
45636
95285
15865
70944
48537
10414
40660
335
85006
19245
35629
53066
36005
45849
5264
94741
34941
72274
85582
42239
92265
84939
2311
12746
89734
61123
9933
7010
28161
80633
62072
41645
66510
17211
63291
87068
90168
59138
92470
34750
38512
72995
23629
81234
39106
7876
21081
56946
26631
3198
23679
61827
14132
29268
29279
7400
2934
64238
72455
70215
44755
25491
36776
6012
98658
3134
99109
99639
52196
64787
5349
99645
68201
14093
61379
45006
87537
44124
24361
31702
65739
69073
43857
68718
63967
486
50080
93277
6669
49559
92369
64822
68366
41390
98077
67801
70052
36276
39699
32364
46429
61674
21134
36803
9356
44776
46853
20125
35368
70213
44169
72322
90749
27297
23488
73623
69877
55756
93431
62080
42257
33165
28464
6027
93387
93770
81927
68498
63200
58300
77690
32921
41467
68709
76969
82378
77719
28891
80542
93876
47475
85419
18250
13972
47551
83339
89774
64664
49840
53168
76225
46958
12276
74395
25236
82374
75597
14829
69369
60804
10442
66190
97818
77715
50504
85522
26372
86825
56152
95806
71420
32687
59508
54647
95579
85844
2124
91179
92921
94240
71119
41810
90499
63842
13495
29590
386
45331
759
86329
6707
73013
60075
13164
83503
82086
66036
66712
40120
84214
71320
6033
10246
87030
49433
76879
6601
20017
45157
6415
30414
37325
20963
24083
57252
83190
74665
16021
20973
85478
75745
87009
72794
58254
17462
95107
16188
92511
35204
60283
77787
18406
48110
92578
99593
37190
52060
68165
7386
68941
95740
94684
16076
72310
75258
72059
78053
9493
3731
17174
15144
61459
95484
57840
31868
89641
94163
14726
98775
11477
96966
90515
55793
16619
48626
62054
43792
24224
88886
19021
54591
47110
71230
73224
16854
73570
36072
41311
82129
76570
4247
83029
14950
84291
68275
86441
34198
1468
83223
33132
19471
36238
85366
76912
30644
43104
41454
84431
81363
12226
45051
93648
42838
55604
30414
39958
33210
49902
95647
71865
56051
80927
27593
96553
21085
604
89953
65254
45019
94527
45857
30970
8485
66091
65029
78430
14218
95247
53711
59210
42286
19837
69898
34205
78507
46122
90728
39622
80989
43983
19286
85535
3566
250
24369
42157
14958
87568
99592
47504
88647
83436
79747
82462
70830
10238
91066
85753
62
65552
2878
67739
35620
21522
64680
30051
86447
15558
16554
68816
70302
49838
40284
28422
97940
49097
51797
11737
32961
3238
63269
66877
91415
27203
18491
7224
3971
21612
90888
59236
94712
87579
14286
89716
90083
20500
83913
7458
16474
99977
44718
15563
68473
50369
83196
89399
32327
72893
44978
768
50728
54816
13562
13569
34334
3513
61958
80184
6903
13523
53033
59171
53214
48113
93257
13369
52484
35075
51164
59103
57827
55784
61403
42386
41141
35762
3851
27927
41748
75443
79546
95382
51473
8310
13369
7113
55122
47588
59364
21676
9323
34455
96581
69844
64145
81132
75282
80121
88977
22967
74528
48169
25797
25139
99096
28761
69882
77127
80717
93950
82977
37556
9599
54826
47250
80638
71844
91459
3269
82921
40196
97170
36333
90238
65492
92632
57742
30223
89112
38568
43329
3933
47205
83644
76971
35059
91772
20917
80305
56269
29103
85544
26749
93769
8332
21962
9279
75004
91688
68151
49625
28450
53262
22931
42148
35301
54781
94059
39346
32486
52098
38074
43153
22674
97587
45913
74476
44150
38674
52825
19550
31207
62920
79896
1952
81183
63640
91523
30902
54463
98191
33233
75612
95008
80954
52176
68886
86201
9403
27552
86553
73027
71549
46958
74502
54333
25966
21361
36022
29207
37466
31219
57223
84504
99225
39548
8018
30178
5543
89726
23979
43127
34452
23089
36820
64661
55327
20327
77422
55674
82806
87126
71309
86459
2979
88682
73677
43060
33100
66249
87984
68740
69545
87983
52476
88708
21651
16470
58884
77742
77901
89702
17861
68545
9872
11586
71820
82884
5450
44199
11723
92590
60022
77448
70683
12806
98720
31467
8840
19596
73227
97534
63170
67465
31462
61324
95288
5206
19621
40146
94870
63278
7184
545
21358
93308
29393
82557
23735
90889
11599
51721
954
33083
90839
82680
37003
57223
16508
87904
17582
14802
84523
77977
23956
60874
16075
95156
10322
95249
9528
63867
19361
64741
81083
7606
41839
46066
78709
28929
35301
12867
49375
68614
64845
26225
77966
76931
95138
50467
63471
20425
92542
72387
6402
60102
64677
76188
22458
74419
64949
81891
57629
95086
10544
73463
78909
11407
69415
12824
9886
19767
54592
86840
16826
63411
8056
3374
95499
68020
83148
67328
66489
80753
67142
43934
31641
99931
23795
39452
26664
49089
57305
75596
60102
92256
61599
57261
99427
28493
90824
51543
29754
58773
59730
82545
41000
5609
71121
46573
3079
28552
89474
58576
93586
65467
19115
88929
81949
33123
4924
91512
21800
91862
11614
70838
99586
27648
37987
11928
4938
4838
74715
9447
71576
87986
85427
2439
46180
27494
40396
91770
34014
81027
78310
10134
42787
82153
48419
17665
91997
46869
26918
61546
11980
52235
95587
80811
1062
21879
30794
90926
96245
22815
65126
9231
88705
26633
76606
14512
53336
19396
34719
24248
16171
83360
9618
80201
25876
39219
63562
82230
35009
12442
69515
5682
86774
79745
12087
23998
41093
90672
11399
1831
61978
80624
53988
63864
4327
14510
95061
99506
67441
76253
22143
43423
80869
65515
37081
83848
99961
48608
71742
9251
34764
13218
48567
72716
4511
81191
7467
47686
85880
32209
29791
82822
10992
27608
24561
94251
35274
42163
583
18844
55057
77057
40528
74120
44773
64089
10367
76061
56105
72091
1102
41595
85724
84483
43840
21917
78359
97761
34282
25362
53701
5177
38792
43392
25191
90383
98525
16162
1035
56663
69078
22677
33060
31208
16111
24172
77998
85444
89276
23655
98096
59370
20885
37604
17168
71216
87443
52601
69443
14014
4390
12994
83529
22158
20885
26838
42279
80835
38445
70322
72726
1909
31677
26156
14908
53425
24502
31773
93297
99373
98264
49174
65751
57483
17137
73546
97769
840
59000
9320
12954
64148
2301
10699
11233
89897
44968
77738
21219
67530
10986
99652
55709
17578
82574
36217
99750
15115
90207
19214
10045
22512
66709
35547
9836
21268
77931
6169
60936
86432
60486
82680
77069
34434
59385
16263
33632
99603
99156
70614
58006
84586
52648
14418
85456
7740
31146
53310
8420
59728
463
72445
74696
28285
62090
97521
95448
49644
63382
73122
55768
67737
17185
74944
11338
92521
45952
87341
27027
50732
62293
7727
42704
42251
70472
20514
97034
2499
38459
85004
17056
48043
1870
83592
44964
65636
73457
22844
80792
31759
26096
46394
9885
27124
62999
14418
60692
71983
77069
67399
32908
56655
66745
31686
53880
85904
34443
54011
5929
70807
31624
51425
84681
20578
13980
42150
84682
3677
92781
86929
88629
54902
81695
98626
83545
4042
49870
69347
75608
78170
77485
61255
96279
22262
91140
96151
29157
9184
44236
5502
1016
51070
1726
23028
23338
65801
42876
59808
18975
38531
87468
56572
25095
65715
36835
18238
4814
10372
81709
33531
37510
18233
36009
52625
68916
96355
31001
83005
92464
64206
24588
94543
10153
48138
42064
76645
63122
86769
59578
205
78118
14271
33567
6712
53485
70574
66965
95364
95090
6349
34187
98867
43757
62633
51619
81467
18234
58479
17666
67551
21039
82538
13351
40364
29657
79500
7309
40392
2953
20809
27876
4452
76605
94291
80326
12582
70955
34914
15507
93472
17124
26676
96598
8583
62243
31629
50712
71407
38992
41593
51912
79871
31207
78837
82134
36235
15445
85094
72489
78268
30047
97063
20527
38118
33071
63141
29546
15946
82001
98856
60920
10371
55255
97145
71200
57093
76634
14798
48756
22253
81127
43749
75336
30276
80533
13025
59073
68182
81361
39246
87548
52848
94150
53267
44555
61036
54809
77205
93505
35539
27197
10646
23185
19921
95366
49858
98076
68264
6495
65846
24176
96521
31177
70307
83491
50008
5209
64182
17058
74432
86116
93508
438
37881
78741
10722
11308
36229
61136
12876
73859
88426
20161
3897
21517
58227
65431
92737
63261
98211
80959
9188
36695
4852
57647
9287
79596
69440
73389
14303
11955
73637
41031
28201
10747
72005
23164
65086
17489
55230
22869
48884
92905
7891
73296
2797
36513
47645
62369
33173
85416
27765
96428
47152
97800
73855
58613
77318
54580
12090
20896
67096
14921
66124
25736
97251
46145
72833
37040
35744
95764
42088
87320
54656
1509
93624
99939
43012
4085
74476
31064
904
62749
94952
32179
99306
2663
13419
90665
49288
39163
3862
99942
40477
98579
45418
86123
14001
52237
42624
38173
40990
12964
63469
74976
49221
18963
9694
26665
3024
21702
61931
46395
85071
93648
42139
86363
53531
10209
70082
94228
44966
87006
18200
79100
90185
22149
48486
74782
85980
54917
87949
46309
38114
96091
39393
12389
20332
68021
53821
83161
14895
53921
42237
2848
30381
27733
53023
62890
46761
60339
42659
21770
88866
90585
18553
59410
9528
24584
15797
58628
23623
18576
97352
40703
30472
12249
10114
71993
17072
91794
84823
33241
67574
36275
36876
38872
89763
73089
70517
59522
60832
18068
15773
4128
88480
70720
41262
23021
96397
22817
15989
26903
56702
47237
68001
55424
52134
47613
97763
19813
56958
15426
96744
84597
83613
54794
24706
51921
5863
40429
63362
29506
49513
12386
69630
82117
54021
66706
24566
72940
97193
25603
92026
65985
90803
23136
44053
8003
81331
78992
43582
9605
7525
16775
47563
95827
7550
53296
13180
97659
21276
36328
1672
8277
39953
51129
14025
35060
17179
8638
29493
83004
71038
17307
33930
83923
94607
84231
618
5763
8717
6231
815
2182
22747
11766
69225
99595
82315
49653
38361
59185
95689
71986
32469
99830
90501
74201
49617
74451
34585
24919
93660
11892
78972
19329
72598
40381
74368
58766
73242
58969
50560
64737
26522
43728
98001
10140
95654
70505
23965
93292
3565
31661
27744
99576
60300
42192
36301
41996
58334
33638
74158
10148
79838
93116
9170
46301
39732
25044
88282
84742
84071
34038
54949
42323
57695
81083
89412
8534
27518
15498
3497
82495
14260
15054
46096
88376
4738
84251
63403
84852
43446
32476
14768
73127
12876
26920
66977
63395
71546
48899
73463
85758
85243
33024
66982
45884
70516
25539
32236
78506
21645
46255
82158
16391
32184
90898
22727
4644
91630
69326
15735
95281
17307
48846
72309
86036
35327
42126
62632
58374
58114
19257
7192
13403
69459
24437
9759
84326
21016
93791
77998
21266
71848
92549
50768
3454
89719
86322
11198
54451
85459
53136
85376
72393
8703
55294
19648
43737
84453
8908
11255
39574
27715
72830
5298
84907
41609
37420
89983
52290
53418
73684
13143
13267
20942
55486
41260
79332
28931
27131
51316
50000
99698
33031
46882
44785
38809
77571
3663
22398
593
23112
49133
6265
94649
72493
57067
66226
87321
66006
11568
35492
42074
26173
32367
64630
74207
71007
81391
56718
70253
39743
2152
46144
49061
39916
92919
18550
93340
76587
75165
25197
48703
80429
75330
19242
516
74721
6121
24376
99001
42561
99243
70582
53164
57339
35247
60552
7918
14054
48687
32583
97974
26187
84263
65941
15883
50419
58630
7699
1582
54953
25450
46946
83754
42799
78840
38871
670
11482
95588
77520
38405
24885
31439
28830
88238
17511
83368
24045
9399
28723
84364
45360
94769
7136
17711
74400
73759
65034
24143
45860
23311
82178
8326
66106
2464
67757
67257
90914
5075
7220
23703
16067
45295
66050
67570
55203
72763
34891
18541
69225
64956
88200
19086
74961
69376
98231
88005
42186
69148
59863
33264
9757
24849
37996
94451
46182
12236
55422
1586
5735
31894
78184
68171
73385
95051
71861
30307
60417
35278
39283
2815
42183
84696
94562
28643
21570
36499
14709
46169
70557
80146
36538
19891
68188
53240
70206
12787
84080
32651
8991
27066
91899
7595
75410
72896
94039
74942
46337
68897
39768
46854
54074
34101
70715
84156
32789
89373
10260
23793
54386
88930
51982
66348
78110
38033
18659
16369
80287
13462
79018
21408
84456
78148
27221
34677
85513
60987
19340
80254
27453
58500
44034
40260
90471
32061
69795
55885
82511
58926
24926
72748
9733
14261
22864
40593
32673
26452
62663
7650
92995
13130
88264
28035
55635
28902
58687
88563
94529
9609
24257
633
32919
22160
37143
6228
52700
8407
75051
7448
31134
84285
29154
6319
87303
41013
95575
79349
80743
88697
15273
56944
7290
31893
11739
37190
60269
65381
14457
4399
1699
3711
92217
66425
42416
60315
22143
13122
30289
1044
29726
23939
76295
32715
92099
12012
56322
44938
36838
58717
77700
4128
2744
22703
38243
71652
7581
53617
71697
28745
87477
18138
10963
39579
30103
67776
52538
54496
65594
27428
3409
8427
86431
80063
86920
73338
3049
46736
82753
65276
38824
71182
28135
15920
74761
30810
47360
45604
38551
85574
34095
32192
53272
15703
634
1806
52215
39281
30604
81285
39567
7310
55289
40746
26526
24896
35932
84662
6074
85241
39461
54916
35481
80769
33156
35442
43142
13934
49871
33398
45903
84508
75524
52815
46795
9647
23489
97301
92240
21277
41700
64208
37147
33733
30959
26724
95114
40139
73234
47854
58633
3124
63628
1476
85024
94485
22972
3421
91159
57868
18194
80469
99359
29788
25034
12123
2840
81314
97940
69058
94727
29635
23014
23111
80190
23098
31401
43558
24064
6843
70887
73759
79867
55065
66325
46153
14118
40045
76815
2766
60354
25030
77928
50898
33372
76477
10650
5474
60617
8830
58206
49684
26166
59009
41058
57084
12884
1424
71674
23352
29464
99433
96262
65459
18095
57790
13040
95522
1727
28236
67183
1540
70996
63970
57329
27507
87954
68283
64194
16338
87922
43881
95348
73072
36580
8945
12305
72127
29081
4252
14912
94954
70847
84614
19797
1107
42861
56069
12116
80970
67529
28979
53803
98397
2827
68430
80125
55138
8430
70395
99332
34609
46359
42685
79383
27767
81578
37613
30472
65572
84363
54958
82666
46577
68375
2357
54435
19024
36468
62642
93117
90841
97719
95871
2741
87607
46721
93099
58036
67177
60637
465
14997
29293
11855
80477
71940
17487
54707
41677
1968
67179
85937
73536
45081
93622
80850
80749
82035
65655
82167
94496
75086
66480
57038
76394
5846
29606
20477
64236
86497
91071
97644
43265
44175
79377
62333
89588
99275
83378
93223
31043
93895
95054
26704
90427
51437
67466
44609
35620
99407
25594
25344
91270
12996
64754
87633
40259
84906
35635
20368
77866
7081
40364
45304
71536
33298
9547
55392
84384
42238
99394
32818
16808
26925
82667
3186
41470
53463
84107
70794
97922
11029
52704
47646
64883
67735
42779
23026
55461
80194
19662
90337
10343
67816
78225
80633
36656
74413
70167
54592
16325
21137
63386
34920
65289
12273
67400
18891
8720
20633
28216
84176
53427
25739
78791
20890
27610
9053
31579
12187
85154
27319
7687
27271
83360
65408
12943
86468
83616
44048
55750
28809
80076
68945
99164
9896
52042
9484
8702
5154
69844
65811
3377
84423
97775
66381
77561
91952
64789
5481
98648
1432
74956
2866
24431
31474
36668
99083
76270
69198
4269
61133
44488
39370
49969
71441
91144
66406
96856
9046
48501
996
77663
23001
28760
93895
86741
99866
59470
67369
30350
49554
43499
59658
14279
10506
57903
47858
96611
25183
75837
74966
16968
87531
81801
70530
30289
70938
45833
34814
60274
39716
62433
36199
11398
17846
25784
91337
75129
3697
53367
72799
58113
95612
6631
52509
93898
34008
22323
34366
78751
12062
50119
33339
5652
94956
86984
83849
92971
90981
59721
51370
56223
67592
98852
41020
14283
58641
58429
6522
28993
68723
30406
10046
72784
56222
19349
53147
84459
17463
50830
25435
50711
17450
32174
19270
75652
3977
31376
40552
24146
21218
39737
79111
30032
26041
77055
96502
18867
43601
33332
13273
32250
54724
26660
23766
93210
55430
66674
27400
70104
38947
3412
24297
52353
43051
30730
8002
3084
32979
94279
39400
25561
47725
28958
28690
8631
67334
37172
86795
53253
94458
93285
74693
61906
76117
4106
36092
57830
33212
60809
61868
23160
41314
19906
95494
79276
84106
92260
50161
73512
36985
15946
53067
65159
32792
99311
79177
33785
58422
62853
56543
7276
64847
80949
93659
97324
22979
78965
77602
75527
42217
24161
98330
86108
54436
36860
64131
23821
34000
49519
49198
37589
4924
89314
37710
19393
47240
44601
65905
13944
73784
18135
9493
60649
44692
23865
47299
8079
19934
65537
91316
80928
29030
71963
80759
28302
88123
51346
69881
4894
99871
33086
58866
79052
59140
26610
27964
20684
77335
29929
46
55057
64908
18588
22991
35315
10200
74392
4269
83890
79303
85995
69049
77967
19268
68012
88114
36705
19830
43570
99307
57257
99475
92734
13720
76356
28472
66175
37220
61883
24615
85812
30654
22956
66597
55911
16570
95942
69475
12085
75239
92881
57833
92132
99350
92858
44845
9894
6875
45962
87324
80518
26830
83811
47016
24077
35598
48656
52302
89139
23824
38743
38228
3038
50921
10010
89630
39499
30298
54423
79650
18402
59218
10618
36634
53647
67715
81303
33152
71658
66323
75978
28280
95153
9714
76530
54766
28397
48822
75638
89612
12637
70657
44063
921
90566
82118
20286
49678
97945
19122
69562
8842
50767
44140
90484
5679
9631
78368
7948
33187
48
76771
93092
93297
83988
38938
27516
63475
19627
90431
82273
7475
64920
36018
83397
42622
33274
3352
90461
20103
15290
82893
53765
68018
34468
43155
11056
55036
71307
21018
43265
2899
7660
92605
58965
68564
25742
2763
30220
97351
5345
11139
93353
56840
58481
98573
86271
75819
54361
79480
38496
49447
25185
59471
91773
73179
82125
95639
58966
4163
4438
86031
52812
3410
13626
11981
78506
59109
41297
12898
66952
92676
95164
49007
29795
21086
12837
72807
56656
24992
7746
15720
76989
64637
40494
42750
7405
30674
4600
33108
99561
51537
10256
75336
8016
64116
71707
37893
40865
33639
39275
13533
23887
15437
58961
82557
72424
36132
68231
55153
2624
93250
96917
96018
44916
85547
42653
56380
64804
29362
30564
93187
96227
72247
13069
99793
76422
31747
47848
22983
72073
63160
61201
7503
44955
70267
6366
21657
49376
15257
55185
44097
23304
34845
12207
92590
29606
66088
61280
57373
53203
14909
17187
32487
79684
8207
19116
59849
14185
71536
96612
15992
90326
87402
86538
74472
27434
71794
69703
19582
670
16364
63015
58761
52178
27249
95979
37405
18234
92558
30210
58726
18474
78988
65410
55322
97094
20917
62966
95700
17664
54251
7981
54406
81024
94430
94919
13404
71770
1453
79260
32110
83449
56420
44902
66553
30713
91000
51297
59660
63509
26237
36305
25941
89029
23715
60854
19528
26609
13393
96116
76113
56857
7476
59504
44585
64775
76368
30385
53856
43673
63787
73368
90031
31915
97608
72423
74872
45215
72436
96955
79803
81937
90752
89218
47972
25503
90274
51455
48097
50216
10137
40402
43625
5552
44368
20617
31966
82389
15876
84408
24738
82780
1572
7756
27679
31970
57416
36548
17389
14662
92082
26727
79497
95652
85478
64164
77303
14771
64933
59473
66144
83066
60491
65137
85672
46641
56072
30230
82340
88623
70589
45943
49746
79779
38429
14238
64983
21595
29351
25080
65412
40349
83061
49436
84971
71297
78820
84363
52401
86772
86648
74386
37763
16145
42161
2183
44967
99479
65707
79550
94946
78724
57797
15236
56198
27847
26771
38475
60466
36123
9929
38534
51154
38167
19573
46956
93399
77657
78103
29924
80772
97287
92719
82022
25694
35287
4975
62887
63202
56216
87529
20996
45185
10566
93168
35549
84754
72478
60515
63855
71324
94369
61115
43798
72246
9504
62944
42967
46462
78818
3070
31436
9972
36157
19474
73942
55160
32624
37603
49958
83969
55918
40543
59743
78628
99068
86545
49177
60576
3199
60567
8211
19565
73321
8633
17293
7137
73070
61567
69061
43399
83144
63991
86118
18659
24965
92313
30975
70304
40904
41187
49162
17927
44900
86926
45160
33075
69113
96157
95940
30379
21309
55396
89132
42747
14349
78425
81962
26042
18153
11492
56393
34660
71141
15189
71423
70458
7728
42930
28787
88372
19742
14322
56384
77649
31350
84167
6964
54486
91188
53927
25146
95435
70502
9062
17146
41924
69563
17798
23542
54792
85879
24898
33548
9457
91426
75056
38330
46462
86362
84430
91436
1002
96767
15044
92822
22284
15565
98548
91058
32810
68854
82313
70630
34703
41775
94384
87579
64410
10470
29046
87384
77000
48752
95995
54461
16530
94222
89522
74115
72082
32302
23677
22537
62272
36836
93172
74750
66359
73282
46731
95569
68335
47830
92653
61441
67623
21663
41641
90944
60285
18543
76070
51777
31360
33791
21154
91636
42818
50864
29832
73857
13548
50197
34763
69673
45845
46597
23777
27702
88546
77296
43178
59114
27057
61284
38075
97180
57290
27846
21743
73289
2720
18482
21342
53221
39732
92312
90900
74367
51584
92248
29033
57977
54039
87894
84540
15518
30158
18438
40110
7257
21972
35217
6689
47604
87159
45805
87922
93639
44222
21628
42417
976
9427
93774
30830
67333
135
52500
71098
73167
27490
93963
21981
62073
35403
2781
35409
26919
15010
75949
498
5144
38551
75169
92605
92629
86761
59388
1070
28000
21171
96811
48882
78781
86476
44816
74790
72900
33358
32611
51214
65341
35822
96034
37045
88078
72328
51926
76607
56514
28341
91191
39032
85317
891
53469
8115
15035
71599
96388
71682
19680
9233
38523
14782
92522
94944
29234
99230
36570
8852
25674
19087
51841
60491
82479
68576
13632
481
45679
5532
1933
33784
99327
76909
32934
20908
28641
59058
38526
11582
61127
15881
31264
77475
14901
67520
73072
7270
63509
92149
44894
39501
63682
65495
85123
66549
28301
85463
59398
75833
22029
823
78515
25893
19448
18561
51912
65875
53619
33507
52118
57761
59008
21332
88398
76132
36839
66799
26576
33583
70239
42929
71114
95015
76405
15873
3982
99586
76216
59751
41821
18799
10604
82571
83788
59745
45997
79073
14354
95688
66338
61970
70704
67011
98383
89297
11063
34386
4146
1004
49121
17025
53235
84774
29895
35639
31960
54939
71075
25379
77870
36503
49306
38430
68876
85575
5676
10997
45993
20112
2883
10854
89716
32829
72852
33160
90239
30472
3298
31878
47363
91930
49555
1270
82095
71218
20924
92442
95532
89201
81269
18555
6467
6393
85221
75129
27810
19474
62872
91787
62480
36565
61950
65159
18013
7052
84080
76328
43196
14814
52325
95401
62217
31832
37672
2648
60227
13324
94357
22737
9029
22113
7356
38390
39869
63783
91225
87214
14000
65420
82849
2516
31632
61727
9013
19252
52518
54460
85171
88426
39860
10016
25741
50602
1230
61507
53312
68664
97833
23777
46987
10071
60875
81580
94525
52954
95454
69301
17179
92272
21382
30608
39567
37701
26191
97568
83367
74046
38609
41294
66055
64788
6065
98274
17628
7092
19956
80155
5871
34628
19810
6622
92340
43772
72064
5282
8172
92747
17568
30234
87275
99798
91802
91384
81108
16136
24075
66703
21001
12476
69366
2560
7531
52574
46727
59876
94123
63076
18773
97215
25302
63303
53849
62362
22031
1028
28873
51481
66129
9073
59732
30787
62124
74694
88500
77606
10708
79182
59009
30797
79693
23057
72913
57400
83667
80948
41186
67468
2774
24103
57062
33376
28148
24243
5027
31935
81760
64016
5008
92118
46203
84376
88801
10695
68650
66560
29827
7083
78999
54513
1877
21489
79664
16278
36713
17610
52847
75445
48167
31051
19229
96759
89623
47634
37624
2946
80182
67913
4650
82159
79481
35201
66235
28475
75052
83394
65519
37568
37767
65674
10990
71845
80416
22297
86121
51415
71603
7273
90765
18296
37190
57909
53738
13890
9949
36645
42836
93490
10663
95848
47790
42508
38427
98002
37884
41986
16528
86053
32564
41593
75514
82615
38820
29243
94090
18094
69603
44560
22204
46509
98411
9102
8962
59738
27341
71124
3292
78681
20861
14277
46778
15946
74129
32777
57364
13084
64230
97066
11295
85494
9808
90040
83221
4093
68288
68295
18458
91613
38078
93855
44070
46080
43093
73267
87569
68061
25113
19635
15088
26579
12356
82022
32114
96393
78534
15160
68192
82268
51591
2474
7316
57706
54952
25396
85534
94718
13274
7782
64690
86546
2836
24460
21110
77637
91608
62702
11999
11443
13433
92336
61014
16452
29228
94651
18527
90817
34510
25168
24158
62049
79579
22384
57662
72177
2048
66275
18595
9332
6813
73649
82145
20047
48410
76876
93204
74546
92839
17667
24233
45830
67122
57105
42560
63051
20305
96963
91283
49569
10277
52186
9888
31359
22517
61214
2282
5391
41050
20416
64629
42810
11652
82406
45189
57560
3849
46183
2342
76133
46800
55815
78010
88967
34438
94247
62700
86132
7320
27795
80808
81826
43285
36746
61389
50742
97653
97265
93719
39728
41763
53245
30407
33475
57545
58879
74283
55105
84409
32177
8395
41699
63551
28286
71692
81193
2655
71997
82432
67908
75524
14348
77780
57060
75914
31115
36060
75883
24905
92831
12277
75507
88345
50291
62443
27679
29524
85257
11253
57579
57725
36071
83735
87578
23703
14983
82484
76879
53708
34472
26983
30072
79209
98025
3576
44774
19181
85657
27702
41075
1612
48382
46533
34963
15213
13392
70482
71283
47021
1873
84851
51053
20080
5390
4420
20601
60811
33278
53825
21842
37222
52537
3473
79466
75676
7775
55006
49393
16879
54048
77644
53603
18132
74411
62097
45018
92519
38742
52525
17453
11917
55902
81108
89116
10888
93319
37437
33349
72099
18031
97107
86921
55266
24427
74511
59895
93103
80428
48824
69236
32191
31120
89083
60343
3943
91551
48768
68424
75471
21969
15491
59399
99064
34778
96361
74889
47924
89218
7004
11946
46871
20530
71110
918
36359
31729
16853
19209
32763
41556
40776
20479
10569
4706
50749
49984
53408
96642
96081
8973
39336
61621
48514
1449
12451
99613
40870
26040
60104
62900
50393
46084
61099
63400
27836
94207
65938
60026
12217
18099
29898
44222
43393
24003
74958
39649
77392
95764
19206
42289
44169
70048
58302
57416
86930
8873
25679
95358
165
89519
41
37041
25081
31583
14387
10756
47783
67834
54865
95567
33075
24175
16245
50327
23989
17887
54589
40027
58180
17622
33945
87653
94407
42671
52938
6369
12705
61519
24854
34282
41983
7862
61807
24147
39335
46785
15059
97776
87783
55977
82696
97457
72724
49321
92151
83114
58111
39628
89942
39462
27467
10843
10694
3979
30877
89208
94938
30540
52363
43041
98886
53299
87394
40737
77025
60173
94724
97898
95153
37153
47509
94195
48834
34361
7549
4681
42868
35900
70710
89937
78124
19168
27084
12177
79235
73834
15167
82037
92653
57812
72902
8290
95844
76020
27072
41118
23907
81309
90368
19562
13812
35226
15914
57923
95085
91683
40498
6597
71792
10508
71785
89002
6917
93927
79848
62840
24916
17130
48013
5270
53399
3666
55342
46836
32579
43113
24865
69010
48053
8220
62057
18531
97884
32695
90225
61070
70711
54597
85534
14601
2796
71286
45113
98341
50034
20633
47186
42085
56972
4887
79664
80631
86581
52528
9902
16958
59015
6047
50837
47969
13210
15442
46486
68765
96910
24458
63048
85159
1111
73837
59158
61167
8781
14827
76680
76155
55451
6887
17962
66946
76149
57662
41455
41494
51691
28830
85159
73063
44261
15440
31109
74806
85976
9639
64682
4740
97654
73991
61381
80125
92300
47019
30700
12677
57177
9691
817
40696
61073
58315
38362
73844
1028
60685
49639
13805
55122
30025
98806
88467
63274
85501
16579
39965
66605
30997
9054
50894
42849
98700
44513
11164
14718
31769
37038
92523
33970
74554
70180
43592
99680
50896
77521
64282
8058
94815
87700
82276
67207
71551
68207
415
51363
38195
39819
55937
59484
21078
63319
46277
30532
99195
75021
78803
94630
29952
26395
83710
69840
68821
11111
54485
93830
24532
38877
93282
5594
76754
11983
10950
26428
86140
17243
56295
13391
10267
87289
17513
738
27855
60476
85570
89810
30970
3689
70441
97468
98338
60674
31499
44794
24541
72275
27440
51290
16855
79785
30446
85918
93259
15088
9892
99250
69886
33076
38635
62124
77472
19487
93425
60343
18361
63314
39180
70898
87425
90574
42354
64199
56305
95003
11428
81989
47130
77694
33650
90008
61870
59028
29392
16051
66619
85858
54028
813
80049
26114
78099
2162
19004
43474
34990
16432
93691
94939
73260
65510
64716
15686
37095
30418
95948
406
60689
82719
4965
14576
11007
32947
73376
36597
3172
29538
97988
47957
2099
86925
90070
30888
47799
51472
48149
35282
32363
70765
33653
83048
69339
96107
73287
8993
9115
32800
10812
90296
7360
95881
23816
50931
55931
36844
50199
71219
33825
35927
56547
89503
67923
79335
79726
70512
43892
24269
953
762
5621
59553
28881
17403
55966
49890
12801
57880
79746
63209
33912
39024
75466
20964
92937
73007
6113
50177
45106
5200
82694
91600
20327
88664
78654
15223
32861
19239
61170
88116
78605
60657
1054
5001
90291
236
22851
54793
70605
85231
35905
24871
65265
36072
80611
33765
86942
29672
40033
8995
62136
45100
28354
99339
72336
58473
73137
16018
65803
28710
6013
26544
85396
35725
24495
66448
68131
62016
21184
70758
89323
469
13486
93175
3964
67894
63315
61526
4888
5649
71821
95373
7326
57615
10693
5127
61898
53154
7922
19316
88811
86436
3592
33237
39735
4039
49431
93657
85642
17955
49144
14575
47255
6364
40363
93352
55126
82814
80672
67656
83660
4254
48529
66324
92891
27716
59168
79830
19813
40196
91455
67302
87222
94700
3974
96406
61346
62818
27868
85411
76596
24318
80513
79663
8900
51299
6086
45872
20474
76410
63871
69792
59414
19358
81171
54540
39309
5466
58186
85430
63249
87498
74406
31443
65433
29795
68279
62446
853
85260
50217
33455
23750
43030
38978
93371
39544
96028
60737
75750
71508
97848
52007
45934
21673
33071
2453
58569
6783
83849
72716
69966
78558
21623
38263
45906
34883
75231
63214
79713
47045
99090
93463
93237
72065
23030
21621
54605
42137
12771
25259
21587
94295
23400
19178
4051
12661
749
69077
92701
78835
6063
44072
54828
73577
10819
76465
98510
76330
13742
72183
64210
77722
34279
12936
50592
64773
48518
73177
55213
27994
45971
21682
89708
50676
23459
68646
88474
61486
20733
44243
883
80311
95168
36358
91094
47076
99087
92412
74042
35539
79109
32194
41048
87858
90841
51488
91665
65082
40415
76409
57629
96663
83728
5990
94688
80654
41393
46200
1783
59897
81479
22522
90343
28676
73966
99823
86502
3395
34492
22899
21376
40642
63969
92419
64998
87111
73090
86428
59870
86125
5270
15900
48329
9942
52093
91274
77997
5105
13975
16099
72622
95100
51857
22534
60400
16424
27022
88321
28300
73821
56067
42069
13942
7025
31495
1520
13991
63042
42794
73558
79096
64617
62479
56242
69706
20446
83145
87633
33761
12609
5166
40241
85364
65023
66303
96236
6235
11529
2435
11952
20728
40000
98443
49769
88896
67116
67733
56274
98041
44366
20618
32248
8253
56234
51426
92405
384
10072
79664
25691
53222
14493
79900
35526
53738
90380
95251
54452
65635
81027
28454
61937
22086
51159
36343
42799
75238
66632
85588
66278
3486
67737
67595
62055
42672
40770
26888
72155
60219
86321
27626
93
53323
6727
6105
96938
88325
25637
59625
22711
27474
12207
91198
59693
65799
98022
32564
40579
18040
20884
33268
86610
60701
54802
37746
52650
60179
88233
75252
44344
47837
42552
8265
27918
51619
39016
37932
39890
36653
17948
20476
58765
45433
81313
59396
92152
79702
10913
7848
29354
74934
88383
26213
94718
59217
31024
80903
1902
5918
80557
96347
48136
93803
47626
58951
99680
52619
81372
44305
5706
52259
83703
69592
82544
99405
23430
1903
55645
1073
78043
42174
80279
72478
74317
90532
36362
89534
23934
82540
72968
18125
93730
11054
435
12411
81335
92205
73912
5687
97000
17760
10271
79339
52006
63855
7547
87847
18993
13708
2538
53223
42368
15108
6587
24431
29760
7540
82870
37298
21042
37757
65397
40766
40452
7159
92394
13716
28174
82001
6763
70589
60063
88772
38625
8902
32701
98634
84217
44396
6980
99768
77111
77234
80725
79279
42143
72990
38744
44098
61044
4189
77851
32927
19247
44631
65872
85858
43067
97920
36062
1227
90282
14491
95260
94425
6790
18706
99322
50788
40649
98464
47416
87054
86684
89077
66734
35144
70446
22092
12068
71169
73594
98134
22638
13604
90957
82433
97314
91354
97454
87736
77768
43223
14981
12107
65057
27675
22208
22552
86973
33705
30675
94324
32118
12059
97000
83562
91729
45595
86477
90406
53847
87055
51663
26508
53512
42293
58772
37545
2886
12500
46734
94688
98814
34063
52047
94114
32527
4223
50354
52426
38895
98293
98936
34941
60241
73014
39652
28601
21208
54922
14381
19198
55302
39321
9407
41482
73691
25109
88474
32929
96291
59251
91587
5615
70547
74052
17642
33528
85802
29457
17304
29588
79839
91617
62911
45203
60575
33122
26031
17541
23446
96579
77121
76996
9167
33384
23029
21962
97430
44536
15224
8289
12580
97330
1391
74825
54437
57110
70256
16245
35195
87363
85266
69763
52540
28920
63995
91312
40706
15800
57838
70893
92883
7893
25256
55899
16226
40010
99671
59209
23366
70303
3795
130
85448
80520
3955
39956
83675
87176
69155
98665
88014
47636
66755
40745
35869
17800
84816
73283
52053
50846
91851
64073
43320
25879
30209
3044
13776
14630
76711
16605
50941
42640
32370
14659
30065
49685
8069
35308
54518
8161
17950
62632
48020
88373
45530
48832
51069
65441
95752
25536
14915
72284
96694
64967
77240
81187
55992
46116
33997
58514
35901
30159
27827
64584
15439
31208
37487
9745
20134
86179
97365
27295
39249
56380
26717
97389
86043
17651
52049
78150
37028
88682
24859
78588
11005
10188
56209
22478
41880
42992
82254
84161
88829
77647
67895
91270
56889
49652
50859
9060
38555
14805
72285
19525
21208
98695
28674
37239
35728
33332
27270
75093
19902
31648
80726
55304
9168
69109
59447
82294
45148
90563
8024
1870
60512
65724
75984
81770
29337
62191
47278
62389
76805
62840
1330
65594
86524
25654
72010
14622
18969
55446
83610
6125
27917
52067
88770
9557
52219
16871
152
60368
64480
38839
15019
16057
76060
83741
20297
97624
47639
97467
70602
56771
85074
67483
55975
17109
55835
70786
68856
70016
30797
59411
65951
37683
4212
38628
15257
64276
13519
43412
11080
89174
60048
18137
10006
10853
60796
83434
39451
30960
80864
62065
65377
216
22861
69872
84275
58284
33984
68780
66974
62251
93458
96441
99936
93367
23837
26144
36580
70286
26183
84400
8411
84568
11138
82447
46436
49137
53815
94839
76535
95513
80533
34435
87023
51117
72181
71803
56070
80109
63696
46726
42209
3211
68720
88923
874
1586
88421
8383
63382
24669
83053
80337
14896
98334
86464
18591
38578
77973
86227
78387
40140
30199
47580
77120
821
87222
50144
55471
39587
42789
89993
66472
87362
31553
87603
11273
14554
39895
75145
92535
18105
94313
69949
59338
28764
54919
80684
51242
51189
44877
39124
43826
51154
51441
53526
87785
20605
48811
9246
7920
34957
817
69102
2198
17814
4234
30133
78760
95436
79268
87942
90491
81138
8800
45720
98781
98157
17486
51129
56578
17198
79412
75793
67585
36739
85307
40758
67888
72504
3661
60460
74589
51060
4342
76598
66891
76196
47214
77173
7356
32176
7424
50918
29319
15228
73266
13517
12052
13200
58000
69445
55453
48990
66991
88614
66765
36383
64580
70463
44347
66233
40504
93695
3876
32666
88717
41158
3489
21257
29529
98124
98032
28848
48062
73768
58560
91650
85937
4215
78778
41485
71721
27157
94160
1435
46373
1485
72185
56634
97133
36087
59953
27728
75060
90416
61243
71255
20197
72734
47931
71246
57425
87810
77662
61543
7798
6372
27388
81489
19868
18298
64464
63165
2944
66806
90918
4991
20626
90838
29957
66693
65977
6499
116
14324
22574
69076
23421
27615
82900
5650
83341
20350
77888
67192
39431
75968
97212
48795
62067
96991
59034
77370
96855
3642
3459
5974
98862
97522
23533
57117
8804
4769
76550
35746
95236
68078
84352
92042
57613
31111
57729
52121
83986
193
82115
72381
65514
33745
45569
54557
85630
88343
61115
79540
31136
67599
20623
5269
1122
12325
44682
38467
58963
92433
2626
28047
20929
31389
15025
20793
33275
76997
75502
98564
27820
26584
39728
84658
23773
45847
90691
54780
73067
45011
9349
16002
9344
99684
28212
27362
74840
70718
49342
83738
57773
11175
64280
18868
24819
54795
87912
12323
78348
37418
48371
12770
11608
75668
38779
42229
16503
23242
28439
46409
57703
73218
14301
35467
22140
15392
75059
14362
40980
62876
8219
62824
84462
59613
30524
92048
42925
80947
76902
17013
4353
97389
8413
70385
87271
59870
47471
17591
64810
61119
93683
12881
64656
93147
20140
46217
46451
59737
39993
39455
85533
815
31374
63872
47315
99663
69292
19688
70349
18713
59250
37882
82883
48857
96847
3719
56937
85211
76734
75392
65320
32595
70734
77895
56735
42020
38577
24960
55109
15585
79668
67229
16887
40527
24108
33685
10923
240
32126
90349
58645
61506
86782
63863
33600
81805
16222
95014
82888
41832
73686
50441
78235
91034
16870
75432
729
57519
80932
47596
52470
615
29702
82988
56847
24816
56936
72304
12174
45098
7306
4798
21496
98890
26348
66378
49910
71990
28014
99927
34402
31414
38938
92861
62129
11641
56625
89315
17922
3473
63609
97717
70054
81701
51379
55265
30877
40074
81697
7810
94124
15081
16841
22693
52424
8993
30111
77224
76345
14291
11914
10538
92690
59849
51632
96341
56570
61466
15244
49616
14963
15432
21147
63431
36189
95907
72133
14607
12779
63893
99099
4585
14237
73866
10401
55054
29242
56931
93903
42727
35402
46969
59182
87454
82711
34301
51214
37779
76804
10634
27349
71948
95161
76101
66797
47448
56083
88179
73790
80541
84243
12717
8502
67069
9910
75250
83115
33398
30222
92864
51285
87555
19231
78846
1964
88273
72466
73380
62256
38998
19753
50457
51906
19146
62571
74270
63047
42032
28887
4927
65169
27780
82804
29119
26505
6022
13502
99358
92397
65088
44919
25024
78910
82836
70866
52863
37137
84796
69852
66185
84371
61964
54420
5022
41646
21180
58928
99657
57202
60742
31842
57466
93789
28565
29777
31537
75939
24445
44750
55273
55106
52493
57672
98155
39588
16149
89732
8475
54417
93923
35347
46149
37730
89376
99063
62454
69203
95639
12572
99338
40358
78093
5658
67523
15113
31871
6275
53260
57506
45505
75948
50145
51140
88255
35361
41348
29145
42662
75737
76205
60507
7100
81024
92313
7615
32054
54223
20265
19060
8524
67207
64318
76133
21556
73390
93027
68715
76627
22934
52872
56848
82260
12574
87669
9622
67971
76430
10440
81395
55351
57428
47596
45456
71159
90199
69770
45724
79577
97765
91357
23347
55388
16273
97435
95608
84316
88972
77349
62658
36374
94826
12753
70497
97718
38500
66129
26932
25350
17854
77858
77959
91380
77101
15
54739
64771
15262
68681
37590
71848
73370
24976
11850
30561
84720
77124
98212
81887
92959
17171
85130
14435
51754
45243
21310
96136
46259
38388
26005
20912
68497
94330
84172
91719
13099
44579
75074
50433
65695
84519
18846
54295
33812
84130
4519
69793
23544
7584
78116
47799
14009
63376
3502
24861
47772
36161
74578
82429
80497
28049
98561
35687
72966
84822
46565
88197
58580
75853
59577
78440
84640
20050
49195
29099
36944
32083
93906
76143
33767
98737
4793
32670
11596
40358
62130
34507
21726
19460
29230
65866
66949
36029
99847
43974
26888
74679
99303
45296
65538
59843
64609
71892
49174
73155
29519
94005
11333
96152
28326
54225
12156
14459
2507
23793
70250
99309
59655
76738
42166
41271
66601
33748
89106
94731
65502
16354
85525
58137
58146
74483
11760
4847
49367
77295
94527
35586
70526
76131
60713
45761
59200
8748
56595
83827
23483
22822
80666
38566
65243
99649
12675
94027
11276
82879
31048
20090
42849
21067
73076
52588
10330
88775
3946
45764
29278
74273
27882
67998
58322
15832
74004
21033
92659
31286
48351
39568
63938
17386
18588
19798
98532
8332
73398
39887
94953
2289
26509
74630
28719
98461
36626
47810
40918
65590
64481
94396
45969
29322
45425
73135
35908
50845
88336
71835
77058
42769
37601
35005
97154
64233
73103
77362
96261
67415
58657
9535
32767
92393
82226
25836
20583
59982
49588
54173
72170
53661
35633
73978
72910
25721
17298
17912
10420
70399
41637
59285
82272
57119
75932
65459
62657
33673
72383
16788
36982
74887
61857
18207
2251
86894
58759
81497
9508
9422
6489
40583
77657
61539
88695
29060
92871
18170
34714
88856
15905
46975
48513
98062
57404
59625
23001
14375
49219
24875
58153
98947
64792
24280
76934
75576
73076
99999
75491
95801
70693
26981
60032
81668
47321
99146
48398
58709
4253
4007
99354
18024
79928
56242
53558
58434
65373
24861
52873
5843
13159
54123
12389
6552
47398
36594
74776
10121
64712
91405
68936
29317
96397
63215
25464
91757
37518
430
79129
13135
21402
44373
81637
44022
80049
24142
5427
95804
86428
22569
29923
51202
35173
28758
72604
58327
43806
95148
10803
85791
26009
33115
97651
64190
69531
25917
68743
40656
28488
22489
67602
17649
97705
10342
92229
77279
66658
12836
13081
15043
29630
33420
62531
92262
41505
95927
75072
94926
50638
38815
85709
1165
1998
33041
43184
93851
48637
38562
87203
34123
28145
16461
8596
6655
5888
73033
77240
14169
86769
89486
45685
30325
9141
69698
18674
52607
6481
23306
22518
75594
1604
28430
41141
10187
22702
87830
84324
60683
11717
16239
75591
85232
57035
50722
25268
54529
81910
10830
76639
1837
58947
90740
23698
2227
22736
55358
80595
4308
10365
80210
1602
75830
78224
11579
13623
49152
51304
90710
94910
83449
55395
3156
8552
56650
9853
27900
61998
94390
67768
84083
82383
60502
54631
70798
77204
26122
81534
90583
21467
14092
85671
57359
10074
66045
54784
61325
3822
3711
89284
84388
16974
41061
74482
16512
16283
39451
26
57301
70335
49433
5831
98075
90377
58859
76648
44232
79572
88992
33509
84032
98104
7106
98649
44537
95716
39938
68171
72117
43580
78483
12125
31479
10325
72817
4937
48663
95532
52473
43
78864
36740
98916
41013
5053
56850
69507
67566
43788
37376
39267
82474
86849
11131
98368
30657
94642
23952
30520
33303
25903
77368
20491
95118
10644
12545
32952
85557
81188
69201
22559
32127
78137
6709
58041
36443
95816
27061
90402
9335
29985
84123
40268
55268
52441
77912
59539
21448
44885
51506
86572
99265
66982
58307
56644
24961
33787
26534
26284
58997
2579
11354
18200
58367
58238
34273
92616
88142
34809
87576
27913
45176
8584
64084
9479
88778
23115
27851
61613
76576
6172
53526
36564
90393
64234
52278
73741
42046
22501
31247
79279
17482
397
70939
5447
75663
97558
66332
35532
87082
98682
27618
70939
51261
7529
15266
45149
23496
66355
62030
92818
74144
23784
79973
85553
3460
89356
56118
12334
13482
73167
1361
65498
13521
39734
36939
97127
85383
89479
41573
57046
30660
44837
55931
13109
5231
86450
89029
80562
72899
26139
19098
15197
90786
27330
62483
16176
73337
55368
19306
23279
15640
6505
60969
30080
88557
60133
41537
51320
4315
23100
93081
18250
44473
28426
4044
51789
19457
36606
33392
58442
59309
88180
64011
59465
56283
78918
34538
56887
76750
4857
2828
15031
35199
30146
66037
76717
95542
55591
67286
54298
8230
7353
11374
32807
22909
32467
96251
40600
21085
26958
52699
73871
68583
91729
79179
80716
54917
32635
29931
22301
96264
90681
68818
33786
45635
37301
40154
15032
7309
5385
22069
48443
41755
68811
62713
36588
76929
18152
49764
6723
5638
13518
19047
11977
63451
40185
47800
67471
7610
94045
24551
60656
9960
69657
15624
58837
8795
6166
82813
95710
68349
82641
75094
58122
96717
48708
17867
49196
7089
59062
72452
27861
9598
50889
66703
19362
71751
39422
86987
50498
46304
83084
16049
36175
67784
68135
53499
42509
62530
33583
56671
76970
31723
39101
21825
42975
68547
78063
69672
57854
78958
21900
39477
61389
84238
88372
11799
81992
76324
59300
72005
50615
22539
70585
41126
71881
18270
94018
74075
33323
46824
87846
49102
83146
22374
58191
46053
13438
78622
42907
94599
16689
48043
17048
89259
73686
20706
79076
82562
26912
15582
56143
47228
79199
74950
9438
43464
87103
32202
52566
83942
59200
8632
76177
18652
59458
58180
45005
77124
58108
78859
41651
24211
49413
60291
15322
93844
75641
41287
28126
53661
55918
94534
26809
32545
1672
87656
28146
34189
55748
8705
9194
29963
48992
19286
89530
15552
71818
89135
58090
41890
5164
29352
13975
40841
63301
5005
20733
85476
94445
42751
1277
82981
18620
67623
43172
80135
26192
61309
45860
30505
3488
70976
59810
5878
28060
51947
15380
93944
75230
53306
8983
44394
46919
29616
57065
17342
89947
5917
77186
24227
93679
92037
19758
52281
9707
81628
8019
57605
79114
63396
82588
18949
57702
47679
46723
38553
6964
8649
74505
604
93470
94033
43586
82268
20340
58292
5187
9476
7822
8671
5513
69862
89941
29225
11501
77260
77367
7697
30680
92866
31556
53747
32412
66665
25121
38578
3118
97224
26165
62251
34503
94435
55983
72954
31883
73684
63914
84806
33967
96611
71073
99716
59514
14506
33888
58426
77387
81699
79892
39825
6972
48984
61702
86865
86104
55701
55302
22257
45073
21465
92537
73725
55423
46249
99172
43817
89560
7081
49087
72389
93496
87127
19678
50731
95233
12628
36798
91816
35371
71376
36111
36366
84619
10345
6194
75881
11957
54786
48090
38024
16521
91613
28635
61918
47682
23582
93996
30212
88547
40784
92590
48199
5850
85724
14774
77755
87936
87413
11359
21243
97472
74189
3989
69482
20788
41639
8700
92232
13179
23935
90740
42530
79653
30006
85273
76090
55405
38693
76443
34119
68225
75468
98506
55338
65170
42597
66361
56018
57291
45916
77241
51606
88041
30664
85568
47880
22413
57969
94112
45703
17512
33922
28299
62336
3676
7000
70723
96994
30105
75849
42297
38228
65003
73656
54025
81798
70295
66077
30018
51263
19537
90948
68692
6490
50693
57322
72065
68423
99121
24336
20076
76538
23559
35499
20847
40156
3505
60084
66597
40503
36824
55315
61821
19116
68179
96144
55464
63535
79408
90805
90951
4461
92446
42982
449
48738
75150
67416
50067
83294
5170
41604
72709
43865
67593
92044
75442
18135
7143
43550
64388
42399
27727
60621
69540
27785
31512
73255
91780
36572
49758
89786
5894
96582
18624
76673
85975
78220
39257
58963
73967
96963
23420
88033
69609
9370
97538
85597
92349
96612
81901
43551
71371
20449
65810
92242
25971
78379
9147
29728
73938
36484
46281
78285
7953
7727
74528
37716
79974
34492
70221
66692
80602
4993
12544
61204
86494
3788
10388
32433
77717
89863
15897
82061
99215
48186
56496
50884
72822
66968
98526
82044
82255
4310
50161
26996
24298
23754
76115
2301
2449
25917
18708
37633
90801
75407
14639
5199
66496
29793
89973
89808
62342
59028
61786
87784
61195
36963
63389
31378
68695
84093
11205
56277
33673
33652
15688
40055
91502
1536
7695
30365
60991
23894
37171
38674
55324
14155
85682
4437
37169
46195
39872
73098
15358
4251
23100
30824
56240
4059
77691
61050
36943
27925
88768
90557
57303
47470
43508
63034
78972
4173
83235
66789
89447
27264
95001
72477
60833
73706
51626
57649
116
28475
73864
67910
12877
35476
58372
7215
9357
66847
73188
22038
91828
33147
54871
21517
96571
67961
19321
59603
64598
28502
86370
82378
5798
67949
22234
82659
62782
88932
46748
19431
10838
58647
78317
17560
54785
65864
24784
20990
11131
41374
28633
23722
35973
43637
30088
89910
51698
89962
73201
82885
73035
9700
65030
8597
94713
15082
83281
39527
31614
55838
54187
93862
92313
86772
95574
36354
68151
12725
25831
78503
2368
12247
64984
97460
890
48169
548
96963
30344
54831
70169
70032
15285
30351
22519
43567
45110
3382
77416
98573
23042
56364
55896
12624
84633
42225
36564
63082
67734
67259
27894
76001
32024
81338
3494
13263
57122
65947
50209
65282
37348
89639
92976
88741
61609
17127
49634
23099
51998
8316
42001
43865
27887
97500
79842
41850
98165
32729
22946
22014
20308
12542
73060
99509
86919
86375
51411
4149
25282
66883
4855
64532
89782
15845
41474
36639
36151
99014
42777
46839
43371
43702
22142
38575
47373
89863
45504
47398
26722
62898
19991
87067
66217
21783
42193
18210
49995
18846
32318
45686
25109
18050
84439
34993
65982
37822
52418
14986
43442
18618
8399
72427
97723
77465
13655
56647
85738
98254
81532
56725
19412
29590
22043
57324
7146
18532
85171
76320
62503
16128
69508
67981
29769
61248
94524
82485
47462
59300
42697
11770
4080
31818
34523
36247
4399
13684
45895
74026
62007
27728
20234
71996
43535
82425
13680
75242
45165
8365
87072
91872
50083
73409
60705
3524
25912
50258
96608
26127
50061
36564
20806
30864
79007
48366
41762
38212
57037
7111
61073
92542
94850
19783
34870
15577
57685
16432
13908
10286
15050
74356
17197
58958
92718
37336
82174
69502
93328
24032
91260
86852
7234
68278
26299
3435
190
36937
13110
6747
82781
86330
40176
7211
2784
60802
34795
49438
43065
53078
90
20251
588
9280
22663
71957
44431
43951
91284
5680
90782
97189
61636
43301
19887
90195
92616
71234
90280
89399
22139
82897
71386
13946
21959
6199
83902
88947
86068
48889
60666
18173
15725
18634
39748
28053
55611
17197
56747
18153
84041
44319
5185
97403
17062
60799
48284
93093
63617
97220
34448
53752
87539
81504
9403
31214
90819
14766
91580
77691
54156
57015
10473
57650
31683
97996
77444
72435
60870
37024
74891
80497
14890
47999
46630
36715
94999
38307
97821
49390
56303
76778
8913
53380
45495
5295
78705
99466
53421
32935
21871
60625
77353
65901
75068
67124
20694
88072
63195
53690
29180
72566
25248
87036
80642
57631
64851
52359
55520
4898
53717
15450
93583
86491
2680
51461
71032
57018
93397
833
50514
12670
21887
19352
88652
27496
31666
23433
16939
73343
70102
26976
37273
45638
72736
71989
27199
7011
18301
11863
96582
86645
17445
86569
5363
64852
19432
42882
18268
61432
55059
41819
46669
92354
2766
14950
52654
18343
66746
88686
90058
79122
52051
71873
54526
98306
10796
52862
55487
56374
63565
97235
60184
53800
82955
3936
43412
26869
53722
26329
83553
12668
32606
42208
56118
32120
63865
26437
27012
95230
95333
78902
69025
74250
11490
8799
87184
13480
91880
12945
76134
68578
90125
4581
51595
89600
91468
2849
56451
34973
47014
86736
32424
29573
38484
47945
34766
46297
49629
3570
32562
70690
91576
61004
26792
41436
79033
42560
80307
76525
74356
41879
76217
76686
38236
5394
26930
81823
14158
95595
91202
63872
97756
39832
29071
78902
9846
47334
89446
20705
43491
44331
18310
35338
89380
69729
79104
86176
402
4509
26390
17040
89550
51643
31253
9380
63244
66227
55491
99247
84185
32329
51670
28802
37746
3780
30451
45433
30020
96211
94249
22618
91185
75164
31097
44739
79043
69844
59507
36992
70789
42739
14065
32638
57342
14797
25201
31363
55485
34924
4806
10159
47513
23918
6195
18453
74949
46529
57445
30139
92343
25965
12375
5453
11774
46689
52204
47761
6922
93075
68377
93112
29051
5764
23321
99957
67217
54022
32528
93951
83329
83654
39719
29149
71788
44780
95415
19001
66698
5792
40981
8040
36602
47553
77600
38068
42426
67060
33571
75642
46532
66978
17065
10051
17718
99644
91904
19086
38476
47397
84975
368
98437
88274
82671
35044
72488
15815
6363
26443
16948
23361
59075
67090
83203
54993
57982
92327
64031
83241
55068
63600
26052
51493
92119
58634
39267
98693
94571
88563
54665
87842
86794
95107
71979
33880
40701
31743
69264
28621
12948
15453
93559
71316
76711
42297
38587
45739
137
34059
67022
15629
51813
53720
95022
88655
74268
17748
60769
49702
74779
66831
29582
72500
28968
43831
361
45275
75993
72225
29303
99376
58524
91344
77779
70179
15367
61131
92090
43096
65639
35344
62596
54785
15986
36838
11173
24988
96250
78781
75548
43045
811
66546
66383
23840
42629
10434
55287
70877
16486
22128
13699
70854
58794
38041
1030
31667
58195
69653
90772
28666
99845
51471
79048
35367
96991
84112
39707
48492
57425
96882
32708
90671
48779
80429
14083
15376
71663
16151
44401
57253
85442
63988
2804
83159
21583
47617
73348
94916
67062
10715
841
36261
56115
41294
92196
89894
70583
84796
4448
92118
89586
82643
96426
34350
81587
31496
28432
65744
41542
63152
40879
57191
52115
14848
89592
50161
53074
89682
48007
49149
15249
14546
1578
59209
75805
29173
40167
72048
78318
61071
8499
49915
46379
22868
30779
42683
7392
9985
66880
22620
8360
16552
2039
91036
38127
79332
86275
31631
54138
38698
34231
56150
22727
37048
42097
69132
30339
14699
70772
88034
64632
88438
11969
14280
23240
20778
81435
80045
24420
50011
52638
10957
45768
77263
66035
37982
49544
9057
96545
61333
53213
90723
60179
56541
61152
70286
10173
78634
20431
64104
78693
28570
35790
20569
60489
40198
18608
10695
30087
50429
21763
8754
18843
13001
72910
95121
16438
50738
89115
50883
86099
72303
47614
72513
74620
27027
99562
5804
3417
87160
71087
48049
6948
63600
78164
50574
24063
78375
50694
72134
60675
93406
7026
13420
59735
64809
58861
40704
62325
19668
33308
69300
77911
28281
3168
67706
67734
6288
60556
57205
94903
20246
13612
96273
63318
23862
22689
34339
12448
62794
27703
72400
45090
95401
68167
78454
6599
93392
19022
10364
44808
77631
16529
68567
64059
27358
87904
86826
75371
48127
40899
92778
57855
60092
63205
41551
68312
2430
6427
18032
7435
28119
49953
81405
48259
28573
90785
58577
97815
71482
93657
62525
82545
869
4156
37507
8518
84107
21042
38844
48873
91208
23665
98552
65220
53382
58278
30330
82342
13014
253
27181
71475
91155
46253
62935
19788
96207
76646
61618
45221
55631
78474
36942
53443
61047
20217
23168
68845
6932
2001
53456
20719
24366
93308
5411
8814
52947
3637
13697
23161
17940
17797
23484
13735
80905
84737
13112
70817
5564
49661
26017
37563
29158
61937
18153
49992
98857
59965
48708
33457
86508
27364
64565
52262
49341
3796
34243
42181
16366
11027
79912
11468
46979
25105
83352
53615
79130
89568
48145
78083
45219
5358
7352
35540
58388
70557
99521
18787
57869
84671
6267
32940
25583
28189
31088
73642
49015
78639
82226
10349
78197
38716
6892
17649
81954
61752
98453
37467
84451
71962
78565
4236
16268
76006
91404
47590
12872
2927
10346
2165
84962
37354
17453
29958
75109
47366
34816
1299
1557
60942
97410
77197
71124
69306
82464
60313
70453
77285
21576
89516
44124
54481
95641
68011
56515
58781
60248
7205
92020
50749
48518
67161
8770
83955
13156
5201
55849
55464
74513
4320
88330
40842
72832
45207
55036
28326
70286
44776
76805
259
81474
52155
7531
17768
33133
8557
35053
89434
65193
77059
89476
66315
50184
63153
89392
45765
3238
18152
71192
94334
88335
97132
62644
62129
16370
54748
97703
12930
9885
93305
81502
42606
65437
7492
39921
251
21319
89405
76111
84408
19923
78876
16473
95458
68378
33553
79166
99588
5248
24296
10190
30432
31993
23995
97242
68592
79
14229
65868
72587
40835
7713
63092
58674
95727
74896
10264
81742
72750
16392
75097
142
8062
61106
5813
70846
43312
883
61437
14228
34357
80547
50817
77090
23089
66094
60770
17922
27781
73913
45660
77258
70914
15121
80528
81331
11513
83215
22569
19743
36186
57308
12771
90596
9097
43062
64823
15154
20049
63913
37531
75285
82666
65040
13187
22601
17162
73746
39980
53485
2992
9883
15444
13798
60066
63425
85357
54231
4364
48254
8593
62305
25751
57221
68806
78648
80575
61675
34188
89395
2728
36890
17071
83830
41985
50380
68065
13075
79201
74001
72302
54154
61244
34438
94846
58960
77248
36112
61000
12840
45246
83483
25800
55547
38020
64348
71029
99526
68167
97880
73326
61121
66018
31019
97535
64997
38577
60823
51530
72322
85099
36100
93826
79343
23281
59890
82773
39749
54288
75455
60213
62849
54667
59647
35011
97201
3644
64283
67906
76523
82993
31849
10103
91240
82254
9466
15884
72687
77153
18453
33857
83336
88402
91330
66753
368
9455
42446
78355
18087
28852
26891
4599
80583
74898
92496
56826
14116
80031
59635
44170
18167
85973
62351
57944
65876
86446
62595
88934
41179
312
64815
50955
44426
18187
62946
49468
41348
55581
65044
82828
72750
68808
18533
55375
60337
93603
94295
36160
11085
92875
95217
58186
49795
67761
10648
54484
33451
96736
70722
89155
16812
20170
67665
76984
30070
57130
9781
81111
16344
68861
36937
50697
10045
53295
19313
75913
41560
2972
95035
87834
2062
91743
83185
66705
33908
89484
18945
43462
37938
71395
81517
17564
2360
7822
71537
6439
2953
84741
58202
16640
82676
69937
94543
8413
71270
69271
35225
90969
92660
3365
96983
85353
5775
4280
40325
27498
36760
77765
92592
15822
37741
72107
90115
81355
61309
72670
31793
82923
35481
1291
55998
28021
22670
48756
17233
42019
53726
99691
29729
19045
43508
29309
58654
50093
80842
81554
66122
72642
30267
70782
30838
19909
52540
26601
12982
21323
49180
89771
65156
11438
42045
79883
78020
20825
85682
34953
3857
41847
64127
97289
66317
42095
95633
87287
59317
1404
19795
63930
44929
211
38504
55450
62499
43598
28542
25333
46669
92250
27528
91018
15570
15719
60559
17594
73588
46782
23477
21334
20028
9478
81096
76209
73719
89004
33349
96616
65923
6917
60878
58945
26325
52243
49764
10162
20563
79349
20424
51460
77352
74804
87765
47307
75671
55443
35056
28537
41786
63254
26272
76614
3546
61117
90631
21808
25754
47190
11040
27627
60369
59048
59983
7682
40244
39305
79468
49096
73850
38895
94444
85577
42653
22822
4298
68393
96432
40949
81959
24084
36654
620
26693
10402
65412
99544
48754
27645
24557
81325
32499
49332
85550
25897
42163
67844
79887
29582
88768
41545
63119
22349
39011
84413
49084
7994
86290
23926
89452
51213
70194
75767
49665
20496
62107
21438
97961
87991
42889
84247
91186
17575
68712
41018
68414
69751
81885
1142
24794
51663
12432
39523
58077
88546
14384
81146
2447
43982
11131
44924
87748
53419
79025
32239
96637
71013
87290
91175
40893
74666
8669
68087
84808
24770
76109
79947
82602
22003
97552
75885
92761
90456
11804
1596
44306
75877
76114
57345
51121
70642
61579
54982
92805
67934
16721
84236
13954
4086
68561
94996
70801
68522
19160
15764
23084
86340
29790
59499
80102
42164
66558
98223
93412
74596
76705
12026
54115
7696
43222
20719
45175
77157
97982
87707
88580
96940
65240
90788
39530
6638
87732
66117
15651
76486
3633
63298
45193
34145
9131
28015
54599
42785
94918
79011
21297
84217
21981
50761
54043
71868
65884
54598
21154
93047
99580
41673
92390
77737
4369
54986
13445
42273
40041
9032
40926
56373
68458
85109
77170
32402
62372
69659
81461
55419
22598
95324
71845
59860
9315
58910
14847
69845
76589
18461
67879
76151
16823
51273
26259
74196
13019
90453
6336
87101
57587
70962
14487
95146
66767
90099
29875
84338
74728
99612
6294
76249
51991
30708
8823
96490
75685
35257
95853
96943
62888
97768
76385
12156
39052
25228
55538
48937
75971
87299
28892
46335
58433
3201
4446
34746
16248
62878
64322
92273
54675
54228
76848
18422
10185
17611
61311
41922
35947
93531
40615
72184
72903
35426
59716
67097
75147
69514
55849
57487
5479
79646
11895
13152
80627
93142
11415
47383
20345
61954
33967
75079
10094
99842
1160
31225
20030
65856
63094
48026
67953
68635
88618
9491
69750
12374
40394
286
87851
3679
2817
11891
65493
66741
91598
59177
60916
15001
22245
26249
32897
31940
27002
61102
23618
17613
16346
33794
27178
89230
37415
2269
91738
58861
44923
27509
32069
98681
37068
61306
71431
76653
47708
53066
46309
22662
5562
64648
7904
70953
99965
92048
4476
32965
70801
37306
4509
38233
12916
50497
96842
70523
19127
92693
79307
95894
89749
98124
91357
68232
27437
59500
62497
23387
14762
37689
49447
85026
8705
31227
7259
56666
12626
65714
92926
60347
12834
87451
59419
9952
4127
42224
20900
37572
27983
42593
22580
97042
67340
20900
50388
13142
5480
52436
6609
2185
75003
88631
58101
73537
77186
17283
94080
47801
9418
63324
48250
8699
54099
24411
45634
42103
33636
27992
74156
32935
94118
43229
35776
33879
86410
55644
32062
21279
73914
98783
80515
11370
63466
72160
85714
77295
22930
29918
34218
91325
65340
92959
83591
19888
41195
70230
66323
92100
84463
40883
72129
68172
57558
69638
31977
26798
40299
52604
64888
92827
96181
61842
88264
1500
7612
32508
80793
72126
16744
85162
88359
75378
66932
1470
11246
16309
58385
16299
26393
39675
36910
16486
31298
69707
30007
94546
58924
55092
67718
74405
36107
88554
14567
33205
83466
79998
23846
90185
70243
58202
93093
87773
94367
27673
81734
56762
1883
22561
91174
81074
85619
55236
53910
41924
69883
50611
59905
94368
15829
74028
47330
58469
77027
69174
10150
86334
44318
65597
53528
93602
19474
27063
25285
32338
43529
12569
74294
66892
84203
76200
21535
44587
56212
23926
97817
64335
75057
9143
2385
58965
26130
34227
1006
10749
46707
31621
3054
99638
87333
30322
54042
62036
22985
76280
55723
26805
67259
49558
761
2865
83515
99896
46600
19255
15135
54463
89182
35517
23885
77346
70587
70787
14529
66444
80636
25725
8334
83475
58387
98208
64811
6415
97243
65710
58607
14375
82449
65623
1449
9739
46000
77991
36378
34686
5971
31838
32412
58383
32722
48417
36265
27124
9435
37476
68391
47296
53007
52247
14216
6875
59985
8334
72102
69130
83300
52799
17676
39877
68934
93934
74949
6140
80578
25258
5007
62934
15063
49419
13213
82255
99963
70214
76134
25037
72305
58662
16429
99739
83447
91425
99328
79451
36368
39837
87490
61705
18116
85666
41528
32010
34407
86316
19527
27916
20631
60883
30276
41749
67859
37413
19609
70782
58545
47982
20388
48118
21350
66116
13354
29518
9670
23809
78820
53635
53231
81144
64330
25977
84435
87315
5179
93100
27713
35084
91057
46094
11702
39760
26504
57472
39200
42738
37989
91249
89356
30575
24534
72241
49474
54091
5932
88084
49575
75137
23279
71213
49533
20842
39102
16990
88037
59543
85071
43871
21704
98342
53278
57564
44090
20777
32849
25220
1160
28069
29408
78884
12560
65760
97621
54623
57140
33531
70287
91508
9056
76808
51046
81506
23324
78537
49614
33404
86760
54082
91624
97929
36280
6489
49755
24177
49345
55411
88307
25420
27835
68927
51516
93321
91716
51284
90896
78151
35859
77682
9205
31311
72369
82872
52989
81137
26071
20776
82399
98216
3523
65468
92686
13703
58212
7648
591
99426
407
86759
6886
51
48963
64430
12734
54408
75254
27333
46233
10374
64272
79330
37652
61414
27577
35342
34603
39794
35422
11329
22652
10415
26264
66565
39689
15218
80690
28253
23421
30447
19043
78382
85582
76246
88199
13353
9157
6211
66660
75496
23025
64514
19250
10671
8807
113
91669
52478
42929
52577
91046
51885
28158
99330
92683
53350
87465
65728
81068
17098
85810
58455
97542
32711
87214
25571
12139
43328
90374
24259
66772
286
86588
79399
33449
98632
89448
75149
28659
17710
15179
7470
15246
66711
12474
94348
81139
83649
60307
59778
23726
69183
28495
71043
21725
39666
46423
99952
87257
23794
37250
38450
51686
12637
96218
60922
39929
29347
54281
23139
2978
90827
37244
40469
98713
18279
24446
18475
48422
27190
64335
88729
32923
404
63421
76281
14415
30668
68548
99025
34793
20531
91875
1745
68069
30340
34585
42631
26169
321
22550
26869
41787
54095
82016
40066
15312
20690
29502
71645
56205
21270
56635
77289
16407
57191
38638
76335
37160
15015
65759
76014
44528
25052
14773
1711
38476
41742
31864
54488
31017
88110
85065
15027
52654
65401
64972
70749
71006
94244
87173
39087
41218
44434
29254
86783
62879
28682
99866
65204
73378
20305
31604
21299
76533
62887
30805
41163
39502
62920
40691
34063
61800
22262
19892
40760
14517
92316
39179
34289
91342
57592
35816
59922
3999
52365
46592
7744
36697
53851
66054
92207
62002
82195
87088
86368
21533
78898
65501
71290
87843
21520
12194
54678
17036
16144
83497
21796
78020
618
13728
30100
72033
41956
98512
27570
51977
36494
6686
93752
84756
59587
58041
10152
74147
86014
1977
69506
80806
14371
39256
3859
25956
93177
77081
20956
2269
88871
39526
8185
4254
55505
15225
44881
51727
92907
84346
30885
39945
62356
51033
30831
98655
90833
85059
41004
44662
8663
91379
180
56375
61017
68886
36568
57306
5770
65875
47090
24186
29780
13746
30231
73225
139
8913
68252
96383
37890
33273
74007
95812
34837
80093
99603
72035
82888
1365
68232
13051
99360
90239
92614
42081
57398
21774
31100
78080
61866
65450
28086
47053
51579
43093
83925
78483
96639
81681
70156
77284
90248
19855
31983
50245
31873
18132
27348
29820
94253
80869
69417
16189
57315
62413
45705
37078
44718
34142
53554
79024
45993
24129
17627
21609
92724
6099
47653
64749
62949
13487
11245
25178
38991
10036
61308
54293
36102
35968
42306
18891
97268
77825
48242
94746
7511
75493
8147
54813
19149
12530
86139
41970
25702
73467
620
85329
93201
12781
27959
48831
68371
79340
86922
27417
72542
7021
85987
3350
12703
17837
33208
28285
1274
43202
53019
33584
80444
41878
47353
37713
90526
54671
68086
21151
22062
15447
93536
39457
12544
4639
90882
13630
20514
5835
75639
56082
49214
63000
95675
92582
14705
19626
24890
50244
5078
52784
55450
98175
69818
39635
27897
96962
53187
41719
10725
27758
10259
79843
99925
51858
4551
7279
87040
49886
20814
45010
32000
69848
64354
56963
50116
31841
7445
28968
53300
26393
41110
92540
54684
65105
31453
80644
92318
36919
95110
7564
78229
87339
41793
72726
53730
30826
16389
78789
29394
34907
15725
88246
68054
74639
38497
53323
78298
59971
67502
56024
61496
58954
50619
30877
54753
3942
31819
32975
11193
25785
16697
69122
76646
56690
4199
9077
20110
86328
85046
43162
54553
98068
64688
14531
51931
65859
92966
46219
65597
86235
92638
82512
611
53866
8201
10113
8320
12841
58118
83220
69754
7407
54299
71975
89527
98010
26058
98114
57757
15903
27252
99260
70005
33046
89665
21314
37722
75056
90229
56920
44976
94714
95181
84840
39518
33383
58649
36572
75985
71498
58052
34107
16231
78191
32536
23283
35325
25078
67983
1067
76251
31980
16292
75888
36906
37958
30566
52844
29525
30718
600
16453
58222
13514
36049
34458
38495
83380
47148
31734
27303
12261
62597
41456
79283
59662
78369
12708
55698
71991
64504
50302
73863
8990
63868
15667
16454
4930
93124
74533
12197
72
49422
46173
17728
83457
53802
63565
44564
51660
28980
53692
65130
84334
74948
64267
56922
30239
37788
95120
49784
60682
69959
4178
84334
95463
70648
75117
76067
5093
14196
32073
25081
23787
52503
15336
66517
65767
72236
94654
40547
69440
94615
78881
49915
46379
51903
41983
36881
54702
53182
1738
72467
70201
43421
50671
8112
18913
8530
22129
17976
9081
33129
85927
58112
47335
81033
77967
38424
40520
9971
86905
20856
99143
2788
27296
35073
87257
32440
77952
65119
14535
99885
47624
5735
92191
24172
91606
21673
58722
61284
97982
6230
25563
85317
13353
21361
81810
8741
83970
69304
59361
63397
80885
56099
62736
70730
86179
24062
29832
96941
54042
59740
23124
76215
84472
11104
2945
44827
36211
64657
74384
80599
63604
29048
66244
3969
7179
24327
11697
10333
24921
63375
53352
4512
96668
81483
41229
21691
71526
73372
67000
50135
41708
36473
27084
36696
7535
37577
16873
55972
52535
98667
13810
66199
85812
22202
3442
37634
22239
12489
20127
63783
4851
79319
94894
23798
6417
59876
8577
89701
80146
95111
7114
89281
1453
11536
55223
58081
92425
14994
58973
78942
92641
81226
22337
76876
4922
74540
55423
66969
97766
37764
37290
55009
27857
54829
75025
16704
16044
82159
5513
23154
83972
18910
90131
71953
25202
62952
95211
79160
5709
32787
87493
81879
51285
75436
30074
15473
4215
67169
59800
70433
21997
48639
21624
32435
93795
19331
14015
89874
86742
70734
42970
3224
88302
31787
17855
15836
25715
51886
32507
43976
85064
95450
12278
34607
84820
97583
90740
82035
67618
22529
16116
19775
64568
66224
5122
29534
30586
41946
55282
81462
77747
99790
54924
67847
13886
88435
6588
71377
96743
63025
98516
21828
15565
92959
76099
13610
63719
3155
20509
79932
31432
89881
75329
29961
46659
62872
34857
45396
89416
71723
93503
18747
73231
64650
47122
71817
34423
36516
90398
73378
23665
28742
31161
75550
20967
7424
46008
83542
15287
7197
36133
86789
71842
90906
47741
76796
2273
67808
63610
35454
30555
30649
19192
10034
65107
21596
58268
5197
58421
78287
76975
52648
41662
70723
14714
14588
67015
92226
20554
57895
30290
31740
49094
63642
71514
14131
92769
65626
81076
99878
32585
19252
55382
95527
20994
31228
69009
68068
28846
46331
39028
9412
17048
71107
36842
18675
91148
33964
97587
28373
19679
44194
20704
98900
60231
54167
78678
49341
86843
78225
65532
31115
77852
93648
44980
23161
96055
44487
15622
71845
98620
71141
2717
12602
46616
22172
4660
51997
5577
11584
4018
2840
28451
672
49459
45100
11993
20958
70562
21379
83901
6576
70976
79342
87016
53721
57110
9271
69083
33755
4856
43388
25999
41502
31998
19426
96403
89629
59705
94378
80521
89343
86085
27806
66729
72806
36480
49263
72236
88382
94610
76363
88639
27654
60
31074
33799
10452
74973
70208
44700
11106
80693
71392
51891
67302
50528
43581
4187
86235
58702
26114
84278
16176
37072
11230
82177
50228
88013
17343
25717
53255
93742
63432
60327
55309
17129
53676
54203
72402
47225
23028
64449
85436
59721
73938
58917
14356
36270
68450
95532
81773
55569
13987
9519
20559
78571
34455
17733
4317
29040
14098
54364
88131
15855
90353
41459
75961
6542
53430
62173
79877
64003
77698
20926
67025
38304
30544
90814
72239
45862
63191
79478
31584
89767
18426
78062
9865
4026
15172
48157
13094
27806
90807
67338
48318
92073
53398
88226
46791
94282
67664
78530
42754
83194
54197
8925
32701
51862
22135
55396
80381
71571
66152
30792
29655
82227
82717
97372
37309
91263
33036
10790
17240
86284
54698
57166
17600
47357
29280
44238
93424
74854
25706
25142
86177
8562
34231
95544
56340
32679
79693
47622
73960
89833
75617
31424
46243
97437
69379
75706
14195
29271
49185
9306
43455
75749
82324
61249
84337
85116
5843
3653
10001
37440
61278
67891
6783
1153
29318
90330
21249
1767
6267
24122
59808
68419
89210
200
6465
71451
15940
79238
97458
90754
32609
29743
55125
81583
96047
78673
19587
96107
72308
8290
21719
2870
6249
57874
32292
28572
93323
16346
98790
11979
84510
47576
17237
22833
18194
91516
77162
80324
87082
61541
92014
35671
98046
44157
71456
56778
42502
67525
65078
26404
94161
68066
90242
22725
78087
22983
52113
76391
60907
60426
40267
20214
16908
53132
59303
98799
66473
23989
98050
85141
45930
98933
19827
10376
71885
28382
54891
1668
6841
65019
8472
54265
29508
77894
79140
39879
72414
34438
43723
50576
81236
7697
10092
9263
50432
14370
11372
83978
31278
58157
6118
32319
32660
77293
96175
17201
19838
28578
86590
4762
5223
5706
29237
40893
26451
87908
99881
13632
58856
38077
82941
97663
41375
21129
78908
16358
7326
9998
47087
36698
95742
49224
25647
60080
24997
71179
70741
82737
71899
42934
28988
13024
50701
31480
1800
46461
58838
11224
99913
73565
93459
89610
34585
84929
508
9089
86106
27368
98521
77462
24218
28155
2311
79821
32829
62754
16864
93017
91252
24601
61938
43762
28335
60712
82333
99405
62791
10188
96855
75249
43486
4289
94793
72372
11260
33049
17978
19790
87923
8607
53356
73363
39612
76079
88661
25074
19388
98618
22231
21689
58014
29058
44294
70566
17948
26117
70589
56172
49545
47372
85006
93132
96289
35602
78719
55121
70141
11956
52670
70100
76156
13861
12368
30036
1859
81481
30717
67980
24599
34538
84784
89165
50663
68856
8827
6013
9420
83986
38721
54529
37397
69304
6144
21523
67755
61669
45437
73072
25730
79841
45169
4048
31427
24354
3005
53321
82331
3516
353
33561
38905
79317
41221
25553
75767
97211
18219
1608
36170
93605
92426
29168
15943
91487
85330
85929
24944
28583
75536
21854
66209
66997
986
33829
36783
46273
38324
21378
14885
12202
90791
85082
33269
29859
63454
42705
58813
57228
76078
41916
71233
56709
52263
33789
11120
82628
40747
43755
87700
68626
73472
13188
58011
92050
88880
44236
65335
39164
56825
89073
2795
26635
50039
45081
57548
39519
82907
61721
37820
78909
65664
68517
30312
49663
98412
66477
22593
40207
94110
56502
83961
88006
87938
37672
74517
55928
88730
17983
72572
37361
36031
40536
69406
14242
88913
73523
91257
25263
21655
61774
36148
43267
76956
17445
18527
2197
41762
98154
66002
34552
58745
51579
26977
82704
30776
21567
17984
37130
22613
49300
48124
34966
21457
6541
68333
93933
32395
65801
91524
83662
59053
96022
56156
66838
14186
88664
44127
8138
72608
24792
97952
90738
98587
92025
8610
23695
27704
90715
50587
36617
54412
82880
83909
78558
47487
27948
28761
20456
79697
60923
35412
82313
92727
97992
30544
35568
57026
19437
70144
51658
21062
49426
90227
34846
48032
75047
38810
85860
65627
57131
84594
96140
83434
85159
95070
36505
68531
2396
12388
93121
92036
12329
37418
34527
13755
17805
96922
68902
81973
67584
20329
16725
55913
98018
46596
6679
14750
9517
2609
57617
36250
91853
28645
32409
26529
5767
33269
27081
38295
79268
41810
12044
84824
41592
47974
7571
63058
12434
90187
22256
29800
23364
36208
87393
85553
71769
25487
22464
13197
38633
11754
28187
84692
14839
23292
24630
1538
43190
48882
958
80862
78899
5315
58665
37990
9620
74651
25087
92684
66334
95306
12280
28475
63538
30327
6177
57542
94795
58818
67250
11759
58810
50428
60519
79226
39699
23898
32739
16361
92833
55923
99610
169
57893
43522
41707
10168
39495
40918
93485
19305
6186
87999
12268
43360
28923
42843
20791
87267
64424
22637
26918
61191
84344
50391
11558
11741
44616
10809
74130
38709
755
32899
65801
45096
66724
22836
51826
21382
667
754
1153
33349
2806
64180
26399
74505
60993
60519
20141
3508
16394
57811
64596
11349
2224
61385
85751
31197
91334
75032
9692
97952
55949
93573
973
33065
53267
60609
91792
7791
56519
90695
92512
2321
58038
62564
8810
94449
67667
34044
12786
85302
61888
44930
39895
60576
42936
81466
41730
52451
8592
12444
72796
12480
38247
94639
40705
20569
26150
49334
78075
70272
13921
52577
48888
47402
23900
38181
88332
35990
911
10029
61246
67536
30302
79184
89303
37285
6965
51188
45954
24819
72095
5520
66191
86330
53045
75664
61352
26143
50332
49195
54543
55079
89830
33009
48370
19762
98700
81016
26197
23239
52778
81380
5547
26541
40062
31344
21102
23182
31176
51200
83346
57317
51016
85838
55752
32942
34092
96989
29763
17802
5056
659
32723
17149
48112
8438
17080
14948
2862
67234
19064
78744
56690
70664
2813
66188
11270
40102
76103
68131
75028
83872
13936
2102
93458
65088
70786
13218
9386
40216
21749
58365
42834
95182
52420
42734
64868
72777
98139
43805
99052
96638
50012
17773
42239
81350
86238
15756
59846
49830
52681
42398
51400
84306
93285
45798
29880
61684
37364
23607
42600
86160
81372
76394
88648
42994
83805
24121
84549
97899
6048
79437
80765
14619
18106
70227
64017
28588
30985
10746
35137
3419
36492
20708
21653
67307
54566
1072
25424
75574
53180
66382
58734
50026
24087
3118
47161
4433
69940
46636
38847
17524
19401
24900
5790
57259
61834
85082
60894
56387
35292
6762
71341
16534
61534
4881
67316
59860
4236
60876
78724
44074
53763
33145
4921
78406
69584
4234
36900
37510
16290
6716
35622
41586
17236
61157
31456
70473
19659
51172
52306
5287
46689
65394
53261
75768
76830
84181
15027
94932
64320
452
75645
70830
13536
37839
50099
62501
10648
22013
893
2571
80704
76622
27165
8096
80491
26887
48541
14187
40161
26464
76848
29705
39781
26587
32793
12455
37541
74203
78228
9163
16765
9438
65098
2728
12146
98768
64687
5129
97458
32976
13445
84687
30411
70247
93420
14048
91283
31188
30433
57449
18023
57310
40414
28687
24670
66537
62099
11068
46160
43405
80524
98327
17050
16986
19621
48201
15468
55988
16625
44843
88025
40650
63708
92474
90425
61970
72828
47857
54000
75455
89597
59009
58735
49978
70593
18832
11891
27322
42382
52776
1321
62255
51634
1419
82313
51979
71601
22439
68088
17219
4907
71848
42280
4335
6140
41066
22523
5084
16300
40487
40039
33173
5846
846
59591
92102
328
77058
46723
14068
96314
24900
88280
51849
78974
88892
49265
6933
43214
35586
87217
84766
57667
37419
10243
3158
91571
9586
41468
71979
93816
35879
40181
6531
42156
30110
26755
67080
2174
58954
34167
55788
95032
64194
87732
97577
61955
41768
44892
3958
30775
72728
25989
7538
65800
53074
28917
66258
13330
89849
64365
44085
65952
34585
83116
5213
41040
66146
26338
17945
13126
8919
70862
98554
61401
2417
72503
1086
92700
32412
19231
33541
74256
63479
78250
7347
3082
92536
75794
31288
58878
22734
85813
87102
7498
88477
3798
46496
43237
80701
45648
4762
71878
71227
98063
754
5235
9302
12323
54295
2148
91381
13948
44775
40502
52294
50837
77438
88388
38369
5625
7368
92548
14482
15840
28594
96074
68805
79728
36741
72758
30966
99045
23843
8098
34427
50408
18933
53659
46120
66510
46728
41438
5928
87323
65311
48172
81798
40571
88166
52771
89610
38549
97884
67161
88766
79785
13650
21239
38198
59273
67081
647
78754
34090
42457
34106
31867
625
47723
90338
37456
99826
69094
81626
79532
72219
97829
56110
70214
39859
23811
24761
12466
67711
24796
93761
86278
30797
22872
87340
98647
77430
86428
18698
13386
61008
90909
40614
22987
31263
19529
42457
13752
36496
48880
46506
26099
64423
1919
66075
19324
47793
43744
50418
28366
47456
92549
56823
68957
93546
67327
51413
52470
23788
69321
84454
47714
13615
69836
31655
93858
23561
53562
59670
41174
88021
11879
75212
54992
93376
49242
94162
58646
9715
11580
60296
82281
47179
28712
38169
12775
7044
57855
21088
90213
88611
95296
78948
37791
40863
34316
78376
88990
89111
18778
40438
86718
40534
9408
81140
6557
18428
20918
66307
45726
64073
82734
77328
53342
61372
26808
33301
80114
37145
1904
43003
35220
82274
81793
63696
92679
65955
83479
85303
84969
68708
37410
66301
11804
51711
38004
31488
23114
51260
74964
19247
53791
1452
24198
65704
80217
15642
25800
78831
30372
58917
4058
20265
5884
94715
49263
56891
1847
47691
80987
40712
73443
26922
44025
96052
43717
62505
43962
30425
56944
77187
70672
74298
71874
21612
93883
79691
65296
79351
35763
75226
63928
29863
52876
59578
92742
11695
32465
10038
26573
11048
78519
93542
18409
83418
57548
34264
8897
61653
8045
31964
22742
40267
90917
54426
7475
60364
62766
24415
30530
11414
38665
77337
95279
39386
76652
38803
62002
95066
43917
11336
28662
57707
5071
2386
82598
27152
35021
15991
14493
16688
35909
13435
32770
31677
18695
43889
60210
76148
83664
77426
89757
66606
82615
9569
22831
78388
89117
97454
27135
51089
86669
99291
74320
86505
36784
39079
45303
84498
60839
12782
36262
88038
21593
43644
52733
30639
97844
65748
50280
46329
13003
84228
34569
1129
63084
35243
17717
58999
27950
52226
48913
68687
45492
94907
78439
42858
59654
85758
71826
6355
28370
5856
97905
50856
47118
59454
35181
82247
46051
57274
69022
22820
90652
8615
72982
81719
83488
62887
40175
81621
28997
2432
68206
88211
91223
67611
36683
43084
74886
15623
52528
12126
92203
91006
7850
8293
36067
85907
30492
50688
15672
21976
28505
93700
25169
35766
60473
98357
50032
7401
20870
34150
50534
76693
3733
67010
80801
55062
70958
55294
35461
95960
36504
60295
96875
81376
83245
22758
3038
88646
82728
59142
39764
16541
95432
51154
30555
57038
40958
73136
61023
48273
65576
63182
50184
42349
95327
23064
35812
31454
76753
76981
84780
18709
34130
97740
26833
58930
66923
85247
55099
65670
27778
4486
71277
61226
87385
94693
57546
57992
84051
56955
55439
75109
72546
25694
28975
56152
49764
95621
30014
73330
57938
2173
29894
95848
55266
12602
66217
52007
46035
78866
25502
64925
1765
10117
58016
85543
71514
74081
86204
91811
69119
86903
27015
91129
60489
2954
79503
53741
89740
76939
31710
24761
51378
89976
40775
10657
14555
62606
55241
59089
39500
23406
37015
978
31818
71167
4331
27349
17452
25773
27880
93882
35476
70940
21258
10939
10095
1014
40440
28538
40395
99066
50623
95
10351
83367
36580
47619
62338
81916
78669
32742
50727
15372
54146
66542
53138
26970
56154
22316
71581
69215
62380
45340
71811
22152
98274
88902
1446
11519
71458
57594
42885
21488
63357
24026
84236
87840
44777
10554
24902
37213
64015
276
31783
68092
43885
61429
34356
89810
30728
55232
1035
48212
35631
34771
77207
76648
64551
30809
28220
92052
11423
74281
213
73526
75541
81921
28138
99581
13346
89767
20652
6951
96618
84341
41422
84381
61325
34950
12786
51929
52303
11974
1595
42511
69110
12462
28197
23319
91447
77672
84864
2417
78713
22718
26546
59615
71213
19612
43078
86507
98204
89386
43619
30975
44463
21723
72428
93263
86895
54777
43992
38972
98690
62478
63170
88763
28398
45265
15026
49475
84610
70154
23403
62782
67552
30263
15726
48138
27457
94691
46099
66346
96354
39420
19499
61470
6462
41588
72352
79830
68492
33202
39550
97985
45130
51595
34293
69552
56847
29094
36939
42615
43907
32199
19901
89063
79567
11216
21226
55987
75618
2158
96666
23354
8738
77811
33260
26808
73762
67718
21790
17281
34759
93500
58963
74939
65336
28469
93933
49476
69423
19582
6784
82436
49251
30012
51720
87130
18646
41823
13088
83641
31119
20659
50010
7117
30976
75197
17867
75098
34923
60356
4546
88878
24016
14628
64602
79094
26478
6808
64015
9632
10571
25697
24836
61477
98886
21275
12388
15009
12127
40193
7869
19467
2102
13392
93438
66615
83285
5554
27572
60951
52743
21319
94481
99626
4139
42623
79100
39254
67017
79473
57953
58006
98294
31712
82186
99334
76487
47372
45048
16348
7025
82896
26106
76561
54578
49199
18724
6076
29401
43142
52142
39697
872
69728
15675
88971
71388
91707
82924
24967
86605
22690
79800
6333
14107
19980
4096
41934
47534
14021
45161
43788
53839
88027
28130
56722
73386
1485
40671
72387
92857
5715
87552
34466
94149
86398
99842
94523
88422
96237
8422
42343
80356
18790
61950
9284
2756
85835
67179
46237
56650
80794
73107
8675
14284
58868
3477
53854
13281
25841
78636
85548
8769
86660
71149
46773
27392
76721
32665
87313
81392
71408
56173
47782
37748
61642
20519
35570
20165
16870
96432
57592
20267
20487
30290
86553
36157
20764
35835
44308
93583
52769
55304
59829
63014
71192
15579
79697
82730
95352
41261
15667
51507
79779
14922
53008
55036
60292
28368
18810
30245
83212
71298
69931
54065
25922
38800
22631
87408
47570
34336
77225
51116
84019
9288
29493
35378
20179
6227
84916
69380
43021
45221
42924
37593
75462
66147
33497
21608
67226
15209
56808
81241
51872
39252
80281
59870
46753
368
28371
4894
47750
21426
94166
47665
11412
1918
55590
25844
43863
52575
51336
1814
49719
17028
4699
20241
72994
11153
51782
6507
15531
17352
25995
18484
27374
48941
55886
31396
41709
85374
16552
33234
6709
87749
6689
23327
55576
27890
5580
2597
41768
71167
15078
89059
15541
55724
884
52043
98030
55996
81823
23213
53800
59849
82510
20244
94996
30664
10976
46041
86856
4834
38532
35649
80225
58158
7765
49449
78191
90301
60091
43752
28420
49557
20212
99508
67324
62144
79789
36991
12731
4838
86563
68122
59069
99710
62482
74669
1848
43331
7377
97879
39222
98070
14063
74470
81298
96940
34480
22929
32922
5567
72656
22589
19413
57242
45611
11168
41898
2724
52941
59761
9636
14367
35895
56152
45079
15363
4130
29686
35781
89197
10788
23630
8767
68168
95467
69382
38608
15227
4150
82938
19607
79557
49053
45998
45345
1313
57062
70968
8251
9689
84935
49743
19506
82882
71478
99375
48852
50738
61711
13350
1926
77012
55267
15866
13001
91102
3755
46016
8588
76096
45488
74443
29117
23444
40481
47981
80381
8719
72611
2860
39126
81521
73172
78015
61274
89267
43662
53139
95252
44886
8265
58464
91426
2667
34480
60870
17249
55680
71851
71470
60416
54983
42926
11827
90869
3516
24616
16335
92473
5644
23411
8547
85036
43621
11511
70160
85311
65093
48738
68145
72459
78842
9257
19086
11358
64033
30985
12343
43513
76724
49676
70179
45750
55575
57354
72917
63250
53465
17439
54756
62830
93831
43224
41671
39438
33315
44523
51012
13706
2757
48130
68083
35810
98581
4163
93305
83301
92378
65518
11446
55634
24421
58931
50812
13719
25190
38525
17720
98814
63614
74900
89436
69841
21319
79213
13414
27330
83319
62694
28680
23543
53389
45643
93546
79921
33081
10673
94375
63856
1350
85186
39300
38889
47447
52905
1243
25162
29294
23850
11985
15576
16946
36136
87258
43685
20547
174
65726
89029
90781
89859
90174
81243
30526
88123
23659
36024
71307
64957
13384
42076
44492
73917
51486
65754
39400
71842
42564
68679
53382
47149
50616
37195
37397
21749
46385
57102
65677
22439
8204
36822
57595
82649
58871
55408
72170
30499
89031
96269
38486
12609
92199
48434
62663
24049
95490
87085
29041
94770
61250
43051
28418
38336
82564
84918
30784
90563
88172
31071
20889
10961
72314
29673
2657
52296
41966
29078
62582
99893
35331
92063
31952
30478
90329
15860
2596
45196
50864
27565
48986
8058
78713
39896
23878
7322
56126
63849
93812
3825
74011
37743
33807
29997
73307
23982
41326
16886
53672
39273
9423
60423
78287
80950
86643
39970
14790
6715
11028
77549
59536
69424
19589
79609
56558
249
64347
24667
89106
42912
21420
1316
32171
92723
98543
61645
14885
26666
46104
42116
96481
96671
44870
34176
77796
44859
46310
99103
85780
58706
21465
64184
761
17730
63173
40489
42364
55558
3561
65266
26166
91478
47423
90527
16403
12441
63876
73258
45812
76619
55366
77478
57315
40802
39305
84069
44307
93228
20267
65503
92279
45966
16290
97505
38472
13617
49391
42865
5073
84158
50797
86529
55414
23156
435
40826
2775
65128
87072
5990
60709
48714
81805
4609
89515
52314
52039
82278
82412
27884
65007
55136
72940
92240
37815
76731
61523
54242
43040
35595
27684
63920
71197
51323
69330
38152
87034
42390
34945
46840
67465
6668
52024
64456
69074
73911
95035
85792
13883
45616
74438
14678
83738
74851
90894
44854
61532
26236
20416
60527
87948
67570
66914
759
6487
83032
17082
50148
15013
75022
89335
43408
21741
40057
67887
39428
69832
26726
78710
20346
42422
59512
45853
22183
3611
42249
16785
54598
26821
55912
37409
52192
58686
94272
62750
50271
89390
6784
51672
39156
75875
26789
95896
85827
21447
97030
66068
86657
88302
60456
12079
6269
363
60715
13679
69555
35045
75249
8031
75854
41554
59749
62470
72576
77414
80703
33242
58890
35335
41727
50029
73078
98453
79610
81768
78012
11385
64942
18439
55695
37964
97512
95033
31246
9734
64260
54917
50308
9074
36539
1355
92336
24577
70201
4770
81429
40528
37499
17510
64073
8241
75049
57168
29150
4794
29718
57721
69748
84255
714
36093
68923
44017
94184
80607
44175
2702
72207
33771
12366
18674
20180
99741
75073
66895
92727
98540
45305
85760
31540
87494
79903
92807
36497
37757
60054
63269
94925
89561
3773
50158
36680
48370
36603
38199
2752
93152
89746
19767
66294
19257
79968
23006
63807
44803
54398
88336
83193
913
12515
68240
96575
24987
45320
20616
38171
12016
61143
46667
51398
59079
92374
31019
37191
95271
43913
59774
97344
47841
66526
65328
90832
17857
34473
5486
70385
63409
64133
50696
63252
65239
19924
91629
86383
5696
78459
86902
90031
76794
71423
10588
34210
5447
36407
45197
10604
90432
6819
26806
18666
41945
18155
94405
47146
45375
43646
23734
67355
14664
31823
82292
12681
50486
81335
501
52634
70586
86370
76252
3563
3254
79171
51116
32079
12195
58838
91632
96191
98095
20981
49442
39307
40793
13737
96772
50761
41182
1882
62327
27876
30145
55268
10231
44448
71970
70815
78410
76396
12628
61515
57250
78314
12242
60490
77075
21904
56848
69850
23119
137
45639
78854
22444
30450
83957
89758
37156
98498
17795
3503
12186
11296
8257
3952
37222
93599
18852
52562
48826
98578
98543
66470
47817
37816
50909
50707
59511
88822
12864
36221
57251
62874
36121
57418
90164
73900
65971
58970
55433
51257
43527
40233
69708
72646
93031
60783
94293
92853
58128
15017
17173
82572
55907
34229
278
70012
80414
42854
74447
66341
38645
92314
76651
12858
84703
50296
35158
50716
23426
39853
78997
81783
77349
22514
19906
59419
81047
29628
39021
85060
32365
69179
4671
39042
19349
9436
4484
88861
12208
26770
43605
83291
51408
71120
62037
12167
13771
80725
43230
60630
28410
86067
67943
38486
93175
98862
6189
27610
83234
24802
9868
950
6890
56212
24006
38006
82002
69349
27003
62218
93691
79592
7488
12661
19149
10627
22843
3012
87407
2933
18030
28867
17693
9352
60570
75942
10555
63329
91780
90421
40078
26913
3579
77910
65054
42566
18643
57830
25498
45048
34690
91859
30535
50873
72653
19254
25455
36639
30902
31014
95608
18627
94046
11704
14315
63881
52309
86928
47845
56046
45585
27862
40338
28166
11230
17064
44912
66739
93940
6187
14448
75709
91000
43781
96995
6295
12752
33381
24294
37032
30996
4671
99554
65919
68012
69700
24068
77916
16830
47421
32355
96922
40213
24602
25687
34864
53280
150
6108
36639
76216
76478
22721
92512
43137
6378
32731
53352
82696
33625
83755
16853
73289
82927
36851
73277
80470
68944
92711
79006
79601
22528
41951
87789
46708
90838
39141
42880
9631
69667
65108
74841
36195
630
83481
51013
50700
95066
6272
34502
93979
3145
41745
72998
4173
29620
56921
37802
58752
14639
78585
75916
43750
43831
90156
65344
840
61361
54308
91893
40227
43774
94057
67798
5902
23330
57878
56488
70710
11099
47568
26671
50209
78539
90518
97235
86768
95638
88760
66197
38266
19012
63439
47667
16282
28296
84444
88297
76777
17327
21014
45487
46539
29589
70115
30347
92592
4535
51804
44796
50955
13873
26304
19520
28524
16875
75433
14071
62467
25631
38999
67586
56328
35587
3698
7880
35921
33285
61302
22568
76266
53243
56029
63846
40501
84692
74320
81399
3775
99231
26110
82370
31776
32397
73587
19601
76049
49429
73415
61515
45379
57747
36507
62228
54578
83811
86370
50478
20263
7574
67447
11114
11211
69101
21915
63356
13054
24638
24876
14123
21812
40945
11439
15519
60349
63026
36173
59921
66251
89272
29499
94056
58020
89035
34822
39857
74199
76982
87313
60208
42171
51810
11143
39896
96895
29170
39758
90044
51377
14639
68351
75643
81591
91653
96443
49278
10883
32178
72933
55992
37586
39636
28068
44605
3223
73963
92903
21918
87298
71354
91183
48217
24968
18591
88674
65321
45006
60657
41351
85863
7302
42258
59353
70951
95487
32425
52125
69918
46824
45746
65335
24974
23538
65993
81730
4149
90056
63187
33478
9257
26613
14101
26705
22723
53424
28848
73461
70100
1206
89157
75460
90129
6393
75137
57722
29616
29468
72779
21725
17106
74252
62738
19233
91964
40431
33179
80653
57736
47990
31277
41776
65634
14404
42432
83661
24570
74861
902
99721
91996
14020
32019
90863
19835
39995
94729
15721
59040
3603
10763
51848
76501
46565
91086
93719
53489
22062
76033
50057
33051
60225
46626
29083
68543
49586
80347
89044
80061
53677
44002
62675
18008
25213
86984
16952
73614
64018
58286
56200
31987
64496
90593
94378
34284
9828
27199
94783
67681
22761
4080
22394
7840
71983
64210
69996
41237
15836
47766
41088
14296
34619
78800
60900
98526
49907
18066
88766
27248
56537
97685
53475
65846
27950
41356
24915
39269
13968
94164
54146
35384
16305
54531
54635
32196
21289
10134
25016
87282
75709
9927
37875
81181
66052
92065
65843
21577
61563
98938
49878
66869
14154
97424
75071
22079
72238
97389
99913
96631
18195
52540
66798
79876
21852
8030
67530
53708
39834
87503
39305
51431
97632
24655
60732
45519
76551
72329
90130
38204
39696
62167
37456
16598
57947
71091
70230
56768
83332
19107
73987
55921
70868
7751
85304
44150
63598
87894
94692
91278
87389
88639
91907
65496
33785
70404
9529
34393
44314
93613
31661
18170
46078
66165
89142
82073
22302
54583
99966
97592
71003
85985
1465
65120
96203
95281
32523
33301
88341
18933
99387
46192
63808
11682
98047
69319
59461
93326
39794
37857
38342
46025
80454
78849
41527
64658
71954
70946
55116
82478
83537
81909
3773
89926
93184
43437
43770
526
66291
84825
53281
72664
54073
52174
7659
80840
77430
75346
73576
44235
23829
28397
83843
2901
94464
35426
9284
91997
46954
84291
5687
3418
39521
19272
5641
42128
53981
56078
76908
16581
84421
5912
67292
223
55602
84421
20612
68060
10060
26533
11912
99160
81174
5016
90659
65059
79296
37274
7796
18731
1131
72026
71615
5538
73171
58478
1886
89883
87346
39392
25166
24519
35856
88292
42249
33284
82565
11394
91845
43033
57342
88354
68766
64393
45387
34264
20669
71529
85131
30161
9673
78730
26091
31682
48754
42168
14738
63040
49406
65302
53859
97837
27100
34814
34459
87111
58807
71824
95037
39172
65844
88274
17008
10955
40945
1790
6706
75640
85721
47261
29735
55177
75361
82970
78488
36793
52878
6068
46953
12710
88204
73405
85074
53494
26070
66702
50319
90219
58148
45487
32487
72325
58890
52860
14762
83472
43585
17606
89927
26251
77270
31460
64471
60117
45441
38860
30032
37095
18674
79739
52225
48443
93351
32251
2222
35273
25185
29394
38977
15990
65450
69008
50966
89812
80187
77581
8950
83463
76820
76106
76384
96930
39119
27467
84170
46642
85894
82259
85446
6159
85910
96285
84840
1046
51169
64874
49895
10901
39872
41318
3600
88790
4095
15481
18376
64137
93701
19878
93477
9689
18484
14057
53826
18885
55816
54773
9472
37141
39696
54072
3617
94865
83480
3197
29770
22951
44768
86372
54143
85143
58251
38274
89245
887
57434
26539
2464
86951
82354
46299
70696
86652
90293
19369
16523
71694
75250
97562
83570
23134
5093
52912
6121
58109
28389
3385
76658
38418
83332
15815
79793
14015
93911
12490
15341
36168
41395
42713
81350
30357
98688
92830
92712
25068
81276
40974
30349
71597
71295
88530
7599
36025
26702
98585
10071
43804
64073
89365
35563
87875
60892
69727
94026
56466
35416
40406
4557
24214
21963
60635
29753
13347
13740
62099
85428
35890
53172
50742
6277
85135
66841
91271
85698
33347
68250
58249
64689
2134
65185
67668
40720
11906
20329
1052
2988
78066
60492
66137
96433
3010
91333
77490
19260
92606
3206
64628
40433
92649
9553
34560
32291
29713
81202
6434
8176
38905
68567
81089
95179
88479
55586
42473
22512
27516
71347
71331
40474
69770
51236
85881
32215
76625
6972
43700
70201
41125
46205
98428
41739
57837
88166
40193
56246
67432
11055
78402
34198
77319
79368
310
45050
10479
57277
85844
1572
7357
24455
73407
93732
77758
43710
73428
80301
55589
20789
30397
48766
42123
45117
86342
75455
46176
87038
7168
22124
84979
11894
13120
20713
82906
53577
66223
53267
25001
99819
83492
96015
107
42820
85684
74876
36793
73353
81158
1670
19152
94172
60450
92485
6672
35804
53365
6284
12812
58692
90573
72385
8492
88049
56082
29605
41781
93195
23622
77069
32110
9186
17500
67571
250
20551
40368
45296
77484
54354
22719
15166
25957
73848
34519
63309
10450
10618
32228
50834
6137
81569
19749
60424
6599
87547
46915
53489
57269
37324
81255
83888
72944
34646
65945
40696
50064
94699
54327
80347
90568
7189
50519
31982
56374
38863
5236
55212
47098
66722
53791
83539
95251
85580
67597
11051
27982
37659
63916
56193
78431
6273
67401
75245
787
17586
60417
69043
86940
55011
5852
70310
86890
52621
44775
84592
82762
22635
60634
29597
70357
7452
9521
52041
2661
29019
3432
82824
85013
12848
55987
85679
48149
20629
82441
90320
39397
32185
11272
366
68662
2342
10198
39447
99495
85003
76978
77839
4981
39537
55784
53513
88973
49704
57225
40895
96001
15896
31016
44171
28238
2934
36274
63228
3796
10083
49712
71903
57660
51556
64350
876
83633
99094
39779
6918
45748
13872
382
34197
38757
33775
34180
26615
43682
63439
58371
73276
69721
36315
97784
34239
31177
83721
14258
16610
52505
54262
18166
93503
9035
25010
89122
84021
51957
34248
40225
69209
40080
59661
410
81860
33958
45253
84439
27316
82937
91299
43110
10673
27066
76332
15623
43200
36143
23975
31701
6542
11760
38437
25832
95939
13660
79838
76288
23711
32373
97065
18088
19189
21685
54915
32192
9149
84676
61793
1152
69015
59276
80488
73136
90598
3827
89740
98205
87715
65991
18586
29899
81021
34970
72018
85465
13782
79789
26892
96503
95253
77649
55614
48876
65063
49315
4272
5821
23890
55622
81748
5864
17751
61370
65348
79727
20596
84968
30324
58562
25484
14496
41423
78200
88800
1918
71295
9881
88799
83991
57752
52596
93621
48798
85908
4587
67032
91131
28970
56754
98590
69163
82745
16568
9788
37007
15480
78972
43379
71831
95351
62694
60878
89846
23606
58736
76720
95023
56928
73836
64556
68125
80173
69427
66004
3345
63421
91240
31003
77199
69222
67731
64560
17349
57338
78115
40413
51147
76717
45234
5370
52011
24401
45016
37690
9817
59145
2646
74793
6453
63368
69701
2207
91555
3800
20907
54853
39822
5288
12251
22566
47511
55907
28839
77453
7112
88242
78856
25972
90761
36693
74111
18321
7888
47328
7925
16103
59000
15422
47931
781
822
68887
77767
2814
2024
40620
20964
28810
25377
10417
50323
68692
5746
75905
62080
53266
39329
68361
66003
13126
8081
88307
48095
28798
66040
171
25136
80828
80536
51887
26965
63958
54361
74486
35922
33284
84695
21749
77133
92469
98975
33095
94528
4756
78263
25526
69344
55958
33886
48862
59451
72854
77146
7119
82617
24292
4070
98902
20953
30219
28041
11551
37361
29451
58089
70911
9783
2071
40351
42733
84659
11445
15759
60696
65419
34668
75981
11118
56316
60751
22455
92659
20316
33141
69050
86718
79232
65400
71168
44574
36316
72830
25878
97579
56726
50785
51799
22251
11388
78015
78332
20919
4316
94771
29069
14237
64288
89449
92932
27585
76619
80200
43005
87765
44714
5059
91113
30988
53048
98260
61606
54798
29666
71031
16124
23410
70147
75558
66577
81302
98117
88114
60318
11483
25090
46694
65686
67815
82256
42197
60182
95288
84910
27721
68063
53310
20562
59003
46096
296
15196
29288
66797
85174
44707
3658
10848
26172
53928
16990
61453
64342
6023
40573
99173
57229
74515
48371
58752
87078
34753
20619
59225
87508
90961
81120
8372
75287
15976
97243
38680
18859
6495
32240
69868
39043
5180
18844
16041
71575
77515
29893
7423
48496
35801
20843
20427
26344
21931
20588
31483
97240
29951
70136
18972
57379
73683
90424
77148
41638
35499
21076
68899
79537
5535
47202
32441
86283
46494
70795
14712
94800
81200
73483
28690
35522
40736
60339
72682
67140
37460
71979
50911
33651
90041
53182
16359
83511
78619
55695
95883
86124
79681
43638
76879
64666
87652
1500
86080
29378
46138
29428
23729
99673
671
85777
48621
43646
3410
3569
59676
65804
64883
36593
85876
56501
56075
42780
9133
42971
76983
73745
48364
21316
18719
67735
98044
96853
54230
95059
16937
19226
74766
33487
8692
6528
92680
98917
26251
94999
59007
26148
90402
66964
17624
4916
65027
66217
68664
30985
11220
73807
40178
67865
21842
69153
34884
90168
13347
3522
76827
85934
19249
65771
42037
69437
39538
89867
32197
36424
24453
83380
58318
78200
10129
34067
81980
19254
48036
86619
46824
27874
80453
66693
98703
41119
85570
43025
35204
43686
12838
96470
65883
75970
92323
59950
2881
12107
40887
4167
98895
91619
6939
80483
91237
23208
23613
82843
47567
23004
84324
17287
19929
74317
44717
4898
66262
25339
51320
41486
45723
52538
15667
2999
81087
36203
8213
1389
6721
86905
93839
67255
8989
71476
88717
817
79821
44383
57726
45779
87947
38253
26996
62109
181
59558
88461
75550
39630
61825
17221
95103
13595
66051
62878
94828
79859
69586
65934
68625
33707
26196
87768
33193
90688
55715
10014
91519
88892
21574
52313
79504
10690
30379
60126
32478
42598
2049
9428
68805
1448
26788
45278
92463
7033
86553
73818
60632
69075
67168
69894
97557
16126
74034
24583
45825
86394
58812
99407
63928
8078
37284
49184
36405
91111
79130
40833
24891
69483
68790
44083
95776
46759
52489
49131
79450
23096
9453
56002
99168
17787
35139
88359
83391
60915
27192
97500
10807
78350
70711
81963
59353
97917
86562
34611
77717
20867
43268
27329
62657
86264
78920
29508
4113
20052
22752
39668
5964
12958
91059
83866
4426
80787
8606
17397
86786
26223
86043
99481
57314
52345
8406
97379
93872
76397
46335
51631
47505
63185
32622
63847
57836
8646
37232
93452
57512
13557
4000
92638
9775
98554
98563
53758
16185
48867
7599
87065
33948
95163
19756
19254
19197
37372
57535
34604
78586
67761
16986
67167
27299
82160
6416
50658
50071
22928
13847
32252
56821
65456
37642
58544
39406
67477
42803
69214
15607
93024
11104
2207
26137
43575
26077
38600
94324
69475
78254
47226
5632
79676
59760
85060
41571
17251
25002
80404
28900
55945
44170
31159
98138
57769
27612
26326
29084
74661
33488
58400
5478
14545
36629
47448
59613
55351
11202
36548
30277
29098
49619
66438
69993
90675
12993
69773
39742
89327
93159
81044
19783
13210
72656
51271
84855
16689
76505
80293
13117
49825
67272
22693
77863
78842
52187
97983
76621
31057
28969
71172
76535
96551
38801
78995
81416
75009
76255
91345
16304
39581
13013
65081
88725
4062
97366
63440
23403
48475
44969
92875
32895
65878
53847
63176
71498
60761
92347
64907
16927
56415
6397
47989
64719
6078
74331
91798
16168
47036
74752
39753
41139
36722
57800
29599
92924
81760
58785
18248
73969
1701
66912
48388
61190
55238
38090
15896
3718
93245
7449
48730
44163
97783
33868
35029
95178
75286
82167
15763
68213
3296
49204
29209
46183
57664
40120
17963
91643
92950
77274
77523
6849
64822
53488
77299
15376
81956
27357
96588
14160
93513
37309
62170
33983
98980
37655
60850
12338
39731
16382
47944
42494
68309
58849
47076
12823
85726
55013
68298
24413
62022
75657
64639
48637
78846
89547
974
87106
71768
54108
3858
18927
7501
92144
17898
23677
84278
99374
58736
67438
57419
28719
61616
40487
47118
73156
35709
98305
45168
95398
80509
90703
66389
66198
82785
18292
66888
21943
46835
2141
32715
13161
91631
89489
27132
43032
40883
62470
41196
18397
16618
45139
35626
7366
61829
3996
15463
39656
32137
98861
67119
35633
6851
74468
42298
93184
54801
55270
78528
62885
76940
47837
9794
53390
3540
53839
30943
15598
8460
66116
21399
83151
7049
91997
95526
96211
12843
56456
49736
9492
75251
98888
68614
91125
11865
44626
26950
1590
90930
53875
82725
97446
95186
18333
73700
47585
92653
61495
96879
67814
94267
2671
90735
69664
45032
85409
67045
34230
88545
15045
9034
97291
5687
13801
59220
90710
9412
71295
19522
78952
13808
33587
63354
72037
78743
23272
59930
32544
28749
84606
81565
27727
88499
97708
78198
81132
54542
36700
6722
8863
41360
57784
2995
8989
68095
43071
93379
33197
43271
52061
77380
1690
38943
37326
46389
54919
50627
55909
64540
12709
76727
80353
17364
21773
43639
91797
94320
46498
45394
99858
86994
5418
78529
24138
95562
35701
13614
67330
50746
79382
987
5944
74442
60548
13897
68742
39109
63783
9986
71380
18024
15754
97028
31651
66670
913
49051
21542
23996
13370
25058
57720
41115
2340
16365
21031
59117
24481
21685
23210
3754
15949
72179
42174
28361
91818
26618
45224
26598
34113
43219
70651
55935
40995
16795
34891
5456
10521
29626
81989
79865
5639
38722
27324
71985
56289
26239
92674
99513
79694
93689
38975
99240
59069
73551
38930
79850
974
97718
86612
48640
11252
19049
39365
70851
24651
57228
48880
25349
22535
72377
78808
96874
78499
63858
77435
65597
39518
19137
38664
86993
59414
88662
70046
62402
99613
18031
30849
17847
85792
75191
94826
92441
74974
91950
98316
24357
6027
64209
45755
8048
5059
93916
71806
83077
97403
53794
38283
29018
22580
44746
20427
45313
66866
93554
20589
14308
23996
54925
42847
56902
80116
22781
22718
98895
99684
64615
45579
60279
8773
51196
44835
29137
52037
86374
15747
76735
44875
70434
64811
33091
39006
13265
39893
91884
12392
69622
50759
96908
96456
9717
16423
24635
15414
19825
52663
90420
57058
3574
52214
67599
70169
37897
91630
94434
106
97483
94636
46530
31885
62033
21239
4603
77588
93000
99559
65897
83779
27506
38592
65239
96331
59866
89677
46283
99013
11794
96568
36676
4831
16648
18742
97760
13409
28302
42226
11894
42296
31646
73339
58496
54742
6029
87450
25013
75602
12372
37459
4883
69607
10538
28726
24281
40408
19017
12729
18331
48974
78566
67267
92733
59387
35051
57640
29698
9217
68627
65219
99834
44758
63351
10936
95508
81354
64503
84657
34600
59667
20825
44059
47752
41308
80454
13140
39384
28789
73791
30387
89943
68341
41455
61734
81392
37890
67314
60744
44919
20297
29730
76902
67574
70433
37988
23041
94339
29371
91959
24592
74328
52317
26104
99901
26804
90757
50947
30944
82312
89060
35786
50573
65462
12308
19440
6274
92034
52251
88561
7041
73676
90975
7169
92596
42146
30348
74456
29352
92635
40828
98055
85250
93636
31162
43758
55227
97863
95723
62127
55318
45364
79972
76489
49472
9312
52013
34664
3825
59402
273
82783
78517
18934
68649
17494
48997
40333
14447
89532
60401
13949
4169
86709
72186
35845
24429
76481
87957
46852
31882
86866
15403
30058
25574
13840
65430
60205
44131
39677
24637
69870
21612
33945
15333
29691
63357
69556
82636
37645
38993
58637
51292
75095
17297
74072
62738
88168
47428
11271
67775
37611
99000
39953
11817
56299
54046
19794
43038
60440
94466
82670
94830
24042
25764
98814
43185
70083
44019
27857
11673
43711
8739
22072
44374
82246
34061
22753
98431
2844
9480
99259
92795
95613
75824
35796
96989
87928
66794
66295
52471
91384
2614
26890
1285
51653
74822
84283
43967
88196
8866
2663
79553
49924
64401
82796
34458
28537
94718
567
26892
19017
62353
1586
24271
14520
5032
47748
41709
42700
89821
92074
64238
19651
48755
53346
50920
73109
92700
63710
12285
75932
39369
37535
58903
51386
60460
96313
35463
13738
37959
14053
26903
70502
80917
91452
13935
51219
94678
21862
54621
94566
43417
79278
12662
64842
18501
40396
36208
62907
34357
2481
93054
69447
76275
80210
54567
81063
67312
32130
55287
76834
8763
74685
95761
1835
55539
27433
59427
62046
78910
41634
89782
52033
12603
34592
32815
7697
75114
89311
53447
32683
73884
16553
74675
66004
72330
3286
14202
24539
26541
15766
45450
38979
24425
38224
64594
28398
15536
98547
53969
55412
8379
37823
7441
14877
10638
799
61336
35693
91000
42845
80954
27163
86494
99357
4391
62523
14170
85968
88312
47035
81217
56467
28383
76307
64525
34864
37550
9092
10677
88196
41415
30828
65548
54772
5969
34476
12655
38767
20858
86493
71786
79665
83295
32117
91936
10775
33830
19909
74267
7224
68857
46860
7931
89711
85273
36972
4922
55496
33422
58819
24708
60569
32197
33404
216
89159
6776
99630
28467
5219
26979
88549
30969
88639
5498
20201
64306
53863
38674
91478
44283
49053
97020
49191
17835
73699
26466
89145
86456
9797
38947
30843
18301
37028
20252
85245
85450
626
37083
40975
37148
38012
21207
99818
93102
79172
65416
31922
64033
35889
50128
4232
52145
99516
12612
55164
74601
15797
11103
45238
80589
68231
79889
64207
27648
93290
91202
63828
58720
47142
73533
44660
98670
80876
25990
30976
50191
5874
68378
67321
25984
19157
4136
4994
88207
18362
5928
27026
58939
89933
27902
12535
52567
73396
94326
39375
10543
30954
86115
48136
73479
61725
83239
32599
55936
71751
67476
20357
95679
39081
92617
29563
61136
6962
95168
67293
32373
92090
79323
28490
15795
71351
84608
46405
44798
3500
52736
25483
23642
81285
13828
34623
14378
39125
69977
32510
98342
96735
92437
15679
48701
88607
37466
5480
84536
20252
60211
24071
13695
16841
24387
66203
23347
30742
16691
61527
27276
31098
15180
45025
90905
65089
57736
53351
57607
29133
52269
92645
76413
65979
11879
8104
60850
62860
55675
65555
36082
61054
19369
1006
97368
30562
30574
6069
17275
78855
88588
26921
95500
85647
5454
32236
76415
75706
47618
27243
44267
82227
58498
90963
97773
42522
32582
32720
73397
95404
56215
43208
47190
56841
71197
82086
45122
89950
93299
30746
20882
89784
61307
37869
20805
4776
38845
56748
6056
95788
22261
74550
74721
73746
30495
32987
62354
91255
13912
12017
75252
88813
10562
34541
21212
54195
20982
70389
51987
73629
56083
87134
8085
84177
45218
69881
11934
80718
99498
73273
37564
97467
88726
67073
52855
52257
62410
38400
21507
44037
62486
77313
60213
44292
14989
80207
59554
73413
83655
99183
63213
62906
633
20731
39232
67218
80957
54060
25031
81525
22048
3793
96917
42190
25453
95493
53496
86258
84219
47306
78461
14833
43907
38834
88045
21333
41920
30093
38033
74452
89218
55485
76629
94304
13524
92533
35793
62589
74621
55948
67801
83451
74448
75762
45168
6684
14062
5142
86313
50875
98459
63441
40305
57789
55357
17437
36881
62039
27996
93172
77530
37205
4911
26271
85610
62515
20137
39847
6687
3019
74093
32418
90961
81200
30545
8992
95475
49015
86618
24846
11756
18278
5990
35950
54262
58072
93355
45930
6102
1567
45443
41888
60075
43691
98044
20061
17444
14036
78610
87668
28422
61959
53
93815
39434
79010
69442
69145
64866
43438
78696
94905
71460
56250
64869
9044
1098
17471
61986
56505
95139
41054
746
8465
96489
59504
95281
82885
42865
63015
31624
67774
17826
68443
18984
77386
19093
89053
66606
94611
17766
98461
4255
65244
52703
56381
84705
55379
27141
23894
98172
50234
86288
71132
61080
56290
15649
4437
60855
26802
30027
92097
6521
28491
8868
96388
49666
22370
85602
55555
56203
11677
31552
41455
81683
5777
7557
34191
11889
63093
53340
79477
75327
902
13154
67455
36403
10870
907
93769
14713
66739
22286
66942
69927
87619
37274
99137
8773
2073
93521
18009
85850
36939
69111
46921
81132
28781
28553
87245
27705
91594
66771
52921
52583
93129
91346
95477
2243
59685
63610
21540
66885
2576
80968
53201
59136
87648
54764
31053
21848
75814
65167
91226
24942
22465
28138
16476
81205
9861
33100
70703
81879
49436
18752
74806
47302
89806
80545
67495
83798
26856
21135
98025
5769
45594
72427
9771
46216
32370
48725
37824
22179
39108
80697
14638
7927
56617
56488
9881
95271
52274
95047
95379
42663
89698
67849
70087
68313
97664
67418
87470
58380
77944
53229
9041
77821
86930
98788
82523
32260
59918
9033
85345
11858
69681
36767
64989
30046
60192
82261
9449
48791
72417
30410
59873
35661
3807
30818
73625
42343
25804
40186
99483
95881
15804
17795
458
38689
13533
29335
40953
35511
88399
89735
82304
48610
11307
2945
58992
54386
19649
97911
57189
84923
29159
70480
15736
9252
29212
63717
51464
50980
40104
1144
17211
84649
68928
1123
78034
48433
8691
80625
83224
68553
48075
55325
18421
59801
73345
84586
4652
72945
67546
7653
63431
81084
95067
18238
33993
62132
76445
65917
76666
14276
51497
72621
97331
49574
82229
86865
60307
58349
57878
12188
39197
52643
19142
83109
25463
1227
40957
1915
10093
36290
34693
3218
48886
50484
41833
87734
37757
92831
17761
48504
64978
1887
93331
10068
19426
32757
19971
6898
55040
6391
90828
65328
6386
24871
40812
48418
74840
8309
58091
37835
40094
70781
55688
50326
34303
2794
44522
71882
25206
31342
84135
77680
1619
34926
88664
7772
40958
41827
38675
66791
30033
88979
750
62093
91302
79057
20747
8635
21074
79514
4010
18513
84447
69432
53773
31577
75829
27264
6968
60439
39771
90305
54081
94084
48217
42265
95506
7124
2657
65437
89253
43885
43328
23661
51817
91039
91186
3149
88234
34702
55171
22339
25807
48710
23686
67642
84860
39558
54664
17380
99636
42957
5518
94631
93917
81800
69904
51966
48728
83598
26679
61372
79932
79823
10223
68903
13998
81806
97091
76292
65321
25076
85402
4297
81455
3229
13634
74240
56898
74135
39567
87898
2560
91971
59116
39889
87537
19327
60392
77657
45022
42358
8584
48132
34142
48165
4431
69743
57592
2594
78218
86448
35550
13710
8638
67020
45224
97445
27011
42142
75189
36420
4803
86797
80708
41077
60973
77664
87218
57052
59045
35931
32824
75612
35401
41249
55933
19935
25320
70414
18570
36923
63824
20707
668
73893
87328
79085
8932
61218
26584
63117
45092
45005
58528
33465
18923
55580
74294
35655
24300
82100
21603
9147
8121
70955
33241
1582
44829
16451
7377
5881
10759
14304
66215
58441
73801
32635
56454
22890
34240
22914
7748
18643
63739
87688
31581
14872
87526
97996
42984
89089
55801
99130
24329
38528
17596
77635
78555
85952
66794
65529
3923
69760
49202
21977
55688
83415
20157
29277
96594
22610
5524
12012
52087
51590
62106
26121
26389
80734
91275
36718
76507
95869
62980
62985
34746
35037
495
81550
61181
19871
43166
40814
72176
49932
77979
73345
52480
61670
40920
95472
1307
97543
4514
242
12475
84057
12974
40265
18139
3332
86731
74684
77759
22245
95417
16996
18457
7724
89862
72093
29925
19366
22593
45736
14955
75264
63747
35917
79537
93536
11134
63486
36219
22915
93062
49781
83633
83596
41690
86893
10476
15821
62720
78070
41390
27095
17918
65771
55506
41367
99241
75904
7268
68926
25094
60519
9155
97098
55472
66619
31813
85516
268
36358
20516
50676
74545
40710
90630
69202
55273
74984
8365
28995
15144
4659
22391
56333
33132
8177
48765
49871
70125
86645
14238
86584
69569
29907
67951
63461
35990
56177
8060
25165
95034
96271
53855
6579
41768
13985
73670
33301
66703
10719
24776
64642
56690
1922
19145
20284
66267
91915
71247
61069
99306
93054
62718
85771
61231
60195
89855
79732
94583
26590
98083
75931
37218
58561
56993
51462
17227
77557
45473
59031
9037
53634
5302
86769
57491
28411
14539
57041
17101
13064
18789
4421
8473
70066
35524
10153
93381
19059
68157
65707
13917
89183
45241
16055
68392
82352
53063
21311
85549
73216
34288
3300
70081
39362
43369
79425
68787
70535
90563
77252
78318
84082
47985
47546
28348
40188
91950
76386
98654
13845
22559
25250
77744
23524
82895
50567
50352
4877
77094
41788
99150
56155
10469
35424
75446
63637
68213
92064
74558
40250
4425
50488
14838
22882
51405
76968
