74844
21057
57672
37233
37974
3668
42242
58653
68466
38290
31363
86160
54745
62000
52919
83270
25050
53654
91855
23592
52464
65753
98974
63499
87656
1917
99063
20721
44391
62135
65397
92703
65986
53463
67938
53522
84626
24791
83009
96630
82240
69722
13753
45240
14057
58008
21663
29453
99216
40410
5076
2952
33801
35540
17611
30358
11893
61563
97434
30230
22099
35443
9217
30176
75610
29507
6462
44016
54775
35529
45508
97020
84571
6416
32994
28468
31414
5760
68003
11081
21115
10763
60317
19649
73402
84889
19817
36287
4945
45855
60184
15045
23804
48674
57559
84554
88589
1935
65048
74719
23909
72850
30711
19901
3998
86879
99511
81696
83194
80700
47556
44758
1877
28347
15163
2757
96851
13101
81500
64482
10918
43273
37008
58156
45789
92749
65290
77279
95333
15232
32007
54606
22538
57581
74510
56622
4071
2661
70152
43225
16223
19530
18905
13214
48508
94539
79704
88337
37671
90836
77711
31783
65281
41008
47097
17109
96236
75340
28959
15057
83951
95017
75621
71684
79636
16902
30045
27708
7096
61616
53716
5165
57924
50985
66476
41092
11268
90963
60132
29868
26669
42550
20799
44001
64446
46143
55568
75072
86963
96559
83193
6026
8839
6328
37828
38419
99195
55399
77472
59529
654
73940
90420
65488
1530
54287
28767
40470
11992
23569
87526
18730
95788
32216
54828
65992
67309
86540
12727
24499
30000
97460
13063
36491
66902
88555
47700
81824
24624
48997
31755
79254
17233
22062
79157
14278
4735
32317
32833
9278
63691
89967
91914
66364
55906
66256
49183
30716
1990
98701
66957
69595
43885
25638
90596
25024
22185
34259
71822
29755
73306
18561
18496
20379
74164
8713
78565
74465
44234
63791
36666
67737
86582
51613
9315
47647
24796
48463
33073
28588
90054
40381
43774
82317
2466
28241
84883
98768
68698
29582
85042
44892
23987
58984
75925
29894
5446
52418
20698
73562
21999
41425
97768
82354
4059
14472
7875
75364
85044
33841
48258
53162
82493
76612
67312
9431
95224
63950
8913
74899
47643
35982
20455
28861
8753
16083
41794
61608
60444
15833
34053
81354
87979
79285
79460
59274
29596
49386
86284
41958
42894
10866
61344
43059
49391
79592
22446
59229
15535
91305
34250
47932
56320
13194
31839
87959
57104
5795
73797
39508
73576
31669
25630
50085
82444
73056
7604
26441
43032
80909
7156
71316
83951
93462
21521
56691
89527
10872
12372
2803
30555
73831
25277
11857
83149
31142
56732
43383
91598
26830
51754
42738
41012
54164
26176
51944
62953
49273
74461
20522
17688
47937
29691
67533
30429
50097
7567
79395
30002
4400
69906
98105
83795
71099
5241
6784
81767
66173
13648
73997
16394
17256
46776
47784
25997
63591
31377
80662
39953
26599
17765
84082
40792
52382
2355
92256
36612
47583
47686
25898
66202
14611
97296
20220
83460
17730
87197
7379
54102
11376
30037
23683
90608
89902
45291
12097
91497
57551
5918
56012
35070
93001
20975
79707
49458
26805
18731
77797
20784
70073
35812
28929
66038
20191
47470
74256
28011
77778
73523
65139
21360
3857
57718
39936
14934
3079
36743
81227
90435
64322
1524
18032
97675
49445
89578
52189
64461
47657
66784
67034
36212
59877
55128
29256
14182
62391
77029
13662
32596
76735
54537
59963
10789
55582
30073
32020
87263
73730
84692
45944
76586
20333
34310
93748
49279
78125
22757
34350
48423
38648
58975
43966
44380
47467
80582
87856
93014
68156
79056
50960
16914
9124
85115
24336
9152
38819
17760
27516
72775
42749
57413
51952
28535
3999
72897
16546
12857
96171
10190
55689
42234
15212
70276
97608
71790
7527
34951
92481
18669
65076
99470
46686
71584
62588
79320
7724
26254
72851
38896
99033
35231
76145
21213
13194
91387
26628
11737
64948
91534
93522
77719
89916
62929
98123
50016
87869
70543
42413
9197
79354
37051
89502
32218
3518
97564
26215
59530
12509
88853
80262
46100
76500
80852
61571
85156
1330
2907
27653
31333
69517
96765
58381
4601
76741
60148
34854
61409
42654
51620
47400
66137
89749
15662
19314
53774
4219
89045
72771
30781
18763
38867
69978
89218
17633
85673
26876
37058
32704
63906
76579
25517
98259
10965
38148
11719
22959
53521
53615
29535
83686
3845
75202
40866
45861
87316
77717
75764
51850
67476
80582
97295
80628
70862
80809
36556
43889
39898
39025
14292
29983
15438
996
43581
40635
44816
25221
75917
38799
13818
53132
20768
45996
38161
89583
96335
37883
18050
44473
36294
61975
81626
29143
32397
36698
92827
14277
5773
81717
71264
25324
85565
54009
59741
29376
82155
14295
77524
67221
24271
69541
22262
29374
47943
8198
42325
78216
78667
25023
50526
60581
63128
18596
69252
36128
44932
37327
1545
53191
89486
8930
28300
45032
36668
11394
75289
88348
13423
71012
26746
68385
79182
71907
9293
91615
12438
55832
56373
44438
72206
87677
33622
56183
45591
8573
48544
59519
14993
18812
18394
91072
41548
48400
86541
98822
40367
65051
46660
98473
57982
31231
65242
98384
74043
9236
71000
29919
42973
94633
96491
68051
44617
16531
84697
87199
70203
67483
33934
88392
41360
2836
13672
26258
12495
88504
77749
76954
88729
51983
83682
53855
14860
32283
68330
60618
49735
843
53761
71506
43790
64844
2021
18755
19618
92532
75381
38564
30405
42358
34466
50569
28492
48007
37947
66649
88898
40589
61999
28883
81194
38083
20470
76676
55683
40791
34838
8061
26688
52886
81232
87910
49133
43359
34823
31505
88886
9629
86197
86624
61575
39308
85892
90136
13412
9848
76865
40998
95944
22847
38210
61205
27927
82101
28103
45534
3267
57959
20629
94492
68796
67258
75057
77942
85166
16300
14844
57891
72838
95343
2253
40299
49721
79225
33420
56533
9792
86033
98803
301
38048
67245
50526
86221
85906
8969
44281
17757
6438
14816
34757
48384
35728
66695
20255
94948
43767
87456
79603
4832
65596
47129
12525
60051
9545
49625
57377
92225
72566
13322
47288
82331
45628
87328
14458
96533
29559
92528
1736
29198
57664
96436
70483
17299
12298
87398
9249
71248
82347
30640
59444
67744
29261
30747
59011
56640
24985
59947
37445
57461
84560
85240
37021
57242
99354
32537
30425
74269
96650
13363
89756
89339
17153
53257
98837
85695
59320
81108
72631
24246
94069
88338
79116
58229
45868
44106
37519
13770
25973
31481
87624
19173
19418
81399
46251
11224
17631
22541
15441
43982
81015
8461
22098
18318
82051
63114
46772
55596
44630
2757
88040
68981
88031
98892
91390
38364
86477
27821
27207
94754
10151
68118
53115
40664
55208
6836
9255
35174
9076
3308
8250
70656
15634
56151
83010
1493
5368
57172
41566
2462
43113
71984
39573
66651
32704
36220
24518
77119
14778
490
47029
55382
72912
24254
5925
26249
83857
31576
66947
64112
95138
97888
51851
44208
19878
43618
53489
78485
88722
51858
68185
46619
43928
27148
69776
54199
43019
83378
73299
64509
26157
18340
34990
96738
1310
27565
45231
75842
19063
34841
30294
29045
84034
7452
12013
73404
89551
52801
16004
96918
63860
10420
32122
91560
30389
32844
13243
71614
8847
84880
30349
51297
4373
55536
79615
44648
94874
79900
79007
8059
29274
45929
69346
3620
6734
86346
46703
50835
86237
24168
32782
11084
4877
97902
54627
8873
67458
3466
71213
8257
27013
67550
83118
50695
50061
1365
6970
59504
58989
1516
1128
22434
38120
54559
18121
74331
29332
94007
52127
98532
57288
77480
53071
5627
56852
90708
10822
69567
21775
30078
17078
23048
78154
45158
27875
94161
49539
25464
2042
45805
47479
97634
84189
82536
5940
38951
4832
87217
60855
32781
95475
35929
17973
40907
62948
28273
39795
55588
37662
11401
60043
28778
36861
63038
13886
75821
10400
5596
61398
45673
33037
55356
18666
69661
84117
79991
51273
91832
21829
46520
55487
68622
37967
24275
33898
77686
91632
55586
46018
95553
17060
64362
21556
20219
46918
5863
29731
42413
21021
45639
29650
56552
70448
48102
68732
10365
69124
82917
82850
7013
16346
34997
38178
26655
82348
45381
485
46057
904
7809
67870
46712
46437
34750
5258
28846
48798
13177
47313
51818
59779
85413
97017
47884
14081
76703
67340
42106
18244
56202
48546
68374
64038
46606
51597
27626
76586
86249
67975
20681
72892
20963
5093
5366
24031
131
85395
66448
86396
15116
44009
97367
4585
16301
83428
7490
33795
54669
23403
62543
64468
71883
56998
17438
85630
24824
46711
16108
99860
8731
37401
67814
53607
87649
4426
75098
47987
64334
85797
33074
48086
44811
70387
29952
97326
8417
74235
51780
48705
2887
97534
94603
65747
97621
77785
87302
16696
93363
89283
36044
78228
91998
95553
88439
62556
15302
6540
19667
73840
32079
67550
14510
50626
47480
78308
63088
29258
61808
16080
60878
18278
80979
62950
98591
40971
68485
31217
84790
41210
22076
10418
63511
46347
7467
58282
51980
20465
64939
28054
88918
81283
6775
91034
78139
28214
53740
36795
36794
20181
94711
86318
92568
53678
9848
20404
22058
33535
2154
5710
26412
91822
30828
51811
97577
84803
71294
55045
83891
53460
200
13470
43340
69115
47237
68273
50422
75766
19633
98713
59230
52318
65627
72087
65759
28657
52460
86653
68004
89946
12660
93775
89298
49928
71559
75243
26293
32619
81906
83273
68282
69491
43548
81175
13867
64392
18097
4428
26180
43577
46874
77809
10620
22708
51428
61488
65452
78957
32126
51993
6932
5479
21792
77869
92942
49289
12503
75756
50023
71304
64901
47610
86116
40287
62067
49272
32407
4377
47525
42840
48520
18222
76211
74631
12245
84963
81560
89760
96705
22015
82184
39426
30049
78950
9707
35004
13387
37070
62311
62664
87992
32919
11259
78166
86362
40955
55202
44285
93446
74491
74479
84418
58168
80961
69715
11445
36829
28066
31606
63959
81958
85223
52814
72034
26761
93267
7565
62810
95348
42368
94430
38603
23512
28076
82345
89939
73189
41944
36308
76211
64025
97962
15126
40740
89823
68893
91384
78801
17382
27785
86980
80660
35764
94784
82758
48452
18091
64434
86892
12052
88013
23026
41986
89262
37853
95563
3918
91269
68619
62210
88446
73426
40763
50595
94179
76251
92013
51561
9754
21919
58478
69341
45155
51346
78982
31769
58891
14608
24880
94473
3543
7106
35474
39008
27884
54117
30849
35167
76478
90720
21140
59556
55684
19469
43612
94250
12235
20724
62806
52766
59861
4538
14188
6931
31309
25210
12324
75251
16484
14743
2110
57524
5944
20410
4811
14580
75968
87904
8151
77735
55061
30914
76916
96561
23488
10353
50265
62324
74715
49404
29715
23112
87377
3427
54400
7412
33184
68588
90239
71375
78107
78993
18671
30223
12259
22924
62775
60129
33487
93459
19416
9317
24349
44744
90507
84853
91119
44833
20316
41537
63171
62438
20238
50043
28573
40776
25334
37445
82635
33383
43320
74689
16151
80503
47979
54290
39258
16704
18541
69446
65102
77187
62943
6580
25886
34871
46752
2564
41713
75394
5144
49134
22146
69072
5253
92109
4173
90650
15085
45460
39866
24243
8697
78566
60700
20456
67376
32846
31409
45193
82657
38309
21263
90050
51160
97465
51565
54875
61417
94617
18174
98533
19307
98526
41456
64007
25807
54449
91645
65896
61132
57466
98637
87427
83671
25112
91901
37959
61690
55718
83067
58413
35337
74575
5841
29419
56886
11150
41851
91694
78007
57684
82752
84055
66857
70600
87942
89620
68918
46065
20934
27066
76407
25135
99653
57804
20510
62781
37612
31459
39123
85868
5251
39281
15868
74577
53647
16154
28296
38370
89332
9345
21242
12092
71403
12745
54541
63875
82524
475
81199
32505
71375
10668
49150
26829
86967
83322
43611
93708
34033
69540
13110
4050
48905
29326
42583
14042
43546
89471
10260
92762
74467
85451
24096
16207
37784
1477
29277
64433
92108
44796
63120
7350
50851
78019
27589
37122
43743
13376
40819
63342
40210
23873
19215
42737
38434
47413
80187
72799
35865
33239
79470
7341
17317
26205
37882
86773
44648
67753
18687
30670
63165
18802
39419
34820
34579
81101
70592
42136
98980
82431
20092
32794
86689
70163
6398
75327
63047
15325
88318
66385
19164
46471
40727
29415
28459
65703
90898
87345
64495
88397
26787
93568
34589
60765
64837
88722
49929
27308
45923
30288
33560
90454
57317
84736
75815
34161
25330
96157
13888
70631
88922
6063
34000
82010
34944
1590
54321
96920
65519
34050
10008
8913
1390
16876
29283
86764
82069
80224
54815
22089
23379
41863
86809
48467
15392
79302
50882
65386
60731
80249
16712
44599
4917
76100
65702
70305
56988
2069
87769
94568
77885
69632
10172
49173
78096
11217
30550
14942
35413
48761
4712
23015
13812
27172
1512
65270
62447
70998
31457
62767
23655
62770
36923
11473
40467
87580
65451
58631
15466
33253
54942
65355
96729
11736
87693
60970
24028
85584
43961
6568
6592
97026
94339
78569
36880
47332
67036
94616
87243
61545
50708
34011
3105
26682
82453
44143
17463
73715
94602
48670
80216
28324
6904
2185
40564
41018
48118
83588
83079
87719
93543
31159
17500
21457
49906
82447
58492
26715
28434
46601
92615
7954
71231
75252
10972
42679
5626
45869
36025
81385
17156
6170
26441
57698
90217
44927
11207
42774
59621
34755
6528
33565
59822
19090
48531
72056
87955
29007
33001
53351
41810
79736
64609
39352
22622
21876
45888
4779
43739
47271
93146
99584
69758
53479
9068
15480
21804
1072
5060
94453
23996
80295
45448
23455
54050
50568
13296
78360
63255
52055
50351
93543
8036
92191
68975
274
89823
28149
88369
79522
42084
42211
32091
18586
53899
67822
91695
83010
26226
77023
9456
19446
40877
11948
97938
72962
40144
92768
56019
79652
96442
81649
52064
71650
43292
47083
25412
85141
46665
51240
31709
12509
16362
20728
1369
8915
11914
46905
85850
72492
24748
51807
34058
24473
43472
24957
57838
26123
58560
24775
15474
30337
49721
86749
63795
74753
32818
13712
60437
91544
74195
13653
32726
20892
8577
54560
72618
36844
71406
78567
42437
20074
29017
53453
42888
72660
41482
73985
60762
61670
86476
23495
98752
93025
75975
7821
17793
60626
74213
89214
11155
69305
78900
24720
19115
10322
63301
91045
62741
22329
40841
73487
63975
20451
65832
73882
26466
75676
57367
12687
87050
92344
57726
30478
36498
91334
65163
6417
37260
87767
2261
40062
31872
99160
83254
53383
7528
95407
74060
67602
31096
58586
77546
88568
91099
51684
86857
71260
15214
6666
20183
47171
34726
97511
46115
61516
11740
50594
40208
29933
35302
33927
74036
26254
83428
70532
58600
74252
30182
49703
90377
77545
79721
11968
12860
56178
4154
50242
36650
50985
10688
90264
6899
31344
42343
71365
79851
36615
43003
58670
29726
24863
61306
35472
63922
71435
13684
6898
84090
5093
76912
92085
5782
14422
25103
73428
77310
1683
81666
6673
59725
25002
19073
35329
95002
55097
27397
22301
78078
11858
15856
64936
63364
47373
53560
23777
20920
21815
40963
56358
14970
49326
68339
15664
52653
81155
64639
81494
35435
51560
90686
63995
63821
87943
91058
76923
87463
44855
83126
11984
9073
6053
28451
46673
82353
52371
20371
34595
89960
83356
53422
98011
11702
54998
97187
31956
65557
97349
29394
12380
87755
74935
50143
9988
93349
62109
46652
47320
60814
39599
69801
12279
12984
19957
23158
15803
71034
55003
98260
70920
31868
7166
10777
96902
81964
54551
66513
27288
14623
51548
61601
6001
82842
98744
11318
26502
68317
82486
14145
92137
22792
78557
3331
22899
17280
80933
35194
31154
96195
48407
28304
30175
25940
59598
43850
71386
36819
71337
95100
69104
95302
40960
64208
46938
61793
2491
3126
38553
95540
22824
21345
94410
9200
1015
40180
68195
43981
59386
14273
76659
82380
77044
94459
66284
92271
62203
76928
14534
86026
73884
33237
62473
10969
63166
53426
50051
9753
49558
41230
99473
74446
35168
67644
37595
87073
27607
76616
44855
97976
77927
24120
64658
78411
16072
50551
6674
63559
94867
29073
77444
57180
12038
28843
42446
71468
16392
88334
86386
72204
8299
7135
60957
13241
24791
5923
67811
41505
66042
20689
57060
83946
62243
57032
42553
21666
65514
63891
33651
91137
32369
96580
5631
4736
58838
95246
31046
20556
44821
87173
41300
28253
50660
36321
49055
14689
59062
67698
45495
70567
17436
32611
95519
49643
44321
40243
78991
2993
43110
75272
15314
78091
94951
10721
65769
46433
10723
75910
26787
73106
94104
75455
547
8123
44598
43565
28039
36317
94971
10504
87912
67595
45038
4287
35983
28362
12446
51363
30640
12728
15147
22083
12904
5597
19602
49374
64959
86634
86876
12358
36228
54227
60515
34157
23304
24662
42149
83811
4815
85031
61088
91429
94731
68952
65574
3693
7699
70344
37478
50347
53466
91166
41047
93809
54170
17906
29036
16290
23758
14433
73935
3202
75499
62064
70877
34909
41076
51936
37520
43019
37141
37044
48777
92492
45151
97983
31443
60199
40657
86103
47020
67597
9824
68264
83166
91567
98516
41853
24630
88950
35412
96830
24840
58066
5200
66810
68203
89841
38531
93760
12986
6733
8211
1250
16633
4018
38340
15219
49011
27754
16100
73827
21287
42028
39661
78725
60971
22619
55338
30952
96655
53975
54637
94825
43476
3575
53414
47349
16090
52269
31687
42689
76946
28367
77144
10389
56038
64313
17239
19401
85539
8484
72892
25135
91722
61315
69906
33730
12146
29608
81965
56831
99458
33319
46596
29160
2167
59576
99205
18433
71996
15083
37600
75100
69532
33657
68054
34748
3145
56577
56585
2786
933
24842
31445
5781
68180
18533
84334
42199
26505
34341
8152
40790
96430
95017
93527
70102
87334
17806
92615
46219
32607
8271
44733
44615
2866
59574
47714
24068
52883
82181
6180
6627
11102
96258
94704
34295
36242
33995
30955
88478
98130
14687
79885
66303
35743
8302
5960
52706
7083
70279
35212
17287
58159
92335
5805
7910
64341
15326
26575
2723
20142
86191
39485
44866
69612
32656
94800
36409
84068
30445
2140
2452
154
93891
60708
49751
14076
23395
75826
68523
17452
32433
33485
7536
87330
44811
22152
23737
85286
94428
80302
12895
931
90020
95790
81254
86304
27352
88754
95375
88808
26827
99536
42890
12645
69668
42329
44042
4196
625
23418
764
20024
96217
76394
34325
72399
76344
72500
24242
91302
26719
66269
96761
98741
13070
68745
51337
24090
80249
42687
93441
55934
64181
8669
47754
38542
83863
89388
92631
59451
27443
11553
92805
63709
1129
27859
27310
18113
37653
26279
94896
22961
80902
82664
55051
88910
46370
33969
77783
59980
61986
16730
95225
74795
13055
48193
55440
4470
97741
87129
90437
87117
66052
65805
12311
34945
82509
85195
3288
17371
12569
57834
21288
61
59374
786
33905
9061
5831
16981
66776
61703
3543
89078
59981
54021
11292
76458
21659
31505
79548
11688
99114
71096
17208
16188
86276
44733
13810
96173
75636
3310
24910
29992
62348
12423
84837
59013
7067
88763
32968
63894
91196
55839
47683
93761
9564
95047
80117
62687
75661
68942
71429
93849
50162
72024
83639
43881
15435
42007
81682
9836
71200
33600
60712
24136
18788
9362
4877
69828
39548
49184
62486
5611
66684
17383
24608
69539
64223
14465
10717
29737
68292
83936
21396
90628
23827
76085
34742
62812
81517
88414
2192
59276
45893
96
78035
70376
22068
50203
57158
6312
48743
53814
40030
92494
96175
53344
84308
58861
2285
68274
8824
24212
82330
60735
24375
8592
49311
28313
86229
34371
20629
23781
58464
3540
63211
60638
87113
50718
37022
39834
90951
49770
31893
21240
65037
81495
71823
27510
58301
43794
18270
27231
22021
65993
83965
80220
86441
76663
24701
94246
34254
78375
65096
90243
84724
43740
69103
78942
17095
36491
60680
57964
80531
54637
83114
51726
61565
54492
27356
7812
36311
36815
27460
304
77177
4973
32352
63655
82043
90531
78559
548
38681
97378
87095
48864
78177
62078
2681
41412
49682
6643
25925
26487
60134
60944
5461
89427
19230
26295
53623
26108
80790
73608
88138
30556
20997
48886
60876
86612
74480
67270
77323
17120
57102
57366
79039
83537
97689
79020
19357
35419
4738
44683
94091
38407
22945
8317
71837
83112
72247
94585
57400
67185
51370
9474
28106
90770
2662
90216
1748
69423
7928
46732
61355
49792
96264
29055
14006
99340
33540
8475
49520
91110
12670
29189
63120
39740
62396
75740
63232
6205
56270
39515
34108
11116
10180
70439
79647
26287
11169
54586
68102
66016
12270
68979
68335
5775
3123
72918
9991
83180
91572
73038
5285
18171
21852
923
71607
76175
72886
41372
24489
7795
86146
9821
9210
12302
62341
16438
97906
91063
19029
30133
74085
25030
70549
56657
39267
65974
56405
75128
46989
10104
86604
62678
63361
50732
52634
82735
20218
11244
93055
51689
10633
96542
3476
44639
97496
33641
88130
42927
50975
89877
32706
70386
45816
15043
31843
78507
8866
6001
92999
78519
65285
32834
11216
68760
6349
98069
10539
51278
43006
8019
52884
37907
40341
61771
5240
78684
63668
87028
75343
50216
97478
29413
20461
86264
31004
13150
92180
68462
37779
82992
6493
48981
71525
73457
64217
55084
41309
6312
52529
53692
47948
6664
60018
68141
49176
35810
59756
52334
15558
10784
94912
33194
40334
72359
63536
82500
51907
69723
42273
57611
23557
43216
87770
29750
19253
96443
9812
26634
83877
7957
38138
31372
39587
7092
88392
84494
17058
25499
43453
82884
38729
23995
21599
24948
96691
8432
47723
75058
13507
29572
70187
22685
80023
54839
21796
5529
70465
45846
51367
74541
49447
36480
7547
80716
46807
99664
28361
50945
21908
50487
65314
20254
12608
77761
11434
86810
89132
4094
16333
27268
24442
91024
64473
15943
90602
22111
79713
95526
38335
13177
59546
14592
70150
80183
39541
67232
28231
77451
25216
46597
92047
96063
65388
44246
24472
24463
48430
81940
33418
40950
33002
17002
60504
87978
31944
19600
27784
54548
7333
19264
95824
9916
98320
99448
23052
35275
35575
66895
88901
79828
44074
50894
69414
28341
97474
41652
97504
94080
42779
58193
24654
25712
26003
39943
54425
22876
1022
63297
21931
71728
38215
58705
58630
62335
18188
94297
9161
8751
38439
35246
73526
96508
57515
26852
3338
85867
33015
2590
26784
58607
93541
23075
92131
12631
3753
81991
34469
79755
42415
23599
20247
76317
96609
82663
67692
53463
54630
30931
46207
51638
11810
54589
34558
13337
69426
18823
1290
50888
94594
52089
28548
11769
27714
10708
90002
96930
97391
92802
31033
31246
39217
79043
78770
95834
90977
49238
10503
38961
96683
25308
4050
92392
34288
17255
109
76372
95370
10696
85671
13243
24385
28533
75386
32866
51453
54368
90522
27748
85992
85757
15965
45569
61387
410
76512
11761
47827
24111
43929
62722
85686
84893
29131
44504
50023
61552
82511
37955
83538
77888
64637
41327
66827
72950
85909
52812
99658
3314
89883
86738
96448
50654
6481
6278
6898
49619
41026
94063
89644
66080
98404
39094
4917
61464
56513
6785
85855
53497
87388
88887
73473
24876
15255
66595
26309
19751
60046
20941
44668
27774
64246
2148
93571
48398
75978
20480
34022
60899
24022
37237
92219
5022
67583
58725
3978
88318
60201
34548
96714
61414
56923
90156
63905
27746
49312
88539
44509
17043
85353
73368
78264
35815
36826
52856
57418
45649
99443
85470
12326
5253
6394
88808
59129
55572
40627
39848
73005
52985
71242
76732
99771
18530
28536
70928
18877
27158
3077
21874
70179
67853
31662
74757
35608
61823
10031
48398
37543
99781
83662
35984
8276
60586
20389
25153
59745
75302
10246
53813
19284
61424
27932
64544
62979
12525
30948
17428
81557
22022
30918
58622
20250
61127
24904
76192
47953
4081
48477
84877
29488
37703
31770
14661
79721
93581
93831
2362
74322
78121
64686
10504
94040
7067
51518
49508
37223
92163
81550
31550
31255
33887
71543
40490
71388
55461
42308
84454
89688
18482
81467
66109
1639
96584
59927
12350
50848
32519
41860
11004
20317
6731
34075
76688
32836
16647
71463
29124
80669
18956
61834
51060
53157
47245
15774
23904
34736
41091
463
84399
76542
9955
32929
92729
28034
53597
99089
12009
46514
6008
2797
84248
3921
41228
13961
2882
34894
70199
502
70857
611
49839
4853
39865
83931
91800
97853
42672
73232
22697
69454
1859
64388
57199
13726
69339
5116
79188
18250
92951
75005
42231
16030
71487
28753
72031
91435
56474
35383
46035
39830
51726
20873
73105
97639
99374
51747
99902
90481
59412
51046
70043
57427
62476
81984
94059
60474
57619
39734
47242
85265
76565
64952
64688
76436
75092
93508
23583
42520
61897
98547
76418
94943
57443
48790
19722
5659
52986
82237
54048
24436
9589
16640
27870
16920
84168
58795
24350
39557
70032
87400
25156
13090
79381
57029
34229
77598
40464
70258
1860
49073
45676
98574
96040
94030
40601
26942
35120
67293
83007
35791
84524
74133
64210
97406
39101
1851
77149
86432
32737
73087
88752
59320
897
92632
48508
51705
45634
92185
73982
78704
95415
63647
96650
7520
57077
3908
86606
71598
60628
68960
34905
63633
9123
66871
55905
19256
19196
50118
9185
24784
41339
38289
61043
49112
33433
28332
78856
95881
99646
73716
51043
88580
82242
74359
75902
98703
29244
79286
32976
42191
9344
47573
2985
43391
84488
5767
17834
11255
95679
73547
2354
8471
7907
25899
77345
94602
88015
56504
10962
70622
74297
60092
75373
71437
30794
33422
95154
79518
48427
37079
13415
94196
65600
77865
81086
6444
29942
35696
45239
89515
31945
19768
8282
81716
66162
14913
2045
15576
15071
35634
87503
91890
83838
3838
29274
19113
27275
36357
30633
66365
16334
86598
20110
56473
67307
79691
5611
66554
46497
42015
14967
51569
67617
15071
70627
30148
3292
58106
87134
82788
79489
12352
66302
73197
5676
84127
81443
49238
86601
35080
1902
62178
6595
85238
10962
22689
41458
4711
53213
37718
45727
87170
77326
55689
29318
116
39439
51930
78288
33854
39316
44523
34215
98290
23758
4031
9287
26374
76170
92410
70449
52979
29716
80857
65822
74979
53467
9545
26716
38266
15124
2104
23739
14490
60569
40194
36184
46176
41121
46921
64169
98201
18975
46396
41425
57027
66783
18487
77693
44878
73802
4330
36212
87274
79827
43080
47996
3024
18734
73249
16859
12362
74749
28789
46830
5430
49560
69081
63105
24446
24704
71123
60058
16829
62226
95526
66057
300
48810
25423
32860
73991
89653
19276
33123
36187
66787
59471
89305
42488
45584
95756
64008
25889
16175
30645
28047
94767
62830
4588
5654
94528
88513
27059
29525
99465
98134
96026
2200
85600
4462
70896
89332
18168
22948
69893
82917
33658
38730
76421
47139
50948
8279
14261
22723
60610
88704
23084
68019
63642
3011
85194
35087
13634
16014
1160
12360
27776
98034
87222
77889
93665
54126
76122
97180
68623
35812
98789
10242
5334
74037
18912
64352
85463
48938
65148
9057
94477
3934
18172
49737
72233
46113
40672
25836
43310
23522
45910
79591
23146
26406
42286
10723
30998
93925
6564
87927
12833
98332
8247
41047
11833
3013
99092
18413
95451
96309
46119
51627
24394
55193
5634
29034
83466
26368
32869
88060
58525
32621
51948
19464
40491
40351
48048
39851
36626
30105
85836
58819
92001
26961
26713
1207
6303
34025
77307
96869
85455
50379
59494
86888
3645
33894
66870
5530
78290
99640
23561
22737
80852
72816
3869
6882
67735
95523
97305
75510
39144
11894
50866
42569
12687
21137
96178
16297
53041
58608
41179
23662
75089
91953
60917
99739
57411
85177
4976
98528
88757
45609
88369
46763
56480
12978
15308
99243
63676
92004
61249
38461
50121
22501
76955
27577
24067
61489
71061
56337
35946
51785
60449
86609
15092
34476
25376
86154
97668
15317
49849
37941
58648
76361
18405
64551
39896
73467
11164
39454
18134
97727
3387
92721
89398
87951
13235
89138
6471
98087
59425
26758
68094
43433
35853
38911
15733
47490
10425
77861
71810
4034
6394
47022
97286
64189
54434
90504
31124
86752
11596
92087
5199
65243
15279
91702
23122
75567
61726
64952
74198
73947
34710
29449
64428
22406
37104
47407
77581
42164
17774
21265
79169
19657
43512
10414
39157
43341
74746
79459
45732
63933
73058
64035
11336
73254
65767
76989
46522
68472
64629
49501
41614
79487
39460
23043
18878
41397
39943
2299
60244
5888
78064
55889
31181
47506
15201
57970
95751
63961
16369
34751
72940
60389
99336
88851
97403
28483
47156
10679
72795
90228
4592
59768
73944
35045
13589
7365
67815
59207
15727
49766
40734
74802
53549
38947
34567
28500
33345
702
39239
51327
30392
30779
83404
84676
70090
93111
63639
2889
17756
18810
95173
95359
7050
1529
6802
15116
38034
65863
79182
72016
7828
29887
7436
63789
96775
4279
22871
19036
80778
50205
29856
40666
31818
34659
43656
93074
85647
25715
7440
83285
90460
9846
93160
19731
28738
5319
21713
19875
91086
12923
41468
75376
44735
42288
92933
12167
56455
85103
3563
37009
82017
14406
12197
7881
7844
8790
41166
77241
57906
59257
11284
17714
29211
47814
60509
93292
66964
30147
75303
44119
56799
93201
82741
7117
39414
70
83192
35857
21957
21251
46924
37148
81095
96842
3374
7693
2163
56882
19080
10019
37700
83012
78794
15923
65402
65907
70682
95466
12555
28137
44908
40303
55700
83511
78945
6675
74839
57978
41145
97888
45519
35406
94553
75662
26336
13182
66882
27013
9580
63311
57425
85351
92310
92389
44628
59853
85701
67243
7098
40424
17596
91393
2071
25049
63640
77956
82597
75303
90090
4657
65481
25318
96759
77975
37836
46099
65421
48589
41374
88832
44462
89939
87095
96473
31565
6680
45450
9966
61332
98993
81867
40570
96682
54732
91344
3069
59931
42126
37160
98870
17511
2565
94647
17036
99209
47019
94658
55319
20814
33896
93200
84872
98143
26689
21028
88815
72506
63535
49947
90479
839
93494
25371
59385
90986
36864
69996
53244
15601
45401
5973
17
99374
29777
19790
503
23898
44593
62597
14761
87014
18953
4712
75882
18930
50671
56946
92157
90584
54065
92112
21848
58109
1595
67392
22162
6339
54449
94565
22279
37095
17825
10774
39659
98444
38276
11425
4839
39084
75991
42881
3785
77270
22395
54325
66320
56907
21987
37762
21055
38359
83244
98367
33611
40536
29665
86695
98780
13843
79083
24226
27039
87983
72887
10814
26084
6212
42428
24433
35214
80107
48691
18344
85486
31551
24082
61055
38598
26682
88981
62728
84275
97662
2941
37653
70524
6664
38962
56483
78233
23752
46583
4397
31435
11429
80491
70606
10918
65815
3690
36222
8592
34948
7321
56289
287
97422
49196
73448
30425
89960
77519
55254
59897
63288
66272
95288
39933
428
72450
90192
96279
24776
32727
91924
75106
71947
76867
8722
56507
96605
42916
5403
99901
37842
23396
32245
85487
72397
16707
39694
92111
54852
8906
63125
6405
58797
85884
10851
53924
65738
7342
20766
40157
89570
66375
91252
73612
79622
31297
96981
92973
70734
43686
47508
18992
73509
7324
75348
42338
93864
12858
55391
34426
35832
68120
24496
89426
18995
75093
89469
84530
14041
37762
35209
64039
45244
78676
43830
41152
78969
28885
90843
66752
15827
4078
4651
79315
67706
16205
27112
31254
39756
5367
55565
30074
80761
7477
34642
54976
8417
8726
76507
6143
27202
63150
83754
6829
18871
85515
49017
70766
27584
17581
87572
13465
37732
61079
28974
18686
80554
69415
61109
44130
45444
65916
61234
91240
51463
50147
25207
35494
29482
10474
74004
34056
27704
56125
74314
3894
20376
49451
64741
3450
66679
56429
59002
59691
21646
95353
62536
83055
54438
67968
81137
13726
20627
43682
78314
63748
7881
23089
59072
25347
97327
87923
59050
41798
42942
23949
17629
57123
69717
64896
62118
9298
70389
61840
75304
22811
61987
10199
42093
43608
3392
87484
66689
79886
96703
3040
56103
64812
34718
63008
29297
16876
90035
41005
73669
21119
91690
68077
90903
93308
6795
25358
23570
77584
43476
40163
91862
90068
68434
71603
96926
32857
36398
12965
96037
51808
32738
17751
31611
67015
3256
34839
57667
32380
75687
17223
18725
35373
23619
38953
58613
52991
89516
7061
39062
46797
21839
41623
36085
35872
1491
53761
27633
76993
46704
17835
71619
19380
7677
77196
75345
18373
70858
83937
11081
88921
2354
21529
66533
73189
19649
14985
24555
71493
39557
15968
31831
64527
8181
1795
28506
26991
46310
94832
223
24599
96457
28619
95567
84877
4275
42787
96712
43573
22355
73960
70141
45828
34250
66018
14188
36128
16302
81807
28566
68779
2549
5418
87676
12164
8877
19420
61405
21295
29710
26811
31109
99404
32458
41042
62860
40808
3080
85585
86143
66429
69724
30218
62423
22632
46653
62024
20157
88216
19321
26926
57508
14569
17511
36376
73336
93805
67337
99680
68885
57693
78869
53491
21336
91590
57005
55987
6160
29134
71675
65179
51042
36359
86333
2165
77941
17719
53880
26254
82375
39599
62381
56369
98121
87697
16875
76139
32681
35046
18309
31547
33218
44689
56325
49554
83937
83029
83459
92145
16237
98243
5003
53658
25274
94290
56493
56850
47998
74562
95189
42540
46147
13157
88244
24824
11726
58006
57287
57267
90554
87737
89018
1524
87380
36795
60400
76092
33367
21395
68992
31099
47647
61603
7094
32990
63587
41727
36997
92093
20822
23239
24404
58498
32127
6412
60435
61253
87819
99021
19696
51846
53350
97547
79357
8895
5621
75737
33268
91889
72431
96343
77829
39154
3040
61954
88528
69771
77756
7907
48576
83762
2856
10173
18860
38767
85778
42193
86908
75023
53603
78911
90056
6220
52661
38019
30558
32471
46229
22197
48115
59505
57395
50615
87087
3579
14623
98247
56737
30892
58494
69111
80563
20970
39575
54068
3154
31764
40552
94086
33910
83037
28093
68655
71431
24814
29036
53131
77927
73437
44161
88102
59517
45826
12809
33845
68826
41856
72346
8151
75966
95603
58089
14437
32673
64401
99483
70684
20870
48920
33191
24568
6598
88686
18781
53794
23459
8929
13953
47425
1634
12079
81200
27705
56584
40779
89726
55819
90004
41495
35611
76644
59092
73211
49317
86164
75922
65676
30113
89801
52390
51740
14665
95594
97472
4421
92880
57947
16125
34576
67885
58761
64234
87122
57214
37943
31777
44146
52681
18903
37947
43612
28615
59177
25363
52739
2213
22143
96243
92124
18194
43322
27632
44810
51732
36736
98187
63796
34239
4099
94568
63877
66567
3982
99191
12410
58790
41033
94988
3779
22858
81154
42352
83028
89227
67733
55903
37803
74875
73399
44988
23759
13490
82592
88198
13915
62073
21735
531
46305
5496
2186
5269
8657
51057
26929
81616
50046
4019
56958
78628
49757
71036
3701
20044
76398
32937
58168
14617
95680
59906
55727
55964
20816
39602
85614
42020
88390
67972
35026
66016
65312
59286
23490
37395
63585
62929
53448
40880
19286
85280
83777
74204
52177
39861
39973
81095
69630
17637
25108
88582
25241
97918
50301
29741
9071
42899
84734
9173
16302
3161
53327
80489
44689
7539
19711
38842
16939
25487
2786
78308
65395
78787
36155
59759
50541
27499
64265
84389
77443
36465
15571
70845
75091
83559
62159
87801
65386
51838
8837
25541
69504
53425
64541
56259
91026
4069
54493
86823
34048
89724
39108
6380
75443
52812
77476
86226
56843
82090
78836
96649
72313
22396
59565
38134
82944
29922
55096
42186
55168
87550
93374
22070
72025
99683
33509
17257
30518
3998
41571
90726
1609
79994
17829
50383
1217
1998
39865
91478
85904
45418
51252
73251
62854
35362
38708
10743
43042
64539
86247
95582
58922
35192
26664
30953
19522
93100
14351
29325
85475
13143
6352
19314
6768
34646
27439
23906
29398
90865
5750
63721
10274
72090
84702
1162
67602
67131
4980
97102
54644
72273
84926
87438
62329
51153
39020
39375
54793
19397
10659
1346
12867
21574
63208
9832
53047
79560
12983
88510
89096
86933
29877
20916
79931
66385
30344
11813
7871
38196
25422
66596
55097
38557
52231
56376
29586
52397
64236
84828
66859
71457
53
15044
32683
35189
35841
63210
90201
69584
25985
90713
19120
36576
87879
49013
90550
58921
60829
21546
48500
80172
77021
55421
6361
3618
62887
58553
39468
24778
90514
66738
51436
44813
12537
67349
43292
15147
94865
63615
51367
88234
25192
35334
86498
48306
7989
21155
17337
21650
63127
26281
90931
1078
84261
82857
30390
43663
56549
93121
58006
80600
24066
72341
97070
4031
16151
1970
75710
911
7358
92987
87882
62043
66747
44433
17847
3959
68818
8184
17981
88648
41029
9469
58171
79114
89685
27936
74380
3767
34837
89761
19161
7883
93486
61120
25877
25698
6651
23590
47933
45720
38834
17741
59883
15954
77601
60726
30621
28837
91091
54587
34758
14270
67531
60001
6086
78487
48047
3894
11476
9679
29817
42523
73159
35362
39999
33908
37117
54087
80423
1544
3701
74498
28256
12302
18355
16853
74476
74284
52582
12303
77147
65514
11640
99909
83433
25430
42969
74067
68198
81811
71532
4297
92716
19456
5726
64945
34223
92865
56050
93442
27309
3302
12922
33015
63636
89558
11413
87407
73343
43676
95841
44597
1982
21349
82212
87980
67396
4488
64198
78756
55731
72879
69421
68913
35656
65635
24570
24191
64710
50647
22461
17483
79074
63458
17335
83043
91182
28328
96056
5551
82751
5286
9902
81410
94990
92846
66604
54665
9241
91918
30475
43052
34356
40434
53171
4049
62557
99138
93329
23943
24973
80323
35163
73512
64873
66401
67799
64312
69167
56917
32328
51113
1423
93598
78513
30162
60614
95122
80975
23664
54910
31797
65170
6712
80179
49874
94506
20651
95115
79732
19984
74020
63027
26908
89193
60502
67712
2106
61615
36952
60211
36751
18105
17017
31373
24221
485
50629
21212
82074
32932
68871
4622
37276
99646
9462
18508
11860
98435
51164
66456
6941
90151
86194
70490
1924
26412
35181
98986
73886
24953
46113
24446
94017
39387
10528
23051
98673
56444
48001
87570
7074
49083
75029
47527
77842
3707
58144
1904
8107
90046
20523
63984
54106
72032
83971
8409
96275
22319
88692
73887
99495
97687
76532
36004
26951
91952
3514
94771
79376
99789
66572
72689
71287
47810
3228
45408
76859
75729
67883
7366
93497
84598
62354
56634
81275
63018
29707
40057
72348
16527
20505
30825
52894
73576
54948
39929
26923
47982
9061
17238
3575
14719
31901
22765
9405
82034
35798
49637
26531
95202
25680
22003
82132
14925
65848
2095
27125
20989
35418
4855
38568
31724
96721
143
59607
72529
7798
36221
48476
10263
66710
53829
11096
76520
64137
83211
16434
49654
56370
14220
36604
71935
5097
8752
55429
26582
69282
26430
54309
10937
36247
44755
92459
25105
62520
99907
55618
72322
65173
94924
15547
62726
31006
65648
60852
61009
60512
68064
51637
77765
79091
57288
16502
3093
65552
50382
9242
773
38570
39740
47720
73379
39557
91724
61929
68868
50846
7350
51244
40828
22473
38749
89915
56824
54935
25524
96918
71310
7235
8455
56492
67621
84579
85673
47948
80701
89630
13017
83058
48679
92597
51642
856
16557
43941
67362
68947
32872
20669
66785
87465
90821
10015
92890
9036
71735
85356
32009
65073
1034
24771
58788
42767
59360
28068
97463
66416
74595
16728
68089
78204
48700
79227
75152
77348
47287
50426
85977
30299
87402
904
27237
6409
12167
54302
46844
71757
85389
78030
92201
54892
34680
44056
64743
46402
59860
82981
14942
63209
25859
27589
11444
84985
3909
78263
25753
38594
45021
41811
52167
27242
75890
20325
28268
26432
62199
47641
79092
10716
75474
11094
66382
99127
22939
97722
16577
25181
75163
76597
33491
36580
60435
49807
92140
12537
30085
91813
96325
88631
40449
74330
16981
9572
73324
76872
26821
15052
85440
36377
58866
95313
88684
69576
98876
89168
34925
12196
99992
95379
52140
19897
48461
56212
52211
40893
942
96520
96382
6121
31344
97391
6792
95893
38350
82841
67282
96802
77533
68979
76716
44921
36484
11041
33106
12497
88690
95882
48117
31131
97808
51067
92656
34899
26354
94501
47053
31605
46469
56857
36939
86209
51574
59969
11427
86487
53349
19848
31962
955
85076
13803
76193
20263
25912
11688
13177
47705
4292
74245
25783
77742
94746
52574
37511
94419
22752
16204
97611
11287
22422
81595
93359
90574
29964
90831
79046
83619
81518
57170
65556
52762
87402
40358
9716
61043
97206
97677
50690
27538
62789
90726
92926
43533
89773
9442
60621
69672
65985
55932
64642
53543
15466
29941
21140
61263
34264
3133
32061
48375
92357
29872
76621
52926
92267
29435
26195
91898
52573
5608
23931
79985
41768
36238
89790
88577
55577
19048
25625
84068
70640
20857
45627
63156
34102
77257
45306
98455
57038
65629
29285
32650
92752
25823
34692
32114
63743
51986
49779
40005
16007
22873
92103
40798
65590
97079
46098
97099
60451
47271
78247
64885
22439
92037
87935
30124
52422
43288
73788
56842
49673
28618
9701
83157
24126
46058
49928
15200
81429
12022
620
17201
89378
6394
7579
70991
66354
31074
33615
22312
553
8997
30901
4430
57650
96616
52421
1144
99246
81251
57885
47646
93652
85194
3035
92842
11685
2055
37521
68226
97482
19522
8749
75150
22466
60814
19259
34434
67355
80436
84704
73343
15342
7966
9212
91253
58684
6505
63313
13647
4308
2759
46461
10434
42204
37933
47131
22067
68521
56673
59671
9301
76768
24736
72255
17537
1220
82280
64932
91497
47257
4937
82714
25371
5184
89578
41268
17029
65186
61381
55917
25751
38156
77209
78249
32958
61525
60578
24684
85036
68551
86867
2931
57923
66211
785
41283
22705
41346
50376
37390
19195
41162
94254
27246
56422
14173
30531
64649
98500
45532
96191
15179
38916
63144
14460
48530
94187
84305
64715
94464
12631
44718
14653
74021
1423
10449
12381
83872
88157
52920
77368
52919
86937
96672
56531
96321
92762
8928
9276
33452
48969
25014
10569
50342
43436
57353
98581
37753
18339
11508
60125
69075
19050
93126
60386
70181
96968
28416
81560
31686
79929
89754
80965
97898
85230
17772
39819
93671
76349
30167
13143
95884
40139
63458
50057
87084
30080
5005
31732
52013
64922
90093
5152
83225
5781
14453
75814
90794
4638
51651
53082
70268
79578
96166
22726
81229
7045
90678
60193
8225
43185
3557
32596
11147
97826
45103
5569
29900
90026
68064
75608
48422
65722
81239
46058
51563
87139
76804
84053
50599
71113
6702
41856
75835
2637
63373
60485
13342
56131
95456
12591
81665
27349
27203
29291
65029
20615
68598
16420
8353
34060
75699
63224
83186
4957
34449
98159
18025
44845
4604
48205
32645
19645
95567
38948
39301
83337
59373
58121
94318
36091
66422
23853
44757
70968
29051
10134
32342
3179
59187
28498
82124
33128
37524
2995
9118
50206
96927
48944
52542
94875
64676
25415
54127
82994
30107
31590
91018
95271
89665
3443
44335
16564
14048
12334
53321
10908
9443
76515
14743
72919
17883
79382
6435
9393
47979
79983
65041
60782
59309
24484
15883
57323
60042
80480
24848
53851
30744
15157
22419
39330
52159
79785
71264
5662
90832
61872
62170
35155
47424
50063
16838
60707
68372
34356
87837
12844
30358
57385
94789
81614
76544
1782
56546
16465
33276
53466
99758
84191
85762
4458
82324
90814
12000
30209
98474
93274
70159
83214
90416
65600
64486
15080
77937
71531
34431
73855
68246
97483
35914
47891
17703
17315
89321
16978
99464
47826
14768
56573
81746
95564
10792
78889
74442
9516
91872
17686
83714
1724
7964
35908
34437
44308
57690
84129
36512
89517
84807
79609
51053
99283
31559
87372
46717
60324
68801
20153
88203
47922
64810
78260
82988
34705
59058
95403
82387
27899
74730
73629
81074
78114
77446
10940
3776
85204
41650
87832
73352
36995
64166
73197
55717
30394
41596
44993
49304
61878
61789
10965
36131
68514
75679
42038
6828
84469
21063
44251
73312
23138
15387
68431
96501
84919
47576
96693
49812
5510
32807
2357
20736
72250
56683
80336
7113
81184
24974
71142
61935
57068
68587
27562
6299
76706
9309
47748
78001
21774
47697
23191
25607
19670
96767
75317
52917
92936
59953
37230
72529
47972
60796
16133
76728
59799
53613
93954
23376
43908
32864
27304
5426
61300
6160
93578
14606
37902
72319
87644
63606
76522
83658
33299
31379
95796
87076
11411
7561
75450
77186
55500
83039
71818
24585
39663
86821
74668
71236
25536
14387
70910
66958
21118
68926
83918
57232
34364
18830
33548
25041
61673
24409
38263
69768
45395
39992
27192
34960
28447
52199
48853
85672
37194
40692
39264
83426
62823
39801
23778
74013
38050
63832
87886
29553
48856
80857
47680
68102
51312
38029
61096
41515
93762
69333
20558
28027
97977
11491
65986
44758
73968
7893
92555
41619
11996
56116
85091
3077
69232
76798
66922
3054
49366
61460
39848
86103
4983
30161
23852
35470
24174
35303
34765
34982
19963
97892
57546
13887
75973
87190
58870
84321
33640
71209
39332
51203
82964
94945
2270
61356
72313
57076
57726
31068
63637
31008
35951
15230
12593
53704
37229
98947
1311
36068
3951
64253
87384
87932
16009
96043
98402
8119
654
9740
11714
28778
94828
18481
16267
81690
86859
73584
65160
10954
32788
4721
19168
16111
27231
12280
4622
24475
90260
91386
68407
56046
96744
55944
29195
2306
73108
7523
70578
38361
41102
64365
9090
84989
31975
7821
58326
35915
30848
25744
7368
82291
86194
60715
4237
66416
73411
39342
57089
55384
54148
84708
3072
62014
99
51992
95396
19600
28741
30212
98811
62122
86928
92262
2748
32850
11286
72090
8615
7651
65363
54936
94611
7555
50609
89773
52097
97566
58321
20412
18489
84252
16865
79885
22035
50528
30543
1997
39547
65466
79030
50950
84249
53230
36789
55608
84709
7719
87676
24713
7190
24082
74737
33732
15799
60325
85441
34188
28768
48767
48656
37468
31811
96631
80884
16031
31858
3412
10972
31324
51538
24769
18783
55915
78296
19744
39839
2252
19713
15436
56742
15398
80872
83687
48
73973
49693
20214
58340
92097
94925
73424
67002
48629
67644
91799
12
5296
45939
45828
20956
32054
44248
98867
11372
23413
87782
66690
16630
94491
71607
62559
42408
41790
90082
73531
26369
42278
17963
75747
91302
63508
34667
43240
24199
28896
48627
99744
6933
75668
7487
90352
27342
54255
43670
72968
69482
62274
46970
6645
95645
60664
97092
51
25856
96910
33656
26890
34123
88918
61016
22988
21355
16470
43652
64115
62445
89513
69945
18037
62696
27409
57976
46515
43940
52180
10500
23796
74109
84160
60939
73075
31112
87605
48725
57574
16274
46238
68017
7306
55104
6549
81310
53243
55845
31771
45282
87915
62441
26687
39772
74575
88871
94140
15106
20134
94641
72063
69491
76764
51237
45377
2246
71415
85655
53637
95683
84187
49870
46678
3688
72898
96515
34384
16675
98191
36117
83867
66997
20517
35929
96693
83466
94063
50853
53504
14776
14522
94261
13897
41979
2954
67818
30570
37567
68682
25806
21542
76824
14940
58987
18376
39212
67969
76259
28551
10720
67532
14497
851
35243
73801
51648
42588
35779
59465
54748
6447
89448
78144
85382
71025
19699
91975
56940
13559
35822
25677
7732
57136
24591
61143
90349
67468
88044
28448
50430
22740
66056
46162
77870
5991
27030
76159
77200
20981
90277
88499
99354
51317
29217
55151
6082
11632
68531
35855
92433
64129
53788
95665
90875
39686
58377
22801
99274
12549
80385
14494
81926
81432
84120
60721
39570
43112
7291
73004
89378
69281
83268
66616
12486
83051
89545
21476
79642
39355
51019
51987
46792
66840
44350
39398
57101
21481
56716
87155
39198
28604
81282
35988
16954
80965
68194
33761
48092
97961
87489
6559
11617
85939
34231
33107
50901
11758
79907
792
15441
76892
81218
57165
50199
54437
81676
46828
162
37732
58138
72336
69317
9166
21458
18190
30259
25966
5424
53614
25372
54989
70212
77613
8664
3703
96655
82668
66273
48743
34703
61664
19250
13779
64658
18761
92490
51314
51351
21699
16356
43686
99067
24573
78683
27305
2348
20250
40696
32897
30618
3425
85941
4798
78485
58438
11508
60877
11782
47855
2282
92002
18012
66517
86284
9376
98668
70120
17517
38854
16513
96577
5850
14214
47764
5096
18964
24845
79019
60671
36358
53105
58788
62967
907
15706
73321
41701
53874
91672
72019
59282
30067
76829
89550
13905
69867
42866
91189
71136
13145
41690
57768
53714
94492
14742
56436
29894
30417
79083
46339
23474
29937
86125
14025
91389
94518
82501
76229
66274
58121
39998
34068
6446
81493
29669
74384
46049
41106
16203
46734
5486
48470
33002
22615
27183
46230
36872
89932
71930
34592
23472
51080
64229
93275
3875
66365
40757
34549
82950
59847
39551
52811
45286
69657
85470
87086
39779
55839
55886
12541
91583
74951
80916
70398
36147
24731
48095
38093
44797
74390
19103
62025
59247
7477
91371
79571
82325
53410
58964
85786
74674
34102
9097
72452
50259
41186
83971
97476
38090
8601
84946
73243
69893
31294
11383
32013
3410
9918
87200
70204
93370
21079
3405
61374
43139
90897
50677
43275
43517
82288
90302
37482
97564
40160
5124
28281
54427
53602
47186
56369
84224
15061
15437
3828
64986
11601
25494
58527
11603
34190
99539
87562
99973
93511
31765
38480
52448
27859
72632
67064
196
63104
95294
47957
66095
93207
4030
20227
12414
73705
13201
96594
62935
53309
98540
10117
28269
25363
84043
93097
88483
52419
23231
62606
29883
57049
81397
53601
1325
88313
57369
84042
43041
63916
72774
62924
24891
79894
65787
13049
93131
80187
2349
76441
33728
10174
82874
85607
25284
84630
6687
21556
38633
21822
98095
40491
52051
54694
43880
13772
23432
51251
76904
43741
39653
17095
28950
51846
22611
9524
63222
24649
80993
69960
25022
78079
73567
61399
27727
65482
5971
94470
31923
76954
30109
83753
8532
66921
11260
32537
15245
4048
43273
92052
15996
12910
66487
28477
95722
52155
49458
7073
61651
62979
60649
43581
27406
65067
3517
43239
85938
88061
71916
49569
59283
73201
83881
33953
53624
44238
39363
50543
77723
69460
65047
45087
56559
22014
29807
94138
19669
10150
40581
29057
85667
11992
94715
83592
26269
47924
34329
66545
15144
89573
25674
52508
27443
13797
68469
74637
72548
72955
88446
70698
47549
64867
66581
2826
71376
93441
91947
65191
33048
51244
85111
69031
74623
54311
12791
21159
89360
2811
65865
54320
2774
33041
47681
3331
22538
43234
90404
49742
89835
32125
70761
16086
47506
52420
55486
66895
89395
10851
9939
74413
70624
64933
26088
91771
8695
45090
50175
62797
49022
14148
79933
11235
64665
13859
56945
30249
7935
24123
60010
84875
87674
28511
14967
33001
65889
87993
99444
11425
26443
48146
38880
78511
70456
65418
68101
94980
77772
45429
94851
838
42929
77305
82349
25915
16750
66131
69955
50258
71181
12138
91426
27873
90002
85254
79400
96806
57483
37465
7318
59359
71854
82807
2121
6171
74084
14341
87785
75098
95047
2033
28117
62902
74936
29919
54576
71522
21516
29688
93410
9879
9046
54071
47665
20176
95964
324
22763
3032
94502
35726
21587
97872
20713
31204
33350
64139
71595
77974
20647
36172
13648
7852
1187
99427
37723
55194
93110
27295
44256
35025
21908
14129
16257
28471
47520
64966
94498
20348
53024
16590
28422
31697
11907
40432
90998
52760
84614
19843
54459
4852
47338
67453
25718
8136
9863
51164
76467
73433
82191
29893
28381
6982
58662
16167
42462
23649
5728
15085
41390
50461
42225
24977
42995
94447
73110
93811
55192
90131
99401
77982
59446
49148
22947
39475
29587
57066
72812
59920
84585
49470
53023
15950
70130
65040
34962
61854
92728
23432
1916
86357
8152
7350
30840
28402
58428
84750
31923
23282
20684
32632
48604
23247
45577
53242
34231
55952
51585
80114
52467
95133
16139
74375
98009
11633
9587
10976
2725
16130
86188
11657
10818
38870
87594
33305
55683
88378
90487
53583
93511
24064
89605
34845
94945
53886
12954
68307
37914
93655
17704
14299
15721
67055
56704
46271
94987
63316
32821
38999
84265
57631
58633
35877
33462
46573
29994
86446
64728
49394
42038
37339
38585
1470
45081
21410
21080
57967
59179
18232
52712
81615
86426
46330
86934
51250
53124
61473
79731
49875
32485
44075
5323
28945
70438
37446
72705
51225
52065
96696
62477
66006
90511
57470
35007
90573
68960
68060
3081
83260
37100
95702
91553
24422
82036
82098
16641
56673
83482
65734
54017
15133
66886
58373
32396
72794
8516
62275
14343
2956
25229
94830
83029
28555
89012
98401
7597
98881
36641
62580
36606
97983
38436
89359
17361
25639
75607
85402
30586
56801
40924
15477
77715
30691
16828
45428
52535
34384
17923
42459
55450
41967
54501
83262
38769
62154
31118
45284
7575
64988
50380
76603
10268
6788
66542
55807
56536
87903
86767
47154
66978
39230
21609
95249
91869
68578
14328
26578
97612
47658
70311
98119
60756
73666
74410
68719
96045
65759
29009
25530
49361
28502
2682
75554
22509
19123
41611
41598
30840
63262
69805
48302
98391
69058
59966
67332
92904
84683
93290
90650
10962
14247
76878
10545
45979
43464
21838
57873
73126
56134
72912
93914
68842
63154
34694
3219
69595
55280
51535
52876
63278
79543
24747
71564
59319
70719
35220
9114
23676
57810
19213
25877
23192
45723
54803
50783
47165
4896
16375
64080
48647
60140
65459
9008
58280
56225
45937
33002
14311
92423
19674
83884
57542
70145
13669
88087
84026
20190
90822
35680
21001
49406
37923
1360
80152
18115
45189
13640
32718
52883
14088
76939
60956
85814
4601
54898
79375
75214
44876
23437
55468
55512
99184
48074
3858
71331
99248
36106
35341
36604
11472
35829
12528
90687
19765
91944
80418
3302
51306
86079
31808
46108
79168
95060
18023
22013
39655
95485
66486
45744
95374
84414
76229
74647
90339
20569
53354
43744
19788
54269
33439
97433
47070
8375
838
62897
93354
73175
22125
27430
74005
76160
33022
30648
87384
86967
21436
18783
58191
53746
2768
63554
85675
19792
90301
76056
32724
57915
91299
62954
90407
47677
70580
20275
1124
17115
8288
90842
47203
97905
37738
89581
80261
31035
59587
72419
447
14383
66230
14888
49962
79193
38863
23078
27030
87006
98402
13373
49992
75805
96235
30486
69963
98764
2661
90873
41514
31153
93850
42666
75803
38919
25364
42367
65700
61198
553
6406
59314
50120
79452
36049
95985
39349
10918
89255
87733
2578
80646
14557
5672
54953
67418
30027
44299
55973
60526
27939
14681
44948
72124
20575
3319
31355
31005
17791
94856
43906
97634
97205
12272
3425
5694
20442
2337
23961
86029
46904
52516
19416
651
21338
37635
78895
90837
9020
26504
10190
15473
74334
30170
13837
66339
14530
68951
51782
68066
71265
22214
7565
15135
94230
6341
11394
5616
52050
23567
80199
32619
12657
71332
57980
33737
74397
69659
96039
92812
44161
30589
9945
6943
66612
51185
96466
21735
1192
19985
57668
15653
62511
67360
43462
10422
22666
27256
10962
60274
81260
61333
92779
7192
85134
64480
84738
15956
92523
81144
45650
89243
60234
86605
74260
61435
39628
34487
44278
53381
44568
21013
38553
89079
17471
53727
48652
67369
19061
99151
2003
96873
9646
70018
24641
52953
3484
92351
46265
75305
89255
26179
33835
75776
13941
93219
90250
19508
75394
90563
29206
82536
76360
37637
81555
23152
31446
85490
72116
58274
62515
38803
64425
37154
38744
14181
5171
70356
35063
22058
30669
79527
88812
55912
38576
9462
29933
22683
82567
37170
68628
66638
80236
2044
46049
47607
76281
37980
44011
44638
37348
4326
73571
43053
60491
60218
37006
76767
22427
29576
17609
80765
51063
58163
35985
13362
40280
92242
73484
79126
81916
10889
89436
83861
23780
89077
85828
88362
54063
57513
53294
17620
89427
17380
75342
8875
70920
11572
13251
47713
6242
41326
89206
33491
72408
2737
75719
21976
62961
35510
17230
26557
3448
24038
75173
14136
2817
4503
37605
57953
27891
11224
54804
58346
34732
20378
36703
65313
93834
53825
964
71293
53012
38044
10699
12162
43600
16045
70410
174
94385
85406
5285
50944
88087
87909
97293
26173
81984
67351
85032
40626
97822
766
15859
79134
74237
86578
22948
16530
70006
44019
77323
26446
29985
22229
898
26585
23436
1290
34647
67134
13200
12243
4411
3592
43585
53532
1972
13788
60193
37391
70700
42020
29582
28560
42808
92432
8963
8530
8496
55237
43495
4150
95068
35226
31875
65261
23416
11429
24504
68832
32890
28197
10418
24145
79775
51580
32421
69262
38709
35130
87544
50261
3066
61749
49618
70237
37583
36372
11148
84991
53635
35799
9760
87496
41025
14246
43169
20472
42379
14691
4188
74528
70706
12005
8905
7523
59046
83722
98999
42531
86380
21121
26150
84315
24338
21774
74361
34915
60299
68359
33978
54800
70138
60375
94656
11440
95320
71661
614
14740
92386
47600
19983
62998
98550
65152
58405
32340
83759
52866
55091
85874
2886
5930
60298
49693
60093
82559
66884
33728
4089
32695
51933
49083
21941
7465
62637
40737
97849
96334
51144
73913
91897
35494
53262
84205
12589
83641
21218
13159
66060
31965
87395
24889
48244
251
65704
87993
96828
2146
33884
71490
6674
425
96498
8329
32853
84834
93855
43979
99916
5398
62816
3609
92999
62513
65247
58664
18137
28932
13462
8180
77216
93469
91639
95513
58170
37568
35746
26706
26224
56681
88641
17187
56315
29390
9409
68537
52559
72206
45373
44463
86944
62643
87047
27988
73503
41462
35687
21702
452
16137
81456
30766
63973
17072
4503
21075
25704
64999
99301
16102
29934
952
20342
10451
72100
47829
65822
30145
30713
63074
77683
96680
18385
76786
94443
48763
99653
60883
93186
90801
32916
16874
25250
41467
23481
79347
48545
23
36182
90118
42869
31670
92530
68206
19092
23429
62674
6212
13625
10853
94207
4744
27035
99094
31563
89617
59359
63718
71593
83941
71295
74211
68047
87334
3105
32801
1783
18381
42104
44577
81101
82597
56414
78543
13031
27502
25274
58673
78257
185
14345
58418
29644
46923
33623
93239
66084
80128
38539
27404
74015
40912
88076
5234
22963
59132
32255
34272
44971
86393
73748
36579
26373
8844
16339
47688
86627
44119
53806
17129
64701
84454
51283
61021
97953
7102
23595
30470
96352
75278
63011
12675
29156
99795
8081
44650
79107
48275
10489
80475
71915
25148
6269
22192
34142
61615
31693
55392
27840
72213
62852
87358
66994
10287
64764
49978
94157
3148
56826
86480
52556
54037
13646
78378
78818
51634
99895
94261
9976
82545
84747
73874
60850
86929
38946
14048
54297
38467
31400
70363
18062
22773
61759
90929
49596
17599
8630
91465
90565
61455
68500
97980
20582
57077
55991
39367
28104
50349
10756
43843
1204
87910
71531
56890
24586
27227
68991
22886
80701
14171
63973
56061
3065
75141
50379
16802
39799
26162
73914
78230
95726
53904
31810
20749
59293
9373
41739
43289
51184
45074
87028
92410
12802
24516
93244
44460
99678
87942
36206
37297
85828
99548
13026
61028
63993
80853
3066
11995
64880
18110
94692
17508
14964
34466
19524
7623
91134
98568
88194
40030
49119
63404
52576
44037
98776
29243
41552
37792
46563
23322
1470
76665
27495
83207
32433
49284
80454
57837
23931
3156
37233
85094
78498
91990
67656
21435
97308
52247
62195
58533
15067
39800
4694
9219
35546
59411
84513
4497
46457
27468
2146
92964
51940
67965
3954
86194
85573
85106
14861
7833
38637
75062
24104
93337
38426
72698
73022
14005
9085
70571
10121
30732
69731
67074
91980
12400
84382
70992
87116
59080
49806
57786
47867
80518
67003
79616
42733
86606
73539
28132
27025
49459
52597
48649
40238
31866
35842
36837
13977
551
99306
5254
24301
93456
70429
60624
13839
93964
17015
1748
31524
44739
27387
14110
33550
49090
63360
18173
82942
96064
77474
21617
28607
91574
35220
19296
36687
21280
31382
70911
73239
56887
30245
4340
75500
91951
42162
5442
24835
5122
69820
79693
42662
56550
14485
72905
88531
3436
32689
37873
92568
29174
62698
80524
10461
93070
59874
60759
47870
41235
4646
73429
75374
62598
92858
26928
22652
65046
32356
22772
90443
69713
21062
79190
77554
87860
25770
207
14090
42652
61739
39904
47968
27420
14778
24607
104
54741
80471
11686
69144
12246
29845
69342
38473
2831
82421
92768
26345
48173
17160
78441
61217
76176
82883
65183
54789
9683
48366
86180
73843
77033
96981
67756
43867
85751
83379
98345
22395
70037
8521
81433
53039
28832
85792
91325
59548
48433
61933
63212
11257
74246
99887
13175
10526
29752
79771
40503
63475
11728
61968
58418
97492
56976
21721
99407
1883
10713
93511
63376
56428
66432
63199
27519
66769
39590
70468
546
21056
32805
60760
50838
24397
23463
66249
73891
91204
69483
7470
73798
15598
26778
1225
20293
56475
19920
72482
39665
35910
56818
52679
89784
58644
15633
83577
22613
74524
76044
96488
33615
5940
28189
37348
83021
98542
20820
39969
87264
21895
8627
44053
48662
91697
36253
21246
5904
83336
80759
3717
30450
20229
70586
86934
48722
37612
31435
48693
81217
19592
25809
48173
89587
54304
31669
23328
74038
9347
52864
4509
51554
31940
62553
48651
23955
35083
55174
12526
60850
10867
85913
57381
46706
55634
14470
84081
86180
20594
67268
36936
80981
50188
70169
90102
98262
39947
9448
40467
80123
87207
58183
12
17702
51794
51372
53937
45334
87401
9268
98144
57734
71983
26082
30261
88333
36162
85594
72384
28765
30299
61071
28465
55469
14212
30248
9914
79675
27981
30033
83250
61486
14594
73303
84628
58998
90581
2317
10374
25722
53041
98558
77850
60143
55928
37825
37529
34137
96458
25879
2379
27748
68611
48081
54364
16432
68998
16660
89471
38500
81591
62049
66090
30579
86310
80403
59144
69887
68326
8451
692
32217
70082
81637
30383
22932
70451
12940
87974
77469
84049
44901
11200
17194
17682
57820
67027
65409
63824
25036
72527
85593
59291
19879
55271
95531
56547
67535
61873
61393
80253
59006
88281
53271
38661
10955
19807
28778
34050
64596
57747
76855
55378
54133
36165
16435
97116
91062
68843
98236
18193
30265
70653
97938
76396
72717
68256
19347
89786
47832
15843
10333
56078
15796
91433
23410
38188
57814
5146
91283
74556
39835
52237
23183
97620
4284
32418
66510
26380
57802
32686
60962
30108
24075
90121
24601
65848
22947
99142
31256
9113
13188
72984
49823
3877
59905
21337
64665
9976
2614
81387
8539
58338
86126
48033
21607
86471
74559
66394
33999
16315
95131
15124
50686
32599
19282
8497
95277
12357
87671
90088
23160
68853
72165
34938
85163
68191
63907
32341
45208
72754
32519
62466
36838
3268
23868
92625
94072
20316
81102
67721
27765
13695
58926
51413
26982
69864
82244
14400
41929
28890
23262
36665
67282
27922
49609
87098
4111
84439
80217
67880
11695
16253
12364
27498
39989
11782
29531
46725
65633
83985
42746
22276
81934
97674
25819
81033
92940
8535
10993
85726
93085
345
39589
86645
34661
16772
47312
82252
64697
94276
5288
5012
77816
29301
34250
44150
77636
17992
3113
52611
45330
6504
69791
13703
17005
6286
43276
7060
85151
76575
43393
76020
99714
66632
41161
11098
44994
51956
38143
26417
72010
74355
28126
49984
48299
65998
47549
39752
45397
70815
20909
44727
51257
77014
59842
64076
59949
59121
48402
79905
18883
82627
61449
65124
41726
43738
91906
63943
26570
3999
19728
81556
37926
18667
88577
46119
13764
91261
87245
47364
46306
36849
67502
98970
45581
85753
27849
55947
21739
11456
80173
77574
28749
81453
26959
78211
81020
77998
84290
43812
66434
71189
61885
76081
77667
82160
52178
92500
95868
4179
26974
37591
34818
9518
33758
134
57996
23039
99261
59419
59295
17437
95416
62779
35675
14806
86855
42500
30216
77642
25977
30420
28401
75428
86630
99235
96237
98557
54580
66739
76070
98048
70441
45688
51095
77184
17090
45044
13214
23118
69767
41020
41165
93747
66268
78412
56554
83399
36811
79114
36652
76900
87482
67495
60973
42405
39775
70401
69252
81820
68016
61930
7951
19884
10981
17512
22233
10979
17624
22091
83736
45841
87151
2851
45647
17841
65878
61832
74698
10781
79699
37832
60669
30330
14685
59772
77229
63606
1994
42836
17992
198
88824
45152
5605
65819
44481
98163
16847
27038
76617
82780
60663
35951
3788
58097
85921
38615
85850
44478
90504
73447
56524
30620
47930
51366
28475
80612
83967
20555
13233
97024
10162
74857
54596
23575
2029
30731
11717
9252
10362
30810
68489
37011
48303
89998
72760
13310
77149
13386
18314
95478
37647
37132
35898
6409
63621
65110
15049
25548
2796
20620
75886
62307
91105
53911
1736
55643
69321
4295
56274
71421
50286
68392
94537
67698
59584
13026
6964
45519
8344
12923
55006
55566
5203
86088
14975
57640
67506
55467
24683
17198
89014
93481
34208
60662
76875
41908
92562
81398
20477
35774
74947
16472
8240
27303
21231
48965
40733
54097
12778
34142
61913
39457
11302
5633
26502
1140
18046
20333
51182
48565
46734
58718
20838
23347
85482
87586
12348
52378
13183
90507
96492
171
39851
61204
50488
58853
52159
83407
59005
53709
54059
22420
66350
7602
14146
85209
62115
84894
46436
46017
9251
18753
50877
63859
1534
96334
90682
28261
78649
29419
35862
56154
26304
8483
14208
42460
18454
9487
79862
50705
13180
57740
522
89850
61153
4754
35808
86374
49200
64919
2477
65537
39437
60301
60797
25779
6928
66845
47686
78508
91332
69616
13621
75196
20234
83744
44822
29842
63821
91446
4435
3068
93782
75862
7752
12423
39461
86074
32432
47230
28384
96703
44041
28252
56512
69259
94932
6890
67961
60358
32704
71180
93401
40151
73247
34290
57256
34382
70570
11825
61750
64985
13255
31020
81665
41385
51079
68346
93857
63692
57895
44064
36695
92828
19516
72841
22502
18805
53596
3930
77911
52602
52408
32623
82383
36360
50023
32032
31228
43978
56291
40272
27368
86928
168
44880
43429
56439
80597
60956
43100
13363
70373
37152
24431
19321
23247
28736
95888
46588
14950
67252
26480
4628
45042
43721
57117
35406
64026
48101
15953
15834
66358
6615
89070
2448
92911
33498
65612
60597
20852
43415
41223
2014
7909
56660
13529
65404
56057
54062
98317
44678
78854
3369
4705
57494
85118
30724
93262
91554
33971
71792
75386
61592
96120
51735
67305
71414
95663
14437
39558
69549
94368
60278
2833
13611
17194
71657
70524
75283
68422
67938
56788
314
19960
26981
98032
1459
82833
67593
45037
94383
93852
31148
11442
1285
8625
12579
12018
75569
54724
7701
73633
92014
30990
77263
16262
69592
80127
38802
97831
3279
58871
63034
1431
96477
66952
69912
85713
53538
85541
63644
94932
54943
8989
68055
89490
53435
60001
81713
70840
33159
44238
96415
47229
93659
12850
66212
9767
15562
1982
39247
86062
2672
29536
51651
65839
90477
63653
90580
15856
89123
13238
43136
32657
78856
13234
84607
6436
49767
94883
19411
6453
49931
29508
15393
43215
11048
58886
43013
58013
67838
54222
42020
14756
35237
9084
94721
20165
23355
40655
24769
20803
76069
35159
16809
93323
87717
54987
43399
99249
42475
12252
44057
71965
28010
88312
70875
24871
54512
61253
13239
56665
47061
11734
59726
55423
49412
67093
49526
90951
98565
37267
28170
65529
69506
60862
11287
65808
76070
3220
89057
48726
4051
53873
67790
15953
72993
13629
68321
79102
98736
43292
24490
11713
55473
10448
62573
13634
48575
11232
44845
75580
44242
23749
31459
99453
3755
51162
69479
47251
76145
5867
17678
38475
32921
31582
7095
19264
5725
17292
27772
12263
86808
85733
77963
12924
14660
97449
50933
42410
78963
12121
28641
96589
2387
24926
68600
83982
35649
90734
98927
59425
6412
3395
61932
46741
49139
93713
38806
70407
47328
9777
54796
13652
41485
23169
55380
29932
55097
82409
74787
1223
13877
3353
82639
10257
96600
62945
10555
80873
13444
8753
45252
8368
10404
46940
54386
51201
72682
89668
2041
66925
61838
41643
25436
73384
24324
4776
61501
24288
50285
47166
40129
99626
76752
35674
94768
70594
6759
5998
6516
24789
61585
59269
71543
22345
35668
37294
1492
66806
12702
87369
89641
97385
94028
3851
28490
36929
37766
46411
26482
43072
77577
11808
92923
24830
19991
80593
37721
52238
42505
14350
73206
23637
89351
71408
22348
80082
55320
50162
67809
76800
48417
90998
56458
7712
10681
278
50
79104
82248
48008
62080
7423
68577
38608
8598
59480
69910
95167
89523
54002
25384
10067
92118
5457
55333
90752
68249
39175
16154
11310
47893
702
69416
41541
50859
47229
68328
95819
7733
21508
50416
52130
6188
45293
48356
4664
47747
66540
1695
8887
27095
83143
37516
72496
72193
11936
53780
54808
1564
9768
16604
51350
58993
43041
36352
88460
58003
32385
929
90666
40602
27385
97880
17140
29408
41490
65328
37767
19761
36282
63814
5838
84464
42467
36371
5909
56412
78154
20705
89280
38194
21721
92059
97084
27506
87240
83956
47544
78573
28227
20577
50208
39655
49298
60212
58646
29894
77107
3918
68700
70090
79667
22613
64760
19793
88994
72513
54726
90401
82939
59869
73535
11747
23153
56308
64449
2915
50942
32157
43799
27065
58077
88862
3604
62306
26921
70475
82022
98635
46742
64379
65883
96859
29103
68348
15454
98346
95658
76277
81191
94551
60725
87955
72056
29216
63286
14660
99032
89432
83178
80482
97868
23386
21449
57676
29542
96505
51872
68025
9984
41756
70567
22386
28397
61425
58969
62926
93125
42762
24412
60781
51558
33790
36026
47094
64518
42056
86877
26354
69724
26915
47545
28623
15876
22671
87404
61355
19721
63921
72867
11370
99977
49603
55239
75763
83062
86546
30920
53956
38910
75853
99677
90127
70016
73458
6637
65689
99682
22260
73952
43643
85029
38452
41173
54759
69513
11503
97338
70219
87087
63317
60283
90784
97899
92543
94434
40982
39444
85590
87091
69025
4158
89185
27238
12902
1556
97954
29361
22907
60634
66330
56564
234
53415
35520
97432
74769
1381
62359
47898
77564
18853
54858
39301
77323
51751
7244
68622
57344
5637
2345
38690
44664
88680
14445
29403
23783
7353
33504
42919
71935
75764
33023
33084
32644
80299
87288
76080
76113
74148
65151
14034
94757
39920
44206
82875
18769
89842
83951
91716
66265
73035
79821
87882
23411
79209
55210
58751
61539
73834
50426
47373
18392
56805
96291
14296
92830
69268
37999
4656
16785
24775
28789
93197
30814
30567
33614
97737
61904
82799
43979
6749
69230
39143
37799
36427
51953
33396
78299
54006
65147
6049
63144
47158
54911
81188
84083
78805
68887
16232
64669
38104
73880
61708
24204
40815
76161
94024
55516
61449
59334
16453
29354
3207
9302
86796
58531
12098
99615
46856
86567
89610
90716
51725
94269
50240
73851
29210
75302
29027
68692
68640
70374
3841
957
98360
91274
9810
29830
73213
71669
36589
30938
51199
25294
867
87506
1798
505
69010
26306
78227
78337
81957
92550
16316
64745
65039
57301
46980
82199
9819
7434
34344
78638
74716
89008
4124
10950
19503
80607
1721
69252
57298
32063
52966
6094
36303
39562
39250
79923
99108
27504
69251
18356
77374
47046
51898
80932
9779
97765
58077
20973
80013
71602
55415
18870
15357
58558
60584
57814
90055
22764
77414
44632
14291
24549
10410
8573
62591
32198
78935
68606
12166
68620
79005
29114
14018
23772
14017
70490
12267
62714
20270
11592
13908
12903
47928
54899
88931
4089
58743
35030
11082
31124
47515
94568
13124
7195
67801
61853
52922
76198
4688
73627
99100
23800
72694
32592
48990
22335
62260
75090
526
5731
40207
89640
62137
93896
83802
69294
13767
55007
57240
98048
44814
36052
95750
79479
81380
6797
7788
98812
88236
771
69016
34297
28935
32699
13800
84400
97878
77287
81898
53829
44289
91774
41722
3129
95181
48317
61574
97188
93701
8527
50496
80423
23801
55171
41447
30064
53034
64441
77519
43158
79279
6049
95979
12448
76513
26287
63834
47211
93955
39308
77101
86403
87525
73970
80998
92450
60038
95594
47466
20971
97170
6479
67436
54450
39891
93753
35046
26345
9781
52333
21044
95462
89161
58702
74282
41723
68649
3256
12435
8627
84700
40317
28695
50413
89256
73551
23293
86063
58238
12461
10213
39571
95101
48377
44508
62287
71194
15705
8414
74373
68328
37149
24406
37932
80154
666
57420
16911
61725
46488
39330
22488
16916
43324
75876
37049
10116
743
76945
79733
46631
35279
96688
86644
9576
40032
4993
74814
23070
46939
74508
24014
89223
77970
57252
30032
8593
44753
55578
40924
48997
23559
19939
41753
67150
71894
43242
86807
20079
12677
2299
98759
29832
14405
87480
21656
52797
45381
55755
16765
80148
18558
90616
13089
24526
85385
72929
19575
4207
24568
18068
109
53087
99270
33688
19327
42298
38136
78985
2846
73596
40321
38519
73681
80782
5909
58171
41458
70439
56197
10256
37871
3090
65096
45897
45771
35143
81453
35625
51776
70245
96332
38440
2180
51246
15533
15160
26028
29712
88186
80995
77257
69314
39787
18213
66952
11674
96188
53984
24560
61969
95257
47657
43580
61441
37708
30699
64087
68412
88348
28207
46047
73711
76631
17428
1858
55140
7354
47655
51137
61800
84441
25596
9234
33116
96391
86559
50330
48886
56556
1136
50502
98112
97927
36207
53531
7947
86796
61471
81057
51991
41807
57476
93026
88735
61368
41909
5347
48917
39899
56636
5621
25940
27705
79787
6358
58331
93502
31161
36368
62965
48170
53685
5753
54832
27883
70666
90707
74421
50433
66373
97412
68086
95141
13141
24533
82401
1321
95473
43166
67124
41981
71053
34294
1869
37219
91834
93188
88458
99576
22924
72042
2427
40319
39168
57860
89738
4237
16777
6100
28190
11310
27714
50508
44667
72413
97208
8696
18416
49446
39746
30521
11448
64178
73047
90098
24770
90580
42584
85225
65899
41010
4210
95861
45585
5607
1025
19058
87178
69309
67377
21031
31367
19557
10250
91184
12437
81944
37268
23925
65938
93479
95682
8345
65721
4412
5141
64757
8564
84176
57412
22995
17298
853
83806
96858
77715
43452
41600
34585
1896
58389
76781
71835
6527
85875
46070
25394
34250
3142
62287
17924
19685
2639
67550
340
99029
80564
59670
18707
38055
5663
68918
60648
53067
88025
25347
24497
83276
5904
51367
88529
60634
94456
45538
73749
11505
43900
83982
71023
40776
87372
71137
26100
14591
8474
37230
46775
85575
34269
15019
86765
44780
7292
35297
95740
27800
15662
12365
88896
85297
86897
94979
48151
72434
52797
6091
4511
8168
34834
84983
57669
54540
48327
37407
57448
97423
74863
35123
859
2725
93915
99761
14367
72998
56686
65206
11117
1792
98997
44158
54630
12048
6034
70925
14732
50772
3329
63872
13791
67536
49156
30512
99873
88123
33210
16813
50382
38298
66767
52109
31000
27842
15653
92298
22396
30366
82681
56312
96748
65338
1783
5697
16278
98355
88707
90654
59851
72194
15179
63924
2220
40791
31288
92882
65487
42387
96396
34164
92205
45895
4082
72757
55444
76932
76182
94622
82106
27978
69105
72278
25363
99627
73186
58196
45896
56138
2606
13953
46741
47386
26155
52944
64003
39191
10545
6895
60507
31576
30590
7902
43213
17607
26331
23792
90196
89471
51828
96366
55112
7561
2176
58145
16009
25821
91215
32566
59878
70074
82105
4796
21771
94955
85002
73534
94544
21665
55048
42264
2843
82975
69335
65363
9219
26349
91402
49149
58566
57304
96994
65071
10345
53329
24732
39495
77681
562
40347
60002
62114
77510
19258
51470
26926
8978
95406
53583
6550
14720
60826
29733
85410
88781
43151
89349
98434
55354
2600
96692
91215
18537
8920
1383
12962
87138
84845
36837
90669
68637
90491
51173
3090
28621
18723
78495
94007
5449
12548
26822
3574
656
10359
39926
82516
24665
61617
62175
45998
73042
92985
45081
29001
26890
7984
68774
95489
43031
36655
88238
19642
37419
60475
94678
71117
19837
70515
718
46050
45377
69656
67224
16291
22862
72696
575
43774
86811
53617
14244
83117
26300
93009
41549
94299
30717
72193
48732
71196
62474
94769
18689
4122
61782
98746
661
310
55474
42601
15018
64688
63779
5825
97630
82496
7781
28031
85003
67755
99437
32168
95735
63914
45854
72674
81806
45833
9202
81927
25265
93236
12587
97716
51011
91362
23710
39192
48198
14123
89884
15290
26440
59483
24353
36151
98982
80089
85247
28746
76683
58831
83578
68232
51227
85481
7667
42515
46569
88860
91408
91561
60409
37907
91604
74207
41389
41553
89219
82752
59044
20633
42341
24380
81359
33778
59386
88822
52191
90237
54831
91616
91116
57045
27143
50996
13247
29066
79229
36742
82046
86648
97385
58490
60323
19699
92587
36078
12077
36305
41722
49050
10909
68268
35870
57234
70344
18918
66348
47808
36659
11112
93523
10204
80738
49605
22118
73308
50338
56151
61723
43895
31090
57928
15893
42375
91461
82026
73472
80057
32120
21924
96842
69814
74633
50109
90023
85801
22220
59551
23056
45679
64569
68522
67557
93837
32628
10945
50632
16374
75939
60282
87973
33534
98898
99443
94913
5575
64316
32475
62696
31897
59884
94167
99575
3586
72726
31424
77302
33538
49893
83337
68660
59822
27843
52197
78634
2984
95828
76924
66551
14625
35714
23376
48823
84382
65799
74080
83270
54920
75798
65617
99464
39790
35028
95161
51067
31744
10214
77983
71214
83591
85934
42589
87064
57646
70372
99210
78244
66837
79812
12118
2527
83580
47566
34484
25740
23312
89265
70111
60979
66226
45439
18106
72057
41345
45291
80850
60581
866
47891
6067
66120
66054
6682
77167
49245
66447
95194
73768
82742
4831
44603
47120
48603
65278
5521
35989
3989
57586
81012
47582
77538
71615
59981
70368
11884
35302
11873
98569
24833
7825
34632
41560
44893
88238
90488
5581
75958
82517
62752
90921
31713
68254
30963
30038
2340
10643
44531
72253
87540
18453
74388
11074
59022
66934
70217
69412
85773
36399
31978
94410
14603
58711
62053
21763
11132
73456
23541
42078
4710
51536
69840
67545
26090
85851
83628
21864
14643
94376
2955
39449
76693
71621
80532
11552
81820
12564
83442
23780
45797
31087
35819
27671
16837
61628
85763
15487
42458
70466
14925
18137
29628
19513
79889
53971
96073
12577
25397
55729
32450
84193
55825
67311
6763
7610
75574
37925
18342
62539
10070
50794
31727
67991
83663
62172
41394
2688
9524
76653
70302
78186
54804
87365
90610
3091
80221
49116
63664
5907
25706
35101
89274
77753
9201
35120
8291
25779
35066
6177
44653
91618
37849
30138
97918
6949
21117
98095
31341
61740
48547
54733
72215
28433
73599
53080
84469
28913
26523
45089
17242
24867
35970
97855
7409
99343
62660
93056
74667
24255
17835
70131
59222
49664
1418
61931
50224
40490
79289
13776
39388
53153
61672
33799
90511
75229
59856
84616
5547
67795
47886
38953
61346
99102
14988
90546
70038
81192
2118
86514
23034
89163
45354
68510
43682
61476
12545
75873
16617
50641
26842
54316
25027
75327
47191
68834
31538
53025
76800
70548
41626
3303
75691
90857
61832
44979
20084
43954
98490
74151
64623
48147
82403
67120
54090
75819
65293
65409
73324
61940
40559
71477
10528
29610
59948
16478
76803
88212
26682
94894
48810
59126
8795
72275
30
17681
63895
32822
72691
5059
42159
16857
33667
17764
52887
8705
83882
99793
11181
74595
15330
3502
80417
56432
75907
93291
5799
62851
73165
63931
87774
11574
40635
9705
95805
65649
63826
64451
37473
2485
68130
55748
10724
34766
92992
87128
48415
11054
14142
34980
90764
80139
36117
93444
32137
14489
89678
3560
36487
79992
13448
13087
76054
50316
37019
50709
55840
99916
70380
98665
67046
84167
14656
71592
44204
89962
45741
16133
18833
23494
61531
41672
75944
87168
28672
38156
60170
24412
22935
82050
38666
2204
20416
83667
99826
84599
68881
65936
87034
69840
94691
68896
8166
55140
30630
89090
88195
39193
40211
82802
75028
72785
85400
37185
98189
84549
91605
42027
6401
52249
66774
81110
1390
13035
30591
69480
111
33177
14235
72016
40856
92652
12462
30163
9743
54254
91241
28959
19892
29240
84591
49365
13468
51785
23545
23283
94211
55840
43644
30590
8133
27744
16642
6933
47158
67054
64254
75683
80928
2086
16704
61925
62403
36510
90918
53342
3221
53885
94846
65765
80629
28610
12222
96942
90063
2064
13579
11055
66874
16794
86431
91485
80033
54656
98014
66279
17386
53528
39625
30568
38106
38676
56851
63395
27212
51303
68597
73358
13747
23948
70539
80746
25648
6190
16707
28356
34731
7102
30132
9627
12405
60735
74021
72549
62495
99281
75706
33297
80616
56444
139
60435
54835
78814
11678
56686
7918
96410
81396
15693
78860
6125
95993
90590
95405
24308
97141
42191
74808
23677
64437
14109
86387
87474
21972
41845
71585
42638
86009
5628
6498
31375
44640
96211
42977
35026
995
37329
45477
22251
64475
59435
15044
75840
46691
6802
74691
78508
47948
70298
82908
77411
78809
91421
75786
52853
81309
5490
40863
76084
37896
99932
20920
83326
1536
23371
65473
55441
27423
17765
39505
23179
12871
29456
1587
91244
63364
13157
80492
54122
16734
49989
87107
314
43842
43747
3672
2245
33482
97878
99094
76283
89369
86306
61740
28092
9430
12296
85485
62637
53637
49762
29141
42549
81140
32276
78052
55659
10030
50883
68421
96712
97326
31688
27627
11283
85180
21321
16687
2383
97030
76518
76258
51984
73668
27153
28839
23798
52817
96917
66148
5478
47598
92018
83876
70670
50415
86772
88466
82437
10971
66237
93019
38992
15674
28025
11547
23490
58535
33210
87607
13774
39055
26031
20425
47826
35345
7199
26799
84101
89622
46114
56203
72365
56076
89837
67027
46984
53847
5531
98676
47904
82873
37588
95078
55756
20342
91698
89983
79281
7650
17387
39648
94529
6993
42381
19368
57460
58254
24670
66231
66045
23775
18636
11067
75742
88275
53994
52535
49772
31378
60735
32397
23665
14996
98413
52034
43480
2083
71732
14289
93946
45456
82300
37251
39992
62701
17015
28590
41688
75859
13159
37047
13042
63629
5769
18650
15678
76293
29845
43011
6108
36708
33436
3841
25547
73061
66682
64974
75924
30372
67132
82705
13819
93947
78535
88426
21181
21174
31664
40549
83649
85552
53270
60892
40891
4090
9796
69373
31351
76651
98580
91288
55352
94013
19455
54853
20323
92779
28321
83946
81990
47794
68263
59888
9839
43713
84406
59419
57560
50219
98246
59989
5301
75963
59162
1762
12661
79627
75686
64430
39765
42219
84759
2544
45708
35388
2186
44878
30898
66251
10225
85430
68952
72162
76274
4990
4317
74736
59041
23724
64394
78576
85285
59910
30324
37371
18460
15407
26999
31783
12246
89982
41698
80833
733
61753
51574
66418
3549
98854
43504
7454
70514
61367
32010
91255
64472
9789
58786
17196
10020
86163
64284
30452
18201
16648
10494
23885
31795
38453
69148
70034
94702
73912
35927
97672
30148
1979
53235
82092
27702
45616
90454
54555
24663
3710
97509
7161
65822
7840
95393
16529
6133
66659
9725
74720
41452
5482
88191
90969
63458
74889
76205
69756
57269
20638
95528
70134
20314
90864
37296
15838
23985
52313
29342
40773
23365
26662
26088
44245
67944
91268
18544
24157
99924
60512
54943
75498
2048
11475
97436
82152
77264
85336
8407
19697
65069
45172
18336
1607
93596
49567
97050
2701
8880
952
7223
72907
88907
926
4595
23932
46254
85415
32433
39619
12297
29201
62803
25103
55252
27168
27569
83972
1776
84450
44059
381
80195
9800
54396
57022
76169
19610
39907
62699
59947
40706
69609
65616
42364
45669
26765
98214
13221
16614
54700
9667
3490
50819
16953
94403
59349
41216
13741
41129
55245
87935
21557
82311
26139
54908
87556
21993
19519
10294
68527
756
84464
3673
90793
99440
93497
1569
29032
53674
3583
5302
31591
97937
11317
27373
11757
34013
51564
58825
49212
39951
33681
7303
60537
52371
61944
58637
15501
53790
90714
35887
6723
98058
43629
25456
46871
62883
75217
14584
32099
79781
51429
89868
21678
11094
19239
22409
49051
71293
54666
72042
84604
47153
33234
1169
49854
37385
22980
22026
6563
94077
13969
44644
40589
31701
29519
22495
2316
41638
59111
76070
23766
99841
70313
95435
20190
84897
81286
69921
56907
97124
36744
73394
95487
30151
13881
79871
82177
98410
85234
47009
88272
76696
15983
31123
93184
7233
32109
8333
7604
60160
22772
7074
30307
21531
60107
31939
55970
96793
58641
4700
48753
15621
86261
45317
16500
81598
50075
27499
32186
94034
16791
11969
24716
30833
12313
43773
92042
72235
86452
32860
83927
45548
44587
64802
41468
15864
74314
58742
11793
8218
55471
84736
52501
91785
86880
78479
14296
60383
63451
52841
56718
31540
63707
62684
49075
20317
95709
84647
15306
81174
83839
18835
46903
83048
27088
51015
3886
59899
55602
41625
6762
39566
11711
27471
69365
24409
4295
18732
15184
92410
95946
5471
4872
47416
93736
76719
35110
87253
94540
69674
98990
35997
5399
33513
25337
89919
12453
61201
14009
27137
40558
87760
1294
2451
86305
26858
48346
17449
3468
32104
99173
34929
18824
16685
69841
49498
69914
24929
90356
86838
30070
7772
35258
14368
73600
22181
56788
30022
74566
53192
82785
4429
77218
2436
87792
10338
22100
62650
67276
22933
62917
44884
21941
93580
54775
99232
78390
84690
48836
22052
49241
90319
18772
64954
94953
76910
52599
79705
84190
57282
71002
29293
77966
36970
36902
51869
82844
76636
42266
55154
50682
35155
40842
41793
99459
58979
14510
96807
43267
27236
81971
28362
42309
60433
89863
50133
62654
10381
73
85515
32771
93456
20373
54433
65315
2450
18381
76636
22193
41700
69844
98238
45703
59669
44636
4304
55765
90379
61355
94418
98219
91706
60012
94083
56526
99237
19140
16094
83577
87549
71649
70484
56508
51667
34796
45864
14898
19840
63410
95323
69249
94872
27789
40807
47600
44560
38168
76235
10442
98055
6254
7319
69192
13974
95680
91422
96547
63399
47963
72162
49439
25359
32198
74060
57597
13014
33873
19991
5807
24834
9912
52930
71109
34345
17243
27172
42856
29809
64832
72544
51414
73719
75455
1836
52654
27679
12520
26583
81939
16316
75552
42967
95142
23229
51457
61369
15467
70617
97707
73363
2729
47530
60147
43727
88248
89823
48824
41132
20693
66573
28971
46729
84224
1728
18822
89207
53734
86016
76657
24459
43753
15441
86703
58680
57489
58145
72807
45742
77968
1768
13725
45850
3579
97129
95629
50801
80067
51592
76376
97834
74346
33156
54541
50036
62477
34493
94163
21592
5986
98397
74212
61111
85804
2619
54413
57755
68611
95618
18493
63958
68112
35234
2984
43209
46243
74181
99147
19761
43053
63695
10369
92405
16279
34051
36392
61135
68383
509
97932
19849
43117
7714
60953
86971
32142
24026
64747
7529
46940
59253
73731
44716
54843
74832
75208
29445
62323
9398
28228
87013
45763
43345
73628
86281
54164
75981
2772
41098
749
6905
86424
10505
89387
17599
11685
51480
75104
84735
10170
35378
66957
70005
47858
34368
44470
12151
33603
32520
75922
6750
84593
33802
74611
10148
78738
92574
78752
29349
1130
52688
21493
78734
27332
13657
12247
93283
65384
89974
9250
7864
97956
42447
40649
98800
71214
75449
33320
35730
96282
88594
76648
43837
76153
35207
55707
61994
36386
38866
61593
2153
83417
43342
90952
60623
88985
71837
43496
65776
4064
22447
14145
78337
58642
14921
41726
23638
1046
32867
26381
77346
63629
94352
72415
38810
42324
33399
16690
25418
85696
23986
91124
24874
39646
9979
66645
88540
77087
4171
27375
18780
22634
61765
48447
36121
9040
56874
22555
24801
23537
10479
94762
55520
18839
18212
46348
5092
32958
39715
34250
26790
28458
38312
55421
91940
49664
81353
66737
51129
6954
89335
82821
11470
62267
29906
5530
84620
69492
44990
87206
10248
47189
84528
70755
29493
9385
11489
37436
82638
6264
95429
26154
33444
73812
7719
7049
3571
97013
64869
82113
5376
25945
57727
40075
47554
85320
27859
8626
40821
95141
83760
90533
10357
89506
49570
82448
87433
55925
84370
61021
45341
91212
22250
74785
27912
56463
44376
50440
45007
48030
10321
86693
2577
36088
6217
69870
35033
40846
43690
57646
18625
88597
17371
8169
83746
72531
57821
17934
64865
79007
13166
55622
94145
98853
63784
53628
8259
49816
52433
48768
27652
83328
28768
35283
6358
50588
70663
10952
97298
87414
92257
24017
12787
81944
53194
2885
76558
71934
83310
47910
13225
95342
86680
21227
16526
60349
48612
8857
14723
31777
58744
48459
99442
68296
55857
19651
32995
49415
65514
28603
67376
96422
93158
35850
2218
4904
4527
52571
5834
44865
26440
73595
45680
69739
62349
22752
52114
22074
43100
60866
63135
39283
94373
43335
69772
96048
32867
21732
57044
48079
18486
84554
92184
90871
62348
68809
31024
26095
57823
46444
98004
66251
2916
19386
93559
70621
10534
5717
97826
79960
68071
64771
41271
86197
20682
35694
63319
48165
7644
32196
79542
61965
78340
804
13793
53638
27418
22318
77985
87185
37616
90873
43542
19661
76206
30449
48860
30322
1429
22653
79230
74669
30487
96435
3565
7870
54717
81753
72092
15350
34970
28171
26488
20754
56468
11458
8567
51552
73843
39068
98076
28086
74489
43962
60318
20502
49911
82896
2385
92175
88679
71707
98189
39760
48400
18039
87582
437
61567
98110
69835
28263
52507
7174
50134
81539
59384
93116
95022
48517
84582
47443
74147
44527
5967
63748
91775
83339
17345
13466
90601
71262
4970
6494
41856
51305
57153
11248
59149
35883
84770
82354
34846
79708
46098
94835
29984
77685
55410
81296
32282
63418
13533
87481
50759
50228
50204
38517
41713
97047
86463
99907
59159
28519
91829
52077
75626
22390
85206
25815
94325
40130
20939
41946
81315
5557
69830
96543
86683
86551
15367
13476
73975
70835
68054
3522
35560
19439
43115
46300
33876
55380
14561
60281
47134
35191
39356
75798
20084
77805
57375
1221
67189
4654
19026
15771
72579
3915
1688
10174
67957
71519
81562
39895
2616
5817
57029
26662
76758
6987
93201
61669
19993
85258
20312
88728
41525
17234
75418
14105
63718
71301
24943
65087
76012
30926
9733
31876
14594
63611
21425
77305
44953
62732
33519
38084
4188
41958
41277
53074
29783
68937
32903
29813
83793
99665
89176
94117
39774
11649
28756
54756
27052
53977
14406
69163
46388
85214
2045
6866
70075
74550
86687
30475
99004
94991
90533
53353
30983
90455
9666
89663
78800
77258
57181
21847
13640
99443
11001
14308
23275
20169
37006
46429
38049
33253
2059
38495
23243
71129
49396
72210
10107
59638
47038
21662
17430
42801
18090
95976
81325
12635
19366
45843
70457
95521
35522
35238
94484
50502
29994
24074
95950
20482
39568
90076
75830
78250
30432
88417
30292
23461
36944
33984
54588
70830
5674
67681
7148
84805
11290
49868
96036
20407
7914
88951
68465
6114
93196
88775
48068
22596
84081
32686
52320
51558
98382
70655
10480
60440
22830
83489
26543
35157
2597
69857
66660
77372
2160
98425
73493
38971
24263
76458
16459
85050
86261
80746
63851
46704
69193
39632
66172
19590
13139
68895
78898
46185
39062
37862
53410
95888
64238
88074
57841
34508
79149
40295
91531
52243
65172
23334
37876
17627
29437
40109
80900
68935
11436
38366
96893
42061
21476
9963
98485
81140
38660
76840
54150
70108
64295
31399
15851
31427
13262
60155
55557
221
51692
54441
46625
78063
52181
4887
40666
60962
90444
89779
76682
36174
94283
95976
64057
49853
22679
8637
43479
51819
9824
69074
90365
20630
91922
40654
76302
66610
3506
46854
70622
76185
62000
22064
14512
52911
85101
1750
83408
78078
71561
70732
90069
31478
14346
83698
66066
37700
79760
15509
87854
83288
77923
45678
45648
89142
31432
73889
23711
834
32269
97309
27296
50678
71492
43500
69541
93940
89799
82959
22401
72728
86982
99587
90248
74129
80310
52598
39021
85426
96963
31449
43181
17343
45072
2507
70416
49093
90744
42633
93726
54729
92824
31224
96656
81552
65561
17143
48712
4986
120
61583
8690
13077
40737
77674
77436
28046
25993
12574
35063
48120
53192
95710
38709
6329
64037
59040
88527
19370
32931
22542
90314
26930
67594
44165
72424
6996
76784
91373
82339
47585
45864
51019
47855
67419
1999
90723
16573
41747
26637
72968
8113
36551
13742
29104
57417
97981
8302
79649
2650
37958
2494
77703
14736
84636
57257
30720
42409
90354
81426
45875
61952
17329
31901
32005
44453
87952
47432
30644
90544
88907
25715
69990
19599
30413
14234
83162
8058
40139
71590
21077
223
9215
88751
1462
5022
91692
57882
47017
9738
59932
55248
78725
64579
43201
91324
7559
51288
39680
33482
37473
75551
13959
56187
55475
686
72166
34000
18190
29913
45258
42074
92020
80813
96116
11682
86232
9943
47565
70067
67018
3630
74862
976
50911
57338
93925
43427
7290
85475
58628
49420
4743
13236
50195
33158
79459
25657
53990
13515
18595
92547
51599
41375
43235
15400
24975
16996
73665
86401
14126
2475
53774
65117
98165
21798
70889
62217
53597
59327
99821
72474
13596
89522
15
17543
42925
69925
16281
93174
2876
24207
55743
45263
63846
26989
64368
59901
68076
34549
54108
79353
87658
33752
53225
60574
44048
57024
46450
40104
8054
85143
68861
65916
70005
26880
97468
3252
61713
8529
54793
52191
50837
49084
2188
13379
92168
33794
27816
77626
59987
21557
59352
73076
64090
7786
86004
54884
21121
68249
205
22293
41437
32195
86590
94486
70660
67843
48143
95792
46120
18722
82957
99452
64895
41954
56017
22686
25997
23704
50382
91670
23373
10285
3686
44635
49811
70077
93654
95923
21942
69261
22993
87015
51071
13526
61314
22694
89584
71138
33491
88463
46860
56924
69388
42103
67279
73911
68951
61558
20450
18682
23152
15660
29311
26234
55540
41802
4758
94438
65173
43148
89511
88683
79961
67217
89064
58886
16701
59000
26054
27361
35763
40945
36199
42916
68875
24872
98527
61291
35206
64230
32451
49161
61578
58866
67037
45379
57553
95646
32264
19280
16925
75994
3783
994
80122
39639
97695
41055
85576
82458
28974
70030
92895
28906
70186
20091
96214
80817
16346
68787
54160
79457
51944
61989
75954
55747
39994
85814
80474
42103
95312
15367
85434
24454
47867
49400
25813
45772
6269
47393
521
5421
71038
45860
42700
39450
89570
48964
25280
2335
43341
76317
54508
67452
29883
8989
22557
32917
52453
13745
29097
12332
92841
17736
83135
44892
33536
28541
85053
28611
83450
2898
63330
75291
15206
18151
77558
58111
78309
70630
15110
16248
70927
33450
97191
81159
82060
35362
75734
93146
63253
72776
11956
5892
34586
48286
32050
16424
11992
3627
78326
87668
60353
40684
52729
34609
63505
17639
6565
57017
2043
17413
75854
96813
99756
97237
93664
66123
86382
10629
81602
53550
35186
99101
31505
73941
94858
58792
9172
94409
68791
99453
71200
80659
41540
14908
99399
25050
94712
13529
81654
27736
47736
62039
88599
3620
17937
37903
31675
35344
45355
99111
12270
59308
93007
85648
93997
88340
77050
46095
19707
51927
31063
28091
83714
64660
61448
88069
27779
90095
29548
48012
57785
48965
19877
65206
58004
43381
12877
88748
50887
88395
79747
45788
9311
43600
49218
84194
43445
39990
93540
97887
14713
50551
7708
49826
38570
39183
51980
44544
56612
61876
30907
94654
18828
23489
48298
1196
93101
56772
24305
59075
49889
81001
17780
17202
86836
56784
31964
61515
14546
69635
11867
85968
37333
23289
23191
99206
49674
16470
18579
61341
15942
56916
27716
33292
92579
44243
57589
95234
70555
92578
39474
71481
95564
93599
51351
90742
78880
3237
37230
16306
5490
96056
60931
56636
72438
1558
94862
10859
65836
53921
92756
9503
8189
69564
21555
23970
67568
41179
39422
61008
64978
39469
1705
34899
94583
38993
5793
16965
5347
7533
69092
28809
70992
15870
24913
24244
4211
25822
25791
87742
59674
86276
28568
17711
90836
42685
29839
96324
13490
56244
96
24984
31027
91090
72877
26892
97226
76642
59894
82899
14980
22590
28736
16542
22352
79714
30676
99466
81368
84191
65866
98168
9987
8595
20186
37731
19364
95269
89834
2056
27518
36780
81606
72320
63969
74038
89618
39235
65834
1275
64751
26992
21780
32440
29623
60213
59933
28664
77753
67243
66505
17242
58292
12837
94479
84136
12200
66054
10780
19328
27612
84100
56915
47722
2067
27543
77678
98802
29865
94780
87886
45616
61121
81915
92991
37379
40331
72074
3801
2537
61434
49871
28134
31948
65281
45245
49261
98037
83921
2769
63532
57603
17180
15166
32878
23187
44128
43034
8958
62647
65387
61932
91042
22642
63772
47005
65007
88577
12113
5784
43956
17193
4913
58012
37522
86085
7729
55587
91191
24935
29081
18211
65435
89715
84152
75006
9826
1399
99782
12568
3759
39180
89396
53152
51311
48017
72307
30109
96050
56107
55156
10455
83905
27378
28701
79305
93849
13510
34871
93466
74905
63819
23351
11108
76624
48648
66342
56684
78182
98671
7171
26366
21606
48388
44571
35295
54240
83268
48835
65182
67922
64180
48133
59674
61405
16632
78530
43594
6023
82239
2796
92130
83807
99788
42832
42116
82655
67200
81191
69360
14045
20829
87707
22389
15130
36297
78961
69335
59923
89199
98269
58967
10721
49429
37420
75478
37238
91013
42489
83923
2429
18843
11977
5718
91401
39917
1020
28735
81762
30034
56714
91266
4135
69044
28272
40539
25065
93698
48258
39543
30638
92058
99920
32462
92853
53023
42519
87666
43081
15880
1644
58373
65888
44209
75365
96210
76060
24694
21393
27935
40169
7808
20633
29602
27862
38201
63663
81098
21643
46462
95752
5489
46872
99103
20613
670
94073
51164
28347
48143
68559
29943
43363
51615
60289
24828
78693
158
42635
63201
11260
91351
12312
54763
5894
11277
93965
63594
1203
20084
8171
99085
75823
65566
29723
41037
25066
15332
34055
84184
73013
17341
91762
66029
95675
78619
17172
98671
22140
39092
69905
44808
30888
99061
46739
39667
63384
90814
50834
77849
69833
62309
89174
81293
11593
56303
72314
82260
58545
252
23756
44840
68877
74658
48174
23426
91050
98255
88125
65613
56684
23375
34626
20965
48360
93639
13046
12637
9855
92284
23753
37785
47040
37975
65009
33524
70161
27287
53421
83432
1693
57699
45845
72771
30328
93660
45272
49672
13395
68202
16910
92404
35360
54340
7585
91954
37032
72606
1871
77195
60897
51969
15027
9027
63780
20646
37171
5228
15565
32166
25577
89255
10448
14331
94930
25987
85539
39887
2750
747
8561
59016
63080
31704
6089
58123
80907
3989
94346
42526
91848
74747
43880
36335
9932
30556
22503
56723
8263
34294
94062
19610
40670
58188
89827
29007
98066
86636
39809
86414
95107
15835
91248
59569
40982
78943
61167
22943
72555
65508
56874
74212
77670
69710
69262
98762
52687
76811
27180
4716
30862
61609
90613
91907
36352
47943
76383
14123
60011
3345
53319
32914
53273
51266
56350
62798
68509
67279
99670
25957
7628
84260
38951
49677
18960
45489
97439
16352
64623
25709
26480
57582
60865
89202
70666
52652
27652
38885
1577
41764
41084
13388
60530
5273
6231
45057
1454
97269
66775
69825
89937
75062
82737
46682
9718
18725
73847
7221
42359
68820
15885
67728
61494
4886
69434
88663
92694
63765
25296
45100
98373
36306
88474
63476
20306
14385
14336
38638
54903
78840
34362
65218
85841
13113
52455
68739
442
38562
36400
58559
22020
57419
15520
17079
7776
31270
62360
30082
23952
55571
23033
38107
69200
99831
14384
38202
10688
12741
85504
83228
37959
76452
7546
66326
65284
24634
51875
88863
26407
88021
58665
58434
18940
94926
43239
79197
64072
52688
63667
26288
64736
9309
31980
73169
43939
10854
8741
49210
23223
17712
72150
79332
14305
67884
36029
112
69351
85623
40238
17886
32400
13108
14587
51284
83984
81075
84041
70133
92248
9308
56214
84664
39427
17741
80540
31687
2168
74098
43915
20512
86359
80723
7715
92024
93451
47149
51410
43172
57549
46685
63734
881
82586
51948
71220
69191
46667
9094
19586
52529
79912
86341
31937
39294
9244
96193
26225
4354
52117
98540
52593
74292
45111
73648
54791
23862
64235
73191
39861
25320
88665
25831
48075
82467
66209
49527
56725
64597
21011
68977
63171
41149
49660
22773
75775
2340
99566
85626
44824
20650
65235
4588
75240
76092
58406
61585
80236
41007
53269
27188
62705
63778
80178
91259
7065
29843
57841
73258
26398
77415
22103
8955
4358
43581
4895
41003
95736
14478
11234
47770
19880
31749
20852
65508
97246
39343
40899
22664
62625
63120
36309
44058
47488
73373
53016
27469
52466
19940
22433
71975
34524
25874
27280
46954
50449
30995
84705
80708
19373
77037
41953
25083
11419
42254
26096
80331
36520
3091
28216
89536
15345
20803
31592
95251
24319
42870
86796
46522
83556
91686
26462
78765
13382
84155
80860
72119
96910
31789
14387
56563
55381
81954
99610
27952
53501
31435
58329
76818
82021
99867
22787
93180
85895
61357
85022
85102
36173
78112
22872
73839
41603
92590
68183
76901
48870
75450
79256
42128
41107
43561
33474
51478
94144
72058
40079
31440
99419
98955
11024
66913
41328
9689
15599
91904
19717
28774
47755
8919
98724
82518
16549
54870
37645
61497
30810
14223
60928
17651
47794
61729
50335
12311
87167
74593
66135
59069
81823
32631
39779
47936
42727
27564
10122
5103
21713
11994
81728
5741
34995
42270
84352
47921
49226
78959
80462
66284
91337
7791
41495
90614
99500
42375
43137
93380
89752
47081
7339
10875
53029
58260
62802
12532
18688
10403
94373
38599
43922
21685
61787
17765
40974
4377
40259
63293
15450
87026
51046
81271
83128
37317
56572
81707
54039
15337
73552
72318
79646
68668
37374
76395
82301
11123
17278
66913
36098
73923
5346
14374
60290
78409
13797
43004
29031
66569
49670
78700
83164
97791
82226
23410
12113
64105
50562
61083
94016
7242
62279
87317
87205
41334
2227
56198
69086
21143
28835
60702
87812
11977
61006
11042
87956
71402
51462
4105
60209
88633
65926
154
83071
40967
94551
66555
53175
93248
82939
17862
22831
20080
94593
46588
30285
16378
80444
84845
60306
17050
14957
67554
70726
52919
99504
85349
52755
2390
7455
83335
90345
58884
74938
278
14692
80325
15900
98519
53331
27
48312
17297
2214
56579
93780
59907
38039
82074
12422
51109
87151
91423
98700
12362
12216
41775
71235
60452
36421
54570
66577
20883
55645
73009
62522
15584
18296
59150
98367
99627
66534
51627
9254
18416
76484
68817
65600
31011
22897
18166
68183
52230
26193
99494
53556
99492
45222
89178
73501
84638
970
11302
33424
33931
35065
21624
85693
73269
1321
95797
19808
36202
38484
17563
3182
86431
62045
25757
8209
42143
52515
3545
48349
61295
14583
53400
33359
14000
3863
97238
44070
36718
45607
99144
70664
52278
12250
7350
94603
45825
85893
45554
89600
58137
60540
14708
85573
10878
33437
80600
80725
99457
98059
96902
65250
72327
70116
48810
39763
6291
21712
35939
55515
10498
98435
95920
8984
41419
78900
62736
10065
97537
29275
43840
66673
50698
94212
69230
81105
56251
50521
34382
80590
63830
96945
93202
69112
68434
81960
75717
61416
16217
67000
81324
28679
78213
64331
77159
65234
32580
74114
8648
92924
57173
61805
66866
22668
80276
94551
58120
65754
67577
93239
57882
29118
32185
13642
6017
5407
38252
268
56117
15637
82568
99242
48218
62888
1392
23112
73623
70657
25784
17362
76707
32601
21827
41196
53652
61105
3182
4684
49728
6853
44530
83830
67699
78701
31812
29333
38012
325
43404
9700
19517
18828
75623
65596
50246
99261
57416
53346
67436
90053
60370
99289
15591
57906
78573
90618
95475
16541
60232
20143
96361
77913
47053
14131
83551
50806
89348
82881
19325
45578
30436
4844
15705
29819
69443
76719
15770
50383
86182
93535
98199
45760
29466
59658
30470
82412
67975
50352
76320
84294
82135
12976
24622
31651
14516
1966
73557
87139
56155
66622
76084
94486
23223
21019
32233
70160
60770
36744
75974
19477
36584
71397
22260
41527
88907
49337
73064
73324
87081
94307
2681
39277
11353
44829
18896
11611
27910
83096
49190
2168
76247
52401
55530
69088
33549
37348
25157
1068
15198
33720
89864
17262
79236
31709
86467
97771
35654
14461
76094
33620
33235
82807
69124
40141
23337
22951
53170
85260
91137
97538
18200
73992
66663
26963
41159
94373
9982
44178
87950
61973
45061
48162
91844
99810
66793
27730
44346
21736
37901
29250
85670
49208
8517
6642
75065
56237
75230
21603
55853
30139
23655
26331
86895
73392
96822
32575
87148
90843
48801
7328
35096
78426
55253
26515
10380
2774
33286
66286
65774
59503
67384
82870
91835
42906
93674
92852
46509
48658
56604
34074
96939
17342
46801
18281
38016
85814
23433
36820
66446
65461
89847
21953
36852
28014
14053
13418
39702
99813
2124
20359
92023
43030
21494
65110
12304
70769
45053
75090
82694
21899
64426
83565
95458
6459
57940
69349
17577
45994
56780
45343
65905
99521
39833
27662
84294
37579
77731
1892
39016
45799
49977
19314
95397
33060
50414
11435
87930
15942
81984
93868
95411
28099
26072
15123
33680
37851
10984
93892
21005
98175
87632
14365
88917
73539
88066
48644
38456
35063
42385
10602
22896
54647
38363
92918
12275
65031
84611
96210
42091
99953
26909
89967
18754
19199
76996
60923
84279
49751
45629
63127
49200
64816
1129
53804
85728
69879
33807
62602
31990
83130
90124
35586
57918
17981
53866
99900
2311
26368
88912
13362
17391
70388
62867
46026
7310
96545
87825
37369
94811
19228
25577
64894
39260
70579
20031
96471
32460
96533
48697
65269
18529
5071
16821
94242
34433
58550
55343
72621
57175
31631
66983
31870
98205
78112
46598
78398
50455
29144
46520
32771
80505
12324
51900
39517
94111
75971
24753
2275
39622
50474
28088
42434
24188
89661
74709
50527
85326
21986
39227
15438
23410
7539
64733
17937
11516
76373
7682
86829
83070
16591
79466
24901
62699
33728
56025
10411
40519
55087
74210
70298
31606
76107
1076
30192
81933
6547
73816
84067
93514
2727
45603
74269
97655
7690
29683
35386
70519
36432
89950
10560
90232
59695
74076
68930
54559
94679
72184
63949
76015
3350
41485
47611
70475
37484
20996
92331
73023
46276
25596
1041
25500
60923
94520
87336
60974
1260
67515
99986
40988
3894
7884
37077
83288
94716
13567
32972
12823
89311
42849
57219
50805
10916
50252
82369
51953
8452
26385
71300
58170
75707
57230
89024
34437
71207
66569
31025
50201
18684
66483
58254
84323
6228
29413
49706
29634
78723
30634
40695
74189
22327
93660
19760
65856
41248
6424
15967
65538
48420
49019
64157
93145
88311
75399
59053
29950
62272
73057
99545
38566
33698
92659
54505
976
49196
76504
63272
47274
22669
11873
29018
80434
9273
70840
7409
76788
267
86039
86167
38521
63800
60718
32252
82058
48080
72069
61525
24662
42533
215
17
49662
54379
55094
88265
7700
73175
24694
86755
93999
97475
56098
75040
10768
82018
60773
52988
1112
96457
35527
87597
74004
24076
23601
95824
25178
24278
12996
48610
14669
50409
90594
68941
61412
98369
3506
67367
95280
66310
56568
69557
49951
63077
83772
14415
40548
23100
86818
21401
70760
1408
59821
31262
20773
26624
10259
78623
93014
36995
19531
53129
56720
21209
496
71023
4707
50440
86429
15219
41592
99154
84212
3697
37132
1466
41930
49226
26547
94673
9728
81910
23479
763
33105
68943
95394
55433
2259
58371
35618
29126
14434
36591
80449
13808
33776
64957
59064
61591
14254
88018
93290
47181
7521
87370
90152
18111
4667
89841
87264
83048
27716
7975
24777
19042
89907
64028
70752
17670
87196
85755
47728
11158
96217
59017
87269
28012
23207
70124
45563
28314
37435
37545
62250
41489
70038
12156
48478
18511
92499
5452
25514
98646
19668
39319
77287
6140
18784
15413
44242
91901
14736
18539
27415
93725
99381
54805
68403
92893
80446
30559
26624
70002
59343
30445
73831
82349
2188
18832
63566
53964
50689
50993
16057
84577
48804
63530
47690
6512
52492
45789
78070
82796
32525
75879
23654
60391
5114
58285
4740
51916
96293
12487
70206
78274
48958
37064
16900
5173
15686
28408
97690
14169
76101
14600
94152
24321
56587
7205
78080
22469
23415
7106
58010
91367
87137
38623
74312
26880
89266
30096
69018
76840
88643
95220
76389
84076
96965
2210
43122
10666
26535
38007
63097
75675
70594
25856
36373
61885
19216
94870
82920
54199
12144
48167
61487
77100
64008
84499
50618
32847
98047
57850
67780
89353
93433
17720
61446
8239
98504
37949
25324
12218
73429
17868
68626
47763
63753
41321
26441
32447
78183
56918
15725
54474
1868
44019
43731
58514
28955
29006
13083
39335
23700
99431
96897
95751
44679
47241
24699
31672
66380
72848
92841
41980
51581
54673
99306
33177
41167
44829
67239
47795
2548
12285
80659
84105
62282
2980
19836
82692
15559
86344
62705
36053
57004
89409
86414
11190
50695
72093
35626
42738
41369
59401
24345
79617
48156
70627
51180
67848
16378
87628
25916
1789
75600
90960
65173
6722
29784
34765
39024
9239
62545
85159
82241
34952
17135
50287
36191
85306
63546
33261
57536
47986
28572
26704
76245
8092
14322
5717
86907
17746
88627
44235
62823
74003
92973
23404
91139
7802
70046
51858
65618
92305
81610
8912
92763
75825
12554
92318
90919
89086
74018
91521
93805
82769
71346
60779
69254
61462
49532
71330
63279
51865
46040
44376
39751
31750
50078
32375
20982
79703
96142
77636
26708
4934
90756
62172
28262
40071
90595
89370
25906
8366
79531
56497
28879
81017
36573
20500
58751
85901
98970
34763
23770
59137
15834
45915
54050
37932
70886
46912
46371
14307
49773
64255
17874
72131
79413
97798
44422
93471
15
22891
16177
42711
6038
46022
27437
50129
3210
96859
73881
8656
49282
58857
84750
96814
80213
14990
63443
27462
38250
62229
59216
49101
20167
10676
60278
55453
30237
12270
19865
14090
94757
99062
34
22288
74269
86160
31811
48589
80624
55031
55474
21663
21917
48197
20011
10310
63821
52599
7300
58275
57585
26174
19028
11205
1296
68005
65760
53488
23696
29644
51039
10384
15589
13860
93243
68209
76662
46655
56585
66902
15971
21710
33038
39317
19429
81496
50389
57336
97649
91108
23672
31092
12806
49721
61744
42440
78865
10227
39029
18741
34200
81002
16647
55952
95158
64105
31406
76507
28553
72248
57794
40547
11525
32102
50378
95210
48547
62651
25790
32263
14589
75392
58835
45333
98944
29502
82633
19995
83666
91862
96562
77543
54845
53035
6313
97958
63249
23118
76600
34029
87961
67860
19545
65769
78636
34124
44268
61070
23615
33850
4285
43823
89537
16040
6881
50714
54828
65797
30104
34189
98443
36745
30357
29024
5050
20117
33903
73568
4074
90862
386
29020
63969
19177
86320
987
3331
80148
18471
98143
61452
9291
91956
20655
74623
38245
12673
95211
67245
64989
39752
10896
10765
93828
32528
12914
45055
7335
60835
23808
48881
84235
76645
31892
66483
1548
94363
15141
65358
99344
446
37156
1909
10199
63826
62839
86038
15319
55059
80954
21574
29382
21687
58094
79401
25977
26247
65975
41890
70183
61515
52027
80535
68444
68305
46650
7075
48675
19547
66299
40120
18190
56323
37961
49073
92760
22502
35962
12912
72994
88586
5152
72874
40597
28687
22004
36897
46909
77275
40651
5019
12426
77513
11895
62353
61786
65908
65077
47744
66888
140
87694
19754
39467
75731
10415
91705
55438
31110
77579
58151
11871
3396
40050
60801
65736
39671
16659
11577
52995
7976
67113
30809
40031
57238
46377
46264
72008
9514
60428
7597
53004
94762
95778
31185
43772
23289
87530
89596
72881
38141
38837
23478
17103
33206
15526
6966
28535
74935
20236
51030
1812
3001
92605
11629
24185
95484
98739
40203
16293
21077
39520
34098
58209
31345
67491
86882
82716
42112
39459
63219
21525
15004
26629
52491
89477
90846
8087
86224
17489
18081
46131
53135
62820
70693
42120
50987
44355
54280
84129
59566
43991
81214
48258
33455
94886
52293
70172
95402
16400
61224
97818
20395
58595
71683
32732
74163
97453
84604
90063
89845
37050
71234
51311
34797
34680
82785
53798
25557
61486
34039
81481
5430
70004
90836
93479
49157
722
21116
35277
79170
70858
38506
27231
78738
87330
69497
87920
80261
33128
33065
80022
95262
64393
27723
28700
80088
25633
9312
59883
39954
61572
2836
9752
3262
89111
38775
87497
44858
32702
81513
35188
1466
51836
90483
97689
46312
72258
6418
78288
407
63520
45715
75791
93110
69293
28654
43907
7802
11518
46525
21683
3177
84512
48922
19530
49415
6463
6669
7062
35004
44040
53795
69329
58344
45442
75213
62534
96538
29393
86970
15157
8180
16425
86733
2721
4012
84212
46681
87808
52869
91817
14003
82094
78157
65236
96208
29695
6900
27193
98981
68866
96625
16236
79114
36896
90347
7974
16622
78998
54339
96164
56336
12877
49895
56012
57698
61045
33518
83707
97917
14949
94430
44677
66478
54386
23394
16337
54133
96375
89702
95076
23344
19095
61480
94326
24458
36532
54395
17655
52816
83386
69844
19110
26459
21113
41587
65354
17083
62882
27146
83420
90395
37074
84962
6311
11902
15875
89515
59752
78619
20136
28031
58792
12808
45097
81971
31353
84910
33100
57095
68967
38833
66567
98273
91941
43300
30655
25455
87734
43723
61531
98075
7790
70932
27972
23304
6648
93085
30948
41792
69209
36322
33918
77760
85371
5146
69259
92551
69975
138
14683
74977
75139
7476
66452
25751
32974
46589
48074
16652
97305
26378
56791
56646
38043
81663
70966
7161
51218
63995
20207
18379
6326
75697
80338
10147
94098
69049
43768
20374
36941
36356
36440
7133
95991
80994
76598
73655
35831
10824
68113
79102
29007
10034
83251
62986
97490
46965
55034
82247
93482
77107
9502
85504
28369
35886
59862
76565
92500
28594
73837
30347
24119
40177
3169
8633
3213
91590
58989
76070
53960
28371
92258
4951
2787
96642
57450
18316
82573
97413
51129
59462
41877
51695
60134
84968
39320
87942
66244
81042
34938
96899
69091
33795
77899
12354
69878
3852
14641
32993
72098
19867
27600
72321
72080
87118
46834
93654
26101
21916
22072
395
97501
56946
77881
6637
41590
57212
6820
85680
15117
32270
1073
67782
28109
69600
1102
20289
78111
2993
82006
15112
8646
92611
49690
977
33182
51746
81726
28487
61083
20332
18944
41435
47257
98517
50970
13704
60083
46008
46947
55170
31513
58373
69885
31700
75194
58217
16765
72811
78535
90284
27668
14104
85023
67177
79017
22633
43322
39592
39383
99939
93459
10024
74877
35377
46992
91390
42249
82651
15701
17850
60149
29471
31829
59534
34476
33952
11745
76055
68496
61192
35974
66447
67133
46333
11017
69476
98324
22847
4964
3380
21303
54090
7690
35580
12315
61497
11753
34772
43385
72993
64741
86953
80561
3682
38015
99193
78102
49292
61664
40008
71640
71740
90602
54157
88568
99306
58775
5100
35829
48156
19412
82434
98365
30738
33904
21691
14401
77915
19135
2526
68997
99834
93980
67140
30663
5607
25905
38352
93767
9377
92437
39955
26450
98382
45215
69311
77984
63396
32417
38000
14913
58430
54262
28525
96523
90
59919
44995
49576
84489
45429
40826
4674
38389
72375
96995
63131
92854
72694
48330
57264
35285
88427
34794
94387
80895
5904
84490
76446
30322
27877
26389
45361
47876
37273
63063
16530
93255
72346
15035
27595
79343
18738
28673
10892
85573
78664
87202
17096
78988
53527
42903
91871
31767
90384
73926
87501
44783
48367
57138
34725
14725
48609
11709
25859
62581
11013
66165
80865
3427
64693
99362
14460
94406
89275
18295
46327
42196
67064
95294
29972
6279
10284
6135
42944
31741
6773
46941
62599
31190
59947
61623
47613
77303
30610
96232
56397
30180
63074
67392
58722
43246
17250
99234
16314
56488
81800
69557
60765
74628
36052
61373
94650
7870
17085
67326
69865
37493
48964
41705
91318
41829
51243
35191
23861
72498
49939
36655
34476
76164
33958
47652
9091
82972
53666
75118
58252
11365
1772
96686
35333
64521
71226
54558
19843
20168
25028
57203
9807
42123
24981
80344
67727
82187
54408
83990
75809
4426
28361
76340
9174
96391
18565
82793
94461
65827
66384
67117
32714
55393
6368
12650
92080
40089
70736
38302
56881
47215
44501
68813
74269
63609
65089
32390
46844
47549
51961
25494
40381
61589
42854
69166
3396
54790
95650
54008
23968
53062
69366
88979
49106
40942
77895
50188
70853
80739
25013
83637
86557
36822
19231
2274
86475
1309
29114
49807
88719
38046
67951
58769
46864
9076
80746
79524
57221
30792
24720
12901
78276
5391
66810
55015
20255
95961
69017
92417
92737
13562
60385
34618
35834
75783
13560
48916
89963
72596
40802
2339
4311
95082
353
28681
88700
24353
64149
8500
56934
15888
1624
25799
42142
55160
52982
85419
97550
63446
94976
39656
21659
77062
9013
83368
91789
54827
32552
33912
73564
45587
29716
24737
76028
19616
49682
52823
5084
20461
19721
88581
46678
64141
42534
36511
5023
52081
32754
55892
78456
59367
58121
97909
61025
79961
98588
85345
52098
69942
2450
63555
70760
85354
40858
65804
48021
40524
99336
23852
8078
69031
90808
7253
30015
23738
78627
22692
45529
48331
56015
96889
58415
42991
60649
92913
43802
46375
15656
15757
68006
29706
40580
26494
88712
81194
89783
46668
49125
48092
81130
49825
78822
9994
90021
80580
11598
96633
26666
9874
92054
66653
76213
13713
23906
93729
55476
62334
16254
24474
31047
92017
65130
42262
25451
41411
53037
36582
59123
42827
38287
47774
767
96413
70988
52644
44469
70894
97456
89263
65528
83498
32704
93730
94054
2667
46375
96438
89219
19144
54302
28308
5238
30021
93504
35769
64865
85161
63440
26185
77965
50307
18969
8078
41678
28827
16100
67029
9284
95822
10844
70919
34836
81324
27912
20665
28528
87469
18152
40883
212
44294
94528
30305
33928
76431
37600
14341
36791
15950
3218
99431
15806
48021
45529
12777
35262
82291
81889
10774
84009
10009
16237
36981
10965
28971
65553
97555
50638
85028
94364
6848
23470
89167
55982
916
32756
46373
71343
2863
9957
4024
83246
25373
14141
98557
86520
62874
78289
38505
6035
34068
43373
64351
47508
47070
2115
46783
80643
6092
23550
57068
84495
17378
25134
72703
47914
48624
44463
9996
18487
53191
99695
6592
40798
67255
58359
68133
49536
69770
51197
67908
17702
90654
99791
28448
32383
36205
74149
93258
23490
87732
15441
61785
64470
24317
38407
91933
2258
12961
50196
9950
45976
92753
96279
52057
53226
28225
40462
21948
90465
45699
87323
71439
73741
45755
38860
21209
59874
45615
93571
20469
28622
4072
88381
23211
37147
73397
85428
48783
8700
70596
75961
3228
59284
46304
51178
39737
97757
53706
90728
27634
65754
18670
17746
26233
93785
6823
32550
69818
64715
16678
7424
35633
87591
32047
30611
28199
47301
15850
97026
16467
71037
82128
17900
75593
97786
76406
43600
23957
99887
593
10047
28970
11295
92858
69674
67679
23919
13737
58373
32009
30010
74222
46787
68173
30016
60078
24284
16896
39772
91617
76966
95588
41753
61320
11045
36226
85044
57600
91696
47902
2206
70854
36992
65029
10919
91385
96879
15291
94474
6158
31466
2857
90567
85516
95296
13179
70120
97154
70386
37618
98950
64920
64986
57333
6578
17870
69584
53699
78635
67926
60992
60078
49890
54810
87527
33906
84320
46220
79743
53688
51196
14254
16190
16029
84295
27873
25322
20506
32079
68073
32635
83501
47721
87967
99223
69424
69329
20492
4536
52558
38200
34305
88627
55060
13210
82108
19933
55657
58320
14997
97292
41993
17081
29184
62649
73759
40211
23405
84572
65633
92309
17577
71023
39643
44832
57656
28119
30699
60145
28482
12354
47523
34282
46789
13360
8471
87793
73502
47478
71468
58720
42464
26866
31370
47117
23996
78848
6029
76093
58674
60567
14332
35324
74874
52868
44400
33510
70803
27046
99094
76767
47792
19349
69590
69737
33558
26247
36482
25755
39684
3500
29886
67211
71769
37794
15225
28743
8860
47944
8075
28430
34311
31804
3968
92784
93141
3596
76519
56008
69044
95489
5983
84686
48758
20849
50898
91350
65430
70051
38014
99525
74809
94455
28008
72941
60072
7817
72618
31554
50059
8521
22173
3644
65434
16794
35569
73751
43176
1278
14014
45206
11370
45238
30189
41584
55594
72648
27285
59622
19703
57046
77763
57497
95340
85907
32501
7079
60299
38850
54479
49636
63259
20736
18535
81457
75732
32364
23812
67489
43113
39766
66262
98614
24540
59573
36522
4320
51827
67192
45700
48568
12331
92499
64957
94235
8870
62888
89917
67878
1692
92119
87836
99969
23159
67478
69804
6389
29072
56308
29483
48772
72342
1492
48141
24387
63707
86069
4737
57915
63925
21290
96174
30968
31789
51870
51276
40631
82258
78662
40629
70891
42332
1604
52787
24232
18135
99845
42074
21189
73961
79022
57793
4085
96235
14034
79463
76915
34220
75360
57567
2448
77400
89020
26617
90850
41915
25346
99705
93066
98962
68870
64188
36292
831
91624
41695
85531
72136
50175
35976
36787
14896
23589
6708
70649
14847
71205
61637
41617
7239
54231
13009
56033
86809
13101
85877
59562
54547
72212
95535
64154
34065
38812
15749
52840
65524
17813
14522
15725
71862
24580
66509
28243
99713
182
51946
57211
32422
68698
94922
54135
6203
47769
31606
37192
92314
54951
12447
43986
82933
89261
26161
38029
49725
57528
88957
12512
52069
35111
91384
72014
41938
38841
79319
90019
18699
32458
93608
10017
49261
76519
12761
5441
42857
22625
48718
2736
73712
94900
73327
10988
48775
76826
55647
3389
16920
97727
85537
20267
42254
7388
47055
35130
48373
97127
91560
77638
61415
96174
44465
81709
93148
83429
83949
61341
56875
62810
88058
2466
25554
19392
91046
55141
66108
40822
93457
96741
25895
30246
39359
83019
51757
90237
5059
77788
59736
39320
87074
21600
96369
53720
69987
21356
13291
28635
12846
36241
3346
66994
78885
66141
57315
59132
59419
58021
8539
26834
93219
60064
77178
93390
26667
36199
86262
68600
31488
36437
81300
70237
30639
32029
35390
13375
45988
46623
85950
40021
11112
82418
70591
23003
23848
77236
59765
48276
27963
22764
19694
11119
46176
58705
33689
21923
68237
79669
96467
26078
14122
64647
83806
88148
39013
71367
78486
27557
60428
46880
13522
82590
75814
89221
86659
16302
81916
66251
26492
27908
4129
91825
33385
69962
45502
17315
61632
84085
94537
78818
24277
17216
21181
27975
30578
99107
24320
18158
88929
94796
64731
93439
85334
93262
13823
17398
27648
52103
99597
53101
15182
42878
24165
10713
10552
95447
12661
72417
70447
38731
62409
65205
78712
56687
4345
91433
79771
43438
28527
79130
18824
9184
31705
77966
89357
35795
9565
83378
73193
89608
83489
41905
76204
54270
26687
53915
38422
79913
27595
74252
40535
65504
7486
79733
74570
89506
69567
65854
94152
66344
87360
88242
47717
80661
41355
30549
47612
71467
86429
77145
39429
68722
71117
91703
7837
22787
48288
51736
49200
59224
75567
56850
39156
27042
2895
82655
40121
22810
13275
15074
48231
91041
40941
25689
14759
691
44744
48110
73245
57723
43898
69762
35542
90418
88741
11628
85979
84133
10148
66789
53137
98739
9051
97859
87503
60932
68381
57123
83993
23910
507
24896
19127
52986
96915
81302
90005
38510
41512
71034
96245
91438
95237
9022
49134
6405
74712
56475
72199
33524
3737
24189
79622
45154
62749
97837
24241
85650
51224
3034
25228
79205
99787
11097
25355
79300
22314
69887
23398
4965
51778
40496
18358
80536
50484
41239
80310
37317
62939
96862
95133
88491
23965
88579
80984
97832
16781
16954
39286
76244
22331
4407
63498
56635
29829
72861
70823
83688
95844
62528
83784
63109
42263
15153
64543
45843
82110
56985
66241
35404
74536
24431
7687
17831
13673
67644
33397
90081
2263
2985
26060
9349
24255
69877
86612
73161
415
4491
23982
86852
62763
73846
24308
39251
9617
96187
90999
39333
83589
34975
89766
29651
74520
27393
37869
93013
29171
94970
99780
67216
93014
96348
31441
87388
39190
48426
77239
23508
92902
26470
43952
98960
16576
88704
33729
8888
32712
41599
5197
49734
63890
66292
72317
23698
6916
72025
10914
89575
50378
37808
50595
82251
42507
12994
65851
79261
1065
58068
6152
22597
5866
59107
28238
35943
54717
19074
96063
85859
1427
70322
41044
54479
78857
15937
81233
41083
98612
19894
80987
63803
8297
70246
11263
7463
37341
38943
52103
18434
26116
44160
89396
51221
11769
86190
76428
21394
50608
37940
68944
93596
58378
45119
90416
63068
29475
25862
42578
1994
45717
22806
211
43234
86723
76976
81197
65499
59913
2660
48588
7467
9764
66274
10340
24436
96896
33333
85320
13845
57530
67043
75114
95137
82304
28455
42938
11815
12521
59210
88087
8255
40849
41295
23744
23470
63694
9627
5580
88090
53613
19371
40055
29830
47356
86347
24327
47206
25892
99334
45813
588
71502
70946
91905
69811
94231
79083
26931
32697
78737
7139
74851
30403
55271
24369
39728
10444
62933
32502
28285
50705
88748
47627
97187
42312
43678
50517
72587
30121
28516
22310
64665
40289
35714
90536
86128
54280
76663
13421
47868
14871
44780
17126
56946
51187
95402
84110
95086
82236
90412
82907
24291
68588
87578
88668
8703
55139
71800
17639
50958
42028
36940
190
1560
31973
55736
73460
84967
73324
96505
19277
47336
72268
22553
17067
19712
47261
6892
65216
69343
69816
82176
90816
70579
97584
65170
20431
76230
6329
66542
17616
10209
27069
20171
63482
29615
70980
73432
44030
34605
43675
60987
18548
614
21852
81423
77794
85626
6880
93537
84520
75198
96053
53959
79520
45702
85772
43598
71168
45788
8079
83616
87957
48804
82238
93101
96921
70291
31131
4299
26564
354
80634
65806
10626
47463
32545
33996
87396
56921
81652
78010
74803
88630
43967
9108
96988
25857
68444
52213
24971
8230
23098
68277
78654
2923
45352
97950
91951
61373
11041
85459
27446
597
37721
41581
21660
64678
35371
8176
49823
65653
94484
12210
91610
64570
38970
85997
2213
21968
65548
93469
51173
53440
2037
27753
47997
24391
15556
3520
19585
12193
41282
92568
4930
62424
48895
68519
4626
73544
52361
40343
61229
3263
71412
27253
59340
44508
61585
26893
54365
90098
75753
4488
2746
22503
17005
54637
25608
46270
60734
17898
384
54913
31510
63339
71016
95940
52579
19097
62632
70737
26291
15804
17323
83310
90125
43958
70233
15359
34109
94106
91401
92351
89033
7140
81424
9720
71899
28045
81010
38488
65554
86199
85958
99775
57052
30254
70173
170
47894
29465
12641
86203
97393
6370
61966
27224
7536
73107
86403
29069
98054
89095
13454
31369
22774
30187
47640
17605
7208
43712
43664
45869
96410
76079
28426
26816
24686
62424
50207
10277
8183
57672
54873
1903
86602
96567
45571
29045
68831
56882
12904
45635
68969
67524
22043
87072
10003
72595
60311
2141
54163
95363
47284
1772
522
88257
23743
68523
1263
11227
72412
54059
24786
89870
54796
73789
95740
75509
63427
6229
68004
14830
96324
84152
18575
21701
29219
80465
95670
89253
92858
81365
97092
49560
99519
14598
19264
96601
68397
46489
35040
35805
7412
94970
4950
9972
79835
44949
75962
88203
13794
49843
43801
5824
53697
12196
29678
41198
85118
12627
85868
93602
19438
35227
469
16605
3463
32418
40494
71012
41978
88894
31381
19876
72543
74880
6031
28532
85225
66084
45427
6028
18841
75321
85797
81782
96194
89407
47696
26324
97040
84503
48069
59482
58836
8556
64921
71614
62080
80580
33825
21178
20794
29677
26564
96325
97351
64516
93612
11057
11957
6981
96647
80300
99308
81355
24799
99337
60267
14452
99267
75431
38314
27935
74936
3310
15462
63128
65714
74397
50660
45004
22864
38164
23937
29076
8585
86808
10340
73981
2645
23626
82941
61495
53123
15900
88806
32310
90253
16580
66410
51451
23294
63465
73527
7395
37150
11351
31992
91958
4100
58726
31003
98904
80043
93844
49463
54670
64202
19689
86213
44513
23114
7466
98690
99341
60769
70622
42093
97824
10400
12411
33567
97083
80370
11396
69610
24320
11982
61646
65199
11898
29720
65941
26415
97797
81028
65911
91010
38279
63048
43248
97306
26670
26279
21711
79719
26351
4433
16824
78009
31065
71134
92137
30417
20359
27469
24570
39412
84706
27248
3594
18445
1709
37353
89944
7400
50259
34717
98424
4881
28201
15226
43905
31207
28911
29726
39562
27043
46979
77627
86755
81661
6581
36894
79381
61666
5036
43836
1722
32065
21793
14326
3493
19324
36008
53667
65748
20988
3286
48491
46833
55245
31188
88433
44061
47833
76834
63114
24415
2511
33084
95888
27151
80053
76478
25319
24671
93143
12642
56521
18267
2834
32466
87516
50193
8741
38236
55175
41920
27895
44918
5250
22472
2851
76217
89251
82640
37069
39618
21703
22324
60659
10586
43306
61481
11716
91184
14431
9841
31846
99145
62438
76016
58144
56064
99616
70453
52751
95114
14198
72267
84672
51546
55325
84567
90390
17636
30463
60413
25684
45469
64427
21472
91406
53078
73871
60332
16000
31148
17186
82938
79121
56927
92353
10584
25331
29508
19172
66739
21362
35991
38905
18726
64452
85191
21422
32009
83500
58392
1385
16656
1870
40654
56933
58051
51882
54527
60359
40698
69084
48078
92512
86240
87457
49021
21017
29245
87455
40809
5649
50573
20839
18219
84332
74318
48723
56384
98896
73002
19663
5744
37884
83943
62784
92961
25582
45204
54741
78862
72837
19500
36467
93193
91806
47542
51254
69105
22541
39139
13761
77327
18022
67751
20837
37485
26272
91645
9289
60575
80404
70484
64424
30749
78259
93162
74252
19063
48792
36482
1649
90589
91564
69236
12201
22448
60853
32537
55652
16564
68145
1336
54556
25620
97450
37193
31825
86169
78951
83706
98436
13246
15853
43052
38312
68401
72882
51850
61856
19444
83160
65900
99616
33201
26637
95844
86929
41307
74967
3475
63663
24393
14805
10439
63080
83129
47622
31180
41700
9759
71392
55987
21953
2166
52017
15533
66821
55641
2016
28582
8633
56910
9922
98613
59933
14770
91612
12936
39472
38770
82373
32961
17772
97487
18500
70577
4993
99390
90700
16590
21907
61666
25451
97694
62707
364
29727
50797
25801
18685
75959
22020
17462
58862
3251
71777
91277
22274
80567
35518
15021
30937
80942
75402
35082
65985
63703
41166
57873
15808
14268
4439
86406
61965
61422
72321
58244
68541
79821
63831
76181
42113
58343
33543
37137
91271
92687
22102
39162
93165
87355
3421
8238
82408
79324
47990
49578
59501
21985
7968
82789
6740
26567
84344
87133
72354
84085
37642
26847
69479
83200
18229
52198
16976
30706
23109
50026
52675
2926
78777
52668
19762
91931
79666
35073
53556
42409
19270
70082
72680
90267
40359
57821
26668
25453
36003
57931
8615
32430
16109
64192
26453
8044
36496
30842
50752
58447
35004
39183
46323
55433
31206
77396
81014
32828
23220
23492
26139
49191
93560
99515
53671
35189
10285
71200
34396
34664
10061
32590
35242
15659
14130
59998
17448
22470
90024
48133
46873
47689
31307
89404
15280
58583
1940
43766
11849
36364
86617
1786
6983
86561
74090
76445
84429
97696
80598
82583
17078
14522
40567
48665
54134
25223
87146
28523
71926
29183
39035
35135
7485
72320
23509
88110
92907
26626
21216
41202
33513
48596
78275
90525
59042
47591
16186
80523
34637
51079
88625
60173
6982
57443
15164
8388
13836
41102
13242
80113
89567
84038
33864
66377
35616
37245
12786
21249
7367
94026
49477
58688
88830
3327
20337
62367
87452
296
79253
73079
67028
65509
40180
83343
30232
33274
83788
66590
34575
56299
70406
1131
23544
41162
46910
80091
17832
24591
47173
57628
71313
33402
59031
84606
17825
64361
47810
18581
48271
62599
58176
58512
15714
5659
81818
41533
18715
31143
14652
61809
58598
17578
59782
19916
10306
81408
33420
65599
70193
62544
98008
86985
86931
3114
65384
93900
28723
86519
14662
11898
41769
12499
50246
858
3381
87634
20637
61528
55885
75311
45423
92307
28452
18462
27154
30046
27991
79055
23995
45625
815
63420
74825
30957
92217
93381
99503
28333
63065
43956
31767
31556
65863
40775
90755
49534
18088
63253
39380
79460
14346
35669
67272
36718
49738
6984
58353
59764
37723
3523
36963
4030
20742
71491
39924
36698
63107
10963
76950
4410
99426
56748
45282
61826
51678
36004
23249
73183
97745
62439
71577
12266
79126
8628
6548
79763
70948
43943
80349
90664
30902
74795
61895
49433
55261
6160
19600
76319
88955
66051
26102
83576
92197
70035
27822
16884
6125
4174
51004
75257
4544
53452
23921
62165
21625
78781
27497
96790
45304
72169
96745
23283
19086
24029
7489
90847
5949
64690
6467
78643
9247
43030
35468
70450
52074
85038
96194
74860
33196
77305
74629
33208
30470
96684
89238
1524
41184
1305
51644
11124
35466
23846
37671
77765
33378
58950
73664
57412
83567
13022
64103
13555
90376
3036
93098
71243
13380
58653
26304
60395
92141
65419
41821
64416
17949
76351
33416
67784
91601
72013
42127
88810
1171
76304
61104
34158
22470
93720
61454
72867
76667
88978
9590
47713
16372
21747
23293
82041
64736
90039
59529
22868
98461
40063
82275
18047
66042
39873
4039
43623
26632
51122
32776
75857
31907
62425
26595
68457
68486
35798
43169
90947
98298
7638
12045
25298
37353
30861
6740
78737
6025
81326
38994
77528
86967
47319
81154
89730
31333
13451
8841
36020
42252
14941
20886
38594
85607
90557
1071
57206
19152
69125
27275
82899
71495
99946
72042
34722
33452
24307
36841
57882
7124
49623
52615
28916
41252
88674
55190
6456
44226
92986
27794
33613
30825
20005
54562
29473
52918
58982
56319
67254
67182
25894
72556
84910
26271
83678
74296
59531
73535
17240
87746
83456
67115
94771
12715
7141
61475
47078
64132
48799
17722
53271
93734
70499
35583
839
27211
62201
77390
58383
44351
8581
5642
19583
94556
5190
48205
25756
1277
88589
72731
75397
46862
39826
99723
3761
27159
30526
943
5158
34970
62877
13804
27960
56789
31029
95082
88807
59962
82288
30845
11775
36534
43592
51150
43552
76804
84138
63146
21869
37295
18219
84615
64724
11248
56400
67795
6147
98073
60237
82445
13233
64431
65342
14122
42703
75036
89011
28096
3450
10661
8707
78491
59166
85520
70888
80329
10596
17432
9653
15922
84622
78772
48896
13985
97477
66915
31105
76096
20924
46297
96888
72243
35873
18771
27362
69958
94493
47744
93082
25586
91916
71834
55673
12449
89020
83779
76304
18709
32091
44630
54400
40535
32824
41896
41925
56227
63134
32607
58567
25451
5948
60914
20801
51768
58462
94997
2493
88612
46037
85055
68388
10356
17707
13654
38520
88528
1235
5081
35249
20330
37507
13777
31442
55307
49359
21547
63604
45613
80550
76536
1894
77430
76297
97422
37473
86045
67828
25776
44377
38605
12885
80593
89955
89035
60676
10632
44171
53948
86992
10700
8529
46599
94007
64517
14160
8816
43167
14905
37340
97209
60369
88312
4533
83981
35354
56557
15532
16743
21601
32229
3429
54798
63855
43041
83793
66066
90393
95897
77527
12453
41123
68210
76295
91115
79791
74184
9695
35212
83656
80358
80323
61021
98547
34900
10156
36443
63632
14721
88558
86773
33481
26387
90562
66775
95533
25056
61005
3060
86427
57815
1334
34116
3085
91071
11239
96650
5814
91027
52802
83256
78086
22133
53587
83984
75336
29334
44523
47918
44433
76944
75354
96127
65670
43861
58516
57829
94151
3656
96470
78934
5234
93884
4061
33544
2025
68015
36855
78180
45204
23009
95318
52880
52985
94345
96148
60406
78097
19598
41698
55149
43543
40549
66529
1797
53059
66441
8342
56439
32919
94594
98361
2736
35407
95987
80282
96932
70464
31164
40151
45236
99870
92390
8319
14397
45691
23994
13631
86739
9421
12871
23764
17566
41514
68539
3599
99028
65953
66694
90566
29022
57696
78589
9225
8110
96187
69838
60546
64199
10059
11384
39207
96641
90788
9215
29022
79199
78622
56160
50557
60530
49591
48051
90600
6002
91754
58666
25550
80359
34622
11676
15803
18624
35049
78364
98277
55746
80967
9995
80200
26070
3974
61767
46937
64093
1387
81962
64965
87841
67156
28196
574
9467
29940
11047
51510
25542
99991
34969
40590
25913
16673
29066
48323
34405
42653
14338
74506
84174
80410
75071
84485
65998
16329
41367
17609
76820
14265
19682
16124
45317
38863
72403
86099
82889
86803
14661
29745
12659
4200
4064
24669
98814
41888
78875
10772
7623
69428
90210
68550
52499
18459
78904
40850
83386
94724
78841
37414
89433
6983
35472
12112
24290
61711
88440
15339
87518
74848
22890
44770
7978
45895
10198
12043
17014
30301
91592
72629
54677
50948
73342
18531
12649
57379
74545
73738
33576
51105
58586
47671
27054
82244
66708
25195
78512
64698
27658
91315
69353
97952
99968
23383
37665
23731
97128
57126
71486
46830
1420
88949
20443
55083
95398
9533
54141
17493
82627
5921
49573
71334
25287
13433
58632
7110
53118
26731
91282
15889
71674
18537
51659
26653
7117
20303
1515
13627
84462
97016
26984
61861
1116
13701
20655
59201
67219
62960
51752
73745
98705
61142
7100
45792
50010
70567
50874
85218
42832
94134
24258
83764
23505
53279
90695
4887
75742
32023
30756
70928
13660
78376
43792
18365
27614
75900
20958
41630
8153
94481
78321
2416
5637
44015
88463
9477
7036
22756
15306
31383
35739
49896
88037
47568
26452
74198
53262
61510
535
67133
9980
63713
59765
28191
73320
33553
81185
36527
73421
40587
51336
40177
13616
23136
76430
62298
56401
97590
69054
81191
74361
12631
4640
10184
3775
2385
71723
21623
38190
66850
56635
86941
48642
27587
71213
42926
32036
37088
45472
62833
42928
19212
67908
84527
36142
45131
82618
50208
75093
38127
55383
53079
5064
11797
92538
85265
16725
38807
18822
2758
10067
22256
2566
51463
35966
57796
46564
76812
94875
8846
24610
85650
69404
87678
1996
24182
17699
14503
84368
67385
18523
8805
67422
336
55389
79291
12497
37961
26379
81294
90573
48184
82690
2605
28455
66830
99494
8454
57575
56610
82327
75168
70030
89084
75367
38925
39852
77066
49778
80049
87156
3916
19390
37452
7355
95888
66242
43498
42312
86185
70702
30928
80686
32775
91384
74501
24190
88145
63373
9629
29986
8809
82985
1856
78625
6204
35779
46145
548
72265
64376
8802
48058
76709
48481
50279
29430
14076
58103
17663
11512
91681
78709
15254
27726
56968
30752
41696
13330
72471
44202
73059
71228
38907
81505
4121
20580
45277
86208
56196
29725
59809
52828
3987
25316
46668
14732
99612
61907
30404
2340
3910
93098
74499
31093
91183
33309
69775
68737
1856
36906
56941
96238
35007
36539
34824
88790
83303
92688
85013
20380
54225
19077
28817
20970
89104
15215
30486
67272
56894
8713
36434
66578
28247
23819
7906
64951
91146
39887
97964
62792
52819
96854
66352
51388
49905
36210
22893
61565
85065
29288
4956
94027
98300
97614
56634
16502
40885
32205
76832
95567
30298
86147
93467
97571
11802
58709
36991
95459
75743
21253
66642
42513
29588
48341
91886
60580
47308
70516
947
24680
36435
70539
85492
26711
68052
32313
66124
73258
97976
3120
69801
47855
40035
90471
30290
30436
12683
32455
71182
76396
65890
69266
87245
76556
26917
64072
61044
68452
1319
85646
9204
34979
19798
79959
83257
27409
82295
38476
20899
62308
73304
83449
73862
21279
94264
91758
57926
55961
46180
71283
33629
57303
36699
11528
22877
96926
21210
3995
70894
52003
68718
96196
94355
87775
39004
84388
25051
51089
25866
52193
60454
10437
11919
44075
19610
83127
38901
3687
3934
327
43052
11239
67121
32588
73361
47452
23979
22568
57568
66685
97285
80432
97656
32519
10736
99019
83859
22928
64751
35172
26339
55742
44971
50929
63557
3719
6422
93121
49199
40915
74708
26780
3377
36332
98655
73188
28981
17267
82819
14290
31940
6528
84974
81801
61121
35634
28535
41786
77718
75181
48240
83294
7426
16534
39710
85119
93665
72278
31634
38716
83753
97082
41720
78422
84239
61916
16795
20751
63781
34592
94489
96608
982
6556
59594
10300
31713
29648
47544
77315
52472
95037
45976
44899
16231
22382
84611
99414
77241
38663
36805
79811
83814
61610
99654
55922
94876
41108
40090
51544
53515
20757
87047
7959
78070
83431
1963
93919
21786
98312
37091
13728
96667
5772
46184
8468
2960
5749
44767
66116
4178
23116
31828
57222
50623
26821
60417
81278
9921
70394
95604
75367
26154
40117
42609
81029
76682
49776
45755
4067
52584
52850
25582
10529
6789
4919
18998
76006
57880
45347
22516
2182
45221
79683
98347
65874
93568
318
69307
22225
88108
78851
75472
12221
33654
90398
19973
8776
3222
47077
72415
30854
72992
31860
36841
36905
47506
26348
52925
13717
64168
14052
96897
26845
68960
66407
18805
87749
60518
56753
68486
71554
56066
20065
97015
16526
41691
10365
55664
69461
82551
17608
2543
26599
78638
23565
48972
60911
60443
98414
74019
17167
8990
70984
80267
42781
87069
68554
51721
26032
26066
32922
68299
7356
316
11486
82728
72442
30023
96619
87757
54336
43127
86427
18273
8484
53098
88136
86134
64972
45655
82409
87214
25161
85845
58026
24411
58115
38542
36361
62445
17508
73135
30137
72947
39872
16284
45196
33735
71784
72078
30605
83506
94058
19876
38612
88977
21459
10649
98333
64351
69207
64805
81600
1408
80300
60953
88067
80980
37148
4002
85255
91714
91794
94235
57802
23952
87492
64919
89869
42820
89005
3009
78666
30696
88713
77378
35545
13517
89348
32502
4381
61094
59210
14049
51416
98186
87367
10703
17468
72751
41743
78809
50005
90830
10951
31943
50424
52603
60410
93282
58477
14327
60595
29800
13207
31719
80896
61568
96786
53171
4722
15641
60043
18338
2590
15200
92620
31278
44539
94448
62727
29001
95461
73268
55488
27027
75214
33518
22758
67908
69471
38063
52342
62711
99169
45445
65044
89027
25636
68787
5678
29081
19735
1681
86027
2278
61342
13979
32813
14606
35932
70114
39091
95294
37768
2191
5126
82331
267
41490
36673
11826
31219
80009
97178
60118
68228
97571
25759
84744
88791
74299
63626
68339
44895
45878
2265
15775
2223
45066
99
15742
95873
49332
8438
36745
1215
75105
55462
52695
64601
97289
8013
24489
30930
26825
63195
22498
41483
53733
69520
19730
12991
1960
35467
3601
16857
71844
3148
72072
30587
20861
89431
76984
3072
6247
82591
58646
70210
12858
31392
65480
51488
5053
67741
40055
19477
9572
82897
23355
57237
70199
3300
90753
95850
67894
13856
79361
59501
67486
40633
34830
10836
99236
24050
96607
78635
28956
29327
67975
88957
9056
99248
61379
17606
85040
91983
74186
97748
43056
8464
85789
70955
97937
89190
72510
79193
99272
52455
97216
35053
47964
44018
53100
40920
14532
80681
15183
2523
2194
22992
87376
27813
96901
58157
72538
9929
58593
69935
78898
70732
89299
33309
28274
94018
82250
66919
16488
26761
71859
47643
43352
14541
64473
35301
44212
35615
10574
56281
59403
87987
59962
61869
9105
39576
54070
21140
42214
68053
49173
68620
99881
29097
70524
48483
88554
41451
81061
9912
74944
87812
95364
7276
83677
7985
53225
3801
65589
41236
87102
55138
53250
33875
60941
19899
18152
51808
28695
99063
90929
80795
87782
51804
95807
93281
5916
16579
56925
13865
80360
50583
7199
59419
33454
44214
84266
91011
35984
46638
82381
31106
11534
19857
49140
67367
30640
72860
39390
94258
95005
72339
64020
79329
69078
30976
38795
50277
44138
74964
92647
69310
16174
18619
76106
33137
92121
75717
197
57503
37188
2118
94795
53602
71796
92425
29458
59141
35263
25004
25423
84677
86616
29018
96411
57065
11223
39470
78174
8045
7648
86201
24325
66400
56650
39794
40252
31502
226
71048
18023
14786
54862
84536
22903
57284
1891
74880
19092
994
46067
83960
83158
42700
9713
52659
49224
76128
84686
2507
4648
43087
42259
2873
12111
71864
64360
1774
73969
36767
3672
17036
39009
81473
70560
46846
23521
683
67541
33323
5680
88836
13099
23232
56083
66754
68399
25468
14244
44048
41291
91878
12484
35002
66798
38585
38160
88519
35569
84090
3583
87955
19944
47807
6543
75032
15399
68438
5502
10774
8426
26812
37455
67943
77412
23646
30736
52621
79716
71666
18500
40185
36150
40650
84501
95132
27888
58927
50910
82758
15717
88686
8092
98525
59719
62505
95370
82305
45482
45422
62721
76417
29989
95192
7413
96959
52560
16660
38085
58971
7194
34732
91039
88061
24666
70372
41101
26250
83492
53910
59101
72741
95160
26877
67317
43688
78021
55864
65036
30279
3656
40393
45314
74697
51187
25739
40143
82629
9765
7364
12680
34494
67475
3330
64404
65131
63678
50869
78256
61503
84787
58789
63296
87152
72818
65305
5180
56978
89018
87629
41170
86894
54799
1323
50324
74310
54298
43423
4727
20918
52428
4008
30191
49214
18398
33438
28165
30873
16904
82793
45132
86770
557
90706
33555
77769
38732
63794
24676
96869
93852
66322
65113
87045
279
93025
49085
58944
83696
44356
49675
93344
23988
45071
98863
77639
30787
55219
50484
21355
41486
66862
92234
82415
77295
50924
85857
29994
46368
47598
25493
12423
15075
19396
4708
53511
63344
39797
70376
60470
10833
79303
46517
97311
65748
62290
20390
96563
24348
31325
60714
54765
79396
83107
43077
903
35984
84526
28566
39246
48960
17343
47479
21060
159
16038
41610
67568
46390
63533
1199
33977
73095
67968
67430
54708
94157
97522
21727
97985
77932
56013
57249
66982
48201
45396
86694
75763
33303
1934
56602
39586
2634
27940
2786
32594
12952
24398
20331
52298
73786
76177
34886
21988
55305
50074
67608
96933
99779
19480
87208
67174
21197
56382
54151
55002
91418
70244
85842
39911
22461
67138
8780
52908
65392
84932
5167
51950
29175
46929
36796
84726
88280
50827
80361
6917
5401
91193
90322
85727
15342
69641
2401
59483
85468
385
47927
33614
64680
55485
8830
66353
2149
41230
12584
41842
77251
77621
31872
57015
47389
9852
78447
33108
58920
94031
71419
75147
55477
54150
13572
87159
89464
68449
32067
69919
95334
6235
32231
47224
21677
2684
78676
38568
12690
52377
6731
19976
5169
60669
4323
95242
27219
93087
26856
856
80632
72886
30010
77286
16415
2551
35454
58672
51040
61433
4599
78275
55674
74774
36925
81819
68131
67931
42346
50010
74443
79031
35802
18455
12188
43530
57959
80241
11282
18910
11963
64659
67864
85644
1506
21119
41996
57244
83950
36430
35874
14037
81286
10533
80297
46055
94152
21660
1933
23442
8806
23739
46829
17829
41358
18726
80869
68695
98041
75926
8676
892
32470
5328
96822
83988
66455
83342
72891
20321
81237
5863
8114
41239
35444
28873
9452
60729
13573
36865
98766
92106
63467
74459
93340
61018
45903
75014
26025
60612
94178
42727
83577
44787
64135
70420
91939
48158
94429
21812
8129
77389
12521
58056
49552
1592
52926
6922
50879
98716
39941
62418
51099
50584
25546
43562
53488
10534
49017
38785
38462
14423
34741
74709
51885
88370
51814
66666
42689
73205
35349
89184
21470
56937
45276
55350
95457
99083
36607
40965
90628
74329
2637
82530
52325
9040
6401
6737
57605
76453
87665
67644
21426
49754
57697
94482
40747
46233
86772
47333
82009
36135
2704
50871
2109
94987
6551
10630
61069
77612
54637
59595
36877
40664
46348
30522
49990
81847
25830
45637
94506
10397
79891
25119
63449
17066
70045
8376
61077
72884
2388
51058
82927
96370
9334
20264
96018
54810
70532
18401
61674
12080
65686
91357
82626
40179
95145
22938
54761
61838
90038
82738
30706
78146
6493
42585
45248
61201
82089
97492
22990
99040
18702
80163
63589
48428
67240
74322
82531
45892
62499
65131
89350
81747
21862
90770
21539
96205
9248
63609
44474
97311
97868
23341
77157
78704
58454
40630
16822
4545
65970
93014
32054
44952
34527
22189
54687
88751
78182
54216
12136
89394
28171
12549
31270
74534
86835
85733
53432
25748
30841
50257
76937
95790
73098
35037
9387
59547
74294
5247
47155
74924
65523
70610
26714
55281
11158
82485
1163
69306
84387
37293
28386
72458
78695
58510
8959
12669
67360
34591
56542
82135
22754
41367
33625
62414
77483
91393
95049
3831
12228
23339
42553
14275
12001
62946
11613
74754
91688
59871
95639
50692
66185
41935
79168
8486
75236
48204
24022
3502
85492
7435
46845
51189
96665
86526
74966
38730
33084
54217
36807
40591
7042
3826
22430
24632
72892
45602
13497
95745
2465
97114
3894
84835
18795
8234
17055
96067
26256
41682
71212
57604
19515
35400
36874
11042
54813
62215
6399
92977
13174
55490
54636
90077
16753
74674
67192
59169
7352
25649
55444
36695
6717
63183
17187
48505
81065
35471
2378
68089
80726
76490
48547
52051
77155
81158
61905
90072
81257
93
29047
42850
66342
43635
61688
48951
84135
73277
72639
71756
33479
2914
80844
36674
24811
96431
93544
81841
46138
50944
2656
23090
48917
60315
43573
6509
7556
25399
65290
92806
42203
18681
19252
77842
85200
1270
4081
65483
70549
98780
64994
26862
60955
58184
57398
47212
10456
99532
73124
21503
58460
28508
93451
1705
58570
84266
50249
96740
28278
27642
40429
25770
18804
61790
82506
24378
44081
66770
55309
18958
17366
91507
32438
51592
8065
61348
97998
4798
90805
58600
92160
21001
30102
16340
28073
34168
42379
70542
78079
59815
28138
19782
13526
96949
34354
4036
30424
32240
46158
76818
93541
90895
76333
38291
3027
37017
31991
92911
88133
34396
57414
2378
46655
84096
77349
68182
55414
71882
99040
56275
33807
11709
97453
34971
71707
86979
17011
82047
63197
22625
4680
71435
41854
20807
16421
13379
7631
18672
19814
42268
59908
77854
19784
67783
84081
64081
86070
7684
92975
64397
28698
78504
10944
84780
92062
45556
26754
36012
87139
9012
74412
89528
85353
32416
78275
11160
41898
41034
45939
59955
31279
8051
89983
72134
20098
52968
98061
33361
89048
1378
61960
95221
1177
73247
55445
66699
72642
62724
878
39645
6972
82857
79720
31770
61627
69257
37986
38825
67400
94263
8306
58334
76421
9198
87207
36543
85709
84397
67620
11395
69586
91879
67341
31530
98484
39197
76053
17546
80640
719
4591
51780
98437
44394
97311
35286
8977
77468
97290
18596
55642
12162
68342
36022
39179
27846
30062
62413
36138
44285
37696
44885
47416
77189
45675
62126
50328
52893
29111
22198
40034
18472
88021
35011
15275
48397
46634
8687
52956
91650
65007
5303
94931
95480
16227
76655
57806
4035
21810
42476
94979
9359
82650
16016
16548
30386
16271
9491
54502
10139
53089
37296
20010
74784
7978
45833
5222
10035
44563
40428
98594
74103
93809
52761
69431
73910
99616
69749
77927
71057
33485
32410
99566
98818
92622
56628
63261
35918
47634
72935
74443
3197
47672
87694
93646
19310
15039
30350
22772
88132
65575
60594
44513
96754
28637
10558
39164
32322
28979
61699
22360
18827
10725
55815
69980
51654
71753
33536
74152
20556
41289
44719
55605
27620
67229
80078
15062
69505
42839
60871
95822
22361
60148
63667
77034
64290
53773
48744
70746
94600
73488
46898
72868
9127
53158
9730
72749
31453
26716
14457
9389
46280
79431
62467
5295
60735
97015
6252
74274
37100
76278
71619
13114
61379
59
84142
36182
73081
37241
6076
64333
65824
63207
34012
31734
62575
42449
88679
84967
72347
89689
98748
54517
25884
57006
53637
79385
25913
78636
45650
67501
13681
22941
20704
13958
69135
29772
43274
81047
8774
6830
33840
92632
20110
89064
92610
47656
48729
1084
22272
13071
14786
17882
88047
16410
82824
23799
1869
76360
98287
35498
62330
360
78045
95614
35325
70833
79783
32712
21595
48986
38091
32808
61586
19538
70258
78737
11963
56703
68177
32798
22203
81528
65601
60379
59008
83015
72744
5895
12267
72252
57957
30770
10820
46337
82990
42195
39003
81316
720
5987
39583
82
74051
81753
66358
6246
42119
54987
73193
64161
67383
37539
13793
6739
66898
26464
67642
27327
16361
90278
18782
41170
12618
80204
97390
89535
990
93849
74826
55271
2600
12815
74118
76661
20496
68255
43610
72253
30853
8255
91139
56899
16623
98721
6711
44623
64061
86430
30293
60597
57024
1786
34964
86056
52915
59778
43388
51367
2321
63577
4645
58947
31337
44535
49155
87478
34079
55064
125
25121
93877
43724
83797
13270
95884
38486
91519
15556
74614
90160
7727
4889
91607
62522
5749
4224
5275
93551
44816
89843
94816
36552
27213
80638
95263
31366
55081
56903
42064
93870
55386
37087
2344
91851
72942
85484
90179
55665
93522
80926
2936
22691
65886
30547
49022
29846
94148
83691
90930
30828
68508
2984
67625
94494
94421
44664
58886
24491
54638
24276
81260
87026
20748
43337
9312
91862
15426
90417
2984
70419
95875
40069
45883
82607
27736
63910
92780
91060
29030
10257
13454
95139
60246
34780
97900
17442
88980
57075
60367
34645
47497
49287
90137
41400
84012
46432
73969
63840
50291
97816
52135
51843
28117
56626
36383
31588
86384
74125
13117
65468
45772
26490
75501
96452
39284
44257
20003
67249
66392
21714
43215
70528
9722
56788
65437
84147
36738
99493
52919
70860
53494
30432
19138
88895
11820
24622
6471
23500
86749
33022
50315
84123
4940
17835
71447
60157
1234
78782
89376
50396
81197
88172
72753
71400
39562
33315
54666
70597
17753
88279
37235
33628
27458
16894
1278
45991
62556
38473
4786
87985
79794
66033
44151
38638
61636
91352
98459
34770
30715
12356
4938
73315
34887
20802
38471
99514
69340
22476
8463
82451
5248
51556
15190
72124
46929
69636
12919
70132
28929
66380
49025
38262
77176
21245
74608
67897
52005
20317
87262
98817
5204
13152
71268
9230
56017
8417
1369
76910
5418
67932
28830
17680
72633
63717
83907
3779
65936
84085
2175
71644
78712
78965
15919
22592
31281
77669
2695
65861
27599
83789
87321
19646
59941
14355
61779
59506
62632
4158
65639
38879
45907
42690
23924
29393
96542
11023
66679
89698
94091
82995
36590
64986
6357
80538
44577
16070
7986
2291
96815
5207
33338
96991
27814
55743
29908
87355
55922
51409
78689
66353
86298
52320
41825
89032
90078
44513
66054
18180
46283
1908
65581
63769
29943
29394
21051
60158
44756
70691
16813
33833
56263
30483
34350
5394
48488
46298
3312
69722
48922
22830
68079
6557
95921
8526
21969
83336
21182
32051
15282
60231
3658
87800
85827
49085
23049
66867
38533
7640
64182
87784
85894
40442
59845
40507
87795
54327
55163
39134
76851
29540
68939
21588
81121
87594
9065
98315
68444
75376
10613
44236
99782
68238
26231
50856
44859
8360
34610
67927
38014
91120
91727
92804
30848
64990
79812
53077
36444
12068
95967
97878
98300
7460
84436
79131
69884
30095
51011
50552
78699
83357
52570
36450
89290
13969
56415
64158
41890
85501
32783
46997
78405
47862
78841
34761
60002
72205
70112
2579
62717
50740
6467
14937
23404
5954
98877
40843
56086
47902
58923
98109
48899
11949
72055
65515
11036
77891
51924
44870
98905
91077
34406
96942
42494
76179
30402
4376
12116
80164
64985
72744
94872
33183
3672
89932
84927
84110
37151
21347
96516
77417
50060
98136
70139
77626
87147
7426
41856
85618
41734
93016
73034
65244
16372
31516
98691
33685
25499
51512
63164
92021
57240
1653
11115
92145
85213
65532
73766
5445
96383
36288
58730
99649
32512
30847
19167
60111
39085
52172
77380
37053
21341
53427
36915
40224
13570
86905
69445
39520
61388
39828
24855
30134
92242
8231
45426
76466
8493
79861
353
90902
55698
81719
41448
24020
97004
53527
94662
34379
69777
67661
9806
94734
5679
82827
95161
99958
62985
59328
1922
45944
12578
49663
86502
40306
59788
23536
39575
83543
47479
35648
20587
62155
90381
1106
80188
1312
77699
55814
4341
96275
70051
698
7195
88279
82922
11783
92207
57977
22662
86198
48195
98488
91811
65472
59451
38802
46610
46098
84454
70263
75873
20884
76638
60112
28683
97731
15768
50394
32866
74020
42943
18726
22885
68462
76125
95766
36301
11051
32372
56610
34336
56351
58160
13787
13876
30057
38508
10062
3019
54304
66172
59548
81709
31852
67053
66661
28682
42398
89076
56458
77023
25739
5095
31110
49788
41011
19590
64448
26708
61077
51782
56079
71450
91304
11055
39663
30035
93020
74084
72682
49793
45123
66646
21436
48133
63722
4445
24029
29976
95999
22181
88774
94847
90592
43657
48818
23960
21282
89183
20802
29235
28314
12271
40695
82799
21735
39496
512
72803
87212
33759
1312
59261
31979
50492
12818
92740
5548
7706
89164
80421
40203
72813
99296
48064
76224
57804
94916
31364
21128
20400
31958
42567
58713
83581
17498
66910
56625
39153
96362
52612
57793
41531
55565
59155
68448
71230
11554
38786
39435
53347
55389
65821
78418
37079
12200
91377
50666
28023
44057
87463
60417
83525
77234
53921
69326
14378
47472
55173
73925
93627
55586
57146
18462
72266
65765
21752
65730
92361
36508
41786
9943
46374
48646
75458
70674
26194
92562
71183
38877
93409
96974
66926
93291
75136
96962
92391
62918
20984
42653
21084
99506
24244
41005
58035
37952
16073
43491
81339
66148
74377
18423
31689
7047
45440
25783
83998
99133
3712
26222
3656
48258
97127
19151
14042
95382
73860
31146
16147
11065
13850
53435
41859
85363
84729
77701
74216
91675
83328
9635
18759
65938
5456
65559
57580
91404
38547
62411
63205
88725
25992
56012
27525
30114
8919
54693
12312
80821
45163
51262
2780
52026
88050
7446
36376
69368
44522
55378
72953
81958
53861
18743
35579
73895
87274
24250
79342
6664
62785
28535
28433
18222
74540
19440
18581
53269
70015
17839
31639
52767
4530
27549
98735
59007
18451
10346
53746
76484
73857
36510
88248
91895
94577
84388
5948
61557
69720
5271
26867
86055
26084
18394
50095
73258
79212
58489
23695
54701
32878
13484
98053
47373
18812
4236
20282
28349
83152
81313
8156
76337
78
49992
23490
37808
80985
60394
65116
68705
5961
16734
94343
91123
16800
3176
27530
54401
27593
15156
54272
63411
54673
42808
7080
52956
80299
28833
86888
49519
63211
56144
29529
27381
36315
23542
98455
17365
48563
32920
12248
84632
66846
10917
19350
71492
62227
91628
1109
30979
84686
93259
74265
65196
6899
9177
13554
76885
50605
99699
77936
26944
96300
75739
51633
31434
89970
17015
86020
18288
43712
40275
89736
74212
97789
9229
22166
96965
12821
63033
78197
42076
4753
73343
96122
4227
63125
56280
47469
85006
6482
11355
88364
92142
76870
33743
40056
43082
58300
27916
20702
95979
1037
55862
70146
97736
6433
66666
13195
7092
90116
92211
43578
94247
15553
94413
60201
99369
46667
92281
71938
62355
36225
24460
8637
69274
38973
60192
33406
67175
18619
40118
79451
66965
71164
21847
42671
33403
55903
69846
36111
95358
32857
6599
56623
74978
61510
29472
42762
12891
94010
10043
92132
77939
82219
73503
66545
38986
48012
99977
39925
63828
28743
99739
8506
10251
92822
48095
67758
21809
96747
46692
96052
44244
6282
68305
52533
96493
22285
5437
63219
72646
37153
32363
86102
37346
21889
50269
62903
88294
31939
9642
78015
30580
69727
90192
10570
240
54909
12156
4799
48043
38327
66894
2661
65445
40743
43557
90649
4759
69581
17832
34436
96506
26223
16957
38600
7232
45874
21275
52545
80726
85287
2808
65246
27535
85702
14942
39514
45176
17183
8803
63539
28796
28935
70905
51446
46180
46235
24969
93659
39560
33309
99951
40443
73899
62010
29579
30784
45630
5408
69201
13277
36994
67786
61498
70501
32927
33336
90745
74574
36091
67504
52210
39478
5851
87544
98807
76845
60545
13128
84723
51175
73109
17784
20314
89428
73244
75619
49747
37266
48897
91321
81696
94379
19032
59563
4449
14090
62234
48120
163
925
30723
92367
30333
11944
97288
32624
33930
81848
38750
61014
10366
13781
92068
32081
83071
39546
37732
29379
3903
49924
50269
46409
78104
46271
77387
33608
71281
75603
78244
5510
69145
13096
38535
72848
77745
26195
93635
56664
98556
27362
16164
6812
28745
29231
20793
5682
42903
48779
4432
70057
86165
45050
74050
42170
32406
92488
60320
27135
66519
73467
59592
75634
65014
59504
66896
13611
43995
11756
39937
72963
25595
60775
1619
7873
71675
68402
60464
30338
29444
81426
26055
30879
93187
50177
13082
47269
71087
16622
70357
77885
11472
73932
63334
2288
74702
83628
20145
24952
8962
91518
62795
68463
10819
1361
87571
37065
9617
65216
67769
1027
90105
76484
47413
90308
57079
58803
90758
67131
5026
84501
88810
17082
95966
6832
27676
33270
35837
53675
24650
83148
29302
85137
90113
48434
26877
22492
54170
3304
86457
84413
40956
47048
15405
60695
39449
37884
43940
68881
22285
79026
94157
20553
6444
25863
67382
59931
91919
88606
22467
3467
1837
51746
32734
69299
34090
55175
29670
23934
77371
59575
2242
76726
59748
55131
23354
65822
86540
13987
10361
64574
91374
88386
65429
78141
11932
60266
86091
58529
46024
14281
67461
80862
95318
18803
12041
52197
98607
28004
38448
56290
78462
65125
91639
57661
82291
53555
80553
95081
49312
69804
94450
9458
52651
51939
97276
29904
23518
11451
49871
95624
307
37268
11290
15127
19849
75084
17410
21967
6687
17338
40883
39388
72217
47377
95213
66570
20481
58521
52515
26985
96970
9649
20901
79139
49887
21225
9032
72946
51883
81478
63579
71296
74498
7707
13000
83098
28463
53166
99798
33353
35074
45513
96445
8313
51736
88376
5983
64523
27548
61067
44718
38714
98351
79990
69457
36284
27241
15891
46517
9189
17595
27518
86977
76430
30888
91741
52374
66036
23066
74187
53497
16514
87628
73120
53867
9224
71913
95082
18646
28397
92101
25280
76559
69406
83314
26120
36287
91512
70772
89089
51798
67485
3471
15402
82994
44599
34183
66255
96954
85931
70406
55130
2445
43343
49390
49534
49109
35522
17208
35887
57554
60477
56220
26412
51726
60019
92710
95668
55436
89421
96937
93237
19186
915
45289
55750
25149
76160
85443
23197
59387
37552
25214
15128
34680
16886
7791
9066
62344
62959
29500
27835
85146
75914
85980
88460
73595
18775
78141
43721
76268
38371
58060
59009
93045
36070
29069
68186
5814
76116
82954
48418
80652
30634
80273
68281
41295
78053
16229
74563
48717
4381
37216
71342
92295
79066
5368
61508
46293
58576
42033
6747
31227
55902
97582
67598
51448
49405
1150
51653
15741
2316
73362
70268
66453
71774
29856
69737
800
47351
75928
64359
14049
23518
50661
90142
73189
59304
95208
49555
56894
46758
18452
91871
7655
69409
70437
65887
19608
86796
51427
89909
7638
97620
82515
87388
77490
46677
66633
5949
31983
46726
62581
25628
32394
24684
38675
22382
46467
51489
28638
22437
72038
71323
59516
37768
89942
15798
81953
56864
88340
92887
57412
53734
98722
13147
27027
43310
22335
60704
17281
83421
20470
28307
63868
26882
60652
85936
78873
50292
35658
51290
69817
59674
594
48579
6474
22987
11906
37487
45521
79887
64309
90447
51305
63736
49343
7490
36319
1408
77467
22320
21406
39238
44578
62980
59898
97692
54091
3399
43815
72857
84375
69943
81027
86098
90699
1352
11676
22169
25688
7705
81413
92558
61985
86628
90434
42077
47683
2809
83052
18693
85587
17539
97497
66705
57414
22131
72357
65941
74939
71344
58085
81951
20586
73292
84332
35488
28536
28151
69590
24455
54977
49694
57787
97010
83080
700
68078
45615
74844
74935
60773
89096
25363
12458
24807
54736
31132
89594
59256
50838
24039
88274
74112
71456
70109
27731
75746
98053
47648
18256
64258
22222
72896
1447
75803
98811
57904
94336
25752
93244
24303
78590
98532
34229
70967
19889
46703
51655
48152
16012
26619
21207
94879
60775
72766
28049
32941
39155
75474
26342
46379
77206
74760
5455
17108
39397
47305
51280
24880
23709
87982
51985
94661
9709
9536
21713
20597
56951
54912
70270
92028
30879
36389
35919
11740
89904
51664
61513
84955
54456
88820
30524
40771
78410
5235
37508
76900
44997
35439
38972
42977
90239
12015
90031
25651
31542
55212
48637
57914
85798
70046
21914
51766
51895
48014
6563
28411
68176
53004
28135
65269
64131
89389
99554
41394
48694
62919
14717
58521
4854
64300
83905
58812
77021
14003
63664
72020
97334
11299
65014
75701
87121
38100
37718
93875
2181
63994
90638
26458
63763
5879
92192
55726
15299
88657
61361
58663
15855
54771
14697
64643
80165
58047
38428
17609
6959
26218
10968
86637
5468
3982
68887
46395
22961
91892
33051
37591
72717
38623
90823
83396
8093
61290
39443
41093
40441
47961
2124
98221
35485
95683
53049
65791
74747
79769
96790
74689
99260
51586
16994
43983
12368
17246
25227
22429
55303
27718
26705
1475
55834
30492
44929
89166
82438
46122
52626
65106
54733
64451
47583
36816
57621
59562
88956
65317
73141
46535
8958
34253
75734
32672
86073
70524
79544
99015
27479
9832
54811
47390
14455
56708
6096
8699
76834
87109
28116
96050
37638
39648
3906
36333
43585
45402
69381
81836
99935
9245
13464
78818
94332
11490
80018
4312
67507
15008
4283
80749
75892
67447
91559
56385
2026
86996
93645
5469
95669
89622
5877
36229
73342
38228
16279
42083
4250
45460
35290
18359
6937
82556
55767
46227
23034
6180
76309
74242
91034
63033
16387
82455
40406
20511
87047
63763
47165
73416
88420
71670
96791
70951
25282
91256
84939
92336
15878
218
96941
72083
19729
14590
25913
74346
82663
86786
43046
31014
58304
60061
10794
67546
55273
27877
58429
51954
24572
92882
28578
73345
4944
30967
91798
21174
30849
12005
23367
51833
86587
51417
42681
74857
12202
84376
41191
75060
89457
65976
71334
68933
70470
70096
92597
24634
45511
65643
7879
29325
84313
32875
63980
99063
59936
81786
75661
94875
39185
31314
10271
38141
57411
88443
23869
75351
27309
66550
34945
98064
81439
31628
77219
49655
23707
47158
24208
52277
98701
355
30631
96308
97031
95272
18920
36762
27466
67072
19303
64683
82166
67350
36426
57991
92107
31407
30738
24136
79122
1862
46095
67344
75390
3151
78184
14630
35726
40820
85874
76719
53553
23918
25342
36760
44169
82834
58925
26395
9228
90165
72709
74469
81667
73535
5838
55512
89283
17087
34566
59463
9580
14490
64719
49050
82010
74067
58615
4916
44894
44801
94150
20951
57928
30464
61719
68615
45877
59315
75905
35436
49340
69622
9901
89402
48193
80080
26084
91656
78624
47405
76764
91790
24415
43274
42102
66436
34701
67844
39842
37241
88759
90103
15285
30027
46158
72712
71345
90681
35418
93472
45013
33470
61312
80317
61101
98383
24862
48846
95967
62764
11650
89237
3376
46490
99818
53971
94841
38171
54440
59414
78767
37296
82532
60404
68774
66918
39588
53346
22539
27676
89917
35631
906
51412
78770
64512
92187
11851
37885
91934
40168
37995
683
33531
39176
57415
68657
75026
28089
42615
9752
95991
54234
35310
6979
48961
79645
7764
6603
75369
17842
40488
30573
75538
74440
95056
3710
7496
85876
90859
37412
4281
15756
93158
54629
79683
11479
73079
96852
69342
7819
97627
99615
99085
43587
14014
35058
88382
50767
46313
39442
48051
71526
9602
17064
3712
66986
24286
14329
89389
30255
77322
48815
28953
84627
82409
42409
93392
41053
76870
31481
6715
551
6339
10160
73893
22488
26628
54160
85779
76706
9638
50010
31322
59636
2581
82128
34741
1130
553
25309
67149
884
46325
39822
58876
91774
78796
26107
51487
84920
6429
91657
93494
52096
56794
10722
88974
18900
98618
89196
57185
23420
41647
73869
73502
38814
69282
93266
43366
67296
85402
68340
9909
91661
17998
176
33505
59794
70486
98233
31898
7068
13205
14060
15433
41895
85638
389
75383
90697
38647
17634
5850
23316
92879
59177
38150
53242
4419
99670
44654
40303
62962
12037
60941
58039
76238
2050
94017
67325
34938
55665
94570
36178
29259
87701
87071
99676
55230
28235
11788
94287
87260
61238
20995
73762
42645
10268
7395
9634
87385
29346
75773
40067
45964
54410
32237
29063
25972
46642
77393
55073
15455
9391
53120
37555
30612
59142
13585
81851
68459
81743
1280
36185
93877
84617
31490
77245
32658
58010
47158
19543
31893
56481
18319
24077
94467
57417
36923
70246
27292
40884
86714
47413
4283
56364
13054
8115
1969
81804
50094
22974
65878
99104
1648
12523
32565
75476
39835
81725
39523
68578
92455
29337
36817
42690
97096
34879
38651
16307
11104
31838
85003
75727
50157
73772
89940
53098
5681
70784
12636
61056
473
22657
39858
571
71076
71087
51794
90072
37074
40776
85847
79350
41234
67329
3141
40805
88761
87671
71734
26784
52026
57633
66797
92043
78117
13476
52987
18564
97485
81552
37991
21831
76129
13827
86524
53147
21568
54524
77924
45970
48124
95207
41619
81159
14514
94466
2351
2659
16979
98967
5201
26884
15399
39999
81840
5625
12617
5704
26415
28891
43821
71960
11036
2587
65994
50680
59526
54580
78393
14965
8643
73790
31025
61145
59871
5017
62113
75778
65376
2905
75699
73067
86846
11821
94402
5478
72786
63006
15651
96075
3130
44554
34095
63635
18785
97890
67731
11225
65910
65764
61600
10861
68377
32695
21196
21650
86472
27524
45029
11941
65777
6580
64241
12508
38654
29972
40184
32085
4538
60682
38291
75421
18931
64122
56111
25766
43072
71548
9778
57148
2471
40157
88239
94150
96812
98413
59241
73672
91728
41670
6531
44934
80268
90522
21460
49812
22427
5675
5504
36952
6640
85434
18121
58855
68630
79175
50440
65024
20726
78741
93390
42107
45284
95283
59384
45912
21289
8459
81090
41566
88542
22185
26627
22064
54956
20662
18471
58169
43871
65062
49702
95767
43749
75884
66042
72784
69496
29992
11877
45428
20516
67314
75925
39733
26226
92246
64560
57432
81488
86346
76969
70818
83446
27457
25892
21252
88619
36744
65664
94936
66568
69735
3577
77404
92107
46016
10856
47989
12650
1039
52007
74247
63666
52882
82327
25437
49713
36995
25880
59325
56124
90109
62878
32699
43248
49765
96044
50061
1448
49339
60895
96059
24739
36982
98208
71931
30443
22683
46556
5433
42544
45809
68146
16984
20283
88807
66390
72104
23467
57027
99720
40051
78767
75023
60480
8636
67535
37033
77816
48058
26655
95792
30310
12175
18731
85570
70038
4287
62572
33232
70696
91862
50191
33550
11261
23665
83687
23034
85836
88362
27887
38654
29548
83303
64587
70500
87047
62866
11483
40193
36979
23631
39843
98433
14560
54288
91659
8919
17126
40093
79536
85652
22997
94784
83474
99525
47985
16199
1180
97024
18828
40729
14621
34725
12251
35274
17646
60760
1966
29150
15774
4993
45675
38807
10776
1224
88604
90672
73844
76101
82129
58781
10985
64343
19871
29155
30879
78306
31892
20204
29269
71073
55379
44664
97939
98775
96027
32306
27135
51651
28729
99006
29520
18866
3582
28651
23924
56635
48909
73204
37782
84457
43844
56161
81785
25483
74350
71806
81810
69176
68673
87829
73083
75658
15142
58524
78036
63729
61767
52224
63969
74417
87363
78009
18592
68750
89290
70102
43597
67110
35386
90087
10323
15498
29561
54272
63143
80248
53561
47757
19610
87306
59822
81406
22935
35312
27093
98401
26992
84842
98937
79616
55595
608
90852
28535
10444
46927
97384
78955
48332
40655
15722
30186
40337
45880
15936
13324
40581
68707
78348
9158
97064
56717
11276
18009
36218
14893
83955
82751
63495
58829
17585
39798
14980
82373
25985
671
21012
32270
61343
41431
952
2942
56405
23096
39986
66392
76740
19762
7435
46336
96151
74746
75672
74613
75979
52598
20116
45355
78478
35440
41775
15452
77322
39440
10370
11779
56041
94299
30091
5417
5717
34895
75929
97890
41684
59032
78816
26820
9995
52088
71641
3953
96220
43119
22917
79973
7212
29599
99324
75865
74375
95955
48616
74157
43506
84655
20045
84453
47858
52320
28637
55135
78490
57994
34539
44090
8380
89918
51718
12496
810
3146
81016
42403
961
43558
58541
59844
85435
71865
55039
42130
74609
47125
69473
89541
95002
70315
4430
14461
14353
58789
76498
89218
93224
27820
15021
97430
13661
15182
23333
61334
82146
6762
94768
42897
52828
93650
62689
90243
10038
64434
58106
54706
61656
19447
1053
79494
92655
88012
26150
35408
39998
9781
41265
11362
31320
95323
1184
92064
47677
35757
81396
67278
17264
52142
57869
9300
86250
47698
11407
5049
39396
3029
44436
64899
49631
44856
77378
51924
49276
94238
22007
46561
4030
76929
13703
4547
31497
60471
22438
37624
51855
21629
34436
93426
19262
51217
66363
14876
88438
45176
31771
60358
17757
42535
30066
12599
19332
29397
59884
25133
75080
48920
96170
53074
76492
68063
16996
20605
95832
55035
33895
86587
38241
52791
4878
71423
43572
72146
62813
38483
24691
6210
31489
84964
68009
26128
28818
86432
16575
80788
27062
95639
62480
96202
65611
54964
54473
84159
9499
36787
87948
23475
20693
31406
74999
71732
17412
5542
84570
89733
30045
13073
75427
31355
85314
25782
98475
77394
340
62338
9674
88958
69675
21305
35541
78516
71172
31312
36218
76786
47783
59612
45409
38381
15125
68207
17312
43525
26220
51270
19618
645
40444
51540
18288
15914
80317
68758
64440
12047
90298
91486
2250
37155
23842
82573
96797
66745
21798
15345
90389
84471
24480
5290
3920
47881
31794
69116
52623
60077
67024
21999
8267
53120
60033
14876
5944
63986
86451
87425
65095
70927
45731
76359
76437
87609
84986
63551
93040
42879
46378
34743
90141
57746
31700
27332
30762
98528
62564
54443
42771
6260
60624
75568
28692
43083
17697
18858
90268
1194
79451
49282
20584
10742
9636
64286
67885
28570
46827
36048
12456
88686
43875
68619
63475
25755
91752
92083
14845
13332
17015
91578
89234
89802
79713
78091
99384
68770
65005
73385
59507
55835
6708
51741
25181
68029
76559
69406
97121
9880
88272
15124
54117
63939
26985
77762
16221
94668
69228
32190
98072
92269
46183
5060
91904
17921
72533
737
95846
83727
38192
46126
90021
17123
24652
47960
27359
46466
3652
33603
28758
58877
91833
47900
78082
83003
11271
86123
79472
31469
36227
76625
62408
34282
6663
85294
58030
25475
23730
5575
49182
5614
74376
68411
18965
618
64029
70078
80358
42403
42815
35279
29090
51809
61825
63056
91391
93662
1062
52430
48360
30226
6498
15579
90905
66683
87718
36166
36329
48298
99773
14766
61210
37877
42355
43095
1913
84525
54078
22319
2878
10786
12535
33035
67861
41796
53793
38042
20704
67094
442
80232
31137
1791
94623
26902
55016
89666
13173
20141
50909
58894
25893
3399
92692
47929
19253
18671
7130
31205
82743
75769
45348
41838
25218
79487
473
88568
92115
63046
55253
24043
50922
14436
33944
20174
59456
11117
22226
18508
39848
74073
80615
64238
54370
68246
27482
86749
2398
15548
56518
40696
37896
95859
76970
60017
60449
73358
22002
44545
32710
6736
52798
58166
92980
57233
67265
31384
39295
88327
91098
52585
95925
67663
22743
49440
64007
19484
51374
30722
41731
42574
74224
10816
90326
13185
80195
48437
24888
30428
51515
44962
38486
81982
12475
7367
91964
70057
37118
20815
82059
48738
47005
91740
35252
87945
46977
58348
38196
44400
85194
62495
82005
53901
91641
24315
51053
12316
46001
52621
61305
73677
25619
96009
98401
14428
41445
83449
82139
73156
67558
93350
56960
58426
27850
64793
29451
66190
26679
70809
51123
91355
64901
77213
95526
68988
8006
87257
53334
47760
50081
34959
94866
90670
68870
17204
87821
52638
3296
31000
53633
23492
94692
3252
76294
96201
96304
56540
66612
39877
47797
38219
19913
49640
61312
24623
71332
79506
22028
94311
85554
66382
91478
31512
56717
2764
57209
29375
83419
97984
58322
19686
37250
2619
152
45811
54704
51066
65134
10953
60448
45343
76832
36097
77927
33556
92391
75693
45560
53728
47918
44520
8018
78259
12463
3951
43915
39301
61492
82407
17786
79292
74411
16942
99817
990
14264
87951
25759
5613
55801
94574
78610
88461
19822
95565
26597
50490
88751
5170
61592
98470
22011
31003
84741
5960
6784
74112
53355
53698
68938
55680
70430
73193
19967
65980
81932
50244
10344
22204
79816
47409
84030
5268
14621
78809
76237
31662
64645
36013
88831
13236
95898
5168
54720
69411
3349
11659
89956
15844
99192
61835
52384
32703
67603
12324
63497
95401
94950
62191
58983
86771
32632
47515
9878
6739
48805
21289
97148
19133
38107
12062
99958
99647
21662
18191
22467
93262
78047
78279
79976
92416
61449
40406
34912
40056
1907
64584
72412
71676
20373
16889
40452
20045
22722
94295
65633
44908
94695
82741
72020
11651
90805
30826
5842
76540
93103
43145
91232
98599
12325
74465
31797
75378
66748
26940
94617
23767
40566
35392
74630
53079
28117
66166
42951
78409
69285
17786
90338
61241
31576
70889
15744
34068
90837
68812
15368
98255
78562
12335
5890
42364
78712
88786
2745
76277
94957
2119
8676
78222
52057
91286
2201
79652
60519
18192
45968
67392
2628
76202
92234
89825
18533
79572
19344
8562
50049
54810
19657
83013
51912
91933
434
21065
73594
46250
47929
80805
40129
11371
32895
96864
92110
69451
85050
36048
22975
1265
47320
36710
22847
17975
3791
99937
297
51556
53111
18889
41374
36615
75306
9702
99624
98715
43540
6873
40602
11141
34596
52198
83716
39539
85185
14292
78803
25095
26170
24369
55380
56601
74135
48301
56448
94137
82454
42362
69390
90528
75158
3602
46066
45083
33427
37396
41870
3853
14605
60465
4668
72353
70306
98303
30569
10286
30554
84464
52203
39741
63589
77084
49066
31551
84024
11287
71659
17596
67276
63498
7654
60882
36132
63600
40873
58514
37212
27996
66618
16950
68857
4903
85900
66216
81255
79545
31775
3326
20158
51447
41506
39036
49048
96806
41201
1928
25076
29946
59094
80041
75608
73631
99791
88875
68636
82957
65004
7822
73817
83605
73
61026
8426
5369
80405
80793
81908
52429
46613
8475
31735
19294
13665
87142
42129
58428
36795
72253
31790
39731
93627
98973
50702
56623
89522
62470
20551
95506
43602
94287
38624
37521
93513
36033
77175
48520
15493
58349
35117
61918
32510
12898
5684
69358
75225
32883
87999
93957
12726
44009
54910
22787
31647
45466
66804
55545
70491
39074
28784
19914
42075
57439
69743
95200
33561
30948
90694
12303
24230
10170
56813
96359
47162
70118
19090
82530
53197
65556
28911
2379
10912
88433
34207
62886
7019
95999
8494
29079
39638
20052
44598
32035
80146
9367
66186
27455
24258
64479
63198
6728
39858
93573
14771
59511
79071
94639
48568
57056
66533
11110
19842
49507
54121
38194
86237
99601
19122
52561
23692
94797
50763
14603
42300
36725
47346
14636
77404
78909
4799
77219
78926
23347
74738
88599
63829
75312
92808
91884
99807
86334
86325
94680
60990
63839
37041
40557
14316
53400
32264
89785
33035
85101
41835
50165
62770
94343
80449
8220
75737
35802
67222
37800
73088
79008
59389
85993
51903
55089
44140
52118
66339
22200
6203
5990
99555
9272
25059
53136
60501
94577
49279
81667
88735
54833
35357
88136
97085
22298
13108
395
63313
356
5322
8869
19369
29887
19644
11151
81185
77127
40907
72573
83436
26906
44932
89298
85613
34880
93048
60215
49988
17475
59052
24928
9028
81942
86814
16291
88906
43215
14386
73498
22417
34800
36592
29014
48638
5686
32129
79316
59523
10580
70991
16048
12145
36769
21290
69492
43006
43139
39
17661
57641
20124
55773
3261
60403
1730
3476
56015
44443
92693
70884
8235
77425
42118
4650
56125
11521
43187
15275
52101
19932
14195
3888
19111
76243
82098
80197
17343
65973
54909
32584
57845
94367
53875
66024
98168
94985
56642
804
52425
93919
65559
77921
9017
39126
66336
63086
84997
65807
17772
27691
28643
11952
62404
27119
90829
85963
82135
62992
40536
3591
7925
37672
10396
94405
71238
22005
30045
56714
95519
10863
75367
88696
3941
25388
91964
67877
43196
79064
30744
20777
18854
46758
64991
10095
99263
23324
28036
2080
3671
44730
43886
98838
22996
46090
25874
37491
30437
65586
26687
20249
51121
59515
58171
97935
26383
24434
18814
92175
29097
78483
86463
71746
99721
42634
4541
88511
90648
64870
67914
33356
40457
14563
84300
89765
12405
31846
63320
62323
78736
22434
6524
79112
36646
7312
75041
20516
45744
14513
42129
22616
3291
20768
78610
23200
65488
70746
43771
62455
52074
2105
92371
18484
70671
78756
50621
70348
79535
68072
60806
28589
37495
89237
60663
2349
39283
19344
45578
71770
18129
95591
37236
12158
96124
20213
71107
24082
90807
8600
88256
34948
11817
98553
49138
51556
49870
18376
86136
46777
91235
46245
65438
68633
41784
1230
9083
93147
94566
26825
98811
76161
14434
71350
84137
6286
89821
33839
69971
64913
57572
66878
53590
4837
87563
80610
60873
61131
31939
57811
64006
28932
50400
68804
60
47824
4948
33965
75863
47687
8806
45523
97578
12648
89012
77938
93961
67299
30280
17219
29245
71223
36290
24028
47713
9088
85491
60057
88894
84156
98321
79773
85267
38384
5726
91542
15574
11243
28192
81650
48529
31929
51807
56737
78347
1397
46365
60786
81092
13362
80606
84318
81869
32053
46187
71578
17362
33539
52218
13448
42271
85783
82220
31725
1485
77686
18673
52778
39437
73579
21405
91845
69553
80627
32234
52005
30091
64640
99907
53102
65433
28928
50854
4158
34908
44282
16414
63904
61584
20393
33546
57225
32520
86763
93031
14928
64148
28111
87164
14973
1175
66639
34425
34713
15693
92753
23612
38746
57701
93791
57184
29455
19618
57733
21972
3555
52694
57688
91250
50094
32022
28306
14109
55771
64105
1865
75160
30303
48956
49805
34266
80487
71672
14876
53591
49200
85742
73629
51014
60030
75789
75309
95217
25842
92392
54234
4797
78997
11885
73487
25451
75941
5178
32984
84561
76835
66774
23323
37279
91207
38321
54877
18641
17250
31884
12445
91260
13368
60497
52205
64761
41651
69683
53407
32018
62255
9999
88959
9276
51459
70489
33208
69978
75419
66275
95420
19996
16648
1596
49990
54420
32130
31273
46155
5940
53102
59853
2856
63610
41159
81199
6247
92233
33394
78452
61364
49099
14893
59894
78792
84817
53132
18038
59245
21494
30588
29349
48706
42936
88865
27417
96714
84364
93803
1411
7853
2075
47578
58148
38978
60705
97105
52133
59285
44010
82972
91613
54291
45378
49975
93158
10863
70237
53724
1102
52987
95025
75223
7302
4270
85250
62157
52187
32672
6609
48997
99834
86315
42453
33957
57890
33083
91799
53092
7870
9579
99167
10610
17163
68153
78951
46921
76129
22311
42223
73343
25814
65925
93763
21758
93425
48719
96655
61157
21397
93352
31126
90270
76915
54610
73199
59466
86225
58995
80020
43685
69769
92117
58882
81884
31034
34556
8985
62524
4206
32925
35902
13014
15391
53719
40573
47805
60310
69331
36558
76902
13145
33538
97872
10783
39767
58200
86845
48717
64017
59482
16997
92724
71215
74533
68669
91507
6219
73890
62162
17893
88283
72692
66667
93311
27803
6523
3622
91335
59877
94353
82016
30760
67538
73903
27943
97824
87073
82910
60636
77787
91980
89002
90253
75240
76202
35147
59912
89752
54393
15572
57054
13614
54342
43454
18931
31480
79749
60820
94595
43698
30637
19249
97260
80066
6497
46460
9760
39390
66379
63422
59754
38554
21867
41689
92693
56159
36278
17627
18907
46023
53796
16499
59765
819
28134
52987
75352
94029
66078
26044
57059
54072
80157
6455
3775
75131
44821
51710
7010
91231
6754
60069
39131
76279
26190
24144
35184
12804
63963
28493
88060
70196
87399
41288
33637
67746
67343
8496
49538
45812
87574
56396
43154
62046
25243
54279
29021
95004
60840
50688
58871
39772
54631
39373
99126
34542
47306
20615
13848
63130
70426
59168
79229
34341
92427
96343
25433
59904
2255
80885
12314
10332
83941
98932
91397
42730
89667
33582
14004
19074
24983
6984
30016
60242
7659
95440
96190
12607
64344
41486
10605
55941
87269
7130
83146
61371
71531
2451
36171
72217
65380
60520
90471
21207
22499
66584
86862
36683
94991
84087
46802
95066
17337
31223
36375
69513
50426
72125
82447
45073
37242
23632
70010
72164
1354
87980
67699
75195
15090
59203
14036
27855
56617
28708
50364
96311
72395
41374
22891
67417
10023
87879
85897
6220
18492
53863
94058
14299
95466
54070
25571
34518
13238
94763
86732
57740
16507
29416
74639
23119
13139
78248
74564
51802
56363
6008
30071
65908
45223
22461
53222
92915
58634
1079
73504
9346
58489
35301
98000
18942
7879
88898
24751
40909
58526
2124
56308
16621
15125
60833
13592
78753
63742
62813
98300
24443
30402
24674
34462
28058
67839
96838
41074
87693
5567
39155
89766
77316
90141
53534
89983
33546
54211
98939
52420
8452
64856
17911
27256
83277
66744
64995
33251
20075
70685
4965
64051
57065
89899
43737
17361
6013
56578
18861
89532
52870
12316
77636
50693
36530
4456
80704
34926
7474
91121
68722
72014
76418
36063
937
22217
83343
4706
52642
21056
36065
25699
57935
56438
14025
78873
1199
77350
60296
31457
65670
88882
8127
2192
39811
44304
73063
41052
92320
21287
21367
96813
48064
34528
67471
30222
77301
36571
52374
33213
44911
28089
88514
37160
58024
76816
38931
73523
23469
66494
26074
9573
71964
12220
7507
97141
60002
90775
98485
46922
50839
620
44966
33070
59561
30550
61834
53546
73520
39392
40724
84587
52917
11616
89678
72540
9098
30617
67166
97100
73721
84899
6912
37898
96574
68156
43825
43873
61203
31935
37906
25761
69472
86633
40258
69558
55291
92287
64820
36006
39707
90705
64073
60491
88349
49063
89464
6978
73789
4626
97226
15788
14951
89455
81707
2915
25108
47235
86558
96847
86707
49541
3123
86335
14572
23599
53123
93430
86646
37676
71833
64132
90565
71019
38055
48349
23392
31618
57669
30061
87377
22753
54749
10424
92864
15099
3900
58445
59220
88403
27992
69663
45153
11346
10135
15044
19964
94436
7750
25732
47179
85073
33039
20405
61972
24256
95328
83561
15260
13389
63755
97862
62666
81402
5410
85228
21856
92558
41435
85940
3965
65765
99730
24056
67279
36730
80524
46881
80534
37310
34422
95007
20001
99256
76630
35570
38044
94592
50016
23694
64923
56300
42800
31170
56431
38377
25819
25059
21365
53048
12331
50184
41747
80124
52440
55653
69308
1018
92622
21720
8231
78001
23863
82380
85579
74114
5719
85010
18022
67509
84503
41745
61789
8483
63813
40050
49553
68992
94956
18176
88107
94063
59875
49962
19658
10573
35388
79818
9690
97779
28897
54004
7732
70190
5749
93226
19976
83803
11254
86062
38450
51069
6076
88656
16164
23193
43621
83851
50603
97537
20060
45188
77733
34033
71312
78589
58209
57862
67903
27813
16800
45055
93988
25215
88328
10696
67869
73526
94714
56906
46513
37604
6910
1856
71638
40279
52287
63512
64653
65313
38307
6075
10325
86325
38167
53281
16172
70075
619
548
42501
25689
89395
62432
33342
80207
18637
4359
73516
40430
31420
11046
52921
50971
63229
3345
22182
7896
61815
76078
33396
92004
62488
30281
36204
60707
33602
54455
26026
52145
52514
38003
8962
45723
52342
42295
72145
81396
41156
30009
71766
59109
6232
28427
61587
64067
73384
85941
59547
46361
62869
50167
97857
23661
99485
47526
20679
98754
67419
40147
6867
22901
36136
83907
86443
78992
67613
73700
87073
85441
73495
99413
87190
18663
63917
99001
7247
78438
51267
83969
11883
48304
63840
6242
84157
42595
22797
49851
28575
58255
38995
16942
25288
87600
4232
93520
34619
17742
46285
27268
37251
33433
96039
1095
73612
19659
73288
38914
4242
99336
36009
61596
87079
39177
2013
41414
69127
33184
13140
80239
42548
40495
24836
7017
93566
49346
44715
27628
2800
91351
61316
62070
36249
15838
36010
39574
17683
95737
74637
40811
28558
70847
51657
87655
78982
88022
37212
50565
29752
29608
84446
77568
90600
83285
4631
52996
45277
46991
21747
4837
26939
72042
29782
36903
43360
90422
9040
81476
1436
22880
8346
26149
44493
5327
43541
50678
90927
28312
31857
52833
82866
56476
91620
40544
54291
13550
53982
23523
89607
37855
12313
78525
56759
36873
48696
42566
46638
8277
97945
99485
69302
75139
35364
87325
92050
89171
67452
67413
30261
83984
22836
2163
54964
77036
46201
48
98231
70840
54553
56217
60112
14378
10078
62595
28523
77528
57703
97308
9025
91809
31773
69816
99407
889
57505
23048
3009
10114
42685
33800
42256
86237
99174
48459
64294
22150
57567
36121
22315
9391
31043
3445
4845
91397
36583
82128
85007
34397
47277
13746
99382
85192
48772
91848
13651
96668
39650
31617
52904
15277
43454
33126
14029
31675
2117
86409
62163
12781
22484
80675
72585
17420
77876
65575
88549
89195
53352
51656
79957
3264
83274
3758
11724
83169
53856
21509
26245
83470
7260
96834
30676
11544
95694
8850
65513
66944
79901
39398
91080
19154
31244
79801
63349
32936
18519
25270
14767
95791
74970
77046
23670
90237
16920
78753
10595
46269
92809
33377
87361
46532
87243
27491
69285
1462
83844
52650
92445
2949
67388
28933
93166
91032
80609
25992
59454
30638
79011
9601
87717
70470
30637
2674
97733
15304
3139
42349
5261
25217
86935
67999
34661
95172
28114
18923
51453
76881
83177
68964
355
47029
24715
23800
52949
33137
16605
23827
86296
47951
72284
91582
38133
52477
72032
486
77421
56935
81277
73715
89326
56992
58702
40801
89850
13462
36626
63730
12216
38543
49408
88012
55055
66791
10947
1375
4385
71884
60442
33187
16791
35754
64578
45750
32509
64501
91458
91712
96242
16724
997
55477
31826
14021
32038
22558
47117
33434
11013
84890
35908
65622
46064
16521
12526
1854
3720
69192
39552
69513
83769
6459
2499
5107
42123
64675
77492
75057
16396
40256
31677
88434
52760
34362
82708
95144
15260
93665
45310
45085
13877
77161
72940
3478
4619
87259
73777
90719
45970
90775
50555
11841
12490
57992
86174
11321
9345
32161
43491
13057
7303
57910
20616
30759
21845
36250
40247
3028
28621
46386
73577
90174
34643
84297
44664
34056
91341
94898
93341
20498
45128
11944
52836
81597
38384
44623
51123
95118
43503
70030
98664
6844
24937
45267
72147
1153
69812
35745
52444
44539
63560
44126
2069
12641
46021
73097
68093
86320
32339
9123
79299
75706
73235
18596
72343
51018
48558
33448
6757
48367
95074
20482
52958
48966
80559
25895
42358
26346
98602
32894
57323
54451
63314
48818
24932
26394
35877
97479
60479
46231
34237
96753
22760
81250
35127
61527
23
15181
15985
76836
55415
89494
52453
22847
87312
99755
44435
5837
20115
44064
11766
13269
19732
36037
12848
95794
1462
29009
62605
62688
68098
86638
69215
26279
6058
47874
80731
40602
36232
88086
38170
91659
21410
58266
34890
93537
22846
49854
26566
77253
81598
29203
9140
10692
20698
12616
89899
65060
76377
85851
9713
22330
97989
60419
45901
44303
62808
29310
27712
32982
61015
24348
75212
8925
40530
32926
94902
95771
48195
16635
9886
54589
78718
92093
75862
25148
42249
88108
8184
64433
99787
80123
20499
65235
46899
93103
3867
58584
76182
93388
50163
87241
97909
26131
58608
7859
7223
48683
48273
78659
13277
66868
91814
88281
78864
95936
25541
28208
6493
44598
62153
19534
2896
43100
36947
54167
45686
16003
90804
87762
89921
17795
77069
12150
89307
18509
42909
96914
49581
50088
67669
89029
895
37050
45786
97456
75829
99215
44337
19144
83386
54026
18486
66293
89211
61707
32475
21195
12939
1670
21670
86381
50724
29907
78142
10391
93666
11185
15541
26409
9009
3127
6664
5513
16406
84462
23579
42409
11055
39357
39775
69764
25926
33546
40
97417
23832
10332
68277
52587
9453
90997
51740
65851
40369
41583
89047
96140
48646
48367
61234
57514
91826
52119
26196
96742
11725
10930
80773
64140
52330
90145
78654
17037
13265
93029
95746
82197
71511
69855
14898
38268
39176
29949
18032
40946
42711
56269
14349
90395
96076
41262
21887
73870
31808
89304
16716
94032
94277
46861
93631
72057
45028
33258
94066
82696
91550
45395
11167
93690
9245
56697
35637
49450
63966
18633
62266
96110
41506
7686
63993
68152
43359
40906
11945
14020
20226
98412
73828
25236
21754
48217
62934
65433
68840
64599
42960
51339
3376
75973
47114
86855
45545
13195
69777
78849
8412
51958
52298
77902
61097
85241
74141
70907
43396
24814
61622
82068
75792
28953
2900
45803
81242
28268
36313
33263
96540
97542
88458
84296
40599
49047
65908
86358
4819
23594
28522
41492
68313
71077
67312
9365
40897
69102
94337
42336
49948
96322
65361
80454
66623
91704
95205
48939
18239
23496
49506
26374
28277
10360
6605
60022
70079
55085
71778
50053
35608
35543
90563
81768
18033
51619
19897
25380
65537
54530
51577
49570
58478
83275
70696
89962
35904
13139
35165
6578
98306
8731
3247
91761
45652
50075
47961
84338
25569
86360
91725
43961
67501
60511
74207
23741
63133
89041
64757
24479
89738
67722
17097
72175
50589
49502
86602
34026
87497
33021
34870
70035
62987
58063
68205
19350
71103
32519
2651
98420
43476
47767
64594
65230
97740
28809
98539
76026
92938
98486
42015
88517
4893
19334
91168
58433
68192
68233
74412
12113
84543
52856
59949
6595
37856
70828
73103
2910
86781
64161
74983
7593
16692
44918
16229
4951
97506
70903
89723
95899
36491
63422
96931
43996
82350
88712
4065
19039
30410
24095
11088
90007
71919
37014
9445
43956
41495
74587
52832
7595
54765
55933
42509
21654
23944
58747
14589
88993
66963
30519
7707
29038
91809
1055
3473
64879
81972
53370
32966
47710
49124
65019
97807
75304
83115
68802
12138
18690
347
76661
69014
17765
91799
31725
81970
35981
45901
39811
92413
51001
64389
17157
6209
40407
27253
99714
27044
81411
11008
53752
27695
58329
91568
7636
95261
35118
40197
47049
80634
62164
10731
68596
18163
48734
95983
72812
73703
42367
75312
10401
81939
59055
88322
86465
11844
65169
87096
51254
57387
2155
17440
17199
52522
17089
93246
21920
10334
16067
64171
59723
6138
94503
98262
50989
54293
38022
75980
6522
63250
35082
81930
86348
27007
27605
1861
41268
70437
25312
86072
19105
28605
15088
87846
56895
13211
61849
89631
5091
9744
7645
36737
57130
24176
32964
64604
82852
27667
93834
28914
69514
89264
59887
41752
41291
42709
46811
72951
19077
65927
2856
9706
25696
76988
6298
90884
70604
94036
35668
49098
60290
71305
61585
14894
86174
62709
20822
30615
819
40977
56098
73658
59810
59102
13191
58254
9016
84399
52049
76230
58473
74508
50446
98
88201
12051
73659
35717
15693
56363
51471
90
86403
39564
4150
46766
96531
36160
65436
51591
37646
11815
47836
15849
76454
84655
92201
78537
5523
30116
96237
75438
91717
29962
99874
48837
60060
20477
2974
28725
78677
33959
92267
88304
85982
53805
7097
18566
17404
39047
1607
21713
58516
28712
16963
43738
68688
38719
38352
89047
2156
54425
78029
88103
64703
93486
64317
83116
55687
35146
77196
98666
58981
13958
23925
32135
46005
77302
71159
20491
84005
29316
23403
62069
70430
26284
3543
87373
36939
44146
52837
77732
39042
28741
4376
36449
96233
6162
83073
8066
99792
43912
62059
51578
42842
77593
85209
48291
48618
36272
8478
57158
52711
41655
89975
29320
16596
49942
27907
30862
39757
49823
23726
14608
89471
99609
94770
85220
99778
49620
41376
10236
4750
69680
48922
15204
59819
64626
49079
56834
25880
38728
12871
12850
99245
37489
27432
6023
29212
81408
73984
38089
52605
33440
25711
94236
88036
35755
5129
21822
99881
83515
18617
17891
49347
74382
18536
28191
76050
85412
14217
14759
54454
10909
4907
55481
12260
98251
8915
51009
16998
70932
99829
96640
59456
99302
68198
98867
20324
27304
86612
451
68995
59618
65648
83236
13604
73620
56467
96265
86394
47191
39766
89069
60394
88520
40076
20341
82664
4029
53391
49300
39336
2383
68204
23061
41196
34784
16417
48359
21775
96073
23285
85182
80521
86402
70338
51714
10610
76302
6591
66146
30334
43151
89251
93678
74846
43266
29803
45427
14666
50390
4581
96202
94543
86302
19728
73984
97333
70341
48789
57293
47290
42561
41443
72945
87733
55345
82000
99738
57606
48617
54811
44993
39585
79268
86088
72772
57604
30154
32169
6766
47023
16341
2668
95254
98498
33232
93119
56510
38347
69681
28020
78662
59532
43764
34970
21588
79480
3291
34470
13439
85887
30008
30030
57683
47727
57308
52185
70124
20413
68012
40452
25514
31787
480
4372
82560
42330
65271
57583
13902
22228
77674
7924
80926
67294
26334
30110
22534
12530
90989
45915
12898
88880
28084
80249
22733
51234
12898
79698
2140
79943
88377
94763
74444
5827
66810
49299
1357
13090
3336
14991
36856
12899
71732
28918
97509
89314
86103
82479
83330
58326
64975
12286
54838
93137
39505
72122
64687
37369
51759
80810
4463
10435
47543
25644
13392
75681
28216
95585
33541
78674
21154
14426
86357
53768
9563
14260
93071
10123
78275
32309
11884
73158
98366
38243
52170
53072
57227
26666
91145
87534
31570
85926
6402
60828
3961
44967
34322
75788
49159
51578
17910
22943
35100
11377
35778
70812
49137
44708
54006
72825
12183
86614
21398
2641
68906
56479
71276
85206
86625
56225
55068
36483
11125
58322
55308
1709
29967
6916
18472
47590
82885
4415
49551
65356
60251
39942
41501
24715
67352
76405
49673
25431
63931
11413
75576
65635
23831
3341
68823
880
13211
45081
72468
39654
6505
16085
92678
99289
28654
51458
26972
68072
69427
70486
22355
44462
39480
32002
83798
3923
67396
64406
93965
73228
81687
84100
80143
62139
88361
52990
75045
83074
38995
36866
35750
34239
20467
41368
58313
52359
74419
9511
86321
94535
61855
24569
36743
4716
4503
37316
1754
7743
10956
52234
59790
66375
80783
53214
14865
4472
37634
33465
25082
7881
27475
61882
54258
59970
67066
3354
68720
85600
52724
28342
36950
70873
465
29202
14275
91274
23901
99118
30717
5136
43574
34034
8163
88408
33836
71536
36869
7377
16712
1152
40969
39773
82850
46844
51172
30573
95415
75210
44975
2998
37874
59573
75684
62241
25660
96955
74702
14638
25467
1325
50639
65
96261
57501
28756
71743
59922
61030
81305
22599
27647
37192
59381
77579
67830
32498
96637
29938
68724
23485
79829
93033
25514
79089
79708
61936
99451
60537
69228
72941
53025
45814
49459
8675
47507
40553
81483
9355
31699
65961
75173
1123
77993
82664
72807
51055
86210
28822
69763
55836
4983
31657
41899
97228
81495
13922
8904
8313
33965
48977
92061
93250
73652
76531
81055
62955
85568
66014
30072
85084
74865
1975
15198
51037
97426
58950
33345
65813
24493
7050
24920
1400
10330
83996
22514
788
98799
78414
19223
61127
25849
57627
6254
83389
73245
20317
29799
6245
26939
25822
70343
92649
2382
90186
40848
95010
64079
12487
85449
28535
28496
234
68089
52897
56678
98026
28050
53758
38508
34410
97296
47816
77801
17964
61885
96773
75818
51734
50820
60098
7987
29978
72006
38080
32649
19820
5994
24235
97436
56437
90675
38608
89610
11624
20948
72213
12884
44677
97804
56803
84323
72020
76549
44767
74990
83111
12731
39543
65831
20322
38225
39151
20733
43603
24644
91905
96124
35282
86966
92284
54164
40716
61969
75502
47599
23457
37873
47743
14867
20562
17818
33477
53582
48547
17235
23760
26570
57825
88674
69649
56274
21467
78873
66164
50433
43936
74435
69291
81873
9221
56550
23295
45369
26885
42264
73400
43733
71914
47433
85791
10729
54250
90897
80544
60689
44565
80863
56490
2981
84529
49339
60087
20147
36503
3627
61197
55286
90129
80660
34448
51552
12446
1534
35529
360
95173
11526
57849
86917
22255
74908
86951
51763
34170
95950
63614
23234
13039
19637
78621
5426
32451
78902
71614
32862
29720
45709
1584
29153
32958
10861
73974
6093
29196
92540
22114
16159
32488
64336
9848
15662
3795
81448
35249
83551
99755
83278
94357
58494
97718
89635
1136
50139
29573
66793
49190
84580
36120
30399
36461
67981
24448
30908
31240
56139
31285
89843
46934
1340
79849
25184
84266
53421
70676
41026
45799
50141
47484
17912
54159
2467
81037
98291
98595
44647
43145
90532
42155
59341
72386
31036
33583
77171
52445
54147
49615
44615
65215
13818
10000
7577
70060
79962
344
30623
12210
23073
39643
95792
75924
79663
414
11509
48351
8706
77678
65306
63720
80965
81451
2891
76989
9153
1315
63312
88057
70296
87901
72712
3452
83582
92248
3969
41833
31136
40300
56530
6705
19488
46777
49873
65917
11095
24366
29399
62995
65424
82827
56875
53084
41988
24195
72978
20611
40185
57285
84511
9739
65603
20079
5763
22905
93322
55898
98215
15576
26351
6486
46418
71513
7840
17484
12635
72934
15218
86854
32879
83936
5296
19985
78435
97096
56485
80079
77714
13080
46912
20465
7163
69812
93796
18852
82894
10918
55216
98001
76026
78656
8040
18421
60730
3949
8130
11021
44419
28217
46927
27062
82753
50459
68509
54640
90198
7560
49185
98663
87033
55890
63799
5394
30121
22479
41513
31280
22194
67915
57589
79969
42967
36774
16021
495
99981
43624
21907
44580
22672
9439
40131
34419
80970
94708
10405
95946
2009
6717
64395
64878
15970
50745
22772
93042
71444
60485
57443
6962
89543
85196
2358
83253
74155
70674
18481
83853
79938
52595
21859
46187
57575
60500
45267
67388
49251
75291
64630
14085
63027
78747
92577
78563
14932
79509
44489
66325
86821
50725
93172
91954
5412
87967
24419
25372
5210
75887
55166
93517
37318
35758
33670
5028
97806
48576
93630
42875
5579
92164
51498
39161
58360
54548
47469
63845
77758
59743
35462
8917
45480
59448
70793
57568
80259
59694
98758
20162
70368
14459
38938
46965
86641
93534
38695
91906
43423
1319
32283
97321
62591
48990
79384
75482
38270
43091
49317
97697
74903
85080
39024
71766
20798
37987
7555
91553
84501
5965
33472
74511
81405
8469
96145
3401
4657
69687
50703
67967
11304
52836
42204
76851
69914
76463
16310
76337
38011
81495
95437
10021
40511
55451
64766
2661
74145
16209
20237
64439
33685
12597
42718
61728
64564
88937
28924
34271
16997
20064
63524
56801
63272
21171
52988
98884
46452
64628
92239
9596
56192
41079
36163
9988
39796
75395
87966
23172
27588
80361
27434
75045
82549
99632
13388
11908
84565
71814
89361
36844
3973
53085
15932
56074
45437
28581
60535
78102
32371
74047
32630
56977
45956
57522
56781
19159
88116
84466
13089
28437
66780
18249
67040
16875
70967
68027
26505
71600
37258
57845
31393
23945
46825
51153
21365
68191
78932
45820
97974
75051
20343
28610
50294
49537
62574
54985
11748
50683
47092
22146
13173
89629
29616
43743
90348
27282
14212
78684
42448
33638
87334
58367
69597
42746
37537
27876
98712
31669
50698
34327
47000
50098
35150
52281
15917
48982
15933
43366
84599
6491
86223
76608
10874
59027
81598
50301
3726
96681
6476
71915
31694
99747
74403
47183
14413
16687
81257
41057
82615
54418
49328
8212
53148
18477
94522
41690
16336
67324
54686
58695
84377
76702
48204
60877
22408
80192
2829
91984
69522
80159
99125
76162
13885
73750
10580
50759
85392
37210
38666
10275
90565
13595
87540
89635
48379
88108
67717
52118
47115
30493
23288
96909
91419
48673
77875
81256
89547
73229
49804
79544
9923
4055
25312
1391
47301
94292
72874
9458
53661
95416
66765
45956
56732
14737
13463
62788
54937
68691
30690
54691
15236
38481
7162
83463
63616
54983
88519
62488
73537
55538
90856
97759
29562
67123
48988
99928
77185
67339
30276
39826
92928
90774
67276
53006
87915
48745
61457
13125
82579
31440
12778
57091
28476
56245
60047
95044
70921
73907
70238
59371
13735
61896
32476
10887
15834
55193
15416
54373
53927
2771
84626
88876
86300
4876
97461
27333
67556
42596
57429
468
89019
81010
32207
83831
84654
77890
31285
29397
71581
29203
5023
9027
86029
11094
24806
82377
9090
21408
57739
9321
47850
52642
25905
67864
72192
18980
34106
20887
33770
95364
87384
30475
53503
95414
95461
83054
3332
96236
85978
8162
52009
55919
34342
27470
37449
90932
62133
57926
63525
81712
94203
2920
72258
23587
45171
348
15813
59520
93274
19547
98936
74387
35708
68767
89651
35957
38959
67302
55836
60380
61420
49688
54748
26937
36729
3372
51730
61725
45697
6412
39334
68734
35569
73846
44789
60337
84432
63679
18141
81604
11832
47204
6604
39820
36432
20278
17458
68056
6836
88558
76924
35257
27675
30309
74437
19895
51965
51716
35926
45910
47134
80211
91093
48779
46765
1629
60434
86484
24133
49222
59706
18219
3754
34321
2337
76059
17676
98822
28520
15693
94483
71720
13682
33721
14973
44795
39002
12029
15689
76007
81834
55609
84393
95373
8166
98771
62681
1554
77550
72450
34175
26910
39562
32223
87926
43480
31433
65625
86294
45175
57621
17392
86868
77466
88961
14515
4264
23030
16413
71658
81703
19475
5134
59754
80848
97827
50287
62711
69558
86504
37697
78686
33404
44796
25749
93363
74855
20433
89496
2312
99218
45716
75326
73209
86912
52020
62637
54618
35719
72343
79133
86686
31350
54211
26215
57156
48828
80670
79377
66639
95645
71674
4764
36914
83840
85921
7232
39998
33415
70627
81010
27849
90165
58665
53330
70456
15411
52659
40414
61465
99000
18361
91382
35762
94185
46012
24992
89555
10813
40624
22014
78152
73383
95783
75820
18733
30831
29698
65013
20329
16001
33709
27544
8397
79705
69194
51636
66685
81091
86157
49941
74693
89154
36686
24001
15193
18587
90949
32842
90463
51183
52625
41156
59124
63269
29796
70592
24461
54359
79347
29969
65589
36068
89465
98628
91692
8109
45629
44411
62217
55895
4658
21013
30366
4813
61876
8423
70970
89111
99750
77596
23436
18073
13444
2006
67616
73101
52326
14411
70559
38632
66072
32300
44545
95424
137
23550
78166
42925
42282
50503
96171
46350
48974
98001
69589
40223
66622
72462
87973
43134
49487
59866
78952
57530
26589
81545
28893
2539
4985
21852
53789
81796
91908
95212
92958
40455
66799
95828
3020
84937
94302
62746
24815
78288
94247
83978
89487
37137
1955
27574
87520
43382
9411
93979
94016
23222
76746
65081
27832
50326
95006
88088
26447
82787
33991
37864
85685
36206
27782
29079
43519
78587
19566
63943
73021
49811
4951
45343
4309
26038
47460
93535
98006
88640
6693
33443
11039
38329
74969
33317
17515
19997
34012
16824
2653
48090
15402
86297
4944
20271
36973
62739
63293
81587
58990
76207
24860
97284
93986
58746
9463
67652
37641
38867
56295
27219
89922
96196
55952
79783
1586
33193
15251
229
98388
84834
76955
84314
42226
90601
84581
24560
78196
52336
69015
47771
51233
59599
69883
39425
60106
31720
29736
87151
40942
760
44082
47
92982
33639
66965
49352
9673
96003
52289
20015
30920
38669
89148
4332
96666
65289
62740
58424
12512
61793
48956
91682
17081
75442
26788
17055
51895
96516
60371
63591
24777
27244
10258
20711
6257
25459
39009
12656
43085
99364
22381
51820
49533
83408
6580
14397
61146
74884
1909
73539
50713
48467
3044
48004
14143
88537
44021
55938
50056
78541
1959
77077
63967
94895
46332
45453
38919
99238
72548
74093
48691
13991
90849
30557
98451
9136
72941
2845
17628
43090
61944
87164
7827
67541
27972
922
90738
52562
92337
93449
68090
29862
83577
6648
41366
84628
16496
15899
10464
90905
28217
14892
17650
58081
5791
26556
31982
91917
21438
2723
56792
59183
84430
33924
78806
79721
25690
89081
79594
35475
8132
34394
58011
74991
58330
84307
52540
74204
39479
20041
11017
46807
31680
53581
51451
16245
87424
25091
5131
35836
15266
56846
33485
98183
15116
98463
2374
85728
23079
57079
55284
5876
67065
51741
79704
65640
71461
53465
32320
96666
3663
62700
35998
74639
6399
26573
17327
55762
6773
62457
20870
98964
54857
39109
18183
86616
61652
72201
39154
57059
93132
44133
47366
25439
87971
17235
35198
52274
98070
57379
34739
55137
82038
97110
58962
96682
32191
61883
95771
81768
22613
20620
22076
55227
22122
96441
5882
10476
40919
48374
82412
51868
68782
18069
81652
38139
14419
81235
65370
15608
3477
32722
38482
14103
53109
82421
57421
67700
31538
17311
79240
13111
48162
8253
80706
71803
71523
80216
25758
72320
8743
5517
40861
58690
440
41288
15884
77043
64618
8718
79651
27483
28961
38973
94106
93373
13975
77697
77032
34707
50204
69663
86742
16001
40347
55158
23954
42695
33552
49141
98449
65662
37023
40647
14325
50574
73874
27768
29124
57904
69987
53389
78833
27817
92244
41709
74294
29307
64149
92185
61609
10465
34792
16966
1249
68027
25119
54735
28699
35231
97903
45366
71522
28897
24860
52678
25613
58307
32789
28623
99974
24113
85791
96428
58896
73336
76625
46370
57610
31338
61983
2746
73985
51735
80452
36015
94825
26946
17421
60804
80416
31432
4173
46543
72802
30278
60552
86781
88154
16066
76642
70406
87854
24184
33032
40022
18130
51608
57612
23593
9153
87754
84348
41562
56820
66173
31006
95211
57518
37001
28469
26350
18219
44848
70103
84556
84280
26316
71396
23590
16446
73643
46770
45200
41204
57812
7200
76320
63856
61842
59773
22628
84581
62382
38585
36962
5678
57597
85892
68418
20431
14043
72082
60397
78270
39055
2884
78815
31971
49534
55702
3255
74516
72036
26532
98331
69647
77619
84802
94877
65427
21103
37665
57976
25213
47595
6224
93832
37987
83699
88140
70677
76776
17489
30183
97345
64272
82721
84325
70883
16111
35874
51346
4877
80905
30451
63294
65221
65118
75516
91539
58017
66907
59165
39552
60372
16656
20576
90342
74466
6700
71
75965
60557
62575
83440
47004
65669
23723
65634
14913
55057
35660
45968
34371
26239
79401
99419
58945
82127
6775
63123
25520
46892
44553
77336
62707
82573
75762
35238
77972
51391
85543
83710
99176
6151
14066
50339
67312
13203
28568
54835
78191
2831
60816
98348
56553
32090
57236
84312
22617
62892
7954
4859
60366
74437
23087
86458
21317
16555
43058
41696
20383
77096
8263
34590
44648
42351
81601
17045
3013
34610
89400
66087
18061
47000
76077
24655
60412
71226
36204
752
5321
37212
57740
48789
29887
23436
90223
61317
69567
57921
85180
30708
77474
50286
26016
99265
19645
91392
42864
37080
74612
61988
853
31612
22563
44620
21357
72537
33541
71843
68082
63656
76420
71816
73985
87047
61599
55550
93799
45165
37989
4044
44091
25141
94639
59420
41318
11783
99583
33242
28373
46402
37201
38350
95715
50179
57919
88840
1000
2766
98758
3478
61081
98678
34068
67411
20164
73572
12420
35712
3832
48482
64125
92907
38915
73731
40718
63703
70216
22871
37417
82565
50421
32969
18338
27884
34156
68315
68240
45535
50438
9872
52612
46345
94277
94080
72483
28770
63281
29374
78234
66883
32827
59623
82196
98727
63757
91462
75791
16703
53506
881
96912
74023
5259
66920
86136
78463
40302
77865
38164
75292
32145
2955
78695
18158
1863
47930
47426
22574
86474
15989
90080
2693
1561
79090
30819
92677
19107
47655
62335
85260
21983
83653
99023
19769
59924
12861
43431
59675
58495
5855
27066
75571
40447
67923
69905
57579
91069
70021
36005
33560
74541
64936
21656
89266
14988
83898
76214
73066
55071
79967
43820
19360
23399
21973
8358
9475
3031
57378
19619
50374
43936
91391
69838
89466
15318
98910
91101
46733
3996
5946
29590
57889
18928
35938
54434
73940
81834
72195
96119
27980
72111
8186
60061
63047
98773
31467
97540
45854
49388
32979
64976
50396
16250
8438
97358
80434
62988
56826
31438
37652
62208
13064
66801
82070
59264
34911
52726
87834
29415
12138
23472
44526
69314
23283
44470
7552
81494
79491
35555
50243
93250
54408
22342
88743
52103
97213
8901
9459
40686
4695
33508
89848
75528
44181
70167
44346
16958
64993
44615
44689
11928
73709
43986
81568
53779
58841
6028
52460
88560
85851
56170
91146
231
45706
38148
39394
29322
84934
22018
70704
96128
70174
40637
49005
13543
19584
81639
90113
32390
26436
96825
27691
40765
53366
9042
45195
58809
79795
5387
24091
86687
21621
91383
88297
9566
31799
70703
60915
6288
34185
74015
33656
26572
71301
61778
76742
69063
99513
59161
29851
71969
34203
60022
15356
2176
26866
72739
83752
84711
69435
9650
51912
67058
44007
26226
71575
36325
80717
61946
38831
1367
79405
49807
80381
15544
82083
6424
42801
24221
81355
75680
34745
9783
47442
6584
94744
27511
63317
18512
7135
81764
12646
3049
67539
49832
43932
70640
63954
93962
50234
74480
99186
8030
31847
36170
80361
3048
27286
82580
29475
1753
68674
81006
26311
92648
96516
28997
54077
7263
87843
1586
70520
73378
57775
58377
80407
60871
44105
53327
85395
73534
45332
38038
29574
22386
429
96695
13711
24504
61996
37941
51131
55315
13643
85100
28281
63939
12378
83878
35662
27439
86518
32786
5169
5319
50873
8697
19751
61663
40827
634
956
31203
80654
51105
87386
20706
97383
96824
98139
62392
90857
52299
55158
98852
49468
14629
40682
92158
65064
23308
31760
26934
1385
89773
93619
42848
45493
40246
44310
54609
15102
59696
91666
8156
68326
3386
1453
45695
50507
86967
16925
39504
86100
91986
1686
62738
85086
67000
34004
14849
74909
96702
57105
3142
83188
17312
16373
86786
72270
31376
95997
81078
93936
98266
87654
75033
63378
57257
58110
9059
45203
10510
90098
25940
21738
89829
67028
99455
75347
92828
98806
96623
60958
87490
79108
53996
21664
40621
24418
52156
39517
61587
17474
86888
58853
89993
79913
8977
98506
96062
11928
90092
83456
74745
47697
25913
28632
46093
81839
68900
87918
15631
52222
59212
1677
20572
70694
42871
19105
84239
68312
4559
88977
27640
84714
31430
87610
48371
90317
13415
86418
45710
19558
31580
29808
81398
8516
79111
31483
16274
3348
5642
10532
44347
50347
81366
11767
48749
73603
26369
82613
52149
57930
16297
81018
13482
19170
61250
60699
25659
95024
40080
45359
51088
94823
14139
78740
13478
98246
64647
30193
77982
72688
40269
68933
63903
26412
22095
34167
97710
80066
3800
90505
35746
90275
6372
99229
46816
25587
77298
35549
41302
33360
41759
10164
63357
54105
11652
68131
63053
36822
35810
93044
382
67515
58978
17398
34438
2815
53255
29509
7447
13536
69543
62600
62555
94494
32593
54958
5233
31879
40858
5757
75442
47430
19075
14875
31670
589
87469
81953
55896
88372
36723
18141
12652
21657
91795
58677
53947
41735
35936
82796
63628
79282
11878
25712
9867
56665
91746
95468
91896
96302
53541
66100
83884
58354
66505
89377
98584
70286
68239
23912
24996
89699
59174
74295
20015
15786
71444
48571
91219
49072
33693
74987
41246
83076
93739
47907
28891
42784
35550
97146
44685
65200
42800
56565
2659
12998
84487
57077
27875
57699
65938
27956
51894
64760
2247
39236
1451
80596
53562
9246
77435
80113
6171
38664
54581
11161
90079
13665
55726
73860
62267
92639
29868
36370
99522
60100
99818
2536
85274
60645
37716
33522
7855
70236
70220
40881
76214
50366
92867
32677
23391
19837
10080
80854
60449
55691
95732
36484
9298
74018
67155
96109
93943
48543
43279
26389
57067
97264
73325
83028
50712
4999
75732
30075
65452
5255
52742
24565
98217
49914
59156
64415
90103
12824
94940
22546
93062
30962
1223
56172
75810
18763
58546
41902
89806
12214
25816
41788
51108
19245
31215
7240
48261
57285
95737
30288
30123
99726
10792
45856
41285
44252
57873
27539
20747
29948
21282
42563
968
35689
71326
63179
43365
91188
77984
50914
55480
52339
21751
77474
86322
26175
73421
10052
5784
63541
71867
79061
12967
30952
14507
83623
39274
20205
61475
71608
34618
8001
17271
49693
60852
9449
38135
20770
91883
94286
93442
95744
1924
99543
65737
38799
74623
51669
38051
7221
41617
76295
30891
35745
8607
2950
56592
83688
28561
30106
76598
42994
87658
27645
34646
19054
99201
33295
87119
9339
76116
36590
96176
33361
69109
25601
69496
90217
91068
14057
59176
71843
80008
83889
94643
65502
58020
88016
6830
26615
95373
84652
50024
54055
17344
23030
94206
90528
82832
66484
14158
91140
66296
49325
21299
39079
97399
93358
46464
13540
96433
87797
41204
25089
8842
18734
69166
27721
37677
87752
52095
4010
45135
79696
16982
76739
44635
22285
67394
80935
40039
40626
16409
3020
94872
4747
32676
18014
29028
31019
27669
98631
31166
91235
26877
72137
4887
99574
19289
43576
78994
48306
93925
3381
84672
80837
13395
28406
4313
75610
41817
6895
64946
60724
69269
89076
31004
41504
75040
81797
66582
12225
66256
70352
77844
2279
27645
6563
94961
43811
60571
2580
22928
29420
41181
8189
86554
32345
51392
54160
15588
52483
67897
45742
22684
22090
88781
95500
15459
18039
68580
48858
63145
83090
78190
76084
9499
5144
63060
8566
60978
98790
98046
47627
979
4215
20007
9094
22434
99960
68674
56840
45637
92665
19065
51217
29452
46628
43106
57524
37418
52893
69928
67053
13909
26712
5276
91551
61549
19184
56900
10129
61393
24972
66977
74226
85919
42964
5565
53029
26980
29361
81407
43248
63533
30818
37441
30644
89414
60778
59469
17995
94549
1141
59496
74129
95239
92924
5479
9676
91062
23627
26119
92127
23649
79260
23545
57406
61593
62453
13723
97636
86973
67172
7004
32237
94772
36756
23018
38094
28486
2203
75398
19492
41642
58534
48454
91369
13543
17564
92494
66862
37612
67593
55896
57780
72871
80730
68759
20912
6970
58103
45161
3787
95911
51509
89302
18159
54081
14898
25765
15783
22864
44556
47734
21819
89659
358
94514
84507
80678
84367
35592
95100
32458
90042
34513
7517
49608
47093
77543
94480
1741
94463
49264
82207
78012
4251
28671
19486
15998
11691
6047
44429
40602
27155
13806
84246
60655
66071
85937
36101
95981
13133
63574
99370
49707
9328
66837
66017
75049
9624
80463
97271
60323
47200
31776
15922
84524
13493
52101
36871
62036
151
50813
92765
96096
3197
94517
61337
12608
44258
23491
24963
93467
88469
42839
45113
40819
51850
42690
48244
2227
4842
8351
71976
91505
91581
33549
98618
71607
45476
51839
8507
81944
16487
11196
465
29840
90627
47272
89561
38634
15886
26552
95399
42080
59998
17047
90397
59410
82497
81313
25393
16088
51525
94475
22170
96215
14775
97653
73579
40888
44665
60876
93000
19570
89293
73214
12302
96813
99253
4306
75290
96037
68239
73060
34487
30188
82415
98335
91350
50354
51107
7956
5160
53874
65742
27635
17259
77631
97634
97317
85175
76313
54258
30919
86831
96827
46543
87646
39870
53409
84020
16278
84627
99333
70309
65892
8517
84642
96158
50602
20761
7872
35874
56648
47801
27570
21450
61617
51583
87566
92887
84180
23508
943
14486
53859
34245
25259
70873
77523
19657
28642
36293
37759
43852
92074
89322
99580
10248
65895
11043
57649
60231
10180
78761
12466
26566
37437
22404
29387
58114
31996
75409
57893
93570
93554
25285
19582
98263
1101
889
85637
74988
17020
113
35259
858
31414
83961
93346
87899
48769
29980
76368
20480
37250
16485
4253
20495
53735
34155
14380
75002
5646
7410
53093
25511
42087
53869
45939
91263
12442
16975
29666
9806
48152
11565
36533
14178
8798
11784
66365
72589
4717
52386
26088
12347
15582
10954
1534
72297
33953
5511
93793
40436
5297
21253
1774
50984
85235
93791
88395
42005
51551
84103
44621
53377
78696
15866
98415
17674
64214
36303
79922
12595
81622
73101
69179
12183
91918
91303
71969
97891
43410
25900
74883
97313
55200
14848
66268
61387
94440
6074
12763
90417
86068
13053
34404
92797
92204
30748
70161
1526
39477
93650
17128
90606
65814
60667
65297
85674
28735
81246
41116
46541
47470
2472
6921
85968
96076
21145
35870
40580
85444
85467
82701
25836
30881
14549
50057
5698
44901
52435
81231
48803
42851
79834
38469
21660
51239
85451
62956
28556
56122
49068
47761
21185
45097
91121
24209
70789
39939
31651
60267
71058
89113
14320
21101
68635
48329
64828
45376
51037
76224
44459
42560
91725
11961
79791
34437
41836
89294
9276
12506
23904
23340
54543
76548
27296
72039
66553
82403
23666
65519
32030
83389
7759
28562
62366
21444
45746
50844
21008
49102
6514
63795
99352
464
61495
11210
14856
31559
66162
4868
93394
92669
41119
63730
48122
18739
85619
78413
2949
50056
97818
22058
20772
64438
61713
7582
27907
77460
57492
27156
46063
93602
49286
76440
70746
30388
98181
18982
55209
16916
11357
87162
28925
46455
20968
7818
18036
55067
60945
98857
82035
98418
89017
92863
50581
90818
2620
33593
99916
11334
78360
21130
46230
86689
55233
66999
76488
95126
75105
88644
35490
46453
46053
36485
74815
4126
33046
48008
58246
93797
56832
58666
14448
86148
53127
85558
35868
77434
42597
85922
66196
7834
61552
77471
33243
28024
57561
61937
31991
86890
96971
66579
19360
40991
62368
21902
94463
84637
27202
82766
15396
76277
33884
92205
7115
23579
73489
84466
53127
46335
26542
2156
48788
68735
65198
87189
69205
90647
34798
59868
16227
43414
86397
28860
43892
99206
7611
91304
35241
62350
30492
71868
47788
70949
39244
21648
19721
55533
69927
1687
33385
94658
35086
48702
755
43898
6868
2745
54658
53283
36802
4218
46272
27073
69620
79116
83083
89462
10770
25015
42876
35715
44333
54549
2373
79207
66708
90804
28422
21554
76193
778
8247
93543
70363
13168
10046
66798
47868
37772
83114
57146
9155
31474
82758
60368
26967
50532
47963
20970
66080
35902
93345
67495
20301
74152
94503
61050
34192
3702
86861
75125
80561
78370
97444
51964
78927
44384
28191
49991
75978
89520
19446
64301
76640
52038
49508
86142
17983
93708
64223
70976
69929
51391
83908
57835
89689
75639
46598
98515
63848
97833
86742
35418
98961
44024
48518
73600
91624
24089
46496
59356
80967
34932
20115
93843
18650
21150
2705
13241
83133
78316
31210
11840
66028
66079
61234
41054
99127
5190
49789
87172
913
21043
91559
87785
48754
38764
48202
31878
43530
22147
69664
28221
93636
71086
84104
29494
94816
75672
69072
89323
84853
9208
83500
63177
70649
27094
36744
5117
27522
22899
99895
49477
85758
11165
88038
96902
87924
58946
65419
62435
2405
10475
8011
4003
17510
27847
3590
4292
59560
45057
31496
10967
68761
38560
27713
95304
24291
74494
69647
7325
63125
27945
6552
35201
61833
18412
97701
97234
20625
50009
38172
31829
92622
36920
71800
90202
89116
38170
34458
49732
75447
1980
58727
99869
85804
85963
80844
98398
22127
2727
92412
58234
18124
8721
33922
43386
68033
35248
71365
72433
70447
15334
23095
82620
37410
9809
53978
39354
7252
17869
95368
27354
26337
25744
58384
96602
71593
88827
98037
24396
7122
59743
32673
92461
34404
95717
95252
66843
19628
84487
4614
26968
17432
41639
42104
27169
47068
58203
78602
44688
99771
57919
75038
1392
63906
57901
15996
47906
52370
90626
41223
64334
7434
53518
54259
66110
28879
78899
76253
15289
8279
41919
52078
60578
3044
7766
72507
73108
20768
58598
20126
42950
62310
58646
75893
63221
72313
24444
96800
98834
93076
35924
15030
85502
92913
38093
16205
8639
78353
24433
54480
29805
32598
29578
39944
18682
18042
2130
47199
93180
67842
78695
51944
67198
19780
33358
74183
52947
13764
28295
14954
34823
12290
13906
60341
84875
64173
79570
68162
82686
45357
76119
32310
41763
61329
89973
15344
96296
23317
6287
12576
62759
7692
21631
59792
74680
26121
40711
45339
53569
87237
87192
85815
34297
74774
79471
8130
12333
3083
46253
80552
72251
66082
71882
32437
91490
22416
27847
62442
39790
26119
40725
35517
27542
20641
91379
57460
42771
11067
72102
68124
53424
89154
81452
62480
17174
34794
19138
79429
39824
39208
36238
10856
77341
11424
39384
25928
23646
93779
64805
75120
12494
90333
2794
46505
8927
48433
38030
63637
68554
10658
3236
15455
6679
42023
83582
33833
65823
87952
36187
77538
32375
88265
9628
4782
14066
88140
35062
59809
46578
46477
60582
87176
84148
22359
94229
89431
35790
2325
15995
13845
54439
86975
79601
96992
78566
87454
66760
48320
16474
39044
99044
68153
23088
45856
981
69726
70563
93632
48642
72179
5601
39347
4001
49397
67150
77482
98058
29629
60385
9568
35483
61498
60514
64914
70696
19866
75026
66092
78576
33788
28890
74349
64585
46687
68837
2923
20791
24144
67713
51795
29681
89924
19290
13247
74050
88384
16826
76736
16069
30571
48474
7960
6454
61989
77777
59697
2624
57543
84059
87737
55594
55417
78627
97045
1585
86109
67731
2795
5848
32601
97408
70690
15123
80772
39358
81713
77253
12486
45163
3879
88053
99481
327
57120
52859
95536
88899
38899
19283
15283
60482
30301
12236
44641
21628
50855
89805
74853
98706
92873
85016
37821
82979
17427
58704
84096
96759
5720
530
99676
89071
93899
57455
79601
90157
92808
65578
42031
89489
20753
70292
41866
36399
30327
86825
9003
13816
19050
55689
38275
15473
53995
78348
63219
48060
56181
57320
64722
64197
69853
52623
71074
22317
7477
40232
48963
33235
77168
72569
32292
52339
17724
57330
60599
52323
95105
70223
52125
7628
74350
4042
15616
67770
85545
91209
25998
48681
35842
22381
6536
97556
51883
32712
96025
9184
110
38201
74904
79374
9698
76838
33787
64629
49965
21019
95381
67322
88778
74957
58599
26675
69085
55974
32730
18927
74343
52782
54709
14213
37804
49050
90548
53704
41074
789
14487
10027
20725
40293
93520
83240
10463
62488
87792
81264
42338
74703
34862
14205
97998
10513
84720
30183
33727
92106
3337
92290
76537
10926
5625
81942
69235
42134
61391
72598
45399
18486
24682
37617
54702
98156
92565
58789
63177
89128
832
14785
106
8025
33025
70064
66305
51461
14696
75525
30706
93336
5388
64735
45081
40364
71411
91671
72076
6897
94949
42662
89531
7455
60277
12849
3888
3703
35976
91344
32130
7153
87259
50133
95656
45540
58004
91788
35965
15028
78807
38008
4297
37022
52618
9057
10309
83345
17356
25243
33137
89188
16598
59141
16070
70676
20598
1876
31004
73720
36177
86128
62448
90086
25764
8392
66451
76726
11959
10947
99038
5101
84170
35940
79333
74430
18510
55878
90283
37684
59264
41059
35320
22318
46845
95998
74853
12756
55334
73189
75063
62542
24910
39982
37138
55505
38239
81480
71145
93754
74042
14466
90847
78347
24976
10580
25279
60114
23447
84912
38873
91741
93140
16807
67822
29795
36656
18249
80290
48151
299
81914
38034
79072
32870
24093
3102
92298
60518
17143
10451
60672
78320
42208
82288
19923
91630
60142
49485
160
1329
74844
19193
80242
47332
44391
88959
28773
39974
10519
25764
88614
13618
97585
34561
36021
20448
11759
18346
16754
54757
82528
88446
74848
91989
40204
96743
35924
49511
85704
90292
24227
74848
57396
32120
12895
93551
38327
39157
62924
8952
61577
33211
75194
72321
3020
13277
30200
48373
33221
25943
21569
78211
6584
50985
36742
95152
62740
72484
15444
61919
23493
60798
25253
52056
28659
32935
88188
86068
44487
25984
1411
33525
68911
70014
76284
29150
90494
57095
28243
99588
45334
72887
10177
76825
78241
51692
97255
24808
89847
21402
94724
46491
74078
6965
80844
14463
8338
7621
66222
38639
77283
93713
40495
30782
54528
71604
25405
87338
35803
81100
18711
13646
6627
74986
35849
35770
59157
99824
13865
19734
17409
80610
73233
81769
68528
84828
50426
27040
59111
53886
1073
14439
70361
57578
27415
76988
16955
12127
19401
984
71207
81986
96823
44688
23329
45989
1527
59110
63909
31089
15697
15550
44575
60338
75167
4915
9778
83225
33787
95047
21186
36362
81025
82284
19254
47020
61501
78038
71447
64048
99606
77536
35911
62630
29806
2091
13817
77419
65880
60404
28162
38208
8989
43053
81617
68325
4984
22056
77617
1289
39340
63541
5009
93253
46059
18735
41790
91644
33767
75952
79624
70446
18239
87178
86656
68164
65153
6973
62429
33483
30891
13920
12510
48258
30342
54043
71014
16876
7328
77759
28922
36768
65988
64997
46669
18836
16281
84753
52948
94853
78855
75219
53240
47684
69897
45872
13284
2694
7770
78880
84430
46302
4881
8136
19712
8165
45719
23129
69478
31416
3734
32269
77549
77141
78095
7754
50789
2238
91977
55612
37451
28115
98309
32565
69934
9068
9343
34365
17049
37001
56321
53902
21426
30137
38167
12273
34754
67696
92683
19114
62463
40754
81316
19946
36488
82070
82989
90591
37356
48714
49792
43205
31288
68255
83744
85480
35997
72186
35449
20667
6140
34810
21515
76692
18756
85752
91056
19188
81828
75686
6985
10489
87688
16585
51503
31492
32238
44013
35112
24267
24127
55693
9724
82149
75536
49254
9492
79170
15787
83413
12858
3865
55500
66128
30575
45030
95787
6814
47528
67582
89344
6618
32333
99017
53476
49428
1794
24135
75331
70287
64199
89944
6196
80456
91405
34183
70190
23526
32345
74027
27697
56836
77042
68500
30370
88830
14138
57649
30839
17936
42101
6286
97236
91090
92168
46351
69039
7563
5961
96921
56415
61546
39208
1004
7392
36308
27329
20638
25562
97171
12250
22635
33531
2524
22348
78154
98430
59708
84083
4880
80830
39021
75484
40100
41651
81602
21477
42924
324
6257
92873
23162
13859
8566
57447
71608
23425
57411
94644
62580
19176
47091
16662
86838
63329
87294
28486
15397
4190
21912
5762
9823
47595
96837
14007
75663
58127
50174
36284
41390
49495
98058
5778
21258
85463
63519
51034
63551
50974
20297
53376
35114
79539
33059
20570
55587
4482
84194
81739
81483
99214
55175
40201
99126
43638
41490
89729
14254
36291
29204
6126
26234
35304
22862
66455
82921
246
39266
6034
9249
61512
78920
28195
15183
43506
11941
62841
39739
92024
79261
29862
48476
44814
22321
65876
50059
61923
75033
90520
83517
2838
67677
20856
43776
82718
84832
7389
64573
4875
30359
62618
12005
69565
60959
85477
51364
5960
49241
86598
66383
50890
62827
76000
10338
10314
17494
93356
74986
18016
83041
50797
8304
83539
62163
51516
66767
91553
87027
59364
67256
8710
37388
80479
33558
62760
30904
75286
22466
51393
89440
77454
37279
55879
82214
71183
77466
17274
22172
66845
7394
55305
10428
20312
83909
60274
60736
98481
68852
794
70448
99072
44582
85031
19044
5797
4617
43353
94609
69668
3591
92244
99675
91910
42318
10322
7248
76338
36169
83844
85221
45832
45362
99045
78410
91440
40676
22166
88949
32073
59905
2896
69073
8414
53182
4045
74281
74152
11194
6829
53897
87838
33871
23480
51737
63120
77265
88318
7323
94086
49666
13343
92524
63985
33043
61822
27061
25231
99645
7459
52680
66902
71333
55014
64915
60546
92859
20805
37890
99120
27582
73299
30415
79413
67526
1573
98398
57863
3446
67763
50328
48964
67843
84170
41821
53680
5255
34559
46702
73902
77235
41869
43013
29986
55165
88315
96754
14383
27499
94498
55539
78815
16416
18838
32171
78228
17014
39872
7806
99060
91520
56814
25480
68701
67795
75792
50983
60953
15001
36884
65568
89580
58718
26576
25961
26310
85242
83902
45456
69890
15434
29157
64685
66762
35949
46265
75003
58648
83746
41081
59234
37041
27605
132
87635
93597
84688
72275
90102
60707
80957
53867
63491
9477
64743
71555
89503
81897
4817
47640
18212
27722
75741
90023
5533
41673
8662
47559
72340
301
13273
50499
26504
65998
62043
83088
41622
21796
84965
39691
36011
80463
96673
58636
68057
16066
2810
49482
66483
26390
96541
68842
38617
42627
51711
44616
24204
97160
61433
46933
63082
60985
44661
30940
56228
30462
84660
66278
34134
56636
30829
61399
69768
67283
61778
38354
18103
10
2878
37926
72941
77563
28612
14934
46378
37664
20417
43205
81418
86501
41345
93595
42483
50844
13092
40953
94124
12783
566
24357
2877
70878
89335
12337
3023
89732
64994
53511
74506
74914
56348
13854
30007
94414
81704
4132
77054
60007
71640
2366
69921
75097
67804
95897
17610
2354
120
42112
30630
52392
94263
58556
68179
26766
96372
12218
75699
90104
33034
23982
86202
36154
29004
48686
78472
37756
35226
60539
15294
58408
35561
12192
6791
77645
15866
70775
91286
41229
20654
1472
72202
81288
71855
60255
72293
63433
20955
33103
3251
28631
70050
35722
20868
79714
34612
61557
30087
86719
63138
21351
19712
76626
79393
13553
49971
87146
44954
44481
46499
74286
65877
15812
94837
50217
97811
99456
657
16338
92732
2192
31878
86122
27844
43874
11262
69470
52075
69495
73932
59681
41677
58408
29802
60997
31745
39740
66458
79436
45764
21574
1047
27209
93721
82735
36598
92766
84503
40427
12194
28442
13314
50802
32779
297
52833
47697
1738
43377
95699
18886
37596
27285
8199
70669
85695
19745
93307
32612
44574
9068
35347
76210
71303
49463
55416
70562
44876
52497
37158
44000
89551
52967
8229
37234
83327
51332
17156
60343
49080
34683
98826
47187
52977
70726
94068
83840
60671
90682
38757
38335
75244
98707
19426
4396
30474
54166
50895
23519
27293
93442
61528
22460
13480
50869
9157
75559
64405
79697
64783
11429
5842
40202
50323
25122
66821
18767
82950
54877
70304
89844
95081
41758
2502
9956
9811
83921
1178
55375
75723
24271
82853
16571
38969
89693
33262
93754
24677
97873
19074
75552
52954
72680
37397
64285
43088
58787
91687
89798
78706
37599
70881
62729
47928
58721
34191
62651
57692
71211
1677
45219
20943
24049
48223
71929
61366
39551
50925
19891
2801
70999
77216
37992
66421
18777
53257
59819
74871
98397
79479
66475
80627
27030
75890
1456
71028
48289
84536
95955
74042
49037
54064
42064
25934
44492
44167
32181
14307
4941
47635
39193
60156
42649
89472
72940
92338
21642
65509
95024
77327
97797
41801
12464
46327
3196
7611
25480
45261
4328
61244
84189
57597
8295
10990
30686
94230
88080
21903
43212
89569
87612
40716
31197
57384
9339
85889
99373
86455
6882
93401
95802
50225
39544
77722
45425
66495
16883
1543
29138
47396
86798
36017
76051
57769
18826
69596
1855
11980
83564
55515
23471
86830
57818
83547
91576
31770
82097
979
67342
67977
2934
46248
61529
26761
20801
68418
35606
22071
2972
88741
36444
32158
92427
46084
2852
66172
88858
97155
62864
58150
14232
17715
93613
69631
56635
52320
44079
4150
41609
16327
44525
59357
24015
74955
31210
23209
22487
11998
89724
14154
29106
83617
13378
59041
55594
98623
49446
4446
1879
60406
6711
16433
77607
75582
45920
52996
55113
64026
34472
37995
25531
57620
31729
88917
46951
33645
50952
70287
54540
14257
15684
71211
60238
45258
50558
85755
62522
30727
44791
64532
76762
72843
31535
14634
78649
73474
364
60950
55006
2522
36137
2108
38522
1991
8728
4881
97705
42328
33008
80090
68894
42192
70457
94067
43496
28923
30342
86761
36704
68982
66728
2038
55430
90793
16618
94458
88209
58211
64050
87369
73307
92847
17962
4319
36496
64955
31918
45053
55165
16628
16583
16635
23970
43013
12302
23304
89168
35246
25992
25964
67138
86192
13744
13108
35038
24271
70536
89626
63375
79367
25457
69305
58807
63371
71318
61870
64143
79483
21878
49950
54529
1228
88375
75533
54457
85281
94366
40185
98632
19794
23486
58797
23174
6019
90782
58407
45607
69846
58752
67076
47162
20439
24912
2101
33487
28903
28264
97864
63695
83099
54677
68554
52393
8784
31076
66559
34139
34265
85743
25624
29713
15824
29774
51893
68924
7143
31209
11796
56676
95078
79275
28093
82747
90597
71166
24613
12424
628
3672
12218
96816
41355
81817
7420
70846
70826
68149
35789
12252
74288
18955
44426
74973
78123
78907
4951
94189
3350
26986
12067
52103
73127
3393
27302
99620
71697
3918
34211
55432
73766
18834
28608
8911
54994
82740
9614
28505
21218
87895
2859
3455
86846
46029
18321
6468
85492
28943
12272
59652
2248
65930
37479
68428
2670
23881
91376
43885
26502
69290
63926
75676
98853
31383
78835
80192
40224
53868
76909
45742
27878
45126
48112
74785
88168
89533
2839
1912
69282
60664
60376
19956
1600
57743
17056
36982
90240
85988
92777
63876
93290
49767
66393
60511
69650
75536
77885
55959
75270
76212
10741
57151
25204
62362
4211
16516
71586
20861
72032
11410
28589
40561
5592
90937
45746
36298
890
44550
59754
79998
38183
21626
96377
56498
76955
40379
28391
39527
52834
96278
41892
59705
29959
23945
10494
86080
92395
74617
44298
99316
38751
48856
66508
43449
70026
75308
25898
33190
37543
75526
39584
28954
37017
75749
61428
47449
64920
66477
15898
12601
87919
70763
87417
16355
10182
16256
41610
93824
83694
69642
69586
54953
1271
93751
19615
30183
26233
7763
95006
11211
69165
77632
21957
1495
31527
96766
82689
90334
23106
29944
77510
53014
69517
4886
8700
13027
845
1435
47035
79503
58538
30126
5625
79639
48299
58206
86719
58472
79242
27423
94292
33857
18970
64784
23693
88815
39767
56552
92534
7370
31488
77207
46821
31793
74979
92931
51188
75201
66906
7494
37034
95844
44257
73702
15323
73529
76952
32884
99149
90872
82598
53247
57698
93007
65517
11651
73088
68930
49365
98168
63645
19407
51999
23651
55507
63255
31989
25215
17742
8304
41625
49962
27974
95323
11884
53227
18083
99453
21773
47603
55789
24362
62208
78489
69399
14984
5423
82932
33211
67698
1216
23915
36566
18559
10426
59696
61982
60997
22530
67120
11749
61023
81652
475
79732
91601
12647
9993
26735
34827
8789
51839
41544
55561
56163
77808
54872
10992
80550
32842
19273
44745
48677
20563
12713
67286
52644
649
87872
79399
79637
70118
11617
14101
50393
9589
45764
77168
21122
97762
40838
22154
24806
3061
57463
54739
83635
29262
66154
49659
24840
28661
60201
62905
3530
94673
42684
3358
25962
72677
20380
74581
73900
90610
45301
27884
10904
21918
95712
50772
46194
7363
97998
97015
46163
65224
23487
96187
9938
78237
57987
91243
77952
46987
492
437
80365
769
54412
68954
17449
70211
84563
5903
52079
52404
22444
25958
36349
259
76583
69205
10544
56675
84900
34997
87855
26568
10492
79626
78688
6432
76536
5048
95272
83939
87252
20847
58808
61085
93980
60282
74579
40472
64209
90426
94013
23595
29500
63690
38247
56821
73677
45021
64919
12400
52550
52
66404
52080
97389
49090
12026
31791
72591
32768
85425
90169
74266
96695
91243
39489
67560
58441
32727
19710
25696
76008
21494
72684
52526
58599
20976
73413
19690
82337
58797
99024
10391
11266
86006
10333
81267
38396
4394
9501
80863
56790
7513
84438
44941
83421
27705
70507
73810
95004
14347
9206
43916
43827
45361
8261
24224
35846
68954
31612
37947
94046
2143
61066
65496
29751
68932
74171
78755
27673
69030
84462
42760
29888
82180
3667
34687
21232
15364
6590
68191
2450
53437
98420
46510
35724
39505
80068
73468
12637
75750
52572
95749
50283
63820
347
77007
50305
2619
5463
70186
65457
33917
74820
75992
8617
954
7078
44600
76507
82279
70234
62138
8736
84061
83504
95975
36061
76398
75974
30021
87125
75994
92887
64267
21283
51776
86469
36651
40104
48006
33306
97377
76263
83308
48891
18586
60146
27909
51125
36794
90189
71741
84940
14876
29128
68961
2788
73595
92092
56989
87331
20462
50869
81037
87713
7187
43206
15609
56284
42135
5171
12885
10855
59103
89686
17658
47818
61036
33006
5281
65771
57142
55833
64822
3080
50972
73420
54513
10786
1228
26733
32341
96251
4777
22234
88742
65884
15026
58727
51974
68704
45552
10157
7894
95704
96313
2738
21177
14447
99207
99550
48088
87465
8357
83794
42137
8092
49797
37171
7819
35912
77122
77230
71145
54569
59819
93966
88275
28498
48481
83013
16980
98655
19683
97130
65948
60746
57839
71009
86431
47297
2721
45296
13287
51208
10645
51724
12740
55110
61284
43428
20795
71348
68079
15479
33768
4188
30953
18501
53720
69312
22672
93489
3232
35477
88475
54076
68972
75617
58253
22854
56498
49171
20286
61424
17002
58471
40067
40846
51959
65016
51120
30842
58622
90081
88174
17159
27553
25151
68921
14970
37302
22977
88278
80918
47532
14872
31910
23662
737
27078
22677
32403
77771
42626
19132
62454
64810
72215
14841
58895
38148
16353
46241
3544
84524
96633
50616
3879
37425
97556
903
89907
4212
31178
28325
46078
61698
62660
63374
348
99563
41004
97277
56828
7838
23193
57503
44186
27163
86599
42864
21051
78216
21708
30021
13700
81340
81618
32687
67617
17917
41902
65390
73267
82945
21888
41478
37492
76947
55073
3041
27912
17153
37965
9447
98024
81930
35566
41635
42071
83898
72720
85909
22226
95828
84885
76473
49503
36675
31891
37652
18588
48463
94212
44802
37412
94885
13909
41712
51282
57857
10591
34212
71007
34582
41495
11362
5362
4361
37090
39036
93802
37877
20579
42093
96238
84067
99937
49230
12893
96193
46171
46826
9825
63255
52956
14736
42016
19947
15179
23419
30150
97582
42821
80387
44588
88312
55755
92886
47845
43028
38867
13729
46445
43719
27940
614
21812
64863
82942
26065
86798
46575
22903
94193
58463
37592
60284
77362
7316
1074
56703
21580
78464
8883
42889
61151
93147
12990
59196
79825
64799
4655
64026
94059
13672
39692
84259
57537
91773
4785
6990
50268
76334
62875
66318
28399
97123
75114
24295
3482
66429
4028
3656
72175
57404
14748
40877
9176
32453
95677
88362
41065
58414
38152
99250
25519
29278
20641
36131
70095
66199
55777
82855
16202
72650
70777
99536
62476
21515
16219
10520
9436
82473
44200
52981
87494
36542
21177
87236
62300
23599
57806
48372
78500
88878
80072
90458
31935
86970
83693
1678
84932
83912
40278
79282
83149
60417
50888
46249
63629
23100
7667
78510
11657
66740
11371
7040
26396
37692
67241
71789
87781
93531
10751
51915
8385
82916
42292
57133
22042
2325
42949
74262
85504
82559
24654
13952
88226
3277
90584
87013
77838
50083
19864
40660
55677
53093
83552
96958
62298
16505
90624
53963
11937
90703
22328
59331
9934
67844
88558
38010
88744
4692
3490
244
23602
8261
54004
96139
71927
88494
99674
18
54142
13911
80352
74456
28260
27338
72792
82155
82247
16649
80970
42606
78898
42459
2177
2931
92340
68965
6217
83165
62265
10593
71908
17092
20505
25063
64798
9213
95338
91256
28735
13673
62676
53657
5329
78121
92735
50792
13541
6349
63826
48569
96553
47812
63374
15932
16949
70976
3367
16190
96979
92581
70563
92126
10616
38182
52053
32909
3969
49618
27920
52358
69179
62072
4933
48938
32897
64409
48711
43126
47243
47222
50625
93492
71897
5125
80973
9906
75527
73857
2685
49174
2013
68704
74413
97343
94053
95777
32019
12357
71876
30080
81642
79078
59222
48635
93534
72794
22427
69120
12884
85492
58801
46183
92039
86426
35044
6130
31764
7330
96064
8155
68462
76215
38519
69049
13718
68335
63190
7766
54974
65039
89853
89922
20623
85615
47861
65794
8638
4156
81529
17457
94968
12320
34323
41112
94398
78835
55275
1713
82665
15127
7094
77763
34784
42096
92961
59459
91482
57779
57333
20053
87296
71456
33748
89918
42075
69845
7133
60302
38278
48084
45599
3613
25910
24899
82961
32479
87473
7113
64362
81762
55980
49684
87240
65534
44703
88654
66004
6101
62154
48363
49418
93702
86955
32078
78590
32080
48299
81027
55082
34870
19979
21814
73388
18996
94714
92064
81160
94999
79964
41815
83616
61067
43443
67242
51539
91364
75752
37012
17977
54500
92324
58366
73650
62587
75615
74573
75535
69290
96778
42733
43583
80450
86987
41355
29444
67349
53462
45875
60292
29914
97192
49865
64498
70744
84450
87979
31316
45516
55839
74884
23326
40741
21519
24537
13980
91737
14073
31958
84088
51177
84668
82656
13666
52227
13363
29428
82850
52565
76983
76531
14681
9572
59994
24812
11268
72780
64430
57349
80741
2252
6607
30179
24094
58904
38066
70214
15143
14054
21093
24926
36882
69752
15272
47299
98057
22180
67047
97333
2314
77932
47461
53802
1271
87169
16147
8603
54282
48168
80165
29707
60653
60185
34968
76409
17181
34714
51180
66843
51961
19480
51682
94764
56494
33927
58069
73492
22819
56670
61569
9731
60643
35702
9519
57101
51720
77993
15703
92156
24017
25671
94773
89014
75525
91083
1667
26523
47765
40418
51566
13600
41789
48196
42694
33452
1653
34429
32589
35315
35722
98243
18655
86978
94680
42990
73568
6471
74900
53449
42671
20747
70019
36793
55535
13563
76520
12674
57087
57061
78883
30012
97055
44837
9674
35554
97833
48608
5472
2794
45326
82804
41040
96840
94425
65091
45677
45625
37170
51641
30412
93129
60892
9108
94589
87062
70621
37715
58792
59456
53191
1254
42488
26521
90129
60511
54452
64586
23167
55867
23439
58268
29819
99833
27663
58783
49332
83721
57609
38269
49199
70111
93273
30656
81908
93021
54047
11329
15966
27099
47576
85792
32546
97548
97179
81221
82491
53690
64817
5338
53445
47406
77986
70105
82473
49116
71635
81675
63186
32310
85616
59534
20976
31859
40082
13965
111
12783
83605
96374
24572
35777
77797
64192
53369
3289
13151
57329
34800
89317
2234
99600
20625
22594
73494
17863
65349
14141
8404
68972
91585
85516
37494
54977
65871
31245
38309
26002
90215
14109
35275
99294
4757
87587
40622
55441
7047
76856
99122
9405
76389
45651
82586
33936
48357
39938
86601
87970
52043
33562
37036
9741
49690
57932
81602
80567
59634
54270
45220
5904
31972
64954
93657
810
32603
41710
87758
1244
48130
79041
2464
80683
64110
61236
39455
39375
59199
7074
4793
9952
50946
73723
86279
47396
40251
26400
39086
89321
92591
14702
50808
94638
67318
38803
41683
19202
79212
94976
16937
47440
1265
58104
11195
11022
96861
7202
88810
76911
34891
84863
87103
54324
76893
78632
38809
25160
78908
40566
85657
12502
50525
69871
74802
37007
4699
64439
38806
5436
44139
78299
65946
92629
74910
36288
42118
72206
16077
62284
99716
98319
76646
70510
70454
47552
5867
85929
13643
18544
82718
28291
18563
48758
39805
82679
9001
28590
9682
63433
26436
50306
21908
71712
624
79518
55736
57149
63992
67451
17936
94406
31054
67339
53642
81219
66582
91864
99605
20161
27111
99465
98216
78530
9356
24273
91651
60090
11066
73110
32616
24069
37794
88227
67277
21829
16440
85801
57887
29844
74923
23776
21746
46588
17436
68929
31440
24629
33019
82323
92344
22816
59085
28042
20592
27576
79908
45109
36273
79844
31033
99714
39466
42583
55617
39062
65065
53974
84070
36986
37825
41205
96999
72687
89272
71188
8591
51625
89384
96099
59891
24057
57183
43221
97716
31316
23765
43300
43532
86087
60829
93018
4849
31155
52168
81952
82009
21987
77819
68618
3866
75594
37991
10822
57381
75038
31515
44753
43523
14973
31153
99755
36517
95554
75083
85845
27085
79877
93945
69410
8678
22521
21120
56221
64185
15364
55551
48066
64974
8164
13886
8208
83059
82561
5718
92321
1653
65475
86997
42114
55501
52745
2972
37551
9057
66495
307
80860
97885
20811
37835
2617
54380
59821
47227
8854
28071
12830
33886
13323
90743
98341
88142
75106
3090
88196
69956
80439
42128
8495
9748
86728
48915
7399
15632
57521
40955
99690
79684
88739
45942
87045
30017
79195
56233
56488
24056
9663
35078
29896
35405
65480
24210
68697
72079
77278
66616
50215
68828
29498
15340
19066
38205
90051
30193
97132
89585
31590
31602
52597
97475
54218
83085
22912
20528
53020
91885
13125
51929
26667
41715
5162
57937
96146
32511
3093
79366
21883
54147
98659
59707
60373
49328
30090
12769
55625
36739
94794
58821
84872
39225
92945
28270
47893
82573
88250
94650
65220
75939
63388
42363
90189
88973
5457
40452
8558
45930
94710
98767
20700
68036
84383
11912
73862
86380
80141
9486
68639
55744
95024
80685
23392
82488
20856
66998
83796
66811
66806
56061
87325
7530
95906
71065
20985
54576
65357
55789
64752
9906
25476
74697
23903
79150
86263
20086
65775
85321
58408
70580
86463
64765
60166
6520
681
52478
29794
15798
50495
68870
86365
59882
70188
51815
97989
99673
52638
55711
89415
29038
22710
34718
29677
48196
28491
81491
75530
62772
74176
33552
40595
23520
52981
31534
34770
92216
50307
57692
24702
25175
47652
40956
56020
10960
76325
20844
56357
62049
2691
93998
91927
2723
29888
98588
36274
31779
70207
93895
71570
44693
87032
9036
50157
31691
50012
88358
97714
4988
3763
47997
64394
40561
16047
92483
71911
58180
26865
81650
4035
96066
48326
78673
45677
1689
93513
69139
71400
53148
69638
80155
98889
34306
23554
24660
64040
72570
70038
33361
71744
10705
7946
40465
83301
87732
7089
44873
83071
41248
79723
83126
37728
72244
32050
51034
82446
47104
81991
7553
50416
54937
64609
92260
3698
50044
20940
35858
28098
79338
6220
48714
84243
63754
43661
66754
90438
52419
63029
61756
9539
58024
78835
94076
39857
99381
10468
87228
18411
93070
19475
91666
77037
71851
14167
16340
51613
82454
34001
69435
74729
9013
43151
86763
25232
68679
10165
22971
20527
93075
63841
64542
90195
64713
62355
3220
77949
98620
15814
14922
60992
23750
31119
85465
25374
13031
43089
50587
43519
68616
38551
54320
65266
50637
23659
88768
5155
22922
87716
71861
81164
38242
56833
54533
90124
17802
19740
85417
61737
13011
79725
56035
41856
69733
50412
96164
20919
80560
25406
38367
49336
68098
59918
79671
84336
66229
99587
80901
51663
63697
79070
3967
88231
89750
27295
84214
38710
41648
34612
90532
27694
9694
15466
12325
84589
72687
71839
96913
26370
36025
81537
22770
22890
58168
81402
54720
42020
5999
23876
94669
24512
90682
98522
3302
72942
94265
59955
40307
41067
53045
73431
83785
69994
27449
5513
35767
98232
54143
66395
70563
33977
4949
70814
74585
49664
41385
1119
11848
59904
5174
28921
62856
63303
58437
82193
60032
65551
90518
44069
9186
57084
77507
83889
53581
73282
85133
23846
42162
98370
68423
51631
17974
7906
45889
9803
78054
84783
18540
60411
15494
80946
63802
60844
10220
86889
85744
18042
25071
54824
46582
33572
66600
65280
22584
6059
5732
50432
972
78789
29341
97585
13582
42151
88090
10365
20701
39879
31139
62386
96506
636
13510
74690
53430
30774
58866
23034
19833
54409
78377
47881
32297
60147
538
37831
93670
58534
50644
4754
54214
95608
13424
87276
7086
24571
67400
38351
81133
2335
57162
88242
25541
73563
69751
55536
11218
41352
459
34663
65223
11862
15527
66965
93430
47971
53306
98875
2921
86550
34164
50234
83454
96291
90436
57316
73441
24826
66196
97428
58603
89896
39974
32787
2689
29462
81681
8230
52448
28669
10466
29762
66989
49269
48203
83192
32157
7011
42155
14436
98456
8075
95788
22004
87970
2748
36083
1518
82271
78889
86900
65947
89759
23186
96731
25193
24175
17401
46355
18607
31214
61104
71072
10648
72132
83383
67853
82083
240
88570
44527
76034
1212
53873
71297
36614
85893
97651
19832
78354
5786
88022
51336
34515
69100
98705
16765
92056
45688
6766
19839
33521
33662
31248
67834
61119
43524
19295
99989
50789
56897
92772
96471
64573
80220
75160
16750
60924
88482
46485
78555
58633
78652
1701
74428
76226
6279
23801
85910
91468
31030
32618
13704
44327
30233
1134
17280
83452
46582
11496
54550
56810
69788
53269
20610
18850
76551
36146
5427
77909
25427
32265
15470
82757
66332
81212
81506
90205
5751
49909
45215
13332
55113
93144
56846
44584
854
29648
25400
25467
20911
66079
27919
53337
38354
70424
24828
62106
24229
82108
1944
65836
59673
33033
37996
2097
64473
79351
9080
92760
30737
98337
7869
6152
43636
49593
27582
66214
43182
23708
64849
15242
21570
54568
58716
34673
39461
79761
22550
5840
68419
52555
20501
62633
43112
41092
62701
17236
39589
26063
27983
1993
6202
58758
90220
1519
13764
7447
5338
12132
72183
94820
98916
89178
88501
24207
48972
33802
85423
57528
68608
91886
97995
52168
25448
88589
27502
25022
88023
86207
60054
74293
52040
35523
87641
44713
84256
19202
10998
49611
31482
70356
11141
9816
24604
35730
58998
48344
38206
25630
74036
8586
13891
11612
36032
22321
87893
64127
99347
819
27407
82293
80694
66725
42161
67402
9359
51999
78503
8459
61803
68656
72533
5632
96707
14935
36461
7958
17835
45669
80345
83912
67946
80570
41818
52756
28193
27781
23321
17886
65474
32407
59494
31567
46004
53016
75289
91123
36957
78066
98944
73610
19416
53571
39332
16775
86015
65148
23564
39748
38224
57277
40468
87728
49187
92751
86288
63340
66183
74510
38369
58872
81114
3489
90505
67553
47350
6519
19467
48056
29638
41539
77406
45674
47815
48740
75156
89239
64566
7838
17921
18337
50754
47828
72393
63049
38918
70227
46104
94875
94459
58708
66991
42140
3858
44647
11924
3036
83558
44730
34332
64733
11864
94694
49751
13204
21852
24325
59524
65940
32918
50933
34353
48477
78266
67592
76795
24483
73183
98091
37874
58039
2018
95564
233
74855
83120
74903
38470
41785
57267
39285
15763
56077
32146
46696
48119
67981
59599
28951
56860
44088
71220
62607
94041
881
64
94095
79422
10876
19370
90085
75930
17351
12632
90659
59386
55381
23445
83751
70192
60762
94335
66657
28955
62850
40370
58901
15662
41838
70149
815
38494
37047
17447
5343
80307
43767
31373
38112
45552
20146
75252
65422
91995
36358
264
63952
52015
50621
99039
93639
29773
39830
72344
59820
70109
56588
27157
13946
24807
82132
35608
51177
81512
43714
706
39300
40422
26223
58747
76784
97066
90246
56296
39986
94699
59968
59479
98743
93923
19777
13235
60559
22864
62416
58995
3038
22581
11383
28934
26080
77940
53233
16827
31089
12452
5399
5483
7124
54773
68185
13351
36685
14248
89481
33784
14032
47876
84306
51756
60511
10091
11732
91798
93084
24509
88752
48054
57693
31696
35653
8959
93186
91177
57381
48738
78123
52341
3978
21163
8208
63702
97855
7480
27726
37913
37598
62944
56293
42688
35044
15252
49447
15014
66097
97887
57109
35760
21717
37940
24386
13395
8339
87179
40002
32876
94979
26522
45266
62495
29462
71336
98964
53256
30097
65943
85381
67228
48656
23748
10136
96830
9632
11811
58379
24227
52534
26820
10981
30362
36516
22829
56683
80585
43302
10525
41971
49100
65121
47196
64513
19992
23051
92944
95324
13208
46498
69481
20959
17210
39952
77957
50968
53399
74411
38566
62962
15087
95807
74955
20683
52668
51938
17587
14846
13512
56405
43744
63641
94750
72352
4539
39348
35309
67456
79448
85552
18930
54380
77384
63207
98798
25362
25876
19418
97989
87371
85746
90531
92258
67455
10144
94166
25524
41058
49318
62152
7468
61333
42601
59191
93622
94396
98384
5244
92092
22782
59228
18768
73379
89877
6962
85538
15745
99843
75894
97162
69512
39352
79371
25205
3526
3153
23595
2860
48585
42314
85634
82008
66612
11065
93303
83352
70639
51862
86624
14322
30838
44421
65120
62834
48300
75350
52153
70338
47590
7988
50215
67112
45068
34047
23308
9305
50084
72129
23791
42459
36656
85861
65658
21826
88516
63732
11299
90397
3604
91532
1873
63110
28712
45839
70547
88796
44352
24582
83032
7896
73882
92966
69440
78130
39906
13461
95613
84368
79485
8820
37118
67886
86543
28743
56170
6199
18774
57043
40745
67486
30163
39954
74285
89544
20335
39386
32208
69635
72188
38019
51142
32451
31699
51281
20566
65266
3282
97941
49642
75283
43558
31661
15008
74017
7828
53226
74058
6327
19180
17157
74252
37835
47187
59330
94047
66286
94702
25403
82878
76648
92152
40844
58855
26526
61275
67465
44072
60333
64099
4872
15628
58403
57431
98548
6035
78945
18292
55480
82483
65434
54273
7113
78476
8941
92525
98682
68691
80246
10585
20100
95749
12839
77071
53293
90394
24125
90586
60799
32815
18053
40148
66485
14745
2163
52598
23423
57995
21439
92345
54094
20806
30757
31669
80371
38281
27848
94710
18273
38983
31040
74776
7727
44320
20091
92858
48305
55798
57074
70561
71301
96020
25858
47044
43262
77458
32383
75607
7946
59141
7282
37326
90338
97827
39811
39366
93643
15200
86944
93874
33481
83378
3260
58771
86632
33475
56212
18153
7027
67335
21660
95473
27373
9335
84730
86660
1585
4443
19496
3437
79299
127
9984
83372
67217
81039
6026
53296
59836
18326
47605
95803
24694
29632
50835
62160
29736
18496
1085
49144
96597
38032
58631
84676
97501
55763
24514
88987
96712
75764
40013
63269
91708
68598
13769
10297
58467
15186
66866
86216
65617
41567
33541
3629
23999
6964
58326
58302
80981
55197
67913
7180
2594
19427
99530
50497
66899
96794
7804
78911
41330
29575
40917
196
66163
13667
46330
31987
26685
74205
4185
44618
60345
20695
38099
68236
21913
25230
35937
45582
15225
84858
92421
16999
49238
91766
16134
99260
34753
9702
91720
95448
68673
52991
83228
54640
37657
26024
86489
51643
76328
82064
37760
35913
38460
83853
67428
4512
72884
24931
14639
62872
8567
88216
22397
65969
18245
40254
25901
42716
6847
52872
52876
94131
35547
48233
48263
53733
11620
70892
53425
56678
8303
79989
35336
22466
13669
48986
14854
74490
99648
36477
91479
5588
37679
37787
87836
91521
8792
85351
93140
85632
32692
22608
97131
36068
84276
75352
41701
42175
57237
89325
97252
78064
46567
60416
17130
34626
98183
18777
31885
84769
77689
12315
35504
8090
47901
78483
69966
42843
58888
30252
20453
75716
4828
27010
14283
65817
25873
16524
59424
58699
90492
77812
46191
98311
62296
32198
393
50622
88193
68975
27906
67277
11767
82951
2688
6150
10484
67721
86557
88362
45746
27288
49078
77975
91863
39053
70949
36442
78488
65086
19300
76488
67041
84461
40602
69642
65766
66421
20548
71770
65044
66193
11914
59481
6298
11860
35289
40816
79408
52772
25209
8330
49673
80416
52813
48812
30784
27647
34334
20280
43006
50179
97453
50426
9852
75448
57137
25540
94438
83847
79349
8439
94950
59169
77974
80387
19164
31565
13527
58581
738
56969
24150
89293
68286
42797
75281
12799
66178
57727
8694
32472
49835
19538
83190
2576
25277
57167
27939
76073
7826
61973
28577
3696
5049
16189
10432
43803
87721
84132
83214
94253
23393
82266
34266
46876
48304
24790
26733
52250
83836
99406
53429
62818
58180
33027
83323
62249
54006
84562
20317
61596
89379
38350
1090
52684
2333
31090
99488
86748
29453
53194
44683
9969
48495
18141
41308
70423
65960
98488
51383
35086
16854
76462
17928
38466
59579
77310
45453
82580
27111
29809
45622
77451
45451
66153
37901
61274
37229
84009
8256
76845
17063
2088
2955
10792
42294
80528
17681
53987
5062
17934
57890
79876
81881
97309
47220
12037
55598
17745
11576
73385
65196
1336
86535
96979
93045
85147
53837
9300
76600
87026
17089
92532
80180
26960
79798
23077
41920
22481
55461
23223
91324
85805
92164
17523
10130
97970
49341
94645
96634
77686
18852
49002
43403
20088
86935
86376
81017
60918
10531
59497
48127
77245
5993
41635
79283
92492
63978
33782
40389
87964
28856
17526
2288
22371
85441
50110
1116
69443
2234
7833
79351
24877
82128
98
948
73692
11885
82296
49103
54606
11250
82752
42381
26255
96742
59119
42139
12881
59723
57070
22245
65308
74063
62312
63085
95623
88335
50047
81815
92564
32966
58511
9439
81219
76642
40072
91066
31913
90452
519
21246
42674
15703
84008
37213
28357
8289
74888
59053
20006
73131
16778
35796
1849
83199
87606
83023
55543
98632
78682
43248
48819
59574
90177
64380
14833
38425
40443
38281
69281
25883
24001
80630
17116
55427
30777
58456
51845
22387
38659
38855
53262
446
62344
45518
31645
91865
22966
12791
66647
57955
73216
67804
26105
96607
33014
64581
23009
11780
60338
47662
43129
54467
56920
77670
82505
68105
85631
1477
73437
10541
86157
38914
24448
98857
50455
44019
91718
66201
87679
90741
56489
36864
96538
40246
68554
94463
59762
65897
85021
41154
80385
50874
75355
6734
7848
99232
30448
41916
93205
92103
70230
12019
96164
53329
59694
5295
83767
38259
12317
34880
55008
17232
37659
52958
63621
73764
70735
42968
569
45078
39011
66236
10961
44905
57500
18659
74639
89255
23324
33009
19538
91577
99166
70324
81933
47236
81878
98685
42796
51574
30728
21605
71569
7757
29578
42412
79264
34003
47611
29993
89559
11090
14655
70804
98374
11690
16103
34838
2233
15890
2335
76319
52641
25168
33877
30864
21179
40826
10112
37060
48594
26859
69855
96031
37003
79979
80232
107
839
29232
32047
57530
85671
73812
65686
77784
51800
99731
74055
40548
508
26731
77597
87137
328
64770
39684
50041
54463
42338
70495
37365
88487
71497
73033
16370
74021
77201
37992
87045
6882
75145
74128
54576
54911
79475
6046
470
13785
5247
81695
71829
31357
41447
57454
37507
49395
42133
49291
11872
2059
62483
89973
89849
16280
42491
14818
50247
39439
48896
21829
93242
8200
94893
63617
21324
70842
12687
23529
2268
40740
72299
80594
84030
39484
77411
63481
74376
8298
5262
73738
47361
3789
4289
72704
7260
61192
82996
5006
60871
25346
29237
819
95563
83261
82511
76974
81941
61720
94559
8013
92996
90763
56145
89623
89783
96710
7172
78293
27954
83181
86759
92738
7446
11713
42890
79153
14060
48838
93417
29842
50068
93634
42924
89730
97710
66534
73333
71909
64865
69688
96350
86092
2561
56675
23407
44661
93582
55485
98583
60633
44872
11045
59906
55404
23799
9572
87165
27331
72632
65760
64812
46744
66352
67777
56736
87541
14846
57314
39099
5734
50508
11792
55721
60356
23250
65040
42962
87039
44234
63875
17105
47650
51530
11894
31297
27334
62059
72996
14640
34874
15688
5956
40026
35057
42316
83577
80613
25487
11715
18110
52677
3786
50320
82395
84728
26789
1552
3780
82480
59998
54678
74120
38479
4109
61065
82257
61443
98170
80421
27291
38375
47736
67435
86051
65613
66369
26060
30484
13312
90411
68000
60499
13468
58501
7732
94674
52941
9060
27394
52210
26261
36251
8120
42018
88418
38334
40773
68976
91645
23143
65927
24085
80708
26638
64089
5239
7222
75860
994
44582
59338
6022
89671
52855
97911
49495
48486
5514
46219
10962
90471
81921
88727
69507
79652
89817
7808
59456
22439
42234
13771
72491
64488
97681
75963
83475
36563
21408
53715
6865
73156
66396
82460
96797
42432
86292
93062
19032
77276
67474
49871
64907
86586
16003
63849
76849
65007
10894
68277
63036
42789
14843
43241
36841
791
75510
29744
29400
5646
73126
70853
62443
29604
86452
82218
72528
36942
51326
1699
77497
10240
19830
29286
7136
1495
61862
5557
82170
87715
31504
12973
23300
1656
55977
73628
42904
89434
61695
87522
56358
83828
57495
39539
16077
2559
75752
60081
9791
11229
69666
78965
28171
91798
37518
49588
32687
98549
98101
3790
34042
42284
65906
43612
72873
93042
9716
91619
74455
79580
819
39751
56258
5072
89909
31513
26488
70576
65545
90381
69924
47666
77755
97425
36451
45576
16223
40059
42245
95629
71212
59
50772
57566
78506
86780
89533
76724
71377
85167
25541
82917
93660
61077
47693
54091
35566
20028
67733
7623
39858
52259
15662
14139
53467
33972
72951
28542
16920
57072
32839
90813
84716
94489
43504
30049
55974
15374
11444
84464
26620
33958
29976
78767
8828
64262
16220
850
4623
86403
69205
57303
24929
4485
96196
8539
40608
16652
89896
33026
74577
67938
46034
4777
83029
43035
26485
92738
64776
96079
17732
12255
65550
90522
25076
3362
53516
35127
35578
30313
14693
63446
45254
30011
31015
31693
65041
13676
43904
3866
68517
71819
82378
52441
37847
89454
28350
39758
70428
11309
83781
838
10022
85904
66491
11460
14435
11760
48785
85518
58684
7282
84695
77119
56840
68677
56571
31325
14863
61845
51943
10908
19902
68664
2874
41047
71047
1371
42959
1318
73086
77572
82775
58779
18739
16648
68916
14906
52004
10114
97270
53592
62367
57672
3332
64146
32932
46253
81292
54372
50748
94120
48534
39077
52505
56572
93380
91355
11228
35692
16516
59281
26393
61616
58233
36132
26223
3974
56886
12055
82232
69578
3289
35355
57624
88546
56014
18596
74405
93426
8806
51221
31269
45289
19691
81721
74121
79791
82392
83155
12353
91414
7428
93808
55837
31949
26586
28557
16868
36999
18524
56249
5494
81435
96385
11008
83935
36359
2249
71419
50062
95524
58689
16487
25749
69981
65299
60776
22274
65574
82234
17075
77656
46195
43256
70510
22137
14699
85729
80531
55236
42275
74336
13899
11357
78103
43956
73202
78499
95259
23448
98459
25925
32257
46953
27623
38147
26664
72030
31529
97924
51698
85447
61083
79570
62064
11453
83848
54365
57499
16005
3584
20066
29450
68831
96793
80062
56940
6148
66893
52384
76185
53100
66470
11874
77105
1509
56659
76613
71671
93136
98683
89501
89002
45738
40414
97138
9246
74839
25550
80452
3017
97001
21184
14703
84359
11418
20425
955
41471
73524
79089
71388
63394
80174
80853
51677
55550
80691
85683
63326
84867
86842
73067
59920
35430
54893
23138
7843
2458
93189
29242
82735
18641
94308
97020
68835
53179
31128
6471
23247
94498
37159
91562
8482
17125
38949
53949
68215
82223
27393
21638
22837
45694
50918
94822
74634
69571
40962
64641
89849
46439
64880
92370
26776
11881
68098
54406
21835
96412
56712
29205
21137
24614
52425
38105
69232
20301
29941
21603
60815
91087
8015
95711
10318
4547
44484
36317
94290
33405
31099
18910
54175
47408
47238
38409
40880
36522
60431
60049
83914
58388
28272
34347
82841
96591
25201
12998
44248
28747
86940
82247
77273
149
20730
57058
64388
3100
69787
86357
76595
43568
98729
25621
32879
50110
68657
55602
4614
58940
98031
81186
14663
89192
78543
91409
85777
46175
92119
35141
59384
20052
24380
29689
3454
37643
53209
74656
31464
2372
39650
2632
18761
74705
82317
20374
57286
66546
62126
55713
13038
93907
51848
21197
89237
77202
53607
95193
89704
52953
94373
3361
75920
33169
1163
35444
38474
74252
31102
44833
3350
32500
22598
72466
64635
67849
41620
92831
14167
70314
75020
72837
35521
67435
95227
61586
2009
59997
64755
57977
9803
88808
67107
25499
42944
44255
50527
54096
50697
41896
75079
83774
45747
33176
49529
67590
61421
90545
66118
10319
34313
44825
53965
49856
41522
38404
97492
39637
73089
27352
26964
28723
14296
78911
35254
66784
76691
25628
72028
95998
69474
36849
47188
72720
82658
27912
15567
17744
87275
81796
19768
65623
84706
26671
75917
45650
93407
5122
32912
62928
28415
96196
24545
91753
32318
39297
80681
37461
64955
79071
9492
44568
97134
56959
20990
84608
73200
50447
35170
18127
25364
61282
32871
66436
32602
9416
22988
14989
5320
13995
602
15397
10305
91181
40470
79977
45427
1160
34182
5085
4082
76776
51614
25189
42021
5594
93283
51286
71790
40352
92344
98906
62027
82299
54311
23338
48316
32850
60579
30454
19415
22261
47746
85192
1454
33908
24910
5197
63105
98525
17193
1027
5865
96383
35231
75798
57182
48086
81410
20526
36063
33653
36588
48947
11371
39736
98821
41970
73552
45121
63347
98195
13336
71107
82240
90692
7210
65041
95179
62693
35649
55539
46384
70773
98519
56514
38067
21916
68426
53068
41639
8312
33780
71968
48140
61794
67434
61407
18596
87031
47016
13029
94307
34113
96556
21204
20837
83089
69679
13431
82557
18505
43803
76699
11500
48687
22737
3872
32545
83911
25323
99732
98653
24881
86656
17993
86681
34345
72950
90716
28768
93993
32244
35144
17605
86244
15340
84761
89965
37711
15669
40745
45191
4904
63419
69640
62094
77724
20037
96658
28242
150
25015
69662
81053
30415
69619
40050
89691
43002
37283
48923
48984
74552
48024
70106
70405
3976
85327
88620
30033
67848
89338
89072
73442
47226
88023
84242
67620
69158
76986
22509
75313
2109
39640
60060
18803
71437
91671
58700
25307
85701
2390
38050
8434
35568
68651
56214
64604
79912
3007
60797
24421
16440
46614
98753
79827
8795
69106
35326
97355
67546
21894
92820
76051
82578
10170
87590
65128
55435
45016
1650
52317
93671
1687
11772
55191
71834
49199
71108
99172
72019
25968
6991
18877
57082
11619
73069
20710
87601
62461
98022
46750
91931
12286
37856
96391
75506
6661
80655
95944
54787
6195
43800
30266
62300
60203
53267
56043
80472
21748
68282
45698
58074
30444
94001
22564
71266
26398
19518
2744
98724
92401
43369
30738
14473
20207
27158
66516
3258
35279
69553
76438
32765
91409
57554
61633
16685
15487
64703
3788
41676
8016
34590
19168
25269
81495
21561
23843
12033
5953
82271
98253
40667
49744
31849
97709
18414
22575
60505
82963
33165
24788
10879
36451
3701
11334
28876
74627
51655
37569
30415
44085
5181
44346
53505
27932
17665
35159
67812
21132
30695
90308
20385
48335
33862
43282
17079
16705
9013
75963
81626
38515
44639
89255
27067
43646
24848
94891
8430
28628
54882
88732
8646
73612
93309
46623
40467
36439
55204
81197
31849
13565
19461
1826
78759
40428
11603
44958
33283
52542
73393
59006
53923
7118
44889
42967
99985
78320
97086
51064
27016
9643
82396
1156
33533
339
9562
95778
84597
64719
64874
75220
10173
60195
3932
47792
32546
73391
36751
37219
13493
54378
31139
45439
3051
24765
45348
84004
11672
69486
55257
52452
78800
78787
97887
82615
21407
67604
69780
51106
47527
33705
32931
4421
40808
69082
8572
96866
70999
9850
46752
8004
51923
93718
31649
6704
73059
38974
80104
31592
92552
97701
85073
18988
47616
7996
30296
23912
59337
23478
12044
20291
68228
73172
2
42715
3354
42849
74837
88142
61130
76578
57188
75836
87266
91873
25472
60453
91263
81198
40338
1768
33442
66921
4848
25959
76211
6412
91383
46766
55051
9299
29392
74873
95245
82746
34695
81657
49042
94955
20221
85385
79781
87364
14172
68045
60342
48490
84884
29632
26716
39991
30994
59434
83688
18989
97952
91482
46954
53323
73287
53232
83751
30844
81080
64276
58066
16939
34875
44933
10402
41577
63336
17983
74896
22046
84731
57670
12492
89937
56435
12723
95402
65497
20449
48327
51165
12757
33216
88392
39675
15488
23096
63675
51517
22673
64381
27810
51512
22872
19635
57076
70758
11510
39409
57525
41204
41956
5621
61252
69313
37785
62579
38619
98845
80175
96298
84515
49197
66816
82882
29961
76856
64461
54954
21431
69906
56874
24364
9237
68128
82028
744
18839
29441
90563
20670
24837
20668
78982
83753
50200
22996
6106
54317
53424
13247
77552
77387
60799
80100
90926
46450
16365
84595
75155
6013
24090
68819
27113
57006
73937
22287
5585
10632
56136
27378
23458
41060
98507
84327
28018
27072
65730
87326
54443
33773
35429
12987
92546
65262
60392
37451
33997
28319
49548
45846
9792
25427
40439
72147
25213
79121
52547
80899
30222
7194
8689
5186
93438
95696
46823
21547
24795
22176
87905
18950
63707
31907
87556
15969
94195
45680
59100
94753
45627
41922
24336
97074
85079
1192
29665
74254
78015
20559
20292
34942
13935
24219
96746
91493
48403
42212
67868
95659
83386
17805
76208
54072
65020
53014
54138
71233
67269
94828
57874
51244
13945
38537
75901
8911
13939
92386
87636
78868
54590
19747
90987
83435
26942
17317
48256
95676
10347
65898
19785
9335
94389
36046
74101
97983
10977
79061
59205
12998
83342
904
21533
65030
81129
42917
60479
13354
23282
48348
79929
45748
31023
18533
16725
93293
19095
5982
91330
2667
59251
91845
90712
62394
15805
73428
53142
87758
27934
27693
18307
55992
85262
51479
4269
36429
27505
15517
79638
74135
45078
3724
40814
57005
33473
83055
24130
98346
34980
54639
20677
31958
12907
58259
37827
48946
3110
46680
96037
65245
80252
2704
89363
18955
77423
85166
10580
35241
12839
81125
79711
8030
38063
43428
13542
85261
2405
43035
67311
82517
45433
51899
57694
84809
57446
21912
51123
73501
4729
3515
37279
85089
39805
3103
58017
3493
91805
4444
63635
58392
14329
68500
9655
95065
36070
28690
55608
52912
14817
45418
66702
61610
69057
21415
87863
1965
60279
47767
24280
61429
79498
83032
27265
95776
45163
36409
4780
78084
34088
42555
29363
16496
95489
3796
87813
70980
22138
82863
29669
92595
90386
81601
53725
31222
63909
2601
63937
90128
53266
99816
54478
55218
8531
25918
31507
61030
54594
19967
82312
65438
78465
62802
65764
52489
58176
84756
13537
45658
43562
54669
46301
80777
59729
17349
81788
11217
78503
8916
47220
61603
28762
71991
75938
75039
61867
93704
14098
57752
42351
62625
53479
589
27391
40709
47593
86878
70188
8021
107
19537
68888
31785
75575
33621
47165
16677
36231
96464
33892
20381
59913
57077
87204
65566
22983
91070
99009
79465
83120
43522
60310
18671
78300
61130
27687
76360
92047
67806
60228
22847
93199
47661
99166
52242
84839
97435
20636
43435
17745
44506
2826
73260
27250
80190
31972
27219
39107
12239
22408
9622
25932
91275
17290
92714
57025
81312
16394
42902
74884
86213
47762
50531
10606
97920
97369
51299
62932
69730
48230
48807
93062
98119
61365
81183
31613
4983
2454
31198
15273
35234
6318
35113
42830
56432
58605
40098
77892
51645
1943
76728
13477
2184
12460
38574
23337
93484
93312
65517
58821
45360
76018
80195
90017
23507
66973
7926
90375
90611
99044
79854
13346
65464
65648
59229
88977
67009
71021
36143
65925
97592
73688
48862
37680
29762
17840
1839
89620
53361
54501
58468
46531
87580
2455
65946
88595
64493
51905
28061
35611
77768
51840
44177
7076
93502
51541
51677
8731
31263
23104
76163
44788
61319
6654
25973
46193
63313
34079
20657
79187
61496
5011
47505
62084
13048
7823
14612
67419
25734
97721
68984
55052
38576
98475
37606
91066
29716
22505
25661
2412
48739
19570
65647
91896
75429
48302
4061
92737
30570
94997
34103
61245
21257
21891
62451
71296
59284
31048
63248
75529
15296
17681
61608
36500
19998
61066
19439
93573
76445
30640
88533
58056
78023
39302
31748
50026
73511
15308
54628
87106
8409
3103
59530
24894
56114
9814
77604
99651
49250
23099
78495
750
93562
36972
68337
79688
74481
66492
15540
96736
43040
48435
60907
74919
99426
43148
92954
46974
56088
28656
31500
36476
55175
944
79509
9774
43947
95956
60057
64904
31013
18437
62368
50403
37635
66506
67580
34304
51525
25270
17749
30328
66731
73668
11262
18032
62856
2071
95476
4721
22960
49451
40201
26924
47563
5033
11579
96234
34916
8245
83826
24000
3960
83336
76166
23363
1238
49741
23902
8923
90566
85706
67832
64384
34342
22588
10681
62362
94257
65220
5547
37044
48035
56101
34987
44080
33693
27270
77431
58543
59445
90696
54952
43062
48013
1157
34673
46592
68434
52394
28021
51411
68434
33515
40005
21149
2274
4607
71560
38283
72280
5955
69052
52623
14889
59361
28059
18643
13006
59318
4960
6110
27748
21212
97218
12167
13833
63399
1570
93870
26216
46088
34987
72153
20874
17810
48475
94794
14245
25222
64533
32610
69126
61152
74850
17910
44789
1378
13131
97674
82009
75736
81585
20138
41459
17542
16547
36000
44479
43344
6933
96513
38598
40922
46649
83594
23824
23417
75243
80809
7153
2921
9652
78298
75011
72194
22512
61328
53489
60049
75512
55695
64924
4676
31799
45010
53512
12049
2315
94371
64192
59071
22395
78637
5407
72389
13836
34208
25192
46660
67801
14164
65793
4110
49029
95413
80613
13654
39815
91245
26682
64562
26285
85106
29798
35513
44329
88684
1773
36161
63925
79236
63538
82149
55038
77886
48544
64133
25600
80426
12784
9122
12831
87145
71386
78650
13898
53960
25392
55442
25755
86020
62846
69647
8301
69204
89155
50838
85095
98833
52309
8610
15851
70242
77073
60099
81154
34246
79197
21975
65148
60423
84460
14696
23634
44158
69141
38263
56186
24684
37480
76988
59646
66253
66016
80603
20331
22852
37942
67550
57821
48918
47955
37259
61283
2962
17431
3102
48862
30831
5463
86054
40548
25849
60073
38989
20292
57489
52088
45941
5336
31847
79117
6568
11607
76128
43764
86232
4446
57339
94586
16478
52349
91777
22868
66019
85651
52011
87049
79594
83555
79661
51804
14554
20427
3441
18367
58051
34106
27275
90015
26762
53247
33323
23233
38948
9911
59313
76450
62891
3612
37905
16556
24206
67713
96162
20834
74803
2831
62747
70380
47641
51648
14723
8550
55045
7015
11578
66074
47739
24467
19944
89004
90599
53228
10795
54992
59763
63463
6435
54403
21964
28912
78079
40239
16891
36198
1117
9456
29323
75772
17773
87518
70053
778
7157
29780
1076
68114
45245
27850
52694
14260
80582
33144
39496
26279
93973
41112
82704
52931
89332
60982
18768
13809
24581
15295
72093
85173
32671
41074
74949
23742
91027
66105
70164
56720
61733
83723
51672
67217
6056
49101
99276
6301
36220
21010
60141
22115
88781
77172
98
28764
12326
5141
73935
31898
52853
42806
17125
8002
62126
48329
58179
24945
23995
67824
50585
85149
43914
32014
7980
16277
93940
80714
22645
34306
68550
83695
38133
67094
89160
25533
22020
77786
31959
93030
85821
65445
85430
52589
96262
49912
49240
58317
99753
6847
57182
41250
34115
51351
78851
59993
94268
58488
1281
49474
47285
16587
67822
58992
41585
87400
70599
33196
35876
15843
86299
80352
99154
66769
57423
86039
55122
38442
86054
41399
64180
23214
70119
38692
21223
54877
27369
54918
52519
36747
21484
65305
36026
40676
46756
37375
69409
29346
18396
24282
54628
32848
48328
32860
85576
64906
31795
96024
65056
63303
83276
79252
92032
18294
11936
34844
6061
27334
13392
64833
98681
86226
75294
32341
60659
79365
82370
44531
3139
92397
87950
31418
17338
58728
50345
84860
91369
62208
24056
47566
78713
6532
95148
20925
99542
55465
58012
25439
36601
47279
50838
54794
814
7727
83653
94502
65415
81328
25554
38522
83678
3051
62164
71506
60540
3963
37894
36000
17990
96704
57089
35635
45434
40786
75357
84906
75204
23195
80702
55777
17981
20403
89930
44794
25877
85890
47948
59549
18901
51970
43055
24835
1576
81696
607
20419
5599
49143
86199
19562
76847
88475
11289
72124
12863
38883
43262
81996
76115
83734
75741
47526
92118
28611
70568
41754
93513
76588
50123
63103
88107
64346
71474
29185
56614
94409
34006
41666
44931
14458
91184
28386
50940
33378
88655
43627
4364
45285
83483
81964
87586
97351
24766
55247
35552
41033
18632
78306
81815
82033
55457
28561
6444
73467
8738
80604
43220
46809
85247
28775
43082
37784
33090
84885
24872
21763
92609
70417
1359
46465
93405
92386
80236
30722
30929
33982
82178
44245
37686
11867
68220
54362
68407
44235
68217
42963
29494
79238
83265
12515
13355
25744
50440
78639
18738
61415
10948
28518
59923
83749
99555
33494
69327
7227
37965
66146
78108
55458
33065
6993
25326
55425
16582
94436
33039
54601
73864
49941
42222
779
7427
48684
72356
62238
28
59541
14529
91660
96363
73605
38968
81911
91660
58134
5591
20228
98200
50615
65160
89077
61834
93680
98363
18970
1859
41037
65072
7572
3749
23411
23070
63109
4969
72511
1477
74161
53191
68366
33668
22258
62101
19213
37729
97748
16572
46051
43774
54165
19360
2570
36773
68835
40133
91686
68460
44946
86739
93146
26472
79316
79584
19721
37448
7897
84769
7107
9989
13755
11696
90980
79234
70391
13242
18896
16809
943
46388
25867
90876
54147
36132
54415
36319
51993
46453
38024
76217
97150
48212
50222
8941
78632
30934
74141
99929
9858
24778
30947
31570
63528
7228
65353
47564
43514
62375
28136
18109
19166
63398
76611
59242
46956
64733
64985
15900
51250
43418
88739
64902
59588
37202
8630
51713
21617
42530
48966
62447
43049
24997
26431
92968
87659
30195
76270
35959
3067
74516
88608
36691
1693
15752
37054
81272
58650
98366
42764
71038
15467
89121
33372
35976
84478
38101
6212
25623
3699
2801
48595
84541
30814
94297
326
2435
58180
66650
4052
20780
81864
79717
78906
33146
79569
41247
96013
82872
81695
70540
43851
32568
68479
95594
99171
44100
21641
64898
87452
93731
82933
96177
89721
18543
50407
3215
94312
47313
46338
57237
64936
9795
15686
96434
37800
96861
8240
20347
67445
70881
88485
25483
5633
67399
76719
57246
3663
31306
46754
60977
72589
3254
12182
1361
40486
37842
80925
57426
26844
75059
15112
96037
2175
7636
90839
46771
18133
58601
73041
15388
52334
20802
49302
71988
7148
9996
612
13056
58763
7930
96735
58063
6670
99651
2963
92601
96473
51826
44586
14727
13382
27862
20256
5036
3700
68747
82948
70910
19498
77358
75150
57112
13913
79046
29276
48422
95579
49487
75138
21766
33763
27029
79832
55043
74788
71281
78444
37098
76127
88920
28116
92811
44953
88592
62601
14205
93250
76207
1632
60051
460
52806
56537
33545
59785
81055
26916
70037
7330
64605
98623
18886
66334
85323
99807
81884
70015
20981
83059
12878
43248
77840
15147
24000
14891
44677
55725
8647
93946
66642
54080
79155
65340
24658
22833
58739
43893
96229
50089
67519
63368
60979
89856
82601
31548
68630
10610
78664
10146
35065
24956
44488
54893
98400
91243
11022
93762
28682
59298
44891
87450
9763
9239
6756
56567
96900
86028
8887
72061
95115
33825
17719
45743
30838
71901
27728
1414
55198
75285
41819
98284
29361
85835
99782
4705
4507
63031
53492
62670
70068
99281
56586
1800
97572
91990
34704
86664
9854
28219
36705
78603
34245
18715
83843
73687
59065
45240
87352
23375
6274
54298
12993
34498
54554
86292
66875
26481
50946
12599
97454
64765
4294
3936
917
11577
66854
11153
85506
95526
12356
85791
31645
17637
49638
2619
37716
54046
14603
41931
94714
56778
16727
5713
98949
11099
11519
10381
45714
49627
96205
1970
14764
30802
37684
65801
2122
23710
48246
68933
80329
95362
99363
96253
11399
9746
51900
68490
3869
38152
75825
50673
27444
95694
80234
63417
96656
40297
2119
57599
84149
40483
86623
1542
38385
79272
4976
24497
99272
21651
15339
28332
90580
88216
87826
13452
41971
68378
39203
2612
69579
58216
93322
17232
98790
59005
64507
40426
4454
74972
37639
95822
44333
22496
82543
82686
69602
99360
80353
22851
64197
11351
80575
79539
6837
21285
83493
75927
76457
32116
23006
68763
96486
71427
43971
65414
80394
36679
51140
12417
80314
4908
61178
47268
9085
61241
56350
54283
19654
97857
69206
6513
65453
19939
75186
66583
80602
85002
93808
14087
818
32751
69306
23568
3405
2322
15521
82077
83598
39069
99163
27348
20832
86156
43154
77387
14445
48170
45514
40959
31881
72073
4680
10731
56962
64405
66601
53106
29190
77292
61932
65603
93488
34907
27509
69498
51491
46291
88427
95038
37641
59210
58803
10406
27568
95158
21870
39857
93966
2834
53050
47523
93385
92139
58718
25490
6309
90494
53821
87438
20952
78012
95175
56590
48208
43313
2161
97341
40316
27779
25812
29914
7890
62434
98665
51940
27327
64330
21375
24124
71454
98011
71250
47418
6563
86737
69556
69499
43662
37172
24716
91429
98876
85491
53907
49384
80541
23609
1628
83651
43918
99395
75410
26829
23096
75644
60361
59394
66157
74381
93104
12513
96007
28718
70286
20944
53522
47594
23842
42344
57906
9547
59073
26329
57371
22219
72961
23160
91812
2169
93902
70984
26191
80821
43233
24235
85206
52683
4440
38459
25490
22699
51543
976
28704
54122
22761
39650
71243
31825
94863
31620
27472
42965
45799
57237
80656
23123
23253
2699
8173
97744
87417
79709
75040
70897
32147
68319
37314
53164
52711
73896
50834
54855
98435
32340
90571
43664
7356
2318
32127
10116
11212
90331
64835
44605
41114
98537
61527
4884
59259
93020
87189
49079
77260
50014
41806
62087
84677
97117
15939
84783
22622
69148
69533
11852
66508
78382
70868
64903
81217
36788
85473
69806
77375
78269
63999
18630
28051
14986
41401
44281
96297
35790
18311
21491
23691
19336
93464
33993
76678
59125
47077
70284
92306
552
58407
89561
87567
73417
71841
61218
63422
54042
75270
88773
36105
69739
62568
78007
13179
5560
39668
69564
77280
15030
90868
57979
20879
162
31765
13808
70261
10851
41229
80733
92727
35141
6316
99478
38456
48334
79191
46605
37694
33203
97588
24512
54546
70471
9073
95447
66912
81595
7886
18713
16241
30272
80365
68325
81861
57059
24775
39804
92695
38782
14918
37259
2581
50744
33184
13722
60670
58891
28217
67820
27986
25439
26509
49901
74960
52343
69130
57361
54012
95792
13422
43294
19953
72913
98652
47970
19406
56691
88716
91585
85412
45475
97743
17386
91285
88195
80538
69078
31213
20559
28508
87244
93046
16662
10099
25763
77621
27157
62766
49463
64794
68932
34928
41063
66743
48695
66556
29815
27419
99005
74385
52389
33363
16422
29442
25221
73898
64527
49570
11309
82164
38537
23773
50225
26824
74876
30864
72975
67301
64779
30053
5002
21111
93126
84209
69437
70129
61190
96431
57952
13612
77242
12261
1418
54055
73537
11470
13035
27286
45886
72192
64123
35880
80548
40958
3234
23469
59200
82291
32226
91655
30585
10961
71578
92647
78104
2584
79463
29386
20079
88599
46001
75356
75881
13587
28645
35821
24554
36402
91473
12553
31782
6626
84154
35833
50895
95295
67512
65978
18839
66028
63019
81036
48962
91704
72718
84195
83027
87415
50488
64389
38229
32167
58745
47317
8442
91031
21500
6330
21386
82867
96336
36402
68717
19062
19760
35096
19055
44975
25943
52765
46208
11347
71529
1312
30910
67059
41365
82582
8081
13280
23152
99198
60946
58042
11436
87751
16903
5342
49727
34704
49376
28227
92907
87695
12531
81094
94823
73074
74895
19831
14455
88742
23539
69147
6004
67943
99922
29467
12655
72787
10150
72372
3533
79920
53935
96798
92336
35384
98442
76496
34606
92953
82206
71071
28349
37782
44469
47396
49293
85403
85851
86029
63238
9437
90383
75274
33559
16318
33869
22090
97426
45566
76242
10427
45831
66722
59673
57226
52531
32315
96056
43
34945
11084
41585
42774
64355
39956
39682
96149
69327
42206
36812
4181
85963
14508
92045
18051
27234
20753
45593
85170
13582
14398
77399
93682
19889
8810
52496
34308
74401
99720
59618
66185
4647
68673
61760
61446
46849
48839
86407
41044
49860
40164
45988
46017
86410
75969
42189
7591
75955
87946
59825
5544
98392
89595
53368
89196
15701
32688
18558
92285
97200
68018
59232
24153
40495
94909
36889
44070
27683
28605
62951
4305
52358
50063
63550
51865
69284
85950
97637
45202
13671
30759
94825
88526
7201
39186
8600
9638
88735
3181
48189
96698
84217
62460
14236
36636
37150
16431
30949
16079
6430
30164
35190
49962
42857
25017
72145
55016
16836
43659
47232
6820
96730
399
56806
29053
60055
73874
23264
91393
11382
12021
62816
42470
65162
29322
29279
3339
67935
18831
76831
68889
53330
38911
28480
68775
88794
70590
12588
1720
54235
1943
93943
37715
62373
84697
20936
91671
24639
67688
80436
49059
34827
14268
18152
50313
60208
84511
87311
88666
51947
62808
20168
72658
80910
15962
67616
45661
83619
36904
35721
90545
67523
88629
70835
132
37297
51067
57451
48512
73984
2235
39654
25223
73197
5387
23136
10602
98019
14053
93958
43682
86343
34450
98601
54190
97099
24384
50423
17682
26384
33415
7269
10936
19351
38986
98415
8023
22681
5283
47620
90285
30184
35885
13761
61703
5221
11571
24061
49960
47886
44931
46486
66016
43194
6255
47132
6154
48960
41097
43222
95454
32109
73749
96830
63979
81171
94701
77060
92680
19146
30938
76622
76689
71017
52894
60898
79627
18733
51812
54155
54215
61
51523
27780
87900
39206
17243
14076
34414
51668
80043
1303
92520
64093
32511
18047
27262
10941
97559
95010
96002
47515
35526
37076
91869
97416
19102
33535
35014
3902
16191
29814
70404
92819
5227
81790
95885
22519
50837
56224
90680
89194
65368
74098
50200
38745
78397
35475
1008
54021
92477
85020
78628
62879
47681
93871
52934
66894
91583
65207
19702
86079
87404
18246
63061
7624
86609
5938
71789
59740
41540
19106
16728
5538
23969
23333
98951
49691
47093
25163
31657
51652
40295
18961
94179
56660
26022
46436
82090
8294
40159
60849
43460
65463
92863
60433
43532
85190
85034
88563
10742
43151
62218
96370
73674
48039
88894
30627
91836
68014
38964
50140
31606
18378
68980
96031
27237
9988
21587
52476
41372
81032
20402
93038
16088
53187
46525
1722
22116
88151
30706
51190
51669
8151
4026
73178
44622
66306
57202
5791
96650
15939
54988
85609
78149
80381
81505
18618
13894
3935
79978
69499
82403
24846
87569
76674
2949
67825
93420
28859
59388
98657
21380
19572
18565
71520
88818
29155
22150
64008
38245
91638
67779
37661
16498
59041
33697
83026
54615
40359
47583
99071
5133
45962
11467
6086
64064
78620
99709
52985
96443
75075
92847
29325
57072
57650
17063
30963
38172
28440
72876
7838
39211
79503
32072
35318
22576
93746
43235
46703
32962
65894
64446
21833
54073
55345
86437
58744
1294
59155
79516
33838
30333
4799
34086
40181
15625
40179
59892
45401
30029
71631
51766
46057
93050
44189
94245
42198
65905
80774
73876
24233
20470
40273
89973
58002
54050
17762
53171
20844
68829
44626
29264
26764
52001
31319
76648
24616
50386
37479
51346
3865
86380
13592
61072
7437
55669
58732
3075
16677
91913
80946
74775
86626
48332
58844
4421
75266
19245
2139
4633
58060
20251
84571
3297
29970
67396
54881
72836
48002
94520
12003
11584
48610
98815
91325
16432
67516
25607
24378
6256
16905
36413
93005
1621
95817
18606
82975
40770
27405
11721
8736
42048
64323
2098
7733
90138
21128
79130
58224
18684
46893
46121
73602
658
20894
65906
25097
64401
82830
17989
42350
30799
93369
53059
54174
32907
83686
26467
3804
25373
26867
33571
2062
17381
21521
72404
6951
87625
73592
33540
19139
72445
75526
66896
21289
60442
82887
70073
12643
40390
77218
64459
81422
70108
51969
12992
36374
93371
31125
16249
95412
44378
17758
83808
41586
29642
24764
36350
16208
86682
74038
23028
88770
9161
95531
59943
28406
19595
56498
97361
74872
13532
15523
36787
69914
33267
37437
74264
88662
42797
70292
44503
6392
24689
92490
69672
81543
2863
16236
57445
69673
24622
99073
34283
88528
71491
42761
25653
69646
90545
14760
31627
92741
80321
87517
88112
21337
55250
30496
85778
40011
68537
19250
5590
43699
44165
82303
63723
37399
46701
34226
66744
19628
67078
55635
61624
41705
72755
59271
94486
24714
78496
84158
82191
24188
53672
52100
77023
37955
67793
46844
5086
9066
51684
7392
59134
91978
52574
8141
77032
7983
68317
452
9649
70298
29631
93879
84339
87874
8153
46836
20098
46181
53368
89343
81996
54645
17969
43770
58818
50221
6790
98295
26722
15106
60223
97274
55757
84728
81842
12030
65541
17924
84850
17406
85998
95939
9160
25984
73529
49249
12813
15564
43881
70163
95994
16654
79987
79767
94334
67739
71882
94605
90355
5000
38191
82278
825
69537
32525
1841
5121
41100
54605
66211
69500
70119
75265
22987
15768
27910
9694
39875
23231
15574
79599
69783
90638
43724
97283
30091
68435
52639
89675
35506
12419
53183
68310
21205
94011
13147
45611
21047
19864
33216
96461
64625
49224
85776
80641
61523
31823
25010
78404
31628
58664
61848
8562
93919
34514
19908
28912
27279
77716
2512
69975
91046
97150
72877
11225
85771
8095
5872
76834
70517
41728
85787
56015
78958
60178
71030
65507
81908
92339
24489
35660
18445
66916
45894
26914
81515
93038
51232
37611
55202
71372
1761
3196
67964
4345
22126
5102
27319
14994
53514
65409
75162
60886
85809
41627
59507
3018
66909
57924
2883
58052
99706
10531
12877
68977
3965
3859
25973
77077
64903
64414
57853
6164
25645
21472
73760
3512
47450
21222
16231
94965
4679
25022
74659
94284
60186
93451
82870
26871
15890
5970
36816
22295
67417
43419
24300
7466
6641
58346
85751
8613
71728
22261
98329
89454
30569
7882
57470
10430
17526
63506
12332
493
22762
33542
69194
90707
73939
11143
78506
3781
70703
26847
16431
59390
59372
90163
16793
66899
75378
41440
15577
23329
13265
74541
33506
90226
12541
30476
16679
78586
84644
56962
86137
18707
51176
61528
39439
17577
56648
74390
57756
552
43380
59438
76392
3092
72242
98108
25331
53829
37739
43017
10737
32858
61502
59639
67274
81011
31907
66164
33798
46754
32617
34962
5239
42819
75600
18437
86482
5517
84097
12049
42357
21945
69513
74322
5489
28809
62142
98426
78839
75426
15579
48909
44285
17731
66476
26158
90180
92576
69697
53127
12942
79211
38100
56589
14638
18251
69805
92406
34258
73213
72570
26277
15494
34641
71533
30984
78361
67687
82256
90260
95389
49460
55797
27844
77475
35656
65715
40941
69391
5912
14998
83436
20608
13921
94715
58906
9781
49597
96257
51874
65306
92050
88289
53839
28829
80800
72934
86347
92990
33086
93540
24622
72487
74818
46660
81202
75852
56552
81269
83060
79010
98674
27445
46009
88372
36764
65982
11462
24438
18156
81983
40641
2056
59380
42396
24772
42799
41774
6064
17534
72047
64422
5478
73921
44641
21877
94625
67706
74109
3909
37685
26339
87744
70202
18924
48714
67336
12298
77096
5594
90009
12115
8090
56491
78816
98914
7537
43337
49767
35682
43159
36310
49306
61168
74840
80982
83726
66150
58700
27652
78635
86132
16790
34962
71400
77663
1903
85622
41001
89821
83103
25976
25632
71576
49752
8519
57330
47833
66151
31923
74092
97252
6297
86301
31676
64396
25676
29515
34209
4764
58170
68011
56257
49960
49457
54919
18558
57100
65701
20459
75260
89134
56335
17855
40448
61335
95421
24408
17552
98976
92651
54060
39143
29051
30128
31838
82141
67479
35179
64722
98817
54925
86477
43831
67392
98250
42144
28042
33665
61288
30403
25149
96540
68118
33398
28112
71641
68097
13394
30402
11418
18645
3865
2741
59573
86946
61977
41707
45915
3572
1666
65648
95996
61316
25032
66019
58959
275
37891
38104
60652
91290
2872
21547
59989
52538
90534
81443
30297
62454
80344
53959
11481
69137
51764
43290
79433
75011
49012
30292
1952
71058
87013
24911
91243
76329
44249
16131
47187
32264
75189
99757
12828
3576
60889
35372
28352
14873
99622
86288
25124
49838
85780
92799
67285
15232
67380
80920
91666
74287
51054
43153
60145
72391
3961
11469
22161
142
37278
52327
34100
96877
35285
92378
49132
48190
50969
20660
52780
11257
51379
69498
3769
38907
6428
30968
26094
1341
8732
10371
7936
29306
28575
67646
42347
15355
77636
92901
55605
42679
84511
14682
37266
85668
8459
17916
10347
26215
1090
37352
99724
84665
27115
87400
66978
40581
38111
98251
58570
57726
11202
9830
88516
57696
94161
99614
27254
15122
28400
94076
46051
35757
85351
37065
45668
4632
23851
31984
22444
66212
52613
87217
10175
14286
30051
99269
18094
32285
79259
54337
35913
61791
15859
6317
43523
632
68554
81149
44703
89054
71903
15636
74423
48810
60610
71043
46949
74076
21438
51305
80982
94266
9949
44190
93469
94748
19485
20057
63716
44153
84096
86085
54575
33879
52763
25180
72493
12186
74542
94328
85582
62307
50569
70841
86965
28997
95177
32206
51149
87065
58416
4378
70464
56438
57666
59999
87817
28887
51224
1134
18018
9672
67774
83918
49495
65506
36661
4522
4235
31959
85306
53297
13611
24017
51704
23764
72515
38575
30773
32858
47533
25927
64870
31449
93652
95095
64924
56159
4152
60787
34998
72722
64843
46288
70244
27338
81129
87306
71208
80714
27057
35880
8908
93079
26908
89975
85205
80179
76943
28780
70279
49886
98618
87943
37248
5588
15328
4135
98948
32596
15419
1476
29611
31781
87186
8054
54407
80528
67418
79016
76880
97774
27521
21193
81368
41236
23975
10378
63701
88752
21824
76548
47640
13562
49603
3241
71492
5395
6056
54611
23805
68323
15730
43451
84122
77364
45423
36656
79523
26692
64490
11373
85497
50420
80428
28069
39207
92346
87373
2938
47988
97374
23221
9645
98433
81920
85924
56532
16313
51498
34533
81282
12811
14348
36002
22541
33787
52462
70449
78904
46091
52340
320
94587
82627
9359
55577
51568
44264
97802
85803
82766
97969
66600
61763
1678
68468
80231
37389
29468
69944
69249
44063
2249
36612
61065
34438
15845
52362
55338
78233
94409
1919
22017
89316
5341
73335
72318
19264
44337
85462
61876
82965
43635
72049
63906
7084
77557
51759
21226
94297
22474
35062
1848
15193
11883
64081
95118
91660
54929
3137
70061
9504
64633
97595
84855
9977
80227
4009
43220
35085
30607
39791
76739
67720
50481
15213
76493
9336
53443
27758
91864
52037
86924
93561
94697
55674
3914
12156
18903
73413
9793
14978
13089
7154
81696
72683
12178
82594
42458
77783
50585
68119
55769
45814
74715
16530
23322
41650
17647
49033
15550
20035
17606
13953
34651
62980
25856
45254
44589
4630
25452
86575
29421
28304
87194
29990
34109
41134
88984
10992
69702
43928
34990
85581
48470
92168
22755
31597
94969
10661
76799
86069
36242
55858
10498
36739
51304
14546
97237
68701
35376
61752
15243
91124
19333
71923
10544
17401
11408
41878
98211
92790
10931
61442
93829
19494
62859
64797
8269
6561
23952
91920
1566
49588
76539
10668
95290
77644
69539
98967
55099
87641
83979
79811
88330
71235
44667
93791
85277
13601
30095
65545
22354
55851
2573
91171
2904
68150
14476
74028
63109
44994
78020
12932
47035
85163
67294
10166
44239
18875
15777
64591
97902
15338
78014
13454
17644
51616
67368
41326
78582
82679
78975
69067
41653
39380
86603
70730
89654
32055
48204
16628
32998
37317
62573
63369
8501
20616
13629
87220
81345
40601
30125
77918
59489
94599
38302
93052
24838
46479
15593
49610
76193
22977
66821
74994
29389
58194
47275
57959
27984
13705
32099
79064
51421
82470
77093
79998
7741
76003
37728
22658
71598
64241
43010
65775
99167
54547
77565
24211
44527
21931
93953
50232
37857
1324
4943
47097
76578
37174
82496
51990
23458
51762
15982
13498
70462
72065
38833
4448
92420
83104
39677
70793
95957
19609
23380
13678
2808
84586
24501
79868
90677
45705
20605
79309
19425
5157
82776
98162
59343
12203
13919
60342
29976
31197
84709
65782
58828
93489
47377
52826
42040
9024
43384
37439
64811
94899
49389
1336
90346
12821
68027
19095
6469
97187
45949
69533
57045
80550
81946
74802
5031
82084
51113
41426
80847
21596
2577
90969
89131
84988
92131
14863
92526
17675
93775
83493
98235
22325
56752
41672
86151
24026
22629
33355
2362
23734
60093
12263
7318
34105
76467
81866
28477
19259
8947
9471
19180
40304
83574
40178
94663
66431
78737
2657
87274
58730
78968
17588
18059
22915
58055
19569
11931
87445
44274
58273
32810
27741
86804
61340
78459
61184
90794
24318
91782
57901
10742
8080
52924
1630
62641
5253
87040
46622
45306
8780
63470
97560
12977
4560
10256
76105
99983
27559
70189
7363
28980
49225
58392
71338
7771
99995
86929
27533
14092
48235
98058
38288
90543
90458
13468
98557
18511
23160
70259
93756
23788
60777
37006
60138
96466
22591
91928
35977
93922
53572
19254
41188
40436
69205
17419
45323
21094
39199
93557
84347
43439
25937
99301
19445
72341
22161
38294
35422
62101
74117
48678
91045
61768
446
29002
54699
34405
47326
12445
95122
13032
15957
26454
21542
62120
91832
43768
47557
56850
12255
45908
48799
58043
92233
24730
85172
90929
58811
61260
90388
45072
80199
12670
85418
29085
32159
85070
42881
37516
46701
81376
63747
91293
14556
25915
47840
92960
45331
5869
21169
87107
13212
72790
74593
85965
80022
32889
14287
46879
68099
63468
12991
96618
42036
95980
10242
99183
72723
92084
13074
66026
16145
88645
94259
91048
83279
42244
96152
65088
77385
10100
11395
50097
72989
97602
98525
66308
75125
41217
85827
52185
75866
28039
52276
10526
27770
68702
45725
49580
62617
75144
87048
86271
67652
65645
60501
59572
77403
47870
25462
77512
28808
16168
95780
33932
85107
41498
44489
33466
57698
10786
95268
16676
60372
94103
62561
42141
57194
39317
54916
42601
90525
36973
93753
21419
59642
86839
47927
94221
36276
67594
26072
69550
70020
11997
61575
31922
20082
57242
78551
84139
57245
99085
93226
29029
34676
22194
26796
17618
31323
72354
39600
8353
68288
4796
77735
80980
5659
99019
22960
35188
88089
92653
33183
67115
55956
89391
46984
51780
69502
59277
33714
26908
62614
55460
9987
72741
57320
81717
47681
38643
552
36408
92876
36084
4571
84839
34855
23794
95903
50940
45063
12814
75225
67368
84322
84289
31137
32742
38890
32210
55900
93102
83214
17825
13983
42573
39230
85073
44027
95569
31612
17081
58724
94390
63585
44123
23101
75462
73101
29346
16586
54461
29211
82313
58696
2829
32319
60794
32489
12677
80508
76311
38227
48402
581
82167
80774
17381
50433
46187
19177
86815
294
694
53749
10281
22210
82610
99116
70927
4567
76568
38296
33334
38313
15179
40217
37354
13893
28873
7592
34140
84624
76825
7157
69950
84567
68427
85723
64672
37010
25182
15294
53407
68167
35083
26479
94283
79326
50766
82757
48397
55091
66042
22238
73333
67739
72688
97084
53672
33522
72167
76492
70074
15468
44778
70671
72981
58192
83255
57893
4772
57874
29086
13264
29173
76401
85275
86334
93969
87690
85785
39732
61040
22322
97071
14083
79576
61757
6423
32031
87477
68742
21414
2992
473
45902
62179
77013
66331
13536
15891
91316
15967
95741
42567
23112
82009
22786
12893
27857
85886
64175
48990
91197
58210
10650
87058
15342
25711
78013
28702
27122
79628
18204
99287
75781
51167
26930
20582
30501
53161
75361
75999
88235
31215
43969
99315
7943
7824
35656
58654
87827
62041
83430
8029
15847
54933
25711
35521
94417
81704
3852
51432
23122
74548
50345
8650
31142
72378
11811
71486
57508
19666
46433
61778
11046
1409
82803
79662
20149
97214
93297
87444
9902
67100
87736
19158
55485
63029
24234
15970
1829
45028
78329
83702
80337
68267
4639
9470
71879
36606
17140
10138
65158
12243
24745
78570
73781
52422
42263
47656
41882
50503
86263
95115
93220
92491
99529
38613
58635
87295
51708
23756
15815
84277
28499
91782
58084
76213
27866
71274
99290
53547
66059
362
60636
41044
90854
67194
35346
39805
69634
21804
43890
93307
62800
63734
77701
67774
96466
39885
45803
21454
18794
96714
8544
83076
3946
94421
76989
305
88313
86759
47010
87931
59515
64055
47239
94630
42302
27777
45029
19820
88463
41420
44249
29162
4381
84756
8461
6949
54378
53686
67004
61751
23149
75859
6679
45330
50538
32463
95991
57093
49637
22052
18758
95120
52309
36246
23124
75026
79184
30035
79597
88448
9086
68004
25244
51080
31676
44025
18981
12739
73101
18606
84807
93179
31442
62239
45609
92676
95643
74016
87342
39993
89757
924
28595
7944
62607
13738
48378
85367
78033
2883
7804
82232
97545
59732
59703
21675
77591
35669
63210
57414
94405
23674
19643
35769
53902
98161
14255
6417
29505
22924
87853
52459
81963
78771
18834
22759
8789
79467
46168
27538
9903
4551
71946
73570
91129
50832
62449
76503
94507
51140
29785
55494
47270
57675
94563
20302
37414
21847
16334
31410
24509
4197
68981
86653
24011
56687
1545
74820
95715
46437
41181
37047
38684
11992
9576
33937
95138
88143
32071
84503
58000
77019
90416
81324
7542
87038
59043
69683
80550
17466
72013
43310
27508
1916
18812
93866
38993
12413
37667
2635
10643
70545
90295
61325
75866
36915
10680
66708
94833
62009
58430
7656
25789
15605
49880
64141
7701
3710
26142
62904
72231
86728
43503
49841
1587
53015
57145
25033
14053
51426
98564
19818
94112
70723
57518
29461
3480
96720
7742
4600
97898
42520
83328
7691
55493
56588
37433
11810
60394
37223
31101
82284
33408
50016
16653
48833
8475
4444
8908
10533
77579
37264
25817
47892
87775
64186
68408
92421
32401
46356
42872
41625
17197
32080
2987
72477
10702
22490
5759
1987
74018
49878
91261
9866
18965
81290
68296
96000
61070
42491
97037
82989
37714
9480
75191
111
32844
45975
89602
83731
17574
22200
73552
37970
59095
79599
32650
72539
49522
56825
56792
9731
33528
1925
11235
3565
4459
15062
85349
17867
11713
66432
4187
29846
40932
86899
69949
16614
60114
4027
19369
82778
25463
51138
31453
59159
25105
93000
95149
12957
67616
97409
88869
11154
87086
9696
16373
21067
54385
55976
5983
53940
14218
30866
77696
53607
40195
97005
26075
72263
65638
9580
77922
46900
84610
80649
84271
4639
46959
29543
83385
40413
83791
20613
29954
51143
33316
74810
85948
19324
65934
23181
34696
30061
90577
82840
46558
84755
90775
40831
10806
54073
88932
58598
39355
46674
56092
68651
30691
42076
17227
49339
49402
47980
72064
12276
22189
23341
57576
21339
8016
71588
53507
62663
15030
77932
14588
45826
60170
63971
37053
29323
17138
47943
88565
15119
53313
65900
14825
49182
7129
43352
68155
75861
76784
43710
16794
24286
4167
60148
53067
63046
68340
13991
1882
33352
24823
55587
49576
53374
90481
85105
13265
33465
32052
46893
90089
63055
29228
67944
92882
27893
96454
98367
69922
71650
60515
45432
53921
7950
70802
30329
59034
22072
98163
9131
76058
52300
80512
28801
7189
44844
79115
78387
25078
44345
3524
7083
44231
83861
23519
23084
60835
38348
36223
86636
48413
93074
13131
99837
58484
9503
18625
55317
52395
42951
5021
82512
49620
93015
22302
60907
52165
88571
50013
5672
91498
25475
74528
2672
85488
61654
49460
89786
73935
86189
21332
54733
69018
73391
25323
13427
1779
75382
90095
49877
55565
84250
14672
49710
6100
58074
25614
44832
36335
28207
82002
26224
72408
45248
47901
87924
63923
25195
27237
64194
93225
83322
25292
93536
91095
66115
56232
37147
42418
49227
58620
14623
38311
19535
71740
72915
10231
10064
12860
18633
53632
45545
40785
46415
83968
40350
42384
52515
89537
68346
22435
30693
27165
64054
62966
21922
77315
3872
29036
47887
54106
1221
12119
94335
97494
80852
98479
75767
64528
65237
43333
18814
38066
7995
5012
3305
5066
24783
19658
18162
71834
81676
23842
41541
52128
61314
85179
85473
90674
78645
84662
48333
48719
57409
28407
81918
96564
78585
50146
36670
73309
32872
96124
81376
95445
53589
82457
37191
62511
53137
58641
82113
31434
63375
91850
24844
85670
63973
52403
62356
98238
42235
52884
963
74029
54374
49106
49933
94309
11717
16022
17614
70469
6682
84422
67320
27089
4631
48443
96972
73248
61707
46596
54944
63887
94529
15407
35853
29128
87940
79062
34867
46601
69429
881
79542
24512
47341
49044
93874
74377
18983
87025
81467
19019
55773
74963
69075
50089
90353
75070
45608
75923
20184
15242
84240
22237
65642
45596
11138
85497
45750
73066
78235
49284
32638
62039
65280
34640
93125
58704
29336
85365
34459
33794
50249
84498
64473
43321
82878
8839
84194
61765
67261
86478
91861
60661
25269
94449
23433
38035
93444
51929
39256
43611
55336
50265
77838
16874
87559
52422
44727
27105
89650
7213
90573
68220
62182
14656
46151
54976
68182
88871
19166
12846
18807
92426
3654
85925
38899
45292
84052
22496
67184
89292
38140
67005
55022
28601
3818
45416
84733
25666
29874
35418
51013
53891
82081
80544
47144
67263
26674
33765
71381
63330
99055
63637
41363
2225
94695
66367
14400
5507
87640
61803
57319
15642
1681
47365
30457
46170
10089
72133
97570
97667
52516
98272
41217
15559
42717
90642
25165
92966
43860
66110
36509
63060
84323
27843
6828
69538
50567
28379
14752
32277
93377
40645
58043
38950
15763
26456
87786
19551
59977
62864
43552
1920
98695
11089
57018
57678
1142
96815
99669
63627
85203
60650
7569
55234
35550
65373
32221
84054
32545
93210
54336
34274
30483
52733
70781
10650
27396
29987
9799
56942
42171
39350
82132
43537
70279
34700
90240
81427
68120
25269
29036
17796
68804
44524
37671
34446
93499
72566
83495
23996
4255
72671
17479
80469
67483
4222
88258
77925
14023
40490
24106
4696
57534
35600
97901
54058
2201
62921
59832
5484
99444
36738
84703
35789
33318
1602
35364
70344
44618
28897
73968
82247
45227
84854
67300
83172
1077
40187
73900
97205
55585
20321
51129
60718
60361
85370
44787
13972
66895
6000
47126
71880
35652
5449
24471
38926
10098
69651
9338
8491
14746
72238
88415
35960
84073
98580
38794
59481
52013
82135
69729
92851
94272
24654
47996
62595
15884
68556
20288
64003
64960
41457
66535
89564
93802
22714
86231
26214
8083
34416
54109
66879
52159
90958
22945
70136
80262
88973
40705
48500
69238
22356
87994
93217
55752
55468
17230
67608
98521
62190
38808
74401
94450
71032
21599
95477
69925
19355
28800
33105
9839
66576
41960
11135
84298
21700
29112
69797
7408
2364
89543
57561
28328
86271
4813
61326
44906
10271
65160
41363
17296
15407
47821
31051
45529
70866
4149
42319
7626
99066
95132
71883
61442
75431
34013
84337
89892
53144
41505
99361
17
29655
12250
43914
52259
24808
87753
23245
24848
27477
87800
5756
64716
39677
81072
25076
86116
10064
12360
77541
69717
81412
18713
61697
35035
20856
83960
84573
94231
61869
4883
97954
38477
50629
70465
10043
81387
56102
61675
20595
66120
19167
99516
63033
77663
14507
82576
76120
99277
7684
49811
11849
89731
47870
78116
87390
37355
4093
99740
25582
2509
19434
57064
95572
57866
50975
66762
27343
75566
59460
49686
90059
44779
29397
89884
78666
36810
4816
67018
64943
33608
51061
5570
10004
55349
51332
59791
75538
10641
51953
78069
12215
58921
2648
63120
43464
5533
37574
32915
70071
28471
13490
73663
16196
93095
17707
62108
89494
60329
34547
13424
54321
75554
69361
92926
49536
28892
76141
68055
3682
15671
9299
43128
10508
20464
1911
43450
80149
8581
38793
75747
44396
68926
9863
61926
97389
15367
21825
88688
91529
41228
40552
84881
98924
71111
26365
46297
74365
496
30611
55072
20099
97357
57570
16038
41558
34470
77889
29486
92811
27493
12629
1603
96005
78721
66011
83887
84393
34545
66417
40707
72450
33077
18097
36320
6818
5393
65294
49268
77891
68968
9728
67087
92135
82531
60098
26720
19972
40175
89357
60185
54223
69924
35254
18473
26298
73759
8863
30697
98895
87676
24899
18672
36184
77434
33170
66977
92252
17881
64638
66973
59777
84878
78770
61950
99328
90249
16444
54720
15304
44719
48591
58435
15492
80268
82874
43078
47454
310
46712
11743
79289
63180
83765
37175
24746
63095
12222
1593
69733
90751
72476
22779
43704
37330
19999
46400
5358
78996
9782
15553
21383
10929
94670
82339
65649
88831
16305
11611
66317
26114
42088
69222
15132
82891
90098
20355
94159
22475
80460
20630
23755
46326
12107
12747
35473
55052
59719
28806
8709
61260
44519
48065
24334
43646
23896
2734
94568
32297
62730
18900
76325
82553
4061
55266
75501
1455
25747
74890
27551
87261
88588
16165
39242
79530
67479
39395
20117
76328
97396
25313
46943
46122
83128
69923
14716
30093
42082
7460
9453
29572
47782
54406
92137
5809
36508
80686
14125
26961
96804
39576
62732
46366
6673
35005
67369
24169
68112
52385
1029
59664
31402
92805
1354
90064
48727
48298
11450
76464
48018
14195
85186
30516
29290
70154
30033
85871
79552
61185
33201
5258
9245
59319
80790
37903
24233
38985
4182
74459
96967
48379
69381
7610
36992
43677
95559
35161
3954
13094
62295
97083
96203
57527
14858
34321
6070
55238
62693
58366
67012
46313
96447
96866
90894
78554
11006
24909
94647
59080
90768
89083
55958
54802
8693
1896
45892
54690
3662
60896
99728
79898
11271
13559
94077
96349
97549
11273
42623
34230
53464
56849
55987
6229
92416
31208
95716
63013
65628
80525
77586
11046
36638
17871
39618
50709
40918
80148
70800
90613
22516
46071
28608
62418
80247
87026
45331
63518
66159
24957
42559
9403
51502
17089
83863
44417
16576
97450
16156
38333
56895
71599
44227
61444
53952
20432
14212
86179
15698
39350
9521
46509
46710
84711
58152
66095
21251
64096
69198
1101
77358
4429
21144
51290
51213
90155
8022
32943
50322
43900
31723
82764
58221
5984
50799
32918
31660
93142
43108
62854
87691
50193
11624
62632
49031
2788
9662
2461
43046
68579
11364
58807
23106
10460
35250
37247
61861
55624
12362
6732
90264
63490
50559
4187
78200
96993
35413
41198
49340
92924
50948
83533
10925
98512
15993
42801
68609
12111
76752
83850
39799
30334
72271
31385
37330
94087
71635
23509
98642
98638
12883
60253
80418
79325
52914
52075
24647
84797
26085
47355
61388
73874
2818
49632
49325
4356
94832
7506
5704
20707
71945
56599
95316
2366
20481
79607
18760
85290
25463
97269
28620
55669
46896
7313
90307
33024
75554
40116
57716
38995
87674
59823
10036
5567
21620
63441
44593
75267
75601
20647
54293
68899
25622
81218
89700
80001
48162
44750
85494
33284
41193
11302
74464
84842
56595
2404
64812
19419
10814
46245
69153
99600
9722
33061
79267
70803
22522
19823
42604
24510
72005
81058
98631
88415
38048
12776
7334
67380
69329
70422
43282
41309
2398
47796
25674
58652
71424
56699
86548
64041
70559
70908
82727
88787
70045
24840
44210
63062
38239
96725
75243
55751
39236
81245
73574
6658
36597
44928
40527
42796
66173
57841
81266
47641
80311
77018
89267
32510
72308
85452
55363
69468
51275
88308
58209
64692
81614
76297
57932
68432
67171
24450
29587
6366
47028
27838
27308
47318
53221
49475
92507
68575
10471
52146
89148
53944
15637
80940
82035
64899
43109
17187
3208
70713
14332
7452
72996
4836
83144
54223
85008
37115
47802
33577
77068
45638
67387
90847
84295
87598
95444
19294
60527
29523
76508
44251
31298
99609
88956
13885
86040
11082
79208
43969
58452
25329
34995
22377
22032
41160
48927
53703
39351
51472
62349
54768
78646
99703
66749
88310
87368
43626
82457
86809
28078
83887
30894
80869
52592
82402
28081
49813
10997
50644
82995
56845
92857
90639
51896
29202
42718
50829
97077
16915
72981
69662
44450
39999
7970
9510
90466
18971
88516
71802
12508
92601
51339
7621
92707
99402
62854
94910
95861
4428
92974
75300
90383
62141
5814
65319
75080
19468
25612
49572
29070
78798
77216
88119
42509
61716
13542
47462
66053
62062
18118
98051
12509
79341
92263
75674
30062
7902
50215
88541
95241
75062
86051
71257
79897
47158
10986
52880
76240
20497
19389
71389
16597
44420
81347
185
64726
82825
55257
66628
83477
50163
92693
2793
79013
12535
19931
55303
5585
48460
14889
64182
78148
17225
43567
93170
30035
22717
12507
15616
25366
10319
22814
95691
4962
21035
27928
75209
16335
51068
34782
54172
75742
43849
31702
67183
81864
99374
65182
3451
97324
45361
35779
74756
54130
5648
49119
79294
34499
54245
24814
75634
18903
13374
41975
67260
13025
87452
73555
42536
13623
86947
23304
22407
70265
67333
3797
99380
94710
27806
4064
63503
23664
41845
10323
48036
5057
55502
38394
53081
16889
17245
22040
48480
19043
99227
70870
14623
63942
61847
30964
61502
69674
70259
81380
96732
84157
26689
90215
45654
40022
33961
9378
2029
35571
69917
75664
57679
28449
94858
46770
1599
63668
29005
88849
13146
89970
90583
96727
55716
25113
37020
87503
28526
41083
24623
21099
58074
60149
39032
48820
65795
84974
86982
77102
38692
54648
4229
37879
58728
88976
29121
15326
17603
65944
95676
18347
85513
29746
10380
73038
39079
86153
85261
49123
37371
58195
25966
76505
14383
14641
46428
6380
55066
53531
24578
52445
7800
22610
29688
33878
86305
8160
34187
26946
94021
59098
83007
92038
78824
32918
32449
16547
4531
78100
56704
34820
16107
97437
11598
54933
2745
13200
22386
57664
5051
69001
49167
96077
87156
35188
38630
11467
14728
30132
89382
91983
15339
74617
87100
15127
4172
74400
56618
87277
96335
62296
75818
77097
22034
6932
7716
87144
80146
72610
64300
67112
97505
31437
130
23263
80207
23829
82640
331
87049
86879
25542
22673
3523
714
83854
87868
86142
25943
45585
12085
99491
74711
531
75042
2964
4607
43478
95739
70378
70311
57361
57623
58469
92225
39184
68398
33919
11886
26805
1784
28846
53825
69861
72864
57582
73789
85512
64995
8910
82864
25687
13885
22833
15127
86239
64790
80578
59076
54593
82559
39376
2054
77062
25708
89030
22357
54080
19348
80332
13065
38828
82032
55175
63029
14234
23791
64284
76502
78436
25604
64065
67685
32538
85642
88169
49675
30309
2042
96066
68266
14379
10559
32983
66264
94529
31565
85558
49278
50932
94877
2954
97648
7058
36410
898
67182
69552
94065
47774
18778
628
77881
23757
1988
14466
12200
68648
13783
51035
47809
72163
66142
54517
14969
90856
10371
9373
89421
23821
41715
62037
10668
47311
44314
95174
34813
3504
54307
6409
37271
60395
45520
94852
95584
14903
63933
29893
3909
62382
94769
4972
7834
75790
95926
45418
48200
36293
77291
78562
19603
95046
62570
7864
78379
15376
68775
91881
40904
507
20771
84503
38562
53955
13002
41589
9327
17048
30075
76276
25101
51799
59795
41410
87121
74801
25580
27374
88477
6534
44208
87070
93324
4106
70806
80190
71262
46824
99042
8255
97028
89924
28633
1486
78526
8161
74517
43565
54727
79693
95735
12188
50118
79056
664
67695
6992
20518
17842
56986
77825
38977
22589
8610
22066
81933
5357
12526
3322
72756
37772
74289
41070
29920
77336
4639
24212
8943
27806
72119
4286
82762
57855
6102
31454
6513
86918
47863
45577
88630
1833
5481
8373
75699
82531
35131
13760
46701
80734
20745
81457
87200
59452
77695
66916
32130
327
49766
4805
53562
23130
40525
78131
3951
35295
49401
46686
4380
54955
43539
7202
10773
73757
92384
73897
71869
53028
19573
40203
49559
88749
42510
16038
44965
10831
24222
45835
77239
91438
81236
50432
56560
56692
23635
8307
98649
78664
55461
86695
52863
90401
57974
37580
51996
50434
2277
86022
94714
62104
5419
49925
32119
92838
83570
56175
40144
40113
37177
64308
85272
49995
37051
87900
87832
86824
57948
72098
59452
86473
38627
24166
66738
2662
183
19471
32322
45418
69199
35965
20355
9655
72426
68937
1499
55405
23680
29416
69218
2497
43443
56443
63769
45168
82799
68517
28249
21783
55161
70541
65016
75239
67957
34944
29476
75339
95157
28422
49101
28411
29327
57310
56530
78715
92587
39483
84732
77279
92203
6248
93217
47812
61889
81120
60435
62096
77834
42454
13932
27498
78654
43378
41502
3615
37969
57953
32777
45259
61200
60088
16984
44699
46800
2029
55830
19835
9739
9332
65195
13263
49062
83746
25500
24157
10917
83779
4288
80497
6640
48731
42187
50568
1603
70883
2663
39558
78139
53189
72979
51643
15550
44246
63373
61482
1002
13106
32552
45019
79965
91057
68375
78116
88181
65702
89245
25660
83128
13739
6365
62122
19994
4955
49461
99994
82782
48979
1451
96124
42333
71099
45272
19273
25313
5240
31481
57798
91655
1377
47586
114
56116
57694
39050
81550
20183
55823
43496
92935
60086
18631
88600
75612
19519
76261
72238
30861
42479
34369
66518
39198
51298
48140
2100
55101
56087
98328
74921
20585
29721
8860
22089
83044
12478
76129
29364
70752
94866
5839
33053
6129
98823
80331
14440
38890
72979
45157
72456
61628
73518
5041
67378
16814
71
97704
98393
81748
46825
41814
8381
21258
42868
96150
29195
6178
82177
96863
18438
24648
26428
89617
97676
34108
19355
75295
59362
71124
24261
77206
96044
29171
84806
6829
15264
21554
84464
20172
38945
68454
54343
14183
3280
27487
2386
88248
60573
52452
28908
50623
38916
49530
82535
64543
13981
52220
45446
77792
15739
88291
75623
65543
81976
4290
79109
30446
19433
65968
98375
29935
44035
76296
16984
37081
66709
26530
59987
31726
2867
19352
95323
36623
65845
16086
663
31942
12070
25333
29673
58850
4315
32362
39984
41440
61035
74192
94204
18167
50736
3203
33698
85053
50652
69764
83970
66444
78117
50683
40646
27312
10783
61307
18593
77187
79030
10835
32383
24330
78997
83650
86695
13627
51482
18703
20752
72812
48795
71754
57454
89789
28710
14163
54234
20359
36994
93974
84388
86841
2978
95685
65928
14139
87341
29254
22072
23931
56233
86314
41473
6656
21551
92937
92931
73846
32806
83316
66350
335
70597
73268
1658
5720
93878
55804
12914
64887
25843
96274
67025
33404
38822
84688
85985
93856
85712
51940
12754
