17366049
18119830
9891131
4543650
15617490
9617051
45290
16890119
6510334
17333209
28483422
26040539
28666712
10246152
29615405
18729494
10226264
24690309
19565319
9526906
14953118
8295164
24219793
19208039
27276432
8313863
808301
15044659
18523451
26646894
8556368
7249961
19215822
3381457
13292
1048803
17591017
1409810
20900711
17317776
25165507
9721161
2711554
21849287
25421278
1039275
1825381
19875457
8052347
977931
6207816
28908878
9125818
3251177
28942815
26131680
4557677
21627849
17695197
10344397
20241958
22528208
10672661
6722975
737507
26332398
21553744
23653491
22928821
29297464
16702479
16204925
14015217
15318643
2452319
3286559
13156610
28417501
27338127
20372147
4142919
8030771
13304700
25076908
21290869
16521801
5050080
3668102
28058103
20434407
14274053
12258603
22158266
16651033
16205614
13241696
8487499
12038852
19618348
3558052
27164944
13870074
16856942
16361877
7444101
11185859
2951761
17236309
16379785
9271482
27795758
5758091
21861990
23852654
879326
22809873
27406740
17526143
16076060
7278956
23162996
27584519
2879419
27390459
9527806
16328171
19766626
7189434
707472
10624415
27337803
19829886
16355920
10076596
20150993
22949076
8275658
10288374
9308238
26387534
28197573
29655888
17959983
3683242
2133787
8762620
24197836
22997396
21785281
20855291
24368187
27422515
24481181
13021615
8001732
5016571
23345477
12198821
26594383
18835462
24014483
11141006
14249086
7443397
3801698
27849126
26772328
4051287
28148517
13930702
22812622
20669949
22294678
9903629
29112579
20490270
6913925
1858073
3004157
22442240
12239564
18840150
5186719
17435757
22089058
14481516
10003374
17644643
12069756
11294593
17318387
19830411
18976117
27794960
14729906
7938436
22102831
4806411
24164780
15586342
14166376
2716855
25901084
24246306
25537401
10611803
9640281
6748441
8087648
15676599
6272152
5855785
26445711
18385350
16708270
25037129
22460369
11846926
22641050
17793687
12956497
20073776
25651277
4540899
6561362
8468628
12079508
28461260
27037091
2199270
9655339
18058438
26324901
14885258
1030772
27050027
26944038
21813776
6797964
15248688
10840789
17866463
27093909
12178428
9493549
16863345
17798815
7712487
7866014
12370759
28868921
27593125
18430704
8499313
29013839
8013434
24006225
5068880
18794428
19239897
4945317
11200542
29687399
29160358
4020886
382282
14222430
17408015
28458015
25432915
26174948
10283548
13732090
20536954
14400134
8343503
2798211
14543014
20348837
20930602
13472602
28019918
13384557
15995072
495942
28187901
28730300
10677724
5834534
27438150
11461778
18691608
4683323
26846066
11135076
29334792
2147407
3644986
27615941
20597331
20249289
20606800
16790114
12144898
29561686
17140930
6508687
4588638
29311223
7151211
27739553
2999459
4633770
5418029
26398495
25268341
15380463
19555298
28653850
11041354
21908150
18378463
6335693
24501001
14697629
11487750
26313654
7657939
15161489
6719378
8202644
20073058
2656297
20292773
29254551
26086595
14069917
28474556
18804439
27561439
11771359
420798
10866851
15403847
21955474
4069061
25758817
29900959
24950697
24581852
539490
13137298
29273819
27052857
14726519
11460599
12997951
2595198
19915507
26816307
11311245
5846907
29464598
21000683
22611238
2440844
9702711
8195430
18192356
22732355
3089305
21111939
28448797
5764965
3940181
23739510
29096466
8581023
6377981
9533123
7385308
13931220
28038988
27940666
16204631
11467015
4803236
18081357
4108631
6093389
6543034
19567586
25563404
21919132
29776663
27815996
14166445
23667756
21200082
26951787
6355860
25378979
29059711
1526017
4386345
26527404
1756494
6004860
3555232
7737648
8655121
28519052
17302079
19299969
21755330
24690740
28599372
4259983
3943463
11629348
24225153
21394980
28038544
23140340
14585965
7368472
4402632
29248612
3177130
13129813
8584371
15426615
15873151
19611361
26637828
268929
6758811
21380603
24382589
6244850
7339873
4171854
12128013
24369827
17321864
16855429
6078713
27738546
21448950
8437407
23528609
29966202
29452635
19066268
7658589
16394717
28299359
29783943
1564338
1824998
4889136
5903037
2385782
948379
25074741
28838975
10620424
653792
24396229
21618029
4264439
15050018
21345567
21303668
26612598
8709892
12161649
1374022
3067340
17109922
11100440
11352951
21421797
4586852
12871224
1402768
18643791
27804527
16354230
12696417
27937203
2619187
22570400
19225217
27761328
17186504
29822201
325665
1029102
6134676
4561627
2621973
14411400
28621007
3413196
3402593
174188
22184149
29284718
21500581
6728140
10491742
15239021
10029976
18444927
29690907
20005700
4696142
25128188
734069
15225830
28051364
21341707
13896715
26279290
21564648
28701178
25900315
27979859
29016430
16800200
7533636
15606083
21436458
456243
28663543
22856281
14970519
18417255
17975573
16560315
13210033
7687138
133988
13080047
6785472
17661033
28541865
3998120
29679399
15149611
21929857
4209496
7044809
11508161
7421005
7836755
14539245
16403596
6556321
27734733
28270028
8729034
12264718
8038813
15506081
1716171
5587340
28704855
11414282
25122647
15006906
11641913
26560197
19493433
1438529
17173471
884325
470405
10518620
21975072
4236446
25255943
7943040
20782251
6945341
6660802
29339611
14050395
28986820
14738886
7535486
29333041
13862778
28977934
14400039
14454328
3104755
9216682
8336223
17423394
25982299
262894
26269144
5489814
28954646
6633363
10398258
24158677
828631
20460383
23639168
7297646
28330287
25099774
10351956
25750490
9674994
798815
4697563
19642205
23337299
16788117
1394080
25093386
15446644
3582494
8393156
4385145
16291844
28267731
25265659
14026205
27022268
12619550
7051511
29744962
1114124
29845544
16579889
29429798
13321302
23085032
24098506
17059435
24338679
9892896
26276857
1497172
20214986
942699
21509842
5998482
26453648
28927542
26654244
2759607
1015214
1925738
19637689
16307601
23347087
18751759
24363234
27853648
22657840
21336907
15746233
27718576
9969479
14416769
14488333
13614054
11680835
18905433
6796621
4285730
16006384
1503494
5456065
9717830
19040894
4406568
23535332
20233716
2684396
22629897
25762064
9210313
6779587
29967884
9799385
23222424
22477943
28446810
24157490
15924381
22662000
27679351
13729
20291706
26562654
27761567
21871223
2534787
11026770
6095926
13926165
22726416
5526931
13917685
8024998
12427609
1613532
15782755
15615516
8696079
18460342
29179539
20649863
16042520
25970151
25590147
27355799
3980275
29493080
8037513
11106341
2903084
10187837
5174064
24664904
16455851
24359721
23176546
7500150
7863684
20916860
22875858
6351458
12674694
21611346
15318391
1083287
22062972
22156385
3723500
8291525
15077771
6201535
21576597
5247835
8540433
3032619
9919142
27480876
28442405
375281
26219820
7250580
23031201
7633167
3661798
22877066
23244297
7508299
1687222
27159849
15944423
25743407
19804108
3758878
17436901
26316499
3354890
20837568
21505353
11982991
13469039
2303641
943857
12131829
17255140
28295065
3843895
10562506
1018299
7751987
16907510
7816139
15500238
25350216
12826402
4139413
18245788
10791450
5151808
18165467
22733342
15966408
21804856
1043956
18524098
5975998
11169176
25741231
18981323
26724979
2601758
3975857
20502082
23803463
13610367
2893339
24112816
2178032
29647280
311916
11662394
432076
9724667
26532545
26772888
28959797
17275788
4481086
8811707
3743024
5849957
233571
818554
5387779
7962811
19038406
9219251
21319347
19051444
20864879
35217
17491294
14751490
9497989
22000683
28797740
8750348
15377277
13648595
14862122
4487987
7009311
13140457
10860162
821366
19338988
10348749
3633295
6050441
11994945
14292022
24876404
12547548
4133059
7595816
556837
17475517
23666253
22412574
8405720
19646889
13028721
8649040
729435
25386631
2278870
14760945
14097982
5524955
4043843
11382963
25525252
14867634
5859629
27285812
20639542
17544411
18741161
25283922
11082812
15286649
13959352
17003178
22406683
887920
8586191
8467433
2986922
22406111
17068498
28707482
28170811
20131858
8786459
24289574
26340746
13504492
2327022
2934307
10007593
22725543
21036296
26836775
2172181
19777789
14877454
630208
19607234
18948001
22501890
28119395
24873821
20945414
6883887
7842553
25975123
15968818
6182434
29598725
11087315
11300024
23900778
12058881
3792466
6321879
20583920
14508344
17576353
27196803
5634366
21744755
4880255
12241521
6515588
15692523
16717518
29917694
23950680
5232009
20443603
23708458
2266377
28387755
12866652
3322920
18168927
4844028
21150390
2442235
11631243
23985929
5562714
1932955
21885046
6873409
25583589
12936687
3575763
10277100
24468016
21096828
4611976
7485386
17264082
26826848
25916084
5323072
25089137
19245823
9086838
23817845
7852944
23212701
13183117
4160760
26560509
11101898
6622921
2175443
14882154
26737996
647162
13209928
8720484
13384490
8968955
24331135
630112
542354
26626244
20784757
25566065
625763
9628204
23035483
6627869
1646085
9101068
13484211
17279744
11336921
11416813
20828981
5465039
25657023
11550418
5493231
13859452
17393945
5496890
3980217
27966307
10434797
5766544
24929449
29347495
14432464
1375414
27018953
1397680
14936658
25112595
23872079
11478327
1291770
26392067
1163310
3786762
14918732
22237530
8225087
15761324
10637092
9727709
18927682
23523005
26902910
27850507
16681106
1493972
18431434
14823231
21080372
2761021
16564664
26739314
22394953
7534086
13157070
28123543
17154450
22130511
12227031
9088300
4068325
10260380
13041586
934488
18955950
4524563
14836557
2724287
28495462
24875654
4422297
18225460
22227265
28750901
18283802
3087856
22298642
20798188
29126354
4211964
1071250
15143863
5786160
1418270
7506681
10642309
4981831
4070434
20979004
8984928
12791000
26707022
13056493
23634253
28535726
23325885
27112249
11098309
16190240
27811135
1395857
12291971
11241895
16014502
13237372
12656358
9226699
4104446
10169026
22151348
8180911
18566528
3885940
19110389
7484995
8947144
14338345
22053394
15971209
20882658
17703987
22032813
24688943
17699161
29842485
29782276
25481731
26729769
1275714
2701315
13249087
11280631
11328866
26300695
21819812
7578053
13766224
25481170
20943538
10424485
5929503
7996425
20649705
21151741
15521050
1376217
17047010
29253981
22008173
3843716
3531051
24645917
13301243
3017250
14816451
18280707
16938609
25474502
7450843
16913043
12909399
27046818
17199413
14929608
14766302
3256186
20399286
8490826
29820944
12330243
9741238
12065169
8441004
5150514
13074695
8767430
14219739
14501355
17837759
558239
17898569
26085562
27496534
2005159
24114364
29698409
7675223
22830553
25801397
18230415
8800360
11081507
1213885
29059590
29290354
29425273
11936489
1150040
21531683
20767805
25042235
354575
8121843
13321752
28463750
19350704
11042936
1903334
101802
26020062
5982672
15294052
22854479
376965
11183545
9639140
25516948
22498424
19184894
17106036
15590312
24542114
4082112
28269497
18554090
28044785
27306868
21156872
8197632
27924750
10159269
24314709
25295468
12713845
8766286
19749188
28098200
15895351
933763
27729744
13454623
20597750
11425067
13359225
15301368
772681
21469799
11508081
16672116
2969501
19658234
26278929
1040828
14225021
11037349
7600838
13435491
16666907
10223051
28050503
19636987
27649871
4382381
8018267
28116473
11785200
3684394
18640561
3909194
15437710
15206123
24421331
14931002
19395549
5926279
12850083
24244638
27312944
25039226
1023688
15842401
9978278
9154885
16944290
17303244
14622819
28237807
24800985
11738167
24629051
25373016
25798794
12977188
3283270
24004541
6017540
11907581
4907189
25578755
7673740
28233945
4291009
5177888
5954299
9882682
2759099
23455385
17059537
18923204
5267606
307162
21638158
29467743
21365363
25111632
14018509
10012570
21204625
102643
27315397
4389310
1188006
23444222
16138141
19285495
28592412
1314924
13567762
13406725
23995191
28435708
22532105
22640418
3876542
21112754
10878487
2165141
28640163
18739988
11552148
29910072
19488262
14266774
866504
876352
16696533
14481727
5059668
10328441
21284499
16767429
20402233
27234599
27696160
21640629
21699842
8309560
15645662
7729043
19573937
10147913
201931
22669635
28299524
356401
1461724
13985583
7082254
66599
12025537
5489502
11100890
25268487
17372586
2368624
9737102
1470583
8145419
14369787
16574791
21787350
18092855
11367238
4931834
3919353
20152530
27780317
6640891
7036851
28803269
15642937
3187988
3752705
7652811
10305397
11338151
28224965
22225405
28158144
15313661
5759444
3104639
12233690
4774460
3889177
28417119
7955195
23338503
18704150
28886645
12833859
3996145
17178232
6258310
11029632
25333874
24080154
12467044
1411494
20617907
11615796
17724435
14070349
26104609
20039319
2518556
21017087
14776239
18200271
17852660
23123929
21195159
24816976
3458464
17906515
986562
23526796
10061241
19862483
13193713
10900893
14028611
14611403
7670130
12236188
2857291
1783486
26309989
20326073
866233
2489239
28063483
12223477
10342478
8529751
19037626
20124155
1432112
24563734
67196
15636045
22591835
29375019
23232823
6074268
20529296
5914250
19455006
17775651
13303411
3729696
11663498
14301220
17748022
20446703
28676314
6896399
13209643
13365908
13580902
28460954
10997098
10937801
28200171
15416297
27188544
23728480
26691933
2085478
28857345
18416167
26805392
10875185
265643
2027719
27260225
9508387
18021866
7446619
12120023
3756362
17851039
22812630
25084877
4418259
21343117
20373473
7967841
14381710
5703500
26809261
27115177
1288647
18328897
4617141
8076414
10676923
22618918
14961679
7007580
5846517
28458283
27367828
12422371
2921901
2570362
8678554
1357509
14230462
6641221
21827051
15666095
16667822
18046555
28118243
6530271
22745981
24655395
26658831
20639484
29931868
25845691
1342735
2488437
20171157
26502602
26318799
24080068
8313701
28875264
24149834
10109087
6199631
14532492
19174124
13447205
8513370
6580462
20829703
21071607
10167601
12367257
26050376
26118176
9683520
15690264
10844003
19895952
14841646
9180275
21094497
13125393
16946442
7662407
10905145
11941094
2401289
5659285
20769379
7631629
24308644
16530448
3868833
29476298
23773149
18084415
24163247
9749133
12880430
22869817
23816213
2948142
22988272
5179132
19365092
27576197
8097467
5815323
16229333
27705887
15263635
12822494
28921558
10927310
13210596
9669369
754487
18444959
20646204
7181750
16876757
17446947
27071016
5239823
15789387
2791973
23902377
19127157
17278074
29406716
12494412
23661621
3001604
19852691
23322296
21662982
26325914
19096481
23465591
13360416
16747781
14189528
1258946
19659190
11077929
12292500
9889278
5453001
24610787
133175
28825308
5518735
5506788
10156904
27737917
20111754
947141
10546183
19625843
13573545
16337314
28734538
26128397
2225080
11966965
7727461
23804276
21142698
26710581
5019276
23022886
9204620
26688533
22575548
15524295
9998570
3420906
26195472
29698670
17325081
18715957
7465203
9352975
9997451
27498288
6030119
29805988
12738551
29874333
8850767
3990816
4874419
15890337
23791546
239178
27859562
26095499
335748
23910633
11367711
6722281
3075936
19820753
6401879
4137586
29699192
2076725
28950684
16636966
24835517
28627038
29858567
8105377
17359346
25290762
23853925
15912552
23055620
9239999
7431607
9593564
18860182
1362786
18846646
27248341
8545932
22996275
10110794
26391838
8801465
8803226
9049894
8955540
23336600
20389165
12617894
22229553
8966403
18561621
10228288
26261232
14608945
12629769
7536349
22460845
25741251
7976728
11904395
17320428
18445033
29486519
25643744
7212652
29369233
8172213
15067220
27437174
21582601
2344157
20858232
28908547
12422815
235114
26328697
20464682
5981884
27300317
15386786
22039579
23795517
9242016
25060414
15727736
3289210
12175685
4028695
7930242
8586440
8157525
26736373
3237214
2497272
11540231
15540021
6389763
4650226
1550032
25318579
25274384
25572552
13838356
6140940
23444780
21460243
15074353
18532487
18317176
832757
22851004
824169
8387432
11165360
1411151
19608252
14263033
14624970
15098371
4687073
23597838
12710365
17146727
25876063
24522315
10539513
6953128
18596720
20782556
15643042
20734676
13059834
20827295
19006071
763578
19489299
14194508
15212704
29476602
27956418
25040893
24317912
29280211
5474931
1251766
1600843
8066596
19472604
8684106
7498758
10496289
21504358
1581307
17441498
9466875
27461523
7762697
6747740
28573694
21590872
11052965
2098536
11348265
15458204
16676509
8773542
16324287
1826848
26589484
12058818
10525362
13358422
29158049
3469226
19509733
28218629
25235819
11213775
170510
3593998
20322484
17962650
25128377
26240207
1098062
16230740
5067906
28938348
21352470
3936766
21746919
14885715
16569600
18702896
8743429
8821846
27585431
28113096
2609623
2046797
13781526
25459334
2092032
24532203
27243493
14789957
2629782
19610443
4160302
14202060
17537825
4983738
17464120
20461792
11801924
9689515
23791230
13202827
20061261
13254451
19464818
28329757
28750064
3721898
29684275
10225214
19239406
7256375
3403704
27214215
10869255
21548749
18663155
10669764
21731692
28441606
23255119
11145347
21333310
12991759
8657371
17855529
21657174
16303099
26075453
2200847
7656667
3760625
19735806
29788698
8956669
10629334
28305023
14148985
22576984
10778221
9149202
18773759
1318142
22804079
22082755
11149965
21996746
24988707
9004241
14248464
9656803
18211316
28857979
4056415
11612582
2210498
17845123
23878369
12351812
18273027
7121287
7340236
6899579
2275805
2179502
8734741
536006
28924115
17701272
18538571
17578709
11306501
29650689
28131211
10542370
709286
18935634
23619230
21474721
10173484
12374084
20859225
25231609
2103505
16253891
5066834
2301903
18562363
22211030
23554549
1922617
19194616
13829262
12360127
27648406
27287699
27423714
22303416
5098951
5452826
12703859
3022844
19467777
15768204
9850855
27527997
21458376
1808389
20642682
22048296
11289098
2092897
28489132
12579330
11424701
7504358
1973639
21856008
6778708
11022594
9998357
20593602
13233302
28112237
21114042
26591536
14730304
5113158
4299530
13405027
3376287
26223967
26980660
6865653
29009760
28945342
1485382
5253972
23571754
25245127
18087424
12228354
5303148
17547350
9357334
15019817
657236
6818141
3583562
20267272
28383000
1745690
3980211
1131751
24123452
3856541
16921997
3066899
27536989
3336003
1071952
357071
17125827
17867346
29077873
3705334
5804758
14381251
29179825
1000795
11874103
1172248
11769188
3233822
9815126
9738033
25333323
27652182
19890241
12088174
12603063
15682416
26922341
24344919
23587922
22347343
28626058
28415404
20063951
9147933
10845613
24569115
3968930
22727679
12591033
5174514
7393744
4222063
926111
81248
6330402
9430237
2512804
19087452
1932626
17152861
17057215
7752995
25530673
19595838
5896076
1699386
14384721
5244948
16388113
16005219
25875921
14503974
6986375
4935211
3109129
4528447
9146772
3307076
2830666
21454735
19818377
10481346
20380689
21455502
21254650
29139006
20232006
5861434
6937601
15979956
13407471
12472778
24104539
23134596
7331287
24752387
23609041
21273015
6577579
11115271
13694205
24684581
16849628
8825251
18343549
22750561
12248304
12483264
5605591
18166489
11792512
25183705
2391834
5687992
23220015
25118651
11280963
26586264
13311589
6362821
21879598
11727218
11870673
18725812
14371877
26029986
18010167
10550755
4800305
24098231
11358150
29715414
22764180
6363984
12590274
6038857
25686330
3042757
22176326
26506520
15534599
24209197
22408556
15773578
20391138
213209
24455633
28388441
27730996
18558217
19083666
22658759
21130477
16418977
3491065
6924429
14116776
27113328
9017812
808732
15531613
5785821
15141012
11325719
15967372
22586663
1512701
18631650
26077356
6087739
19443026
14986235
7185104
2289605
6705110
376856
27876216
8930312
17810823
16364088
28858424
13593736
6270691
26944260
10117388
24973620
3624780
15824965
14041965
7468328
15350318
23551949
5519942
23677991
14685589
5256549
29359137
14138206
19957890
23465926
13816381
26292439
13591063
21091653
16105365
13319880
6042722
19756342
12406629
2943924
27083578
27307606
22939998
11894323
7270502
20948221
3256719
8331205
16382130
4480545
29374476
15704619
12738312
27046145
20428710
28695776
5791004
4395800
4424566
25838624
24310736
14248994
8219351
28010456
7412101
25111391
9835882
8643954
27024966
21113071
7047384
21664937
19010497
16552240
19353282
2245452
29408915
11308687
16561660
25873303
3166203
4900482
6872656
21732276
28762646
17955530
28135997
6082163
18536202
21394706
20769444
16373036
25814531
26724525
14739874
11614773
12634806
21762548
18349784
21971294
18712481
7626102
7699584
26369096
6501934
17311918
25096580
29242820
13166438
1595864
27961193
11324005
24695126
18598024
6337756
1162830
18459659
23817772
674568
10255447
16889151
2980820
8174375
28581881
24483172
18060567
16119795
17027962
7192870
21360988
5149800
13272184
18611252
5751968
24468464
20217236
18360435
15640339
22542063
13229362
3561921
20741151
7631181
3932946
1887942
23406975
27522221
22416403
29476636
28478151
27024594
24706579
4624776
29740544
28799512
25808065
12067085
29061370
27916588
21750676
25128406
11687070
5753992
18010633
14936852
15252825
13948679
2165046
917575
8820120
4337854
26264414
17219498
9197452
9009351
10972353
14910852
13660357
14848758
8873906
19536314
391530
16192016
4320632
14917824
26760672
26600439
7134473
14253653
26427437
4063231
816237
6377046
638123
7486997
14688557
18686519
17140320
4251854
22200925
3536029
27025449
16045251
15154180
4957933
22284142
16040452
23308635
4121294
5116408
13578164
7075563
13102670
18617074
18576496
17184199
9376719
6162830
29948365
7265150
5270597
9932676
17536772
25920912
27456267
28575476
17054421
7385476
8390848
23359494
2440339
27638891
19509877
20993708
17425670
1188983
10236059
11456565
27945425
10366121
26004865
8599018
17802028
27279217
13555271
19157509
23038484
15154483
18400330
11263714
15313745
28525494
25971295
17451749
2558011
462918
28550081
2289941
18864478
18912022
15133235
20132297
27399200
1724244
445271
11727384
25783094
6430350
23254759
25649067
9695911
26160996
20052706
3712733
4595790
11806089
23545607
19758235
5737411
5900016
11670641
1266630
25056005
18971414
13668034
2110544
27018761
29045338
8271718
9198576
15581726
18185374
11083030
807304
20944252
17405768
29046249
21151080
584003
13858083
19317063
11499446
23613912
22532352
18035212
22225481
9973171
7880666
19393216
17596181
22686436
1756314
14490312
25384861
18799185
8335799
27864363
17085252
10159327
7153188
14623437
17933701
14131036
1965504
20536476
16295830
921295
26585731
28851022
23518915
27281721
28428207
1030156
9826814
6700387
12878919
3319640
929529
12967413
23554071
10045481
2574373
13940108
10981883
9009198
6040122
8960971
22700424
1489480
9222004
11118010
9259683
269172
8477874
12100938
19868630
2416762
8711158
5193259
16277565
3946201
9361644
9360799
13442575
17934309
25867342
13378573
4323236
6909014
15060644
7188542
25220593
1884826
15835463
17258545
12472929
14220008
24925181
6840684
8608285
3972101
1796270
8295582
4861007
21327860
18774572
10818414
6370381
18099979
776166
29980672
24301063
12036335
7130462
14870578
13673559
12154175
18496215
18266014
21509859
25219274
9876838
25472587
11108681
24211251
7093272
7980409
24007025
19479591
3087469
198216
21438180
11706642
26499229
23400891
8607893
17618991
6467652
29014284
7905018
8713715
235375
10289666
1683653
19125598
746732
4950885
10205337
12697153
1141609
27389511
16037974
10657932
24995848
12528619
1647312
5628801
11936553
17810385
721966
8529600
15370337
18580509
26171744
9420059
11287693
26269172
1376369
4129645
1822894
23625731
16567933
27261369
16590190
16346137
15564511
25094208
8539442
24338456
26970987
13123055
24663449
1844060
22846239
25766329
13138070
27626260
25564301
1542559
4592112
13680622
28997468
8041446
17580015
8978009
23992076
28098457
18621218
29409606
21019206
21854530
3037174
24233723
6247160
6683111
25983228
20438564
4967786
15467749
13171298
8759418
19725247
23727070
6478318
6229598
5847349
1403457
25342973
16779920
1538738
25173985
9905788
2585305
1845668
8023883
6797496
19184253
3785645
20235502
5018125
23517354
22986385
9946477
3145320
5541576
1987344
23433175
21868765
16451233
26423592
28854582
27807144
15589182
10553924
24134419
6840236
25092102
26789085
27050827
26961000
25600545
21513172
10427649
9123615
12883016
11147125
29326468
17756091
12559966
28640670
3851125
14462732
8393859
15515276
2790711
25308847
9960087
27564469
28220842
21690860
26134255
23376130
13622267
3396504
24548921
27472974
11159998
814354
9911899
17698816
13508887
4530972
5323997
16705571
20950410
7805195
10553132
5771310
26288942
20564106
20842464
28478711
7920195
28513335
9819694
18032472
11968962
15997093
27678196
27145313
12417153
2886971
3398669
28551578
19795412
20654721
5196553
9487366
23311253
27381240
26278340
26530901
18330230
22606639
18540398
15731865
17183560
7005406
2665308
4953799
22904241
21753879
28353609
2401862
24823496
11963180
13260942
3599141
15336258
7733942
3663910
15451171
13562729
14833454
25274016
29922308
4425925
1795433
24148600
26746957
23293017
3299517
11902540
12200924
13557525
17278480
26358012
19327215
734506
25580908
726923
8625621
27468211
8191672
21932992
20672253
3880951
24362123
23468539
3673098
18319989
6736187
15687896
10625328
24711560
1635715
8849851
29582078
21370590
8440168
3123281
14019972
18458922
5945340
20266215
19452396
17932212
14613654
22850324
13455848
1927405
29970351
23630510
19895232
7550636
833596
13472843
20258656
29780861
2061433
21939090
5199508
9396255
21458932
20579129
24759036
7026159
8066509
19351046
23221968
17693687
16115620
10218689
27727807
5738730
25053055
27037090
29942254
25373416
22335648
20016213
24159445
14600278
18270327
2462222
19546686
26470663
25949990
14361703
8670575
7716209
17201581
29024108
18668630
15385497
27183245
23194461
24895064
21610766
20789529
23245346
23791552
16926346
15223890
24201576
23882197
27613780
29651933
1889069
10406325
14855277
2388339
2380935
12028417
19318774
15544124
18932994
27845338
24536772
1226884
23261026
26710733
742611
14410099
2558434
6949594
2654468
19382399
22844140
21951564
16258526
4780727
21532109
24857082
19469342
5553662
473345
15509766
14785301
15256252
11263955
9755092
20339329
16755363
25981788
3564710
8652337
25957000
25995470
27388849
10443023
14489052
16616946
3047224
24432754
20769834
19793521
29327358
26595712
8659354
28341395
26098310
13818713
17086313
11870943
9640876
9038587
8385563
19851985
27548246
17152540
15749381
24311022
15692199
3207335
6493755
24772242
13087358
27459408
7200959
14406722
3203728
9159639
14999863
26215992
23969936
5019647
20649405
24047884
24991625
13936440
3286782
1886849
642879
21515665
14619513
22991125
7163282
7117931
26592079
7461273
22691492
23617675
25767023
12094910
22845774
14767741
18642117
20274960
14931079
9327704
17764124
5295795
16417905
1388498
26889773
23864235
9717199
4409618
17575199
19185219
18293725
17434825
2443579
7179351
24551048
14590154
2858548
13179659
20812088
13469740
14386744
29591639
10264403
10326409
19386980
16582531
492410
25766083
17813271
24748785
1069337
22032755
18703054
18896318
23483992
24776830
15506021
14939672
817237
29623886
4931040
21604693
10147188
8227963
13139616
3355227
4476186
23604128
14000022
18834590
24842002
12805783
7864151
6600877
27291803
21381494
16570969
16490803
29892935
24957337
17702969
19745575
9201827
6711110
17520143
19288185
21533048
12278909
17607296
13332086
6390146
7197083
24360409
23625122
28022443
7314224
21624351
15009698
22998207
356494
19669138
16584817
27436632
13660899
4841892
14180796
8368979
20142278
12912629
21277994
24637133
13863709
10179373
14303068
22212983
26885622
9600849
21962398
26210836
14104782
20462854
28070375
22340082
5098034
2559621
28464529
1599381
18375413
10822550
24446107
27136999
4262402
23802376
25695980
4900461
27212660
10897796
14653191
25367578
11897384
4760900
25502100
6329894
26512426
26029104
17751385
23076577
8266810
26687266
10696646
5330829
29717831
16540142
27451435
4414371
7857018
27245126
1511426
10309813
19468816
29190661
3697447
10982775
7662726
20611470
27992448
27754077
22116680
24170945
29843249
13418511
24971676
11369660
21104324
8230100
9381927
28555831
3768747
21016122
7423956
8967640
27024709
15905705
24645088
24065925
8777217
5428354
28098632
18732016
23976379
13287115
6043292
27694452
17562588
364985
8173230
29917963
4747873
1336386
13272524
497969
13199294
14659315
7114950
9417714
16293098
27767313
19171692
26311536
292659
29923422
2394435
21654916
25236458
18680423
16363195
18917452
20639549
12239130
13405319
15310830
3351109
23144958
2906653
16376501
24543248
26469801
29761157
18537026
5886557
22662995
25000211
4796933
18321993
12451628
21568037
2644239
5518425
10684201
26458424
10924554
2280602
11996662
14280932
28194362
13281946
21991732
28099513
10075887
28950614
18301394
10665095
28305546
22304023
2111700
20294400
17538686
13816825
11555124
8132230
27531376
3175612
12381790
24693815
28695356
8863129
17828594
16314887
27285631
22139949
27453051
21127971
14504696
18328567
10492129
579055
23883803
14961251
22237151
24522981
16042311
8803101
18209470
19836707
16909450
20523004
10667689
4953654
10916761
10358772
772455
8106658
11156111
8188514
19452959
7301244
20303831
1074080
28375786
9336172
28630663
15747116
4355997
25278489
3277294
18906809
19832465
4084419
609521
26968855
3520581
29698267
21429155
2658154
8358313
10997819
22196333
15507047
25359088
22221931
28875858
24849306
8067343
19097174
17400747
1787005
22577790
26548778
1813698
6895287
16856826
3197846
29567548
1081754
14638763
16053882
622538
10074926
13424087
468860
9721305
5428388
10308314
12108566
7164082
14824478
15779869
17108452
25859887
5521748
22303145
15961637
16843159
6067170
22523513
23667150
27986463
9278088
16550459
13615306
22769903
28280234
23584687
28763105
26585996
13395791
24630687
26674646
12933913
25668673
9358698
17805367
2006380
28171221
5220355
9928866
19746735
5648945
23519108
18491511
27408582
17084244
3152445
27020858
6128020
18649944
19100595
7661567
20279591
24912152
28997965
29626929
27778696
20031085
7175290
21691689
2470049
29392409
1736396
7810117
24683736
498977
450363
17215717
19439107
6998379
5615866
15532964
19057692
16217133
25659036
10279067
21364062
24764759
17356538
12226605
9919896
1416931
18874619
5333365
29388558
5968431
2309513
12230173
17125558
28117537
29437571
15923463
15375077
21038994
28610835
15286439
23362639
26315072
19209577
29697761
20569179
9909707
28866994
25876211
11263643
16035670
7937052
11189836
180774
24044696
6695022
2741425
19214900
24486702
29416640
24860253
9892776
26298443
5231377
16976249
13759674
4349522
25983744
15215754
20894358
1192010
5523162
181502
28833364
7167197
8232951
6604739
25902701
2360485
8542240
21342770
25532354
29158817
27438710
1856908
14942752
7547464
1862500
27524636
23464114
27964580
11258329
9231897
14009495
12714356
9567658
26225932
271459
12163863
6674913
8452657
27318665
13065656
9699941
11668867
19177834
17815539
21341593
7982524
28020113
9170580
28503582
19622352
9841402
12161492
1249665
13382314
13754043
26953358
25450248
14285113
4827576
29508591
17740270
5203766
24489268
29805684
21681486
2402701
637981
11526739
22267991
18258232
15020086
21287524
1277269
24831076
17438212
29762709
14193217
8258903
7759760
991559
15579412
1393025
22085530
23823566
20068285
3393165
4240593
12436593
4013638
144237
15261106
2593564
16458732
29706435
15803648
22678203
21786884
22383993
15152188
25699964
9254430
10547707
6040685
26481020
4928828
12147985
5341684
2139077
14296580
27486143
4108173
8888859
23026370
18440268
3012310
14654112
21071339
12789509
22501327
20475613
20211440
16438822
9906998
15693367
19512956
2971668
13977855
28301675
18424839
477125
29651177
28659665
14076973
4066948
9381564
11734255
10112236
26980144
5437299
16242369
19265200
13966703
6213296
15311729
13096204
28102022
10914966
781413
5543159
26571665
26321702
3827359
16793738
21202837
21306137
2125162
28216008
13315302
17422971
7082006
21570279
4045452
2190488
10737370
25989261
7250223
12354461
13155063
9447045
29518894
7591088
28216800
16822455
22077417
5645368
11836208
22241645
7019605
9384130
28721908
11606508
17740070
11620031
2526839
14703883
2213370
27592376
17187398
7591800
6447037
15857198
12530406
7863427
2492413
11026460
4641391
8982720
21155044
19915583
29761083
17256542
8080863
6268373
2854199
12623587
7893169
9444811
28053401
10546578
9717961
4295040
10784908
19406868
6211587
21461532
3122948
6138489
10323620
658824
9117134
9474773
27546307
22347331
5422189
24614636
12376588
16159677
2354543
22220495
19849254
25258034
19151423
22109692
7004995
23995599
13160255
25865969
15998629
2127148
9240173
25737321
23620256
25220500
6449636
22869115
9837160
13597277
26285826
15341752
13621827
17030931
27426305
23565268
15966204
4503285
14760865
11856779
19399789
21756374
8142252
19209677
5556335
23505183
19276092
29368048
25004665
5530864
10495985
11481961
11062330
22654346
23580509
10848393
23419588
2491938
11422571
20079668
17563695
901661
4036011
28204426
26757927
12922589
22000758
5546367
21908880
25956798
23929797
12058001
6112226
682525
3144945
27587403
19007716
5954012
4138472
18758706
23160843
21011609
17290610
3757728
24964257
25452289
11060035
21731534
7672624
14096054
7655104
28317556
5041879
5099947
27805889
13446233
12667089
15827690
8437655
18607289
20532132
11417976
6567438
19763282
12939439
26419595
26097892
15288734
20663477
9426908
18556343
18571189
10268507
12545367
20682926
9154085
11904309
27878430
9765466
6055829
27304461
23171327
24554021
25869005
20712222
195294
16742102
4066677
16527191
14829243
26302583
5716854
26529063
23094589
9017327
9801018
7231597
13802727
25420139
14848305
14346522
5642776
17519032
7609078
14141388
4857465
13017912
10918967
24799977
24901921
27860821
4260489
10687098
28147544
13639635
6996612
57700
28493514
18974608
10214460
23813070
2671622
25604806
27345626
6650462
2614643
3279942
8153151
8126681
28670036
15085840
29933426
3208299
21310369
1691164
17745328
21812455
7452406
27802196
21539990
10468737
24264845
28138471
23083973
5186199
17126983
8235972
25337322
25870298
1810497
22495921
5754272
4398350
25398818
23442762
9097086
16787362
11921035
8285500
3590056
9145734
24878548
26223253
5978175
18430067
4812343
1484529
24573933
12088858
22800531
4041470
18254636
20053192
4438827
6236310
9129050
29512024
18621345
22573442
18843083
1252066
21403572
23713751
12925436
21059879
10856430
24309705
1522158
26582999
470638
401044
29595732
19135595
12510818
28375167
8483607
3862357
15560071
23669527
18397866
19384585
17183060
8599637
3891206
12675246
15327056
13386198
206721
2859994
21575785
6616570
23998600
23351516
29792673
19055181
11744711
23088707
5927294
21989015
2170338
11803526
7588706
14891177
1217506
10450936
22665144
14495257
20792187
1858783
22512850
12386157
25935429
29429793
3399679
12579957
13541678
9353207
14008884
24828853
11620646
21028052
29357097
16811513
25680267
9317853
13675092
16186795
12669870
7572579
27882947
13911207
10278616
10754895
20572916
2955787
12952162
3066686
26124823
14808881
26132385
21385366
9013124
28996441
21557516
20607187
10141238
6598284
489892
18444805
12370608
16616641
12193659
5267851
29715497
17969127
4711716
5270114
24242715
16284260
10300848
18232879
22312837
6414715
635924
12442666
3191523
15431878
25750483
2059324
17850035
11062604
9768055
23562844
10749326
16941040
7055998
16487226
28903406
4272832
23761541
19759126
3952299
21786039
2565559
4709787
27493721
890619
18124374
23081581
18740476
19921026
29256825
24890453
23989982
8751370
5782867
9434376
22337513
22433773
10734173
9478571
6825724
11998552
23384141
15112399
7543656
18484760
29882027
3582006
318985
5525817
7911405
17649369
8155451
18860388
12575010
27067017
21281331
7027358
21895050
1147399
22581988
11419971
21458369
14662959
7150759
21528789
7627577
21686721
16434679
29127637
14550588
15703035
6521748
5680936
16699503
10041244
16378139
1458527
7368214
8552013
28915145
6500402
24605269
17900378
22865037
8334498
20517742
6344093
21095741
14170539
23050015
11818126
2899664
25219051
3420270
6278696
29811485
13503878
19050587
29412467
2992932
19182557
26245139
14491534
5402063
12665739
3004045
7375313
6540916
12899639
18615907
182960
7881660
20316845
26173551
5565813
22886193
12985396
19121071
20313915
20433453
23988737
25658508
7438754
25637827
8847458
20659917
20280726
4240211
4503835
19435554
21763792
11914523
28431366
765789
4342496
25944423
4037163
14287933
3655946
16732085
16849889
3306722
25727573
19779052
8919500
6498085
27018621
7662631
29513625
14082775
26618882
11234381
5632595
17843431
29890901
6306388
8488434
16893743
15914079
9819813
11792124
24846024
29375899
20945309
10354548
1541966
15070176
6407816
27870368
8616691
28632491
19435728
13400306
15325419
22403583
26762791
13627105
10835542
4510960
3333940
5843895
7300921
18144630
22728308
14761394
22372111
17081044
18516370
28349181
4873484
29132574
5364317
23389760
17772084
21968717
23070721
20843458
17805543
26598899
13190939
21717963
10109943
4722763
7819781
12282035
9929653
24754537
29835007
8263490
13801275
15742468
3042677
5773773
1235956
28447062
24076525
11841452
22509953
15046197
13330022
19633693
24939999
7369438
28876052
20526184
16928862
8447460
2859306
11814533
14381270
3814273
5609832
392942
8380519
1407925
25269194
2906857
17339889
9632247
5599426
23421186
10697313
17011274
28580550
15161264
12808019
21989492
29888321
24599640
3239587
28328761
16984766
20811767
1998842
25388067
11509646
26600990
14991892
13531748
22784690
23046118
11685454
22275193
5609469
15184134
20477402
8732099
14472138
23050795
24365394
5894218
18455212
18291384
2591373
7551590
24375993
27121182
5277874
17693863
7781448
124555
17624690
3352757
16178287
12103194
15757852
29892800
9690532
11678180
15680777
16073726
17927005
5162874
14507632
2813895
5781252
27810962
6462003
28880658
14313204
23740024
23739870
19524662
12475332
24415910
27413257
13742168
14996627
11276974
28487073
21277279
11279085
18982167
25119338
20859995
10558648
28158302
3057464
10422575
4073359
18150597
16849638
29404567
23647878
11494358
13755398
16540400
19787517
27057018
19402630
23066701
10743482
11062324
28991294
14506415
24968593
21474868
29115225
12409639
8927097
7354188
28314173
7568977
2382447
21901020
16027755
9435321
10742019
24287931
8623408
19398734
17184701
11992842
5245335
1504428
3780150
28680910
21492349
10748566
264853
19867286
26266328
15599442
27710287
4254952
20539327
16502788
412924
20723235
24761821
26275014
15182906
26515267
27759283
1843898
7531832
17639852
22527897
14083920
6433289
4544542
10231816
27562435
10640484
6457157
10005199
11824346
10895389
7700534
14883079
27566728
6838736
5358393
28905420
9589717
26148619
27197866
16521964
626605
28223883
6364343
14115017
1320252
20059204
22488341
28627649
7743082
13455409
16246500
7921551
4940691
5211587
23500450
1871620
19101831
6131824
19074313
17991057
562980
2147563
2294820
19809772
2592205
5602114
19793328
4873337
6665250
2335056
29974063
4940799
544726
402828
29172912
255437
22578465
15532402
4325243
16413615
9250465
18871516
28259779
22857539
3741858
22533191
774558
20262179
29530803
6759923
21093151
11804479
18660130
22769322
24583052
1907279
11283337
19843764
26331124
24484110
7267369
10531825
11295522
25047035
5052377
14972351
13277395
11111141
25814999
11033552
8748483
5152820
29061154
23598014
4558946
23184660
26689693
29440236
17917816
27445355
4791639
4679632
16779568
7570332
3581199
19573436
17780579
17594022
164453
20388661
16365573
26254018
19645025
10383807
7473507
2826475
7068530
7182928
22095859
649787
17738330
17451822
22968735
5176693
25069383
4755467
10879476
599509
7792111
25100192
7174859
1230585
18212310
8346857
19287361
16495284
7303677
18726509
18558585
10746404
23106558
5972660
16548212
19023243
1908977
20339462
6959106
4370383
5785878
3291249
16357637
8178375
25619259
10078072
5863785
9958632
3034041
23972552
9199856
13016861
7513654
12206453
349899
14591324
17508885
16462447
27905414
25987634
29641937
23786870
12309851
20898722
6589151
20822384
14500055
16554700
22641891
4286108
9645766
12994910
2569872
12934170
15592892
11270804
16132737
16612944
26806897
13634052
5611439
16875712
23523819
21803273
12011498
5238223
12350328
17689329
21567008
25078933
10786658
24299812
28559037
12920202
27725198
27837343
10740717
15261122
29452433
22739752
5172484
28388493
27993409
19211638
579756
7966141
12188205
549009
10190994
23691705
26220957
29770164
26517059
18550058
12249710
17222180
25303215
19777898
25760139
27941978
783351
18835152
18615657
19606835
27492865
15891704
19050901
12824533
23080393
27382955
6231167
10902545
3673651
11096744
16997195
21667647
1909543
671700
27026839
13815812
29254828
13045289
603223
2946662
17919812
3933222
18930646
15095602
10208038
1235921
7605727
12642009
18417256
28716469
24836115
2190366
10809449
4937812
21440142
6593501
27201442
13430066
29947851
5231218
4999596
8492813
25741946
11003369
18858741
2134575
12146371
17642844
24013515
9056892
15147848
3379015
2946715
7507396
23611466
22656842
13465949
10909270
1147255
3302484
27723384
18392556
11643864
28990136
16832818
6790254
15543058
22295174
6071899
13153054
13086780
24368636
9773329
852381
27922161
8591406
11697500
26436130
26791759
16394316
932828
15436736
14478603
22460977
9379279
19731426
14891821
8600653
19440589
14691005
13600082
16967060
3360909
398588
19307583
19565575
26171587
16526369
16857714
19515111
22096303
6041063
26575752
14243352
29465530
9067472
10806675
15392265
26600400
22057883
21481972
22139808
905164
7946050
12449400
23959416
6826542
24801750
247823
16807047
2929713
15438931
29360549
2193158
6204507
3637163
23706324
16552167
20573450
29877983
14235971
27108703
19529129
25038541
20360031
28706515
11788128
20621171
2583630
26287255
14548268
7115593
5650567
9313668
25391248
6874782
1181863
25519856
28706615
14345359
24148669
11893630
26189764
22584467
7379825
25375107
2769970
23968168
13016012
7629667
13757722
18944211
10270009
10377900
15546482
20608305
20664184
19928023
6744916
16551780
26814534
17542585
2133674
28084997
3370147
15101717
24666549
14554323
16287727
10074293
11883489
4511634
21595194
7517219
5912376
26105017
874098
6035202
21165355
21334530
20015487
10586337
27042410
18217481
4328956
23020982
67127
23544035
12522610
1888387
10551436
3238581
26747565
18084462
810378
10421574
26610305
21242340
18860451
9686782
24906601
6114845
692595
1624492
28635796
27233456
5246625
11824876
19481509
24831248
25437836
18930247
26757850
1550201
7555075
11478389
25952297
19534563
8586450
17099550
20025712
1159961
11087242
11149382
2573420
4793391
15966876
20469927
25782446
27445751
8761031
25076102
15013698
26475052
2072816
1416577
10016886
2635874
14522805
26914411
2733442
25090032
7661434
6984404
11628229
10132836
260530
16316997
16907004
8316490
15704485
28619518
11288733
3682827
8363230
15208443
25624621
26788637
2325801
22666978
7517690
15275332
6062350
23306929
19810930
410667
8978267
7070511
29199422
25843471
21899276
9586892
2117387
4537513
16034459
3759494
11565520
3145931
22813329
781942
19734326
26179844
20905304
10852278
17104893
16217722
29171530
10569069
24601792
14371150
3160203
4760301
25560085
16500092
6859235
8623702
14891214
111156
8919050
20213552
20801487
7019759
27265101
3323158
29045400
4138520
23181490
25790591
14532011
6548686
28069133
11894340
26854946
16381473
15225241
29356697
29497326
16978361
3441726
3372017
21161247
4429128
10137351
11777910
21724577
29021979
19194535
29791482
21109958
6665540
20366153
28443230
10844836
2915937
9469014
21841444
8784236
14880289
25758087
29396404
22853486
24241838
3966142
29835718
22976349
13410740
3672589
9097491
13100472
25156116
21036660
10380929
8052163
4280557
23144930
20130635
16127143
1426141
24458338
19278370
28282139
14474537
8284282
728634
11204529
19300755
15342227
29284310
28628664
25499766
10523936
6438336
20987372
23496675
25700564
20987819
3177805
16064323
24845300
8219301
17107449
11079963
24030184
17743110
17705744
868352
16829196
25793433
422112
27547430
13195679
28100189
25444143
25630947
11980108
7615384
21733649
22217267
29989755
6402506
18322126
10100759
18216061
9627656
24916316
18138625
16926680
13332077
18681350
22024184
12657681
21606508
23080633
23888526
7040474
13003546
727519
20134575
19555951
2666744
25719494
22839677
12676900
16776139
22902864
2931638
16450867
28909729
11755598
8525913
17893402
18616835
27743752
4735236
20296256
10216894
12728951
28981299
12253706
24772728
6301445
13984790
7289490
19417253
13487146
466300
6572266
9000417
1417535
8941350
9599067
24282490
5472462
9301948
11524929
199188
4770207
3247102
10111955
28772461
18235336
14260951
12041521
11898506
8789943
18280525
12335645
8860118
4446309
25691155
20924511
6833059
18749111
22501612
23365373
22994923
16948211
8067244
7946284
9653215
23013038
680502
29097264
3473995
29853516
22447800
952865
29718302
13081351
21030121
13615893
13058888
3215172
19242061
16165709
27728290
19957518
14137033
16946559
9299857
19305355
13436517
18776340
12296176
4007301
10561028
22727645
14830656
14566564
7590401
19353224
18511435
27692509
11193846
989715
5825118
7700160
10812499
13581113
17024112
14489407
4391781
17270248
18176391
9611861
5699000
6609919
11774789
29325143
12521657
25891488
18034773
23143597
12853238
16098427
14007595
23788606
28925673
28854497
21025121
8166083
25394505
11577651
12259176
5456282
9404977
5969562
29516095
6721800
14548117
11722980
18377085
23025331
9235465
20247677
1525694
14057840
16527282
13891543
5808868
7347607
26883980
27341558
9452347
27453581
4938649
10985051
26479465
19272893
6173731
1896905
22630895
3262732
9710091
12743485
24792313
14501346
7141021
11368587
26890620
1009697
4379637
3961164
23630409
1780595
15996115
13626275
12434617
22860414
24949356
25734764
11952685
5312131
15295061
13135743
27384884
19193264
20509709
28501575
20511308
29458002
20684394
52364
9755239
9932326
15963388
3007090
7266132
8323315
21686416
18200665
15726926
4667062
14152024
20891275
5416155
5712334
4597490
25907094
28737050
5442454
27172220
5191168
8013342
5988052
27819346
12479871
6077102
5817787
6527768
15257451
15549947
5470996
19707608
26452284
8309611
309361
29229080
12589516
24097401
23544580
20122642
22369227
20616866
12177492
9686387
17805661
2766403
11803232
176739
5575992
23293912
8032356
25644526
25856642
1339249
23452420
9561647
21839804
2805453
7066166
12131053
6084000
4093081
18440289
314581
8174133
615328
9263083
1863795
1304026
28255782
26119587
17562839
21210858
11047065
26442581
5627076
702422
16752522
28639150
4557267
1668762
6283150
14349139
11297008
4804378
28841547
21334051
14213901
26539758
17539461
22885555
11512199
281841
12509515
14267689
2715647
22405598
1915421
22926679
9516891
13858779
29632466
14872282
21006788
9871398
6313268
17120382
10278823
17748184
27907565
22796613
6751608
25188619
5790636
19335948
6821274
15052746
18372882
14959449
7167057
23432467
17168905
25718594
6532710
1048209
18060444
12214180
16340408
18647817
23065660
26546617
25048197
13607003
16208513
21169317
21117632
18511830
6624433
21497994
3166521
14072203
26356346
11989718
113934
3631435
14531043
15850436
1533935
21339581
25807733
9203193
14630752
6548297
25221951
10614137
17101637
146577
19290280
24708390
22742821
6322466
3960054
27956923
6132411
3377052
1247316
25951580
6358939
29540625
340737
25304523
17554712
24546490
16795255
22208540
29484538
10521014
17099856
18103921
22502492
4749455
13377052
29826386
24297952
15123583
3144503
21022328
21286764
23129016
8361167
28138342
11478436
14618343
10951379
2139413
12006423
1159304
19572693
14969473
21667619
6561222
23838801
6579145
26640210
2527864
11861147
29126143
22246186
8431397
18516423
29461449
20154007
11868896
25052024
17537123
13980920
2874911
20555976
15846977
29022240
9926618
25824636
24966735
29860313
27293268
4751788
24531053
3943348
24002330
22715502
18451052
27251844
21153745
9646701
13674896
2586284
11676156
17674058
16018897
7100742
3057050
22288423
1984961
14539719
21964094
720440
10891567
1733117
1466764
28285563
5036275
4324417
1250302
27976330
29553400
17964543
12998283
13397412
26640671
24179436
19680381
29025845
641031
20823201
8508112
12446957
9938089
7571406
8349182
11913924
11959323
13517880
12931026
28404267
1081715
8989729
25399749
2610339
12661974
11153631
25190367
19069696
23304312
20366408
2102581
14053196
19283096
5952635
29213994
6122063
27873108
15628391
1340843
25620704
22886108
22698765
23539065
29382618
17121530
16245464
8926247
29327169
3571463
11692035
25467523
23622394
6748017
2313412
24070240
18001822
18594976
17390556
21877900
29480255
18806460
21198459
26039372
17006623
348790
11739591
19097378
19240328
26726973
8407909
16885896
4022631
24893267
12302887
2942923
15327865
29372627
22231055
21447519
11954890
28415091
20647864
19964163
18268683
6358987
10310206
20762176
26916874
24352724
19420934
19743997
4470241
21775600
14926747
4405507
19584828
517800
6529424
7459773
28820009
18659491
16485117
22351767
6420271
27134107
7415174
5690989
12347933
25088956
8965425
636199
14065514
27534711
1359720
14091590
16585606
22252635
11050513
2305892
28741884
9188549
10312516
25262738
25583399
21182506
5801794
138630
8173104
2047201
14993246
21190451
9944939
21953952
12311143
14663160
12293080
26814682
3265083
6717754
15082388
18264270
16180008
15069618
17849847
17957989
18805246
18000887
578882
3396697
4197304
26131542
1742517
446622
7805083
25571421
6885692
14244833
4072173
19243949
27229875
29955304
18931946
9941939
11616893
19238509
14912185
28429763
17657388
16041095
18370170
6079990
18397758
8387739
21178776
9423347
19026694
776927
17124030
4841348
25507430
26693838
19726552
25661475
28570
28066940
17547215
22264537
22131712
21302211
10259980
26526252
20466805
17940958
9663750
12183806
6906297
12954204
29041774
21974414
22968972
2946130
16704382
3401937
28472595
15123248
26962110
16758206
455766
14793004
481658
19586426
6266057
11766881
23852741
17379649
3063830
27331365
14214686
13231872
18516514
18242289
15090747
17813540
23659254
989283
9544923
14780631
21867490
22351122
6620143
1300596
22316580
16167577
13407167
9404455
23249227
22257839
972992
14723420
15064637
7197113
11513129
9052101
9800024
1412905
11871387
10290304
17798467
9439840
14722175
18885687
29008441
19760146
24901469
9122609
19211167
20830123
18436356
13735581
26294627
28326064
27791183
21255971
9871630
4412361
23964128
25696210
22255761
693461
14377032
15804750
26098504
2634894
4185406
2142220
1010933
24568917
13909326
7440599
26195751
15010210
9740444
10389810
14445138
10731307
10328611
11753109
5459774
28896237
27299993
11289260
29317604
19981977
21983963
7299274
13469226
1478003
3564837
27337789
12740931
13139451
13289226
6730166
28513495
23455802
9012503
13114379
25312268
7154758
12502397
5834686
17975163
15774223
5599470
5257675
28159995
9226182
17887895
21775377
22882663
15079211
20300523
10931373
1510279
7732503
25602155
15942072
8392260
27301540
334248
25352669
15043876
21661663
3399762
1236643
2139495
22900670
15895770
7299466
5687095
10619555
25191098
1926652
23133639
15000879
7228687
29458496
9826741
4456120
1552491
1382783
16166431
26502819
11005722
18325061
1644946
17435732
2632618
853167
5637800
22552470
26782771
19282839
27872797
26785376
23196366
20904035
22002883
29811969
29137057
10484557
7202516
6189377
27012205
24499029
7856395
17028203
16037222
16517307
10164295
5866020
12019885
25836457
14470310
7290260
3863113
7689158
27310571
17831779
15222852
23987511
28505275
383331
14529459
29839486
25863792
23582531
7621077
8918136
3626491
11066988
8500317
11241385
23190859
19055865
16393757
14755217
29557453
21712029
4666767
24671564
19661601
24403944
2850468
15253688
7832856
6833654
22957673
26209801
13989505
4330147
10769388
29813285
16100546
1001899
15079732
25351214
22176531
15895827
11915612
29865895
6431393
14040547
5858494
164280
4134595
17123417
28189918
5937684
17713529
26212991
18052744
14332657
28459934
2482708
27224582
21715336
15386872
28042390
10445325
25778736
16659921
25999212
3186315
3326530
643989
873099
17240725
10189594
22038957
10047727
6275795
933321
29365035
9101078
13301321
11270049
23386554
28068476
22892103
14678848
28930804
12648204
28130233
20420599
22044224
5396816
24420174
6513219
17508244
19087033
28351736
40009
25179301
10195069
29111436
8235306
8714005
12376905
21490601
9331620
9889500
25144652
27138339
14355672
23761731
20986949
22876577
10369533
19545261
27925823
1602280
24896648
9447298
9135568
22126545
7750676
17968502
12441609
16472449
20402555
29211221
3181114
21108683
27704241
21371102
11648690
18230066
8672912
25309394
16583162
22335098
7665461
13817759
28651256
11033421
13095814
19157013
18230052
1562541
18600546
7439419
13799973
10473797
10390757
17809472
9697903
21313237
27323703
4878512
11122171
29555648
27241883
18255785
3571220
23179433
21139524
3499419
7332375
29980126
21169551
4074914
2637100
9810310
5855348
20425101
18042362
27959640
3254895
4826454
13463236
9063804
10078887
18857558
6812052
5972328
13147635
13191636
870343
5109013
18251666
3414959
14908825
29624985
23353115
1646580
24319822
22935088
16361803
8053243
4468924
20615767
23188014
13790823
11780413
26323447
26188451
23301548
14431407
7258955
5893965
16293059
12758779
20116688
17241800
18575829
19399253
9339587
14512408
13070197
10669450
3637560
22479793
1804444
1443447
6568818
29107692
11113305
15995084
16344494
17950599
8963514
23709332
21362170
4203906
2689837
3260625
20164960
4381103
22417676
24764686
29166339
5598166
22178310
23309448
14680887
3156617
25914921
20552404
25805211
27555937
5779735
47364
20277549
24824681
7978521
7400489
27228037
15345134
3203144
21166579
20434898
10425901
12913095
8092663
16072891
22424905
1889715
29066270
28894515
1964533
26454646
4826372
28244486
25536434
8488769
18125396
19228575
11453445
19991620
22909147
29953903
16153157
12249226
20446870
25732416
834479
26963462
20784978
25392579
19858539
4532849
16962509
23143320
8920300
3411788
21368135
10124687
11785648
14485261
18499580
6867208
23565593
10005848
25692337
16942993
15133090
8806332
27424713
24788135
11820744
29657283
9777459
9391105
1297039
409919
28465355
8649716
14484418
21227222
11241540
28142745
21785391
6200057
25945624
18412481
9786552
18356942
27177295
28762193
1419110
14990458
3962397
7631054
26274361
9719310
12922884
1891392
9602784
11615382
18309247
22392902
21156244
17225062
15932752
22223250
28709488
11886195
15560183
5346545
16347214
12978177
22375663
3323120
21195112
12989752
18815004
25030051
7656958
1282992
7812037
23359567
24437380
3641872
19016517
185754
1601599
15867060
20553498
4917189
20224756
25846004
23959971
4063174
17675581
16861021
12366887
16612966
110239
19921925
27379922
24601486
25347914
20922188
29372076
24160560
28162936
18184461
24866961
6230984
18846223
18324524
13038722
17870617
28568144
24946326
3555167
16610841
22134557
17533488
8814268
20120934
20152648
19866217
24443924
27064184
4365488
5479859
16901439
6856433
12532689
16601722
408784
4700250
23996128
3294689
2541915
9021619
29923041
6678587
17146960
22138366
21249888
6807350
19443576
11837346
536517
921985
27778373
10272778
26669037
19622202
9017055
4651767
13803932
8094552
28629450
13690980
29364354
19942215
13273211
6891424
13562015
25023829
22059871
20228495
20107698
15260552
11885828
22783211
22354132
26337688
6730308
16828863
18998372
26980048
11564326
4231488
4678850
5710786
20337983
1153590
29362370
9023001
8641726
26341246
28210685
8896839
8374060
8428733
19102041
16818548
9805650
23953643
17958805
29669437
10404009
21423460
28870630
27369565
21840875
25720567
28413572
27550023
4109368
13838499
6704291
21414859
25644470
950575
28121425
3192955
18984528
1208186
5097790
8353376
28532089
17405018
26199313
3099762
6881231
26397562
29789241
26853011
26870650
26660633
22479489
15358842
8991688
5301810
9570699
24858610
8600791
9336316
22774346
3722566
21733320
5489678
8090717
3977705
18042536
21841761
15150047
17490204
19193368
19566965
29534018
3700167
12298036
22803999
6842115
19840118
24542646
25420335
24298817
76935
13710025
1376121
28664338
7278377
13667810
202653
25210727
10434290
6378934
11278565
19780653
7644857
26252442
18685154
250052
7697562
7541162
24798280
12847806
2897801
13563465
4850753
27012537
18871483
19623341
8990731
10944238
28415244
3038903
29754006
1265915
26927431
28799015
12812153
6351157
26573590
11801041
19100275
12014663
15614829
23029925
21941682
6330941
26280394
5626537
5622458
23375970
7501398
22772069
29356142
20006474
12552699
10877020
15959054
15989512
8458735
28354769
3345229
7145305
9138559
27258074
1303435
13636474
28775469
29881492
9231477
27650121
11305786
7797454
15425128
14834287
3555829
28757973
2880030
13928152
11739455
27421071
8527798
2970976
5816406
22475603
25738028
18485392
2469848
26338270
21012361
5340825
16201694
10679605
21934111
14106208
22374350
22490653
10883139
24420209
17413794
12487683
1489292
1895830
20691862
15560178
6700186
16406873
18788463
7646828
28459480
16224169
8795669
2053108
10270992
5864432
27270706
19592568
26913691
17649325
29094660
818660
29060372
21663396
1583518
25082768
7761528
12322949
9711828
25947642
15093071
18453142
17029331
14927630
27879060
2903597
7331722
14991993
25306743
730186
23723317
18776248
15920181
4019958
2474419
15189462
8387197
16722479
6250063
14082941
9236394
10189298
10245418
18863758
16632910
7010426
14417840
29712474
20892674
21928209
6160249
16332942
19262392
6920191
10927845
9076382
18555998
24603691
12343376
24071006
15665342
6128575
29786078
18539535
28357623
11738757
14341440
8452867
20878989
9980271
25529035
12513575
1662222
19019958
28340948
25889826
7444738
29596108
20988420
18773021
28507575
4675020
21672611
17502480
29750313
21460823
6535624
13256429
27535871
7142941
5381616
14974421
19833179
7897875
18999375
21352468
4792687
25500590
10094526
10989586
14000413
24018359
27185243
5997459
20640547
2263762
9177484
9717163
18858435
8053958
1220485
29626062
9994666
17534163
15914414
8581170
29410546
27919401
26901878
10714289
1710033
852487
23152637
28895608
11788714
26336379
12049801
1495328
1631271
5991595
24922042
6297757
3964328
22588065
16103412
22366454
1239538
20458602
23920921
7104199
18337857
18401375
4184133
20224007
26878842
19529525
11712284
21731847
28020677
11306762
15734725
4760629
4013801
14140911
19482775
18999372
21984192
18415482
10915519
23265631
14496112
9034585
26906245
3828827
24236735
16075533
940619
26375860
28640833
6861508
22227404
2447659
23871151
29984085
11494842
14158676
6200559
4408130
28762520
15755619
27196750
8684129
5796949
26846868
1732468
21365324
571182
13007417
7160825
16032025
26135377
2903194
24367315
5660431
25474391
15303650
14594448
10200974
9826814
10462509
23630884
15715375
22416152
23732089
21696629
16568599
4498550
20422592
23099045
17604556
25769547
8345247
23337343
11421380
14697435
14241601
2033162
2192794
28678230
18892393
4672138
3686434
26944732
14955577
26749211
6493780
9877555
13247652
28935514
12735290
26235447
12782051
683962
16819274
6325336
5231225
1558553
6487484
19542915
9820417
24134930
2811566
5871174
19209756
28254865
5976697
5783711
2637785
5596884
6960673
9094024
222137
25522770
19153977
4545405
24704461
20721222
4454121
12970303
24404829
19359179
22425971
15186212
3163758
23116613
20330029
14897160
28656729
1834020
28343546
18420450
18400317
13179768
1751328
4023891
23627876
16591224
22543116
29330795
1076467
18854174
18469022
23078224
24415525
8036877
26520855
626746
8870186
29191181
21136708
20455001
16421480
17192641
29569913
29460819
20749170
19775323
17893422
12404328
10045439
2060943
9625477
28152825
10229592
3001416
14556565
7747023
16951005
27077556
14922132
8626825
967826
7560121
2486614
11170649
9570574
22977245
28338655
14117901
23624295
14617773
22181314
19335201
28156336
6117990
7024839
4009269
28104629
10252840
14892586
26339253
25799217
19139507
16394798
496400
23016239
4239228
23350179
24151748
836583
3420291
28922255
2012162
18191474
17686671
3878083
7884850
4562552
6997830
566046
12740005
29250229
19352303
15684860
24350508
10998486
29686016
3525548
22798207
27109644
21304564
1755121
13164798
24066043
26073856
29818858
18405640
2420173
8814880
15537245
20388995
29804922
24351048
11714887
22195020
3043224
3543363
12304096
23399718
24657833
24037534
27014946
45847
15931249
2939657
7103147
5328493
22066034
2703728
7740608
27975986
9770165
21644336
12969939
27589733
26394854
14240287
17064913
4533020
4454691
27821662
24903260
5489664
22004403
26400313
11232811
19396554
19607809
9612278
13239430
20920860
2211092
10833303
9343319
29427723
22586111
4177463
8789910
6707451
12830247
15185631
9538464
21630421
16706692
21088655
14961212
20047149
25034334
14952889
12659055
17420159
20304510
25038265
20217457
24090588
25291523
15428054
14992995
24628792
2076954
11444656
8504006
15091541
21988906
12802026
9720462
19113495
18353724
3413843
23640956
15749977
1695365
24216538
16505018
18044428
21431665
7528066
29721349
24420697
27414816
21619234
22099065
19959177
15025108
9507606
21831013
13367430
8299985
13975112
2332231
23597641
22644883
10948156
21774001
20827656
18550020
11724626
18071294
6326294
20925979
26579628
7869168
9813110
17760751
14082083
13290940
27280826
27944335
6136880
13371996
4753977
25870000
24539385
21510514
24211197
29621136
19301690
23189312
7636278
20032822
18189085
16329558
27130202
2964671
12455029
10696132
23904121
26819077
17206257
19556637
25832873
15449728
18283698
782985
11868301
8251421
7772277
20662406
14788278
15146369
23034763
26506145
10606777
13526350
10268797
3617338
12650250
11988806
20780531
19305969
15998656
13103555
16472393
18566405
28244306
3130999
18696586
25643893
23369526
20013141
25259779
17181181
22225898
15917681
25797496
13721021
22561911
11834440
14930750
13522518
20320557
21706332
3052693
8914876
9797129
17775790
23419496
20446998
7541585
23263038
5078663
23448034
12894081
22397835
4975148
7245655
29677703
1064826
9474972
17409761
8993356
8448481
12749380
17658130
19984963
16924961
9034897
7306920
21161650
9733860
15150039
17021625
4243972
17505615
1817829
23185662
27749763
19788849
3386043
21471349
9218719
18338828
27234282
516505
20420969
2642518
25267607
13211559
3633303
375014
14960160
18140415
18723350
24693684
10518235
3192351
26666209
18017670
22790919
16701487
20908441
1284341
18350419
12798290
22824935
4435376
11649364
9273634
17001960
14771584
5409671
19843460
11904597
5559340
22539067
28492436
5835405
18518301
13147047
29315087
24355037
10915864
15531332
28267686
15099322
1452531
4136899
4774422
23604387
6066239
2562095
5921654
10612640
15341207
20323962
25081843
12531731
20773083
26384682
26718007
10549664
24071640
29962443
6549339
12921290
17480488
9789658
18117011
10933674
23368680
21132798
1084918
21838801
27887887
27533656
11513722
1476099
13462131
6400210
3802549
24904551
2906152
2607449
268019
21226954
8268453
9102677
17700583
26708382
11322406
9511434
434051
12313573
24028346
1334129
26003033
2769347
28503450
10221276
19491869
21801764
16377842
10696779
16901536
3158240
13831799
13382794
6384003
20885818
8307624
19160916
14896168
7103952
12453632
17739013
10353329
4098795
24729504
23361622
26866598
172492
18571010
6818339
5890569
5221895
21893153
22880034
27204987
8920345
22081029
19469426
26249781
10331554
19527692
5167249
10742976
24784672
16377114
27100255
29116964
600434
12404266
20664541
11432603
22795215
5651171
18013462
5655226
22833959
6521600
7541791
17035583
6437064
26891027
19681858
1153723
8741228
14352111
17210421
14176146
5325595
14144054
21932113
8105475
5259280
17217575
6296415
28487566
3096830
26431765
29553533
6865777
8570725
682072
22840537
7400413
24209202
21831769
736098
19458082
8534430
25867735
29296615
1756911
532050
7411869
24171211
11549225
3036800
22307973
3117843
29081976
23104311
3132861
2461306
4368893
13135685
18029509
18216933
8719018
1682395
13925309
9089010
15228918
27077620
1075016
29048296
27657058
13086769
17683777
15288153
3070148
26618776
14898182
10804621
13949683
26653400
3552608
11049610
11820000
7631095
5282256
28485760
3061647
10034780
2966296
15586000
3066515
3581638
26607378
25274379
26962198
28843214
8745486
2680187
12032043
25872218
8413884
18375520
26766955
14339988
4583728
14305757
20673123
15491972
847758
2259184
19779367
1421343
10290089
3511185
19008619
1755059
11645117
19022317
5461633
2714875
19949149
17514961
7697992
26512648
18188962
16294127
26870543
21041165
19520344
23847916
24532242
12228759
6274099
5688906
27886950
12458071
489167
6602820
20297679
2367735
18500029
4126558
12476402
20623281
648132
198954
12971160
23495483
13462518
18438514
6524711
317365
22172188
4897384
20241985
8843910
7701505
2975854
12543894
1460882
6993240
12798690
25872722
4835066
2186980
21931432
14613770
1649737
25891881
27368012
5824202
5882327
18334105
18288961
28938216
24242012
18897327
21446708
12738852
5351496
22101097
18688186
9369583
4011777
12345184
15285213
449887
6745414
4215777
7794374
25257864
10200283
4395129
29840724
22281342
22478304
23766874
4551593
17173069
4369112
23059406
20856337
29233018
2074804
24338951
16263178
9768253
22176932
22224994
6777473
13397792
8859904
25329878
2590373
24524009
23294453
24279993
23783124
13068952
4804474
28938433
23171156
19616259
14167365
134208
15166544
14846837
8559702
16173631
25320296
19110190
20757879
9980029
17803501
7192277
28429141
14762811
9083262
8305212
19915073
10918969
7661826
24643453
5889918
12564117
20655943
11468691
12996553
22288897
23886854
13820333
6851264
23368935
16935741
25404165
20601397
22204128
11494535
5775624
11489508
542694
20265504
5392426
26362163
18749147
1931692
22918100
16168147
27435843
6581399
23026858
19369789
8811682
20857018
951048
11561435
14620779
14112365
23471146
11954148
14351449
6492884
3079737
27920294
4617849
6362155
14193473
25501373
13564294
18057776
12068218
945399
484421
18225612
26922958
22753411
26816778
16947593
23669602
25179200
20081023
6022274
12849267
16487400
7043623
14343554
11736169
22322608
16337690
2816215
14525533
10984729
8033327
27882056
15156597
8321401
5092721
3228374
10405987
20370004
12862565
8841924
18475690
17253744
7840751
491256
3486734
2460850
1863414
15329665
28760479
23436010
27377476
20101547
20942311
14343649
11758577
731749
285874
17858245
13357926
15745475
21758318
28023720
21758216
11157434
6937827
3334257
22745677
18952116
16025485
23559596
10756598
20323360
22534006
12696536
15499297
8581765
13298679
29853380
19193169
5132286
3281124
11987177
52916
21081525
18694239
10259828
12631182
4042188
15813570
19176160
14173471
22138612
1898935
12052269
2977828
16725551
3665088
7013041
11294036
8185866
26181909
29657605
12933445
21491460
25372456
25553037
10496831
15474497
17858475
14947946
8480682
22324039
2482735
26291198
24631546
29696524
6630842
2697754
20188189
27319443
27824807
6786910
4541528
127920
2148618
13292264
7945418
2187638
14658358
13945932
1156312
18631563
23890067
27291452
19339803
19080545
20672629
28270476
5479140
5219285
28296952
13536218
4409286
3968183
12210536
25233459
16704726
2141320
12855310
29995258
23838251
21294749
16596115
14468322
1809490
17575337
24292806
25463274
2179922
8898122
1433212
23362900
7933388
7682449
21383566
16391207
17934963
28960823
21532836
22851769
11856543
4553788
3288240
14343733
19702575
18302001
17497740
7169394
20348093
7228438
7741103
21837139
1369167
7372553
13862372
17650962
9621438
6182396
2735596
4163319
25350162
15855226
2140918
20488447
5388202
13331551
13254558
8607435
29089913
29032770
3365295
525440
6089761
17857072
17408041
21068951
6358149
18521941
15703862
25760812
7388714
13332790
22516180
2361335
8013140
10510192
14439233
6127584
24989350
5490042
10144434
22446733
3032250
23156837
19907227
29700158
23992569
635629
17019942
26908678
8332824
352351
8729425
25484292
8486144
15869250
7295936
29900280
25872687
8714218
2688703
22213943
29009789
26859015
7948831
17085296
18289431
26594233
20182653
28302912
13171979
11815765
28347707
24909596
53419
496006
17433389
10586715
21664262
29683344
11609238
24574067
15036546
29304251
5093804
24811481
4393975
16229253
14131729
14412592
22384821
20406471
17146024
1777748
14817170
14452403
20791326
13440054
5108517
28652660
4627125
25955394
13062210
12389460
23736786
7525950
16382342
13503221
8475981
9900681
1150183
28260954
23602402
28902350
9025944
26276421
14484494
19643522
2679631
9052259
4817615
12721446
17112111
4602479
6412444
23785013
2834450
2242813
28520649
8769040
1030160
5623208
6930208
3549138
13333026
5909269
157426
29138992
18832547
8328026
18753254
1759037
17128968
12115371
1580017
14632460
5774531
22039613
20859034
14300208
5358541
3972736
7211932
17294256
29766273
25915851
12154866
16514778
28471771
4049415
8602158
22402105
11411544
2489968
3701683
28682652
23149883
14929603
27762170
1498270
2979190
21536323
3261252
21234642
19044369
5670452
22977731
23360452
5667035
3278969
3621717
13367496
20652776
27237419
21618749
16682796
3600411
17299465
26948394
24996001
13891569
3312191
29986659
1344669
8529246
6832115
4544039
14874709
14361357
9529028
19511878
1100867
26906983
9967529
904238
6078591
19485417
28862722
14141796
20641444
14554214
2523348
22319238
26719070
12488188
3202689
14893273
7755747
4928193
13110324
27162620
24444230
480647
7580631
2762636
26529480
483194
16327063
23273440
14828320
14106273
16002537
19076625
9248993
6766201
6016455
9262051
2694319
22854108
19522081
17208669
22351195
13846756
17789585
7204384
18444529
3913970
22130564
20708744
26701039
27154006
20170229
26605711
23613906
11996404
20555248
9562347
1163231
29351212
24333716
12458761
23134171
21872676
13854165
26288254
9256508
2383537
14036428
1276582
11933615
17819550
995118
28947720
9699782
14219173
11972309
14182270
7483320
8467261
29552705
21620936
24888760
25952077
28752541
9610153
15775187
13887774
20210652
13877520
25317864
9431749
16528120
25917539
4749908
7631219
8230107
10494237
14119548
2436640
16408859
21825945
20856379
14907278
28619417
29254277
20551489
11717308
16637420
5011042
20600282
25715400
7243469
13635622
11784072
13472456
23343589
1769713
11167844
1974730
27523671
18634479
8642668
27731960
6113127
3825373
3143027
570115
13376140
16635178
15135438
4343927
23830410
15708882
7713871
8025060
9883019
7281692
16585471
16438151
16769014
24185726
15136481
7801159
11549416
827402
21884104
15895549
11752530
28889790
15494092
24207912
27050686
21551432
23429419
28515005
2891998
29857867
22136876
19927936
12065534
26414494
4234292
27455065
24832278
568521
21682689
15922701
21630836
13260370
3167678
4642757
13601382
22944984
18128467
13771738
6683833
17615441
19250611
12973830
7665879
18687335
6677830
1526838
13275778
7735627
23037118
11723879
17788277
15345047
11754939
8084067
12050914
8157054
6952701
10524652
283079
16706844
2361173
24851017
26663928
13843195
20618553
25486246
27189610
9177542
25171866
29196334
22842780
1680298
22265299
16467677
18003302
3592833
8091643
6655131
22374910
27791432
10696884
2520234
13203819
4882721
20599240
14764958
4578981
13601005
21108341
2860811
3598997
22762017
15397037
16975395
9186158
10527422
15017412
5636790
11770250
26351714
28885776
14432447
6674329
18650754
11434980
13911028
13379168
262906
5093824
7198098
4215244
25520939
10481105
25329506
22972130
22439827
20437771
29363188
22362790
17606917
21918322
14506304
7930603
21724959
7702952
12488415
8846574
3580308
14165799
29573958
10385528
26858470
18365047
6393499
8527948
3741180
25010070
28027492
22954048
10697021
9340400
20749410
13374897
8395396
23355797
27350419
28914908
23998004
26543970
13764595
18263793
24226196
15510377
11345854
22191594
22188595
4181856
16381106
23476774
3856978
5488056
18719835
10213062
18642511
13661379
26130352
5428419
28955418
2038512
29150809
26207443
10762292
3598937
11559877
14144275
18315611
20076017
28520106
13274443
10340229
29401767
25076809
8408432
27813090
28802772
23100688
26419034
18589637
179373
25271605
20757420
14274854
15526484
22145400
9851099
1323817
21980972
1178643
24914469
24404933
23855317
29869117
9799021
4955007
6522575
10814182
631245
26514769
8072186
6844353
5482029
2284907
14800361
2491591
9744850
12480717
5943788
29684379
23929792
15698996
9724110
1427406
4171459
29033023
18765246
8725473
6983000
21241188
20196032
11231968
4482363
11554563
11967508
20136455
14785233
10280180
9923160
1667875
15343574
20801618
24682259
25794397
25090184
19767789
28408991
29998277
28686899
25971090
7603734
20346470
8836191
27285029
22267358
19798869
11763622
12521697
15405548
22398731
2714794
22710630
10317267
15526163
8295796
24878624
17926354
1574073
29810436
16195917
20023648
26559721
28738789
6751990
11463692
11198064
2645248
26874092
29184059
21887472
71623
17559209
14048691
18906516
19506303
1085152
11338907
7744803
2670705
5612357
856432
17455687
14637369
8268391
20778370
13126737
7797618
11936105
22566528
3002221
7493946
4394220
18718442
10956075
11055982
6476307
2898395
20356142
21531788
5320975
2268105
17273631
9694477
24615214
7976710
3923632
3479442
930333
27342614
15199222
26921538
2216579
3682074
4416637
10316497
9871270
13763158
16135445
8197054
13006386
14752084
15674796
18843140
3427599
12066157
25353575
1133847
23330146
463703
25071747
28812644
24379787
22020694
22676025
21210826
26343916
4426590
15000568
15699517
1095051
11228575
24723855
8628066
19534213
5179089
4050425
28186268
915354
20584933
13166614
18160798
22912888
10094676
14899850
15316988
8044590
29657328
1713571
12551453
8802002
5229390
8952432
10886392
26910040
11885665
17263786
3471604
27156426
23524417
3666242
17380119
29913043
11998707
27296330
20782123
27966977
23755853
1393909
7492291
27579876
29899726
10597139
23832246
6962635
11057249
28753591
17399147
14777405
3709366
29234156
11072663
23543591
644627
13133256
18055552
15642748
26915
20332022
28562039
18275274
4870106
21196279
3252736
7352941
13668364
23211703
27301202
17290372
26013427
14814491
13731181
17796047
25002535
4599667
3965774
16554092
28129894
13689266
26756354
1154018
23515402
4916205
26466282
19866660
9154963
15942696
10135009
17618678
18660117
9728662
23399909
3343412
3651684
5646625
14034209
20217172
16766146
25265643
4687712
6301644
23756312
29853659
16378717
23851252
7621639
11336683
13282809
22605950
5507596
2435063
18534391
23356002
1237437
5339934
9054369
7737478
14708716
15104301
17658556
12272718
27761767
17095125
13146689
4498122
1905567
4487371
7266630
13378336
3549419
7817513
12261888
12978922
19166030
17961193
19068955
15312623
25542038
18250528
2431542
26259817
22577792
21255005
12743916
15571092
10049730
3308661
15862243
15527224
26992992
10347722
2121449
24819620
29908697
13081121
24551007
5100410
2407467
22841352
15708166
9224767
7995630
25121580
19143434
18846770
2918355
28615042
13694467
25785020
9963274
8530023
28650443
1006784
25576303
28028995
10798655
3563613
27480442
14590396
2210182
19685988
12615325
10617999
29814291
10271436
26758994
16692038
9686484
18266004
21607081
11530636
10884469
579409
2465131
21386141
22311954
1091625
13140195
19496998
3787455
2794702
27827616
17926887
10824958
12673086
5431695
3780884
18251949
18646244
16786563
13804976
17401672
15540095
9828575
20792765
4338662
29819284
24681156
14086476
17832693
2410839
22102676
28033318
12961215
6141607
20396557
18838426
25175131
3613509
9155399
12731920
15891728
20796436
1290956
19830887
28093965
12245246
23906934
10187542
4028045
8648134
26809287
9755892
25786724
593951
28572468
15778604
8261363
24740487
7817775
1053240
16790071
25754316
4061379
1037056
20888639
23740256
28384259
19927437
9289544
16493670
26898076
11354994
19414852
4269104
12082337
29570929
14099618
19609956
11154913
23339102
2396246
29436084
12442729
4347516
21164973
5735822
7306683
29104132
21397911
18990360
8270176
7178437
5870356
22972677
6747212
13498514
10461027
12707368
19451201
14877427
21208843
23884906
14513132
18871331
7373280
2556572
15149630
7598079
14162011
4443452
6726509
7094168
4301015
22067467
11076857
7795716
24767158
20248193
1245358
17799815
17950282
23945376
7376652
20521967
15527330
3831225
2355260
5965942
5751039
4454172
8224170
3832382
20264234
13345560
27388073
17703254
6899125
7937197
24490884
15719929
21365322
13411277
24414205
3094099
27914451
21781850
11755056
9327535
8452602
10953285
11915001
15929063
16241730
23230223
14538308
17507062
7305107
21244051
3203720
5918336
19062796
29926615
7586524
20269621
2324402
27747815
14183233
17084386
9684102
2919099
1594293
10865939
7105177
9637183
4531506
12876559
2208643
22231037
29338202
27991050
28531377
28849434
10580797
29615192
5609705
20370111
21509793
1167399
1182274
6593500
4918653
28706312
29503069
10447917
10505937
18879830
22112936
25219463
24843056
23240756
18450901
20360030
27894031
28746754
21457354
21031714
29542053
8433632
10752064
20158710
24167798
12775725
24737422
3603610
6751199
9606999
339929
10624979
21265580
11891366
19035108
14346131
23010823
571322
182046
20176612
20409520
5241789
710663
9609948
21836136
9326232
22010103
17428928
21795093
6682291
23881080
18911901
29230577
17872960
28228854
11639289
3958343
28937647
13589105
20010768
6138455
12393156
7932879
23537677
5434548
8631956
1000366
23587779
24531744
13747896
4405735
782702
15407924
15954421
12033265
3945346
16805854
25212222
21789568
4576629
6803222
863350
8414884
24890873
836799
12517028
18970634
2980724
588556
10657643
27942679
22842217
14654880
18979670
28439950
25151624
9077669
18501600
12643347
3240448
19467411
15363452
8130949
1515130
7220888
15510879
12324288
22372706
5937486
10971063
23279312
26075846
7234251
9327585
18445983
28834957
27950989
3813996
5351052
11024774
26441022
23266262
8110940
22133201
25375868
26883082
4121946
22076764
22191583
1111409
3763449
22045555
24965890
19355012
4628993
16683142
25339256
6165442
26279495
25308738
736660
29901461
567348
18095400
5617163
8002934
423590
16387113
8841472
5211188
9750644
11500738
14004675
18715241
14456166
25373870
10768736
17631390
28812121
19449994
23477479
13097789
1302387
13379700
14716751
3658979
28444350
20122308
5597021
24748334
7181808
20961561
6048126
9852742
16367654
27570658
15908304
14847117
15597156
23103475
27512646
23381672
7227646
22808069
24347486
11967836
24245301
3100037
8538952
12917455
2598123
2488483
18708404
14629507
11266899
27485187
26487600
6680100
14626076
16855458
18265917
7663056
2020315
19306336
5853966
24239485
26916340
17472324
20546304
29866859
23067093
5938501
22340672
15439167
5421853
25505405
16962868
15577720
3206179
8162386
12412510
28402526
9297619
7897014
25512416
1375641
8066787
301611
5717339
6581369
8391319
19666876
6439995
27337557
16900976
29692530
12425301
15346748
16406397
23828018
14474685
8649492
27380790
4134525
12698073
450889
9940851
18859758
22641559
9897153
27432560
13647936
11413753
9240941
11259431
13212624
1122853
820961
18620351
29224591
370342
12945323
4718270
5341427
19309930
10294729
17060728
2987044
26344195
4895691
5809584
8862574
4189860
9878334
4016956
5747458
14767672
10871418
4983105
19994333
1243897
10102347
5589786
20281936
12738713
23753903
26205803
25103130
5913034
1085997
22891879
23267306
16431401
567184
18188381
29683904
4293184
5480841
13230384
18652636
284745
13539953
23919921
6686647
14751149
2107223
14265622
11854435
12162279
15177506
13867599
7587722
11096186
8746378
23734840
20778722
25465356
12338022
17142113
9127198
21154960
3823993
14984555
5706764
1639487
12898797
16308411
6841853
23116608
22656627
13640831
14647002
23432016
6327949
28896267
15015896
28160674
12201002
27601955
19105464
3677178
17154122
22800810
22524615
1618750
16735900
10018216
14644314
21755650
24968619
1875205
3271056
22528343
13269715
1441986
8891976
18262147
22821546
22144982
10561477
6064372
14716537
19309079
21365788
3605296
29573405
7248894
21592298
23011371
14414022
9182465
21845382
16084300
12458610
3649540
8355039
12685155
18903467
11581691
25346111
6257798
5683509
16045846
26981295
28620588
13853991
14008396
2071170
24755918
23833836
12536480
7809614
14203387
9682475
16372136
2983083
25554260
23966025
16731123
14923284
5314395
16945920
22219523
17189329
13726934
28587687
24282393
22051834
13201476
11220067
968678
8239800
860847
17680757
24286695
26534097
13904266
25070913
28372443
15832528
13881330
21865775
3607765
4408996
21420620
26064195
7051099
7064800
13815974
14954424
15497048
29687300
17800936
26357299
9232743
8673438
20161806
5334650
25400185
11088913
397429
3703535
20725301
13601004
981844
9737278
8770303
7082989
26236902
29937173
26307373
20813521
9505458
20273503
17862534
12606970
17775541
7417670
19408861
859827
8262289
23205231
25484778
29419987
16153409
8305634
5341916
26056278
7929367
1080937
7671641
28885042
12608858
9926332
29662238
26570194
23855028
5282564
19679952
29891780
4261978
28770554
22547967
25760688
4325958
6275691
18491939
18399601
164882
7183141
7493076
21336372
6891687
29621385
14436085
23001853
19779745
6657090
28762619
1749104
21376718
23642642
15195342
9095392
8521591
28650926
1882265
17487955
27134664
26698337
2044486
12110340
13416998
5734913
28074457
8317543
7569223
2618181
8807768
19214643
26489173
4986845
27519093
20843040
16327195
26671381
18322474
15679068
11935739
24146977
5162318
22814817
5066507
20699397
20800437
9442082
11653280
8102758
3418790
19729285
6025810
27552381
15695654
21311801
14551316
26261364
28215709
14361114
18007665
816646
15854257
3087463
20699382
19318289
5210484
19089307
15216353
21069656
11504458
19769630
1403470
5103166
6946711
17068609
9594503
3854374
1941914
10173574
26463147
28478184
29260813
8571228
11866088
3615720
29791542
26611580
570876
20543760
26928223
19317561
27614278
3853150
17895431
57673
11803443
14745451
20244021
29469813
17010971
1091332
19070571
29835460
25704093
26064856
8048162
6268538
6785943
12715022
1845577
21178300
17931990
23407643
8231789
13486892
22560111
8286574
14810692
440580
17833209
9181711
5483906
1433518
18915585
11604395
24719410
25042620
2729154
21383632
11498742
19497731
16811859
9793713
14390230
19982185
567015
24367583
9620475
13910306
20789736
13982024
11042516
21941128
2227137
1775592
29109230
2153784
28568902
11579816
27963035
1933714
12832886
10490984
2382759
14029264
19111804
21131658
3889090
18760117
9145461
21371765
28210337
15403084
22805170
29125800
23560643
12583889
18863992
7887643
8659169
11514765
25603629
12263392
6449298
20193069
29750738
15572577
17469477
20896524
27386321
6763966
25409862
11043582
13454021
16445605
23676380
9257047
8738104
20272750
28597323
8136712
7515264
16272071
10489218
3903939
9140020
27128652
28150795
13484498
16050523
19386689
1159307
13703540
22000789
174108
20459971
15380869
12473548
20874880
15454970
17996383
10279588
16468351
27654897
15696096
23649945
2854390
11323837
18297849
20324391
15887709
5777279
11461868
26371870
8828245
9219476
3695609
17023682
20943993
11396292
11951765
11484280
2736051
17520785
4529292
8969473
24543523
13618026
19987423
22444453
14917014
28930050
15891333
15125238
6630981
11873016
19477091
25844403
18446127
7261326
12611293
17215819
27704285
21075405
17481455
13220318
24140989
1360261
22378320
23752550
29564343
25648618
17249140
5781609
26570355
421655
2239249
11811397
3858073
1109126
5023681
3804374
27606084
21932514
23111495
378593
8970648
5281760
16764377
19116322
20947464
613974
2059978
24007918
13654128
28216115
29628031
23140323
20682229
28306280
548933
17254775
3648896
24547418
8387955
2513482
19828828
24925307
17241097
5726868
10024437
29152591
122742
27650429
12315798
3176771
22886120
12211233
1876014
5079999
14953327
27540469
914207
25811563
18657059
14944494
6728088
9604722
11643948
5479241
29661142
27808952
28255607
111154
10994186
25616507
21824276
7211473
19399981
10253316
5664274
10197193
19687293
11094019
7616690
12774679
1443628
4502243
26054225
28239768
5788037
28209803
4197198
35730
9841256
5439625
14384051
24166942
13128672
24254479
10662996
11573056
28221238
27937630
14059119
27538040
20857035
601274
20803502
2486411
17326843
8377898
633370
10304908
13530977
5164598
169600
24253332
18352163
5525353
551204
18802843
22877481
29383484
11566470
726787
25813469
8256041
19679108
15712474
19082500
28703243
21413882
21871707
19834200
24121407
25199483
6164917
9123881
22112856
12382836
16759190
20667758
26502258
22996798
17702707
1491032
13559468
8387613
11537712
21678735
4439215
13733323
2209791
14846699
3503592
18135061
9193001
29564167
29330749
7314614
26039121
14039434
22240445
12710150
944936
553177
7342685
24273319
3842023
12112317
19449397
28810773
5682001
17322713
18865564
19847077
8725315
29812302
11776237
28299100
25882295
29488780
2884471
10661755
7284159
14218239
29000657
14867138
7168351
5274638
22780032
14590791
20787527
28930656
17311803
19746769
2284882
25531040
12253269
14437385
9695037
25104258
3576073
27096279
4341477
16768210
9587392
25624838
3376622
27374122
6309213
9837618
20410993
6951710
28989987
12112935
5657617
5788867
21179168
28551370
13630861
12073556
9888954
16816912
18105589
19992024
9772304
23640875
28264703
4983365
5394761
3319404
3400886
17880775
20894779
26249200
9326096
17446772
7210494
9471983
13040728
15046341
22729186
2591097
2328244
13085626
4641815
8951636
15847542
20020775
8323044
4581229
14852618
10587722
26783396
9435417
27437307
160481
27204672
24603112
8173563
8096615
17432064
13109850
28612717
2856010
13855634
22623052
294140
29890634
13353651
21195441
16067747
7361319
20302993
15278562
753968
7272258
5300677
27873575
15079427
9104319
3633770
11816147
24251823
4493376
27503857
13409755
8500417
4880326
12281533
475826
8361869
11198293
6872788
10333076
14747842
28370386
5630968
8047041
5038569
27439127
8639839
11443744
26007403
27568526
18116351
16572609
1511401
12313042
26114858
27329561
29258238
7917131
9188467
1806626
28102505
8217039
17890363
8677767
14411270
4942926
18451344
21240980
2184145
28250053
6031423
14452067
23303700
11878107
5646449
10157850
25603887
860257
23687013
21135580
8103972
17978156
28114415
1258459
28257622
18357407
18821224
10981773
19322802
23393070
603396
29109015
17930454
26715217
22048889
7108973
3759170
26181707
14770123
5477997
100457
19526234
16036623
200993
26501095
25547218
25135445
13410596
21117687
23161579
18429933
29413977
23656728
1994343
17324244
27865848
8439331
13289197
15367427
21227628
21262354
5364244
21239584
6431082
25149452
23263991
2690374
13069138
8660243
10057115
16498792
7560222
21310660
22818074
5703819
21371120
26516466
27340591
16303246
21902172
1995512
16079808
5615523
505398
507814
15189901
19578342
26523524
15748576
14919466
6402042
21851669
17869285
20326364
19239384
10968424
12461254
17525564
16768510
1167604
7515414
4564743
4139429
10012219
13195148
3515675
27810363
650384
2197047
24334694
28458871
28336816
24019753
22709283
8813362
22435518
10356166
24255324
27168700
29067056
27541756
25732541
13272905
29595256
23390060
23686599
12387206
26308634
12776703
9674132
13995278
115126
12717977
16419041
17989257
19298263
18531088
5943128
19282435
10410651
7890922
4355604
17602065
15842805
25032483
9127960
22178875
5113856
18330237
28458234
18535782
25227397
18184910
17745690
15678635
22614113
13989129
735822
15094015
11376010
3410138
7676893
12318189
11208932
7341248
25602650
28616405
20249943
19420768
20337247
3324322
12370207
15129494
1304183
29440096
10516930
10323807
18249946
14648142
21076748
1849995
16146470
23893864
8814172
15436444
24182663
21726528
19486856
21754156
6355590
13353910
7214846
24524343
3830721
10211433
21130722
4219664
26053481
6499684
8257908
29434547
870883
4180272
7677835
3290907
3392739
27589688
20378472
22788237
1079801
19637471
28135884
16782197
3229711
12516475
8849394
25706064
13206325
1172508
12907691
3342502
21834809
27806351
7841604
18072840
6830064
18366320
11787805
29715378
5223315
6274575
7599203
23142555
3171764
15729313
23774634
27712753
29782234
26500689
29601220
15336736
10502112
11955613
29746162
18189216
3203779
4941084
21260637
3967735
24176734
11508356
19077874
5371249
6706464
27223199
7263842
18986344
12304597
17593635
6746081
6353638
13433176
4300399
17349249
11187654
26495413
15487913
29973351
16427548
27171279
9397162
1963871
8971907
1403530
13171232
4225790
14442710
12003386
12364669
8125910
15460696
26323203
12954630
3818537
20870933
15609775
26081521
9298785
22096496
5738774
9739469
28067465
21363548
12004266
16518067
7493777
8046098
10108855
5209857
25519244
26900543
20293741
8875470
4590610
5043237
200823
23843844
10035312
16804544
17788292
3980131
8092049
29126668
583231
19919134
15926660
17149144
7346874
27476331
19346710
19639047
2729820
5792656
6947618
16989417
11367779
28227449
3153555
15163876
28234101
15982026
23648811
6638202
16927293
29631270
29924756
23312249
12969196
16562331
21940914
9024336
21887354
28209301
16258128
19360360
23106603
935018
21395191
12854072
7839978
3196806
6740032
9049745
19248153
10156294
7173391
2378885
6338247
8082686
1312200
23646207
6567526
1994046
9612815
1688885
23862454
23408141
8222879
7205065
5059171
17356690
21676449
26515291
21697887
705465
15369865
23117882
16399688
14888724
8912460
25456177
21745612
2681845
20388513
3403381
13831872
6245024
6452096
26378694
15808198
18211231
26440870
17520776
14776040
18387856
795022
3016893
16940987
3662048
20100016
6803821
27249073
7863630
1151356
29753191
18960710
11949154
9732798
1800716
26418279
28309977
24790703
27543742
1000267
17123816
19476973
1630550
8675623
1184887
7467292
238021
29140602
15872993
25395287
5196165
4572764
27110178
10440447
7547035
16145579
24056972
26022961
23568407
17793022
14978568
2401810
2029056
29617392
18308279
7541599
6211380
26019536
24851399
1554866
12760927
3132703
13611144
8733244
7786284
9975592
2928398
14732668
18935691
12862766
16397889
7599397
20439500
28856628
16967429
29596541
1661609
5615843
5396317
7886163
14979089
22936910
24503759
13823756
15407280
15423187
11712747
17422687
16462893
6735300
6232598
25733109
7379030
3523549
24336832
17960900
2637585
14850797
21045959
7172154
24695924
20130892
16642912
12788594
4350440
4227596
3901886
29180663
5698798
21220055
6538164
20734056
16854389
4796260
4925842
9379065
26526391
13350544
11997063
25271277
3469983
22131098
27640827
21331058
22270972
28821929
2524339
2466486
7372665
18401441
14483572
28285240
7498047
11357593
24084196
13957692
28601239
4851320
17980847
23634601
16570196
27037750
9036960
11006584
20328874
2130419
15766976
19256698
26519406
8367537
10082778
17373765
3375737
7041623
11447303
2767911
9503562
21772730
22029654
19420248
19847382
18312517
9779718
14085369
3192398
27976361
10275915
10046549
28040790
29539975
8924004
29231858
4348255
23731213
14499904
17319608
3344330
24170330
12432170
22445084
9753916
11177197
16167291
19683283
23056144
29269338
22977945
21693096
29701383
4225783
24750469
28335904
4482366
27634718
29934301
18871153
17777774
25404761
4117758
15812630
9381457
28234495
18818912
29566760
29707665
28903620
14756527
15305163
26719422
26057772
16705658
26927644
28079047
8264673
13598327
16723113
8041862
3609683
9169232
22313614
22443577
12700024
11638558
24321996
23969287
3801183
15378079
10861758
17380868
21689151
7186708
1671276
28504717
13101671
20525971
26579959
22550998
22309935
21200463
17118994
29697498
9135758
5811043
21182737
6539645
16450464
8435804
1016000
6458681
3957543
2707689
23653425
27867538
21306002
25302234
15115404
17370528
12267141
13451915
1846142
25251462
26448542
19368767
1611788
11336152
26607270
3597556
16408925
4119524
1758795
28635214
29733629
14249786
16963784
14475321
23256398
18919152
21150711
25717288
5104680
24041207
13847594
5527834
22675502
8617787
17355730
20052642
33985
19960476
19193530
6460960
20086518
7055822
13375163
3984231
20363598
13657412
12671901
19486089
6778789
22796778
17811251
11029426
27807353
1852963
24069489
15139898
27638400
11629168
29638988
6415593
8339289
14692815
28584520
10275965
14871834
7728643
23666083
594610
27902298
12136063
17314937
4912174
19236844
9424042
14541897
12894713
23285202
7751601
8449983
14820629
6887949
1784993
18741864
11789075
14507527
27560992
4003868
14984512
2021594
26500083
27087584
24790244
14010751
27606852
11030068
12697554
5630462
27117748
9837320
25374924
13132545
18487567
15236067
21769145
26596482
4937907
11657589
15034640
25991914
26662243
6244635
24966551
5867121
29041770
1122737
16522211
8384978
27022988
2530077
18624324
13283647
1257393
27273557
14006598
23788208
15230482
5028938
15410395
18432493
15405315
17200419
25708988
16114193
14946203
8557391
23872702
23856266
25455957
26307279
23786484
24938916
21170654
8349486
24233435
9481010
13759903
7732545
22149544
17906336
4851052
20585839
20674260
25511283
2707860
4682542
7915581
17153540
18944368
1445505
19600328
4243453
8557655
28003664
24528096
2757882
16355136
5704930
168882
3711425
17789977
10364171
19797594
8271023
20510398
12498039
10279874
4420825
20756511
17942406
20032581
20262993
18226978
622882
8148167
17473297
15925780
27610101
22780352
17387224
15241172
16252006
19457650
3652245
7271033
18722500
11678226
18591324
12519156
9953332
24907973
29506154
7206462
6675318
17904548
610694
1862849
23115435
16004794
2689143
14364945
28277808
10310072
17026637
2362113
23478925
24865024
3529174
21398774
16874802
3045476
4030331
14944284
11874396
18834946
26549514
9346386
9995459
15954901
10785609
14978380
27529837
12328693
15785186
8438536
27482479
10051008
29207055
16261164
27051834
26488693
13701447
14518912
18356187
18044975
19850138
10834953
19013668
18880842
4301872
26670544
13375082
11005945
10174187
14033354
5790503
5717185
15600196
16188143
15890472
11580883
26409609
13660384
12039977
699985
11816738
23064111
8393202
11361251
9923582
496710
387538
9888684
23808922
13220651
1651637
12475136
17471208
591703
705166
8947536
9789783
27520391
19204036
10828615
17501690
21948658
2319305
22535453
10702935
14843625
17907200
11154948
4845614
27090180
18560207
21229636
20619068
2242301
7161344
10922904
19643442
25645145
24167671
7965176
8902028
968891
23941947
14265557
15932834
10000359
118177
2127987
24204718
16146004
27982058
23043533
21869974
21641336
19877518
9484326
28314535
22044502
17134213
7296460
26386245
5038620
27039846
15606074
6858554
1318695
6866373
22551358
19482747
17650504
8554552
12430090
11337857
14145121
3752878
8975079
13490552
18830851
12435279
10768197
11060535
28581817
28112985
27442935
12696415
11375511
28653166
7737988
259490
15731057
16794626
1427217
13714917
7037060
29886080
23364632
16904517
1462591
25441651
9521618
9123406
15983090
27011331
23569132
4988382
8000863
23981131
6844272
8060696
17956567
26359123
21899223
11645788
5653799
11159803
23662293
18020314
3100567
5565828
2026018
21255224
9356950
23609118
9923354
11486383
5751076
4453175
3278459
15233552
23329908
1868355
24384107
1853653
28681058
28167014
28635277
2789165
12121669
4762497
2957447
21313351
17987732
12787018
28346832
8995596
868273
15909388
3851874
6414427
24471919
11743958
188018
28176263
27217938
23813755
15159901
13586858
1128630
16133540
1453767
7838587
6060983
8159857
1397953
12190218
4219242
17735695
13197998
21094535
13555912
16119866
14271523
9421001
24655982
18860911
27539332
14459910
18552130
8077094
7438451
16019998
27338484
12972010
7889354
8468471
5772048
25820089
22770303
13624961
18943898
20026743
6840644
23889700
24735741
15288605
17121879
27939655
11472855
1836585
3189592
19033905
13662232
454860
4468708
27909751
20446337
16672761
9553655
28640325
18514652
11962527
5747161
50684
7152595
10602558
12828843
4599077
2107878
26891313
29158581
25828470
5791082
723579
29274815
20778600
24953343
26185987
22018483
19216145
17804033
14538595
8952787
17879154
18968911
17201484
20843218
14880344
28029816
2675023
28888838
26410015
20526238
14294735
5973621
702706
22305790
2439548
21559751
7777735
24866768
29569633
22602540
1697944
20839959
22649454
23254566
29241719
10963237
7856248
3192816
6822964
11434964
27544137
11668625
13833721
13867814
24017569
19243348
27215280
28382800
763696
21435689
4687564
21032109
20861117
26030868
26997835
3854063
3449836
3169647
18245919
13453122
11034454
12627854
7705499
14026114
12389041
8822299
5594291
21414202
21819683
26970471
18194490
22020730
20523365
26375957
7409168
21001202
27757661
24178823
10268133
22747218
17634282
2553927
24662292
24570498
10966149
19466391
28365866
2392464
16637267
5292449
23077936
23633293
24277849
8765549
20594040
26533113
17732461
18725295
11327055
9504788
1188920
13816737
16108948
20727729
15269007
11775333
5907586
14528702
24666012
16707213
10301217
15414459
27453691
1516320
11534862
23721365
17160702
24946541
1908420
7109602
26248023
26592683
23803558
22373850
15889207
7827674
8068578
27429385
26550325
20929126
24977787
20266944
19994330
20365872
24931976
17795035
3707008
5343308
18743969
26593272
7315946
29863582
19708479
7292935
16944939
568841
18841513
227216
10247313
21004159
23750459
9290054
21394316
9491448
7478758
26080492
14890402
23200595
18264875
3941549
9001967
25537072
24269381
20716243
7108550
23737503
24606359
16259867
10443240
2123283
20760185
7757858
21363222
10808192
15804161
26117149
10998853
22397642
8173614
28979562
9295968
28184258
9353742
6857815
20839327
2903138
21093433
13103537
5543752
14790669
23223467
19136561
4309807
18921586
3920377
11926299
26594917
2822286
22711673
3669750
97731
15414755
7940880
28558918
3377826
10089443
10540921
3629792
15939589
4860476
15018194
15340342
8227156
15190731
23815003
19127521
20808526
23299583
9057460
17446779
28605804
13031897
5310897
14379256
4776932
16120261
5303095
12136845
7526967
9646346
19655886
11202702
1750704
5082688
16700581
5477140
12124733
18939178
17221308
11506204
5835943
16319444
4690304
15674324
16871049
23049907
12567839
7429691
20596819
20313510
10639761
5057809
26107508
333935
27333060
15382242
5849598
12848997
27209099
10165785
14469883
23790105
12705692
9083528
23827324
1244052
6439397
25148694
27921956
12987952
1082000
12605544
13851007
29426202
10192711
19349326
12871514
9175916
11372751
3514507
9763684
12464290
21057412
22410845
9644618
7397007
18860533
29377474
11213881
22960404
17528864
14476691
27935606
18071499
21350093
15915150
9146795
29787730
24514211
18044048
23006363
21479116
21976928
5207455
6095679
5395290
5990083
12852161
19792895
16190903
27949675
14492221
14519884
15986575
20216120
27711200
9980938
2717831
3283769
1451800
27295528
18499145
18544200
24950475
10345431
8281148
28664034
21769296
21714602
27971556
18226574
11825167
459976
444874
3126329
12143111
6971221
23127012
14726822
20980714
7944229
18643680
15625680
22659389
7360929
2896465
9390153
26137770
26266796
22647122
24054097
13488892
27374148
25898688
28447238
19537794
14127968
12383714
18489011
13560071
24016251
19012715
15579199
17792908
27795438
1331644
201933
23862187
27981897
29812478
16904795
20329527
29170160
3384309
16632674
7155829
14021497
21535210
17760100
4686964
4793520
4168872
15834924
16072478
11250902
7153800
388300
25524638
15141971
9003666
23122840
17276503
532210
26223753
28782620
27331683
27458717
25250439
11041558
16085153
16142542
26784297
19059378
27329272
6717612
5320738
16531348
9980013
2330149
13155698
5996617
10566604
25569501
3463976
17054234
16772541
22999201
27342665
13652252
11902787
24960604
4867726
8705984
28850143
9657195
21285687
18772933
24546971
15316
15932907
29674507
24935783
29084878
14151877
23961810
1651127
18811333
29211773
17880280
12809675
3114217
1938012
26802452
24778407
3425082
23936015
3754081
16073803
18888389
9455029
26797155
4907188
11240098
25125327
5661444
27174731
23559160
5626034
29756006
27802552
9155410
17841252
19025282
8815478
27107813
4798517
1780608
6753612
24632432
14396260
1622756
6971331
3207124
6917324
21764839
29471833
11574324
29413582
8695835
4959312
11806364
23477776
27864185
10018882
15894647
29556886
3629930
13401287
9488200
16834184
6711900
8251298
23845243
24067058
18670924
29586956
282049
16332452
8564130
2005891
20889407
393449
26728274
19359804
12604244
16424129
10744867
15670564
19081060
3566107
9932411
5305701
25071377
26705034
8006566
19191451
13771193
29816587
6063338
23521588
23944437
2979767
27178602
7818989
26960184
9286152
11789881
12990666
2422195
22022445
26262491
1208799
2993337
20234493
10455783
12563628
19019130
18313029
15470154
1068194
26703661
26328580
14394380
919702
21936469
3384520
19522286
13664556
1000235
13177041
3272
16870777
5506699
14764871
1967207
11804397
17510279
25733943
2671
21008115
20398299
9739350
18661712
6838700
14680354
24615866
7995752
10139455
5217850
12101103
3987844
25997130
10048399
27547289
29026636
14033129
10103488
13217734
11133406
5212317
27855897
8864943
6525719
10560576
18505748
29799472
11587097
29642202
7551538
21377350
8323147
10610144
17498279
10473771
26161940
1773535
8362309
15302813
3578493
11167992
9159198
9586402
20200752
13830694
16187748
11907598
4497963
29083093
19820910
7536131
9128525
28928894
8309345
2237054
13404008
12656795
930542
8710815
27800632
24667810
28593983
14692680
11168604
21349006
3500351
20349836
3618714
1741335
15671744
16512813
5313588
17753205
19653057
2156093
10621224
20997156
26462568
7155065
20022676
26488851
11086391
26643553
16712669
20453797
13486832
29108728
25182633
26848891
7531623
22566854
4564011
22613362
2566206
1101792
4847690
17407198
15010589
23848244
25572699
28419755
18816484
26609871
14709053
9931537
20595424
3546379
17315897
253198
204298
2682753
3971163
1273112
5061159
10119046
22352634
1746962
21270506
8151988
28769335
21596434
9817270
3883205
27895187
19035662
23722737
3023591
20882926
15725070
14571536
16492712
8866059
5462213
5083076
18782806
12494189
21300850
12323054
8227541
9200918
13603454
26482216
10804797
27697056
26490403
21216955
1208553
22190413
9573025
14170736
21687898
3021596
29452523
15037853
20776589
22746762
6001035
20764925
27173416
12204184
1875836
13507103
15130049
27714665
28965155
19040727
2909368
21510363
11543921
9731018
24992220
19600502
10028817
28927607
26485392
19925785
3435611
16777450
16041794
24960409
17675188
29514376
27646852
23952625
22185484
25862949
17601478
14170465
10689465
18639327
7060191
8700076
18473576
22537559
464087
27237059
11151516
10790213
2181473
28960141
9605159
11988135
17495869
13310534
16266320
8518499
29330592
4056442
28297775
24286572
27039569
20783265
21702594
25892023
11952095
21992340
16522652
28970046
20768248
25632361
10654657
3883012
10285130
28272001
10926004
22436392
1355679
2469433
27658531
22473340
18913942
25556681
6338708
26677415
12059897
11413941
12011813
6763647
2187272
29687785
18122056
20337741
5449969
12826762
5233358
19406965
3094705
10636691
13854491
14229738
11741710
6426068
3349747
13496879
13612626
22135461
4277552
582438
26468510
12200979
3450831
20247895
13996361
11542723
28589332
14210078
11081435
21839792
2993055
13272509
25432581
19382123
7815926
12274658
855917
18287636
11888149
20343328
13607817
21138535
28631199
28953319
9354306
644487
10427629
13150607
3804209
16082964
12152670
13953844
8206121
12021313
25324694
5712492
27874091
27813311
9589165
12506316
20617965
23872175
22926483
8561140
22209879
13249592
29453948
20914472
29012259
6510540
9107483
20025048
3936407
27650237
26649547
15410282
586746
1621337
5458687
9770483
11940899
4980518
14740116
13230587
29736824
22631995
19633495
12702598
8358935
17377009
19183092
1789840
24879946
19247221
7109104
9862652
22214605
1017654
19324521
26570826
27133714
19868025
21413136
20793469
14434188
21744029
12059479
3794697
26202371
4147379
24226673
18007538
24905976
5153261
21623176
11770410
15129517
25944126
6308715
18085703
8667428
3186472
15958366
18981499
5641245
2593646
5219658
10821826
27389492
1459390
24046696
29916598
278204
17486500
22568626
12341807
7192591
18248885
1785838
19614808
21822091
28426012
4431685
7497045
12531315
15626209
22648239
20686759
9486217
704619
25866463
15159233
19024486
4462440
22258697
25418035
4873737
26307397
9528514
20933040
20964711
14246536
18799509
13215747
24953555
21789013
3302571
25333551
26392089
7643005
12393435
6429430
10421076
24553646
140630
7597461
11497960
26848148
17170149
27460499
12527024
3362114
6792287
2769098
8556750
9120416
12992951
28511594
10733573
6134768
4839681
22449445
16103635
21003182
3036756
24539785
14669786
12781893
24187589
7616351
13469892
18979047
26584954
26926648
18359152
2223749
10984510
22858504
11356990
10854985
18969284
23589776
1770784
28451441
4455365
5255106
17782342
15171967
17280870
11324489
12675435
9328613
22151827
22161381
10215032
29904870
3600364
686820
23646977
10749529
1171140
13091887
7117514
11654138
8954822
1314640
6820689
14637494
14736371
6593004
25874595
20610161
16066013
292293
14689264
28179850
6638199
9226814
29308051
7075940
1436510
13068469
4649229
569847
3097532
1836393
23455068
13974121
20277852
23296408
27946074
11030787
10623685
4851963
1207837
7396244
15736984
18618958
6831932
26965281
17528756
358706
20093708
27595966
12611801
17135648
15493743
20762302
27774389
29779338
8370787
21278417
3489805
23909556
8009629
19886440
26871534
17899750
24490372
11940533
19768109
28377928
18442610
15390670
3919547
22637670
6912346
12896396
6455502
338957
2284443
3561941
10553818
26468494
24820618
26833977
5476109
4350903
11489123
13543923
13361404
21840646
4575625
26714743
15799273
25872696
11032832
14067039
15832082
13108619
5990917
3440082
23194881
15328302
19054090
2421479
20038672
10395491
3660306
15739041
25690317
25783921
20054918
8248996
7644617
5135904
26619679
24040554
17091452
26744025
6286253
23768163
16238823
27577251
24731575
11702444
9453223
9937592
16306528
9549304
17973145
15369937
6310341
13745926
15312577
22134080
27614107
18854895
5145230
5907591
14974589
24731508
22137940
11508496
27216254
23208017
5480368
17238110
27669650
16657113
22300584
26380718
7294121
19868282
26852606
1183474
22258851
14513387
5168192
19919928
4200712
3622264
5680863
17491047
10266474
8824369
28709478
18685683
3782557
27395388
24809526
29023487
4391027
1207456
13992648
28271578
5418929
20176629
14959046
20150961
16262717
12591255
10416640
3748662
27530765
2765233
15771403
13930582
29959589
8366587
2477414
4312930
28915895
17454740
15312975
22804210
18667567
16714242
29896036
24500185
26848869
12525086
2878501
6180422
8856123
12168540
13854951
15701492
20846357
14879904
5835891
4502675
10809960
25623473
7730422
21068683
448832
3615592
8822979
16122818
1658417
23053229
9569573
21074781
26894868
4438337
16657282
28860575
8562571
29425772
26279855
4097310
15561629
17477850
12426206
12204785
14989272
11171675
14169087
1890784
2818911
16271358
3668132
12203907
14367962
25094266
11364825
14715480
29281022
29199896
3232402
17177881
2515263
24702979
15413534
29964715
2276414
14947300
22269318
2406712
18452000
21889653
8628218
983625
23850200
21554605
17661214
6208563
28799360
10459668
12229966
28383487
19842564
15852203
27443115
13622555
12134626
29330807
16526026
26245406
22542969
9730878
27533288
14505916
14200627
9729024
25878362
18208254
12313217
12714506
23083828
17005344
27112004
33787
7443912
27516003
1537574
14560985
5680269
10776047
26636850
2155681
12155025
19208970
22462611
21226592
20464232
3639536
13394356
3899757
8991922
27885468
28360784
7346561
15344741
4080159
27685639
3430446
20849753
4910586
3639225
17595871
14260875
11115324
9921782
8911512
11918696
11586268
23629874
5441700
2680129
4023192
3559709
12049864
19826935
29778297
23081026
10823099
5486943
12421316
14330648
24084778
15571327
13155686
17559026
5663663
12957471
18668811
17320298
24157853
10400059
19782782
16843941
15000943
9022548
734956
28402865
20228790
24566562
3706513
20376696
29511316
14868230
26845456
9230015
8676491
5497758
8982537
20525915
28502591
14015607
27024062
552794
13727898
9650322
17322571
2081573
21010821
18725246
14097356
6951374
14585636
20279694
20649989
7676015
21232864
8986236
6266561
23164362
12154476
8571002
24365019
13083579
16969039
21029780
27970725
9940454
24106515
4025022
14324033
13497593
17250252
9389244
9178790
8858534
27207959
17946368
11736018
26905031
9744705
23629368
29508913
15886399
4427016
19340941
18364429
22222389
18529531
2281368
6057024
17640293
6610826
4202123
22308512
25156302
20774409
12607289
21259075
15776531
2473473
3057752
26853851
5413583
334199
3102407
21139468
24318185
4886022
15345641
25560949
29341462
21448172
25087333
2756323
15306535
1125013
998799
6800720
21931662
10601115
17346109
785304
11033527
24874455
6249500
8563893
11404759
3362109
16098440
17903749
4039770
1656334
22072199
17836016
11620149
2357329
13626217
25414457
87657
26157544
2081727
9514849
13983390
22052081
5654174
6249488
16844826
8391608
15740495
23305500
13539913
22167923
13319166
16947337
13348158
21835242
9056129
13939796
597879
6391741
20310730
4116184
103118
23508154
11963074
9199108
1878274
25234662
25404350
1129640
24037812
5997206
13493312
1179106
1508604
12130267
12720599
12871787
8216885
19926745
11997426
9244219
16556747
6084996
27038862
15411631
4143681
25501150
5646148
16572408
13771077
6217284
8055715
29538591
19763898
9028816
29357062
29386624
22391911
5625632
22118504
9671481
23075271
22213429
634260
24878163
3731602
2228558
9824347
9099262
10037316
20469487
3569150
14035300
5605223
13705712
2579823
10673957
11344206
17140887
6500195
17681121
21499336
18342092
3492472
8525253
27787713
29309593
15608856
20518021
7798015
3688752
9748863
6275923
11566177
28412984
17514354
7829905
2598187
11884742
15485721
4905600
27997521
16599678
9182761
27989054
6164053
606226
10081666
1794044
23515977
14190617
7369781
17329898
7217322
4570283
24277489
24740252
29868104
3427414
16654332
271796
7960123
9481576
7736944
17299637
14495403
17278910
25973792
20747951
8484697
11227954
19925859
3404543
20216944
26795785
6661798
19601528
10140115
14493508
20277595
15641375
18128666
1019766
9749793
21658333
14529555
574525
11782128
20974003
21922312
969007
21720787
3743331
5878703
15489325
4928111
29427010
5822743
14842809
19093972
12933295
25786437
24428775
6583102
14513337
27953771
27190193
6621985
6987039
1545387
28997899
22269214
18954253
18862865
26196864
6868015
28622383
9019075
14540943
13659558
11613758
14316964
15838453
5666417
12321264
23559229
9587119
5442572
9672077
26354625
7251729
9733356
28521495
24744205
5872706
25903111
1237414
12745433
17015956
14509829
12372733
2648084
22714273
5900122
17260972
24852360
28446044
23346491
14370423
11565637
27798082
23648339
24248372
2427361
24670138
12938308
9365736
14861059
23347550
25790922
15651707
14370115
28471679
7537385
9413425
16210253
20585145
15202471
5625976
9063637
10906974
13501479
22779157
24721307
16512435
13478972
16983309
18956740
14326193
15018637
3432980
1012893
13144061
896003
12972329
2295683
24371450
29387496
9961915
16266482
23935875
6666689
21251929
18376375
6454115
25416440
26569261
10123304
25235246
5665182
13584040
5686534
15833010
14703460
6068113
25553608
8072391
25466318
16810860
1259392
11760554
130164
22044429
7946057
46574
6732377
16448000
17534178
6545027
13422033
11835071
4373652
9013339
5567838
9910255
18591314
2292145
8780191
2793473
13319796
11078333
5101339
6101882
27165195
23147487
21460835
20409412
28928810
13167539
29588677
27112265
6683279
26451680
14186156
10374890
13416399
3916157
9326945
28229498
6435784
24834964
29224034
1976500
342229
4886155
24465521
12961283
19046458
1922773
6274785
7694621
975032
1114357
15778608
17736145
3941658
9086905
26671869
7873235
16853094
784573
8546532
6074985
13341554
19253546
16437990
14040033
16371534
10148558
6639626
24635871
5073145
10991893
24092713
24272873
13391354
23684128
28734366
2246060
13685950
15904089
20118117
17367576
503609
15011221
9814329
28779696
11842291
1925111
26017437
27298252
13617213
25222408
9680715
29163730
7806397
9710261
15514879
15411977
24223051
7123216
15109269
17939188
11678875
20562200
11102911
4720838
7288837
22578069
29990104
9699303
8924764
19754540
10041641
1239312
26902706
24856075
24793455
14465918
22878034
4725254
12651567
25070913
21001509
2092964
17194056
10804439
12805061
25337514
16429474
5982278
7769170
12904326
10831966
1010078
26429149
8293452
9806269
3062945
26136714
22561854
14015171
24589977
5396856
3929584
22798175
24716115
24066224
26245327
22569029
18787706
10194184
21186033
19236363
5629409
22049567
26306359
18302493
9434761
11369558
27355307
14247764
3151714
3068363
19660334
11472291
26147385
23057031
14928666
3179026
2865963
29684107
21714496
14622435
16413272
28226596
6608983
24056191
21720489
1737955
7248269
5215120
22007122
11513121
25500675
1380389
22830244
28898977
18116741
1165614
10368887
8608744
15021972
27906278
28825263
19457616
8815871
28758914
13447819
2666406
5175679
9885515
27296679
20670699
21241599
13105468
21119236
10594273
2304791
19663671
25990806
474373
15495363
26484753
22954591
3201402
16391049
13366780
2212663
13692530
3835438
10220392
3929442
11882846
2261676
16408054
11986991
7869698
18557948
650727
23518512
29051011
5618531
29900272
13240184
9901916
22455505
1384147
3339808
11622105
10685102
24085757
13493617
25768500
192424
18500954
16229196
22965911
13157280
18874669
25491592
22874832
25248417
14860959
5513746
9700441
26116896
2965917
15639836
28654269
25609121
22346299
12917486
10694788
21160013
14403108
13376018
4805167
6657456
15720402
14980364
13386986
9962949
24184064
21844211
11354976
6564870
3579395
22588957
1822822
22585995
29880240
905357
23127228
27575044
11250727
7059594
6157615
18316961
3827123
10737038
5295551
5785750
6671060
8914429
20051931
28122693
10641857
678213
21148386
4647604
24660432
573669
29549414
3017323
1147601
15470554
659862
10734579
1607513
28125400
3139343
18167210
10452464
25612023
25749115
19216981
317674
2546756
26706070
22658934
18713509
10273833
7381393
28407814
9657225
27917042
2737219
5253506
1495929
23500220
20703968
4801019
2647765
6051736
20091055
21261634
28697356
15782251
22668231
14765734
5007377
9816837
7488260
18398168
13657416
12650582
1386723
13721896
24697
451972
9708451
18564420
20618568
16678448
13752451
28312811
27599979
10269033
22127701
16406966
8727484
139613
23779939
25840069
1557691
17480092
20735659
20697533
8905176
10534296
14446296
3490243
24974344
23946166
20371444
8829961
1975373
22105835
7663310
2687949
21926963
17255557
4945557
24078949
25126660
21215124
3499180
26610678
6124495
17810100
2797117
24663428
13406934
28122442
21806550
9008089
13671366
23145198
21502100
10953569
9155651
21908074
14304302
15800623
22343507
1899353
28263186
18749721
15995209
19457739
12252685
12769877
26151980
27470117
18890123
3886069
28991342
19321689
21357608
4822989
8573548
29436685
19433976
4396411
16011042
8438162
21301334
10742352
17814743
18258886
5859692
8543240
19050310
50491
704624
2219155
15858526
16308051
10634259
22678224
22834884
7278495
6766269
2251872
25795957
27786628
8597661
4692726
15474904
16859838
4448360
13973735
4909460
19333222
29399100
6910780
16569398
11920734
28480107
1177103
23289971
24184786
23604805
9860689
15193617
28458525
18392254
14055286
14089363
19382425
26199719
27784539
7479267
20932557
13702663
18832499
27882320
26694929
19435618
22361911
19930176
7534649
6511180
13760299
18778480
15832685
10275772
829213
18342067
4329447
3898914
10350419
11620382
5523211
2382332
8785475
5277269
1611022
29560110
21326387
13467190
17974083
4125375
11648445
19904731
7677537
11835068
24945528
10806334
5385554
26231748
25722841
19006492
4206445
25133105
1485282
25071111
1929243
2581698
18523825
15158241
12961286
22865009
8480123
28432596
4357039
6347307
1942602
6488948
3696901
3682799
12787651
10316956
9748691
25981802
20014811
14260125
21701609
24445784
1367349
14435622
8158283
7958447
2734135
25678372
27117296
17314515
26506053
17197601
16801954
9817135
13387993
20045156
8792109
11973345
24016726
6709209
16506951
19365138
11700284
22137431
8023486
13517179
8627754
10629012
11461972
17765878
7284076
11256890
20546372
15353901
10613975
6096566
12998417
21197912
20975276
19657753
20397470
2360147
15250591
27094649
29611307
681290
26974302
14049171
22726160
3209038
26714867
300800
8638738
3144754
17396300
28835156
18669250
14788004
8071702
28991263
11103649
7018792
7574058
18771586
22961025
9654211
21704572
27740716
10791752
5523898
25093656
29004621
7648591
21777228
25841643
5390798
28969295
26643334
3345997
16655147
3806437
20410577
15226528
4063760
1415649
3398515
14699744
21059200
27587369
4709828
15415260
13699170
21793740
16856127
19221308
10781123
11278820
18366289
448482
18002050
7210636
2027745
10914397
28100932
8219634
22479229
29650189
13000311
18489275
24636313
29643499
7487649
4787603
15657123
5786709
1254515
19686943
7350989
9671293
16556951
23808921
6688621
26438742
6769994
11454896
25021494
23654422
24335993
1428684
23677092
16917189
8125819
18577750
21458209
6211178
5389234
6027052
15830650
25745778
14524753
6708399
19752410
12772888
19081920
6731510
15810397
20293672
22721789
25310271
25324294
1990389
15850779
1484546
17522647
22473631
14933283
11729654
26802218
27551704
17155233
1990535
24004539
19185034
24666084
11046833
15146222
12073000
13074446
20010692
28260468
17970554
2441096
22569541
10457655
3021465
22870853
29301991
22222416
7829644
18599822
20903880
21649472
24095536
5101457
21530179
8664223
29082220
16123719
29346187
4482525
11792439
9876350
10256390
22112913
13882809
13700452
23348555
8699532
7481124
13908635
19737676
25347663
4567052
25927839
18417281
24830409
4675559
3653595
15535768
21866406
26731378
29891993
20048693
15470944
1975130
28835675
10246184
1155896
15598559
16424476
10026708
20801899
3968644
2312429
12174348
5943446
29497596
21642869
164790
22693711
16146004
26557120
28302525
18039028
16694252
20307750
14907619
15600577
12995720
9165324
2693631
25199065
7860700
20191826
25843512
22050801
23381535
18158515
1714107
900335
21461334
22542586
2706804
22993923
6804811
28742109
7519567
24221389
22683396
9805314
15447917
18996332
17255961
28140367
16857806
6391318
28702676
22899843
16582970
8466387
7918610
29664565
3826188
24507583
19604765
18380622
20420708
12470773
7437868
2648252
7124828
16817503
24960478
23828255
16328518
25802666
1489931
17057454
15283133
2530263
1524596
26276453
91367
7519157
27619054
19225959
24172481
13774390
19540047
8394483
28551961
2182021
6834019
26481793
26230638
25643325
13557008
18026666
28863150
7423918
17373479
17808156
24857426
12087853
1466914
29608109
1802425
3094235
2661924
13591540
20240173
23348683
5924994
2661105
10076656
27220631
10108099
9316016
2539854
24444213
10019176
19545104
26359095
3294768
26927133
8390858
6073748
27841949
20033211
14636340
1142747
2390458
9180140
19782008
6482723
10471761
19842439
7604999
14514124
12491942
28508690
12303462
11046381
25905558
18376333
22523666
3886555
4388813
15477839
28020839
14646198
15276206
13045332
8087820
8471672
5211308
2648167
9254863
19849663
20523187
11011442
19358340
29741663
11001130
1702410
1946798
25030547
1625651
25261968
7937047
25946861
9239935
6846092
27615283
23147075
20376527
15400553
24098338
16057704
19580735
19804961
13052710
15360942
8552907
22990045
50127
28304567
707394
13283097
15971814
20996263
12795724
18872269
142174
3100202
6238976
3747060
3704319
15996356
13073283
21034611
28542174
16495540
312599
19800873
3962746
25406746
10237780
29648326
13706245
27325637
20517080
28986479
13868622
18161520
12295429
28474005
9320174
18074711
17765820
17288999
20918568
26558422
23422692
5598954
22197722
10604924
12456207
28327985
4932091
8528190
22264607
22590809
20891203
18183866
24972603
28574915
19249478
17043221
28572932
14752753
7203018
22030165
7237594
9592790
26499315
24024453
21725016
4050655
23447386
17653825
29920312
6831097
27496906
13358437
18711681
15818836
24069206
26625057
1764783
14888654
4001959
20348590
19538662
20724415
11907871
1869515
5713197
29115773
2113305
13554438
12565157
29592430
3377372
20794086
8833953
17039244
11087938
20444448
28118031
3608295
12976245
20045844
8814709
21343207
7943228
14098830
10412500
9053525
28011162
24128034
1133840
11379144
8411251
18157032
28620890
7154252
24981236
9845028
26037697
28216872
11971557
23087314
20153451
20033199
6024458
16844639
17238697
12649443
4635110
1925524
24724787
26476346
10787609
3746649
8793344
22738268
10654953
24948127
4965018
24740094
6104036
25646251
6207816
9935710
12962764
4583694
3004928
7534488
27445971
2989469
15674872
14044441
13336773
6504872
22370529
15304140
22928131
19302269
19150988
26728523
22810987
18520769
28679512
16914343
17779262
4360916
16925725
28646739
22139704
24562510
13821068
15910725
3394075
4613287
22585712
27504218
6568782
29313136
1928732
27754637
6196022
13609241
13257533
4604315
4260376
11149104
25736196
28133790
26371388
28191881
3284915
1007314
9951794
12538635
2849658
18849374
2972364
25041255
18345496
27336859
10495520
3677349
9636621
26897060
14203061
17094287
21617843
16992387
10141009
9445643
4613711
21696512
996521
10630362
23302552
28603112
10882861
20225745
1759315
7957557
20029000
20628107
15840631
22668051
16898167
25845035
9894968
20333318
2179996
23562568
18463923
3951973
4775660
15078878
11454990
20515477
13623616
17687696
20195958
28147972
7430220
15986231
14373362
7420124
19217182
11477500
4930003
8693594
4315347
6608130
26900698
10922841
2251143
14633086
3786988
19813246
18534267
1628791
22992251
18904045
25977934
2190174
24062101
795561
21665520
8432644
26117057
18311464
27020896
4841415
18481252
27840902
27082104
15970233
1912773
17221964
22695173
15339782
9304876
14958262
10278123
27236445
14411131
3192362
27284823
6350715
24631878
11714576
21923719
14291697
12759574
23632812
6175126
8355937
29449900
287314
28389634
8525350
676929
23595705
22774390
6505003
6728701
20003862
19938300
13449168
22875845
26166802
10053325
29759470
9559987
4127893
16131098
12399115
4829593
25728105
25632959
9771799
24228055
11240048
13813551
10777657
29527824
101032
27514813
19647542
25733956
17525154
6779064
7115461
1610144
5300440
29645719
15381431
23358035
8368365
17603366
29160774
8047542
21666266
20776125
5634997
16638390
4709088
16774411
21418566
8762402
27682147
16114424
15478652
4756767
2227655
5643791
21316332
12339926
26242313
9322104
11951465
26296956
13616537
21200896
17160858
12729449
21031116
18673745
25077095
13419509
14421501
27734882
18330001
14658738
6684138
24095409
27813759
12794924
29842594
14984141
23796403
5210775
27636907
18030026
4667891
5127538
3483164
11994557
3250549
17186087
25372393
18204966
19515862
6212155
23839386
11381515
12871657
12816450
20288461
26275193
16959417
4141847
25375858
22808770
5835654
28654936
29209769
23438254
1413298
19933147
23618809
9692505
13164133
9036494
28308308
5515407
19688035
14563465
5613596
18045441
7893725
11022271
21007365
4199033
7977414
6377001
6965641
26562287
22422208
18823406
24758143
18096024
18052670
7297351
9386093
12480058
26813057
27055450
9270212
22211262
20465492
11724271
4850096
26884358
16300764
14266075
29106499
2355748
22360323
22590981
7303459
12275019
19044306
5565276
4418379
10684239
11002560
10338862
22251469
7556466
14937068
25411838
10691140
16022963
22243536
9977556
14135794
27308766
18422402
12205943
4862537
23263040
18877530
6381310
23542050
654889
13774041
10667768
18745101
18536254
19779212
14076526
27555838
1707244
21745432
14126267
6914077
25362556
27835113
18616938
6287844
11890245
7236226
4529726
29434112
24040863
23591206
1573278
10022972
29339473
14549820
25193953
26104785
7342370
13927494
21886903
15212680
26521959
17341581
8492903
27572647
26901676
12572194
20988092
14613484
19516145
14884656
29239289
11097807
25242838
12686633
229884
2076522
16814934
15652900
19186810
38614
12330673
22782918
28927201
1636006
11532465
26253327
11582360
2489560
23228945
19406533
15049686
1409029
894525
24823182
18275991
17267921
20311022
3551262
12644072
575901
484976
27203384
29041339
12907039
22781211
11338184
5204063
21084741
23908767
26898797
19938133
13032892
11326675
13559018
27161755
22915016
3746230
20887518
6184930
2480450
17044224
26446914
25080132
9326186
12536575
16026641
10096316
19665250
29481857
12126536
15563555
4945268
9521677
1906646
29356181
15709964
22980309
11836957
8518799
23033089
3036749
21392192
6177744
8263931
28030761
6607849
8110177
28150948
21760755
16050531
21119507
3197102
23009278
23173254
23067530
26217750
13633688
9422731
7135007
6265748
13151365
28511186
4204209
11474270
10812829
19124659
18116276
2415126
9745252
7575214
7261325
28631595
17098380
28857135
12218857
29477924
17358435
8418782
11988168
3338805
2902925
24232698
24476518
16331373
11425202
13216562
21586934
17352466
24844943
12456091
26068521
17559264
29169203
8037304
4362778
22590375
26007409
23773872
10734511
17514966
11165586
27745452
22864808
10779343
25252603
310897
4230881
15452869
24476482
8300485
1508974
28006821
24558278
10255488
18394804
14848299
8073619
7612702
13773702
7813479
18751938
1911151
19620465
3908160
4856349
14697757
1860331
13858088
27349354
15731271
22529870
4898330
10443437
25260963
8490468
5517569
16319395
17828873
8414971
9732298
1338100
24533915
21718672
19492398
3253809
1717903
12695840
14150915
446071
7334397
26903424
19551821
5399816
24383853
8619890
29663421
27835557
21351644
26527936
868817
10790839
12630668
23480614
5781813
24398054
23059293
15457722
19349084
11958874
22699494
2808359
14801945
11451786
3396766
26292643
12238589
6524779
17568687
2880261
7192808
3498330
8389183
5922581
24895938
293101
5215235
26059797
2840648
21695251
4712102
10672299
14025235
22168179
18823315
20031617
6570213
11168508
27277195
7744413
9750135
2587673
14236344
19661074
13825179
4749530
16763460
10498855
22977945
3972321
11394015
27923033
17493133
9211269
4477662
5203513
27050345
4539000
2458068
14462348
24387115
1850377
27556388
6947159
18325733
16255256
82933
10096098
18403218
20028471
22584278
13332810
9677629
18820415
28108067
8694841
14459727
996983
29587298
4040134
516933
26967586
14478110
14601687
2627800
25619333
16256644
18017896
10863639
20486329
23921592
26780582
1357753
21463076
6434288
16848108
8315428
18961396
3744618
28721390
22542851
15436311
13130434
15921884
8563639
9715715
5502087
14375439
24904997
24500769
22602221
20212789
10573102
14626971
23485690
10979168
4632290
16106062
10392005
16768274
23438042
4445806
13459515
21876129
16342755
13626841
28981088
27735677
5060709
13628441
6933068
27600269
28283949
16011524
6186425
12085410
5154967
5115349
5655912
27393634
7357867
27841170
18710347
19719676
7173855
14429750
11985927
23114994
27471152
26981593
13562578
20970373
16300681
26560463
16409935
27030554
29287263
29168850
16425797
25497807
19830206
21759980
24210550
1495054
10442876
28513957
29055817
5723820
23507765
15662372
24704080
22189946
11846536
22614137
25457311
20996468
17488650
28870586
22399081
6291865
21219766
10063857
8874079
13130244
11611098
21870136
21984473
9257145
9681272
16528260
10353626
16955556
8128368
14713212
15899039
19060578
18065349
16807088
28933753
3295202
27136118
24532756
19348948
17768918
25025213
12316805
13614465
16146623
17438099
28874509
16947952
29139280
1875342
24869199
8780666
8937301
22641909
6868333
21277102
10466082
4031676
13568416
17852235
3800932
25789538
7501611
4169242
21085300
3119097
5402244
17824725
27846251
6049613
26302574
5725054
20090129
17008400
7698722
5318469
26046863
13344963
5778173
9370631
10295053
23777042
21901751
12030235
20011418
19939507
964757
1809709
2699208
6380693
16675930
15362052
26707158
12052771
16380567
2565162
20393874
19727847
9813754
6225245
7933426
9622845
9850806
12484259
27076026
20812866
11578507
8765465
10146944
28642469
10338783
9132687
13294815
12312095
24673091
16244886
9129872
15871908
13224383
10735151
3099651
21667505
18633681
4013897
29876244
17757283
24651855
4921475
23520243
26543264
18453037
16510659
25908938
27044685
25727354
24217769
26648275
8054551
14930520
20946827
4764457
10216714
25965386
8318013
18333335
28042403
9411502
29682681
3783599
28899125
6592108
11429882
28517731
15173630
15450951
3648801
9787678
19429739
2102459
6619084
19857601
14936156
2539669
22969995
11094323
25826033
1084240
2281096
22685698
19535678
22119719
8412617
24068801
14112242
25371333
26243996
20308672
13269050
10073453
5288629
28399306
27982947
15353674
5104834
8378407
4684877
21962636
12815033
18796837
23994708
23344573
7103258
6712079
14798165
26371236
3856457
7376296
23608594
13908515
10332085
348770
22892545
29417412
10012258
14776783
28382357
26807599
6805389
15026882
18648451
634206
23999105
13688663
25784648
5591147
22514373
18085418
1389162
24067249
12017930
6614983
29922058
11581077
20838698
16500073
7490953
19826296
14177466
382369
20185574
47678
12007226
22492985
28623956
13192905
8822211
4335987
25843364
6740272
3904631
27698069
11994398
9815837
10811142
2758105
8142659
22568546
18461268
5934755
10261896
22265131
13541180
18807563
18468748
27703897
26974159
22388835
11200849
3625395
9939416
14025923
7173271
24224575
11271691
17831392
23206441
9806940
16657915
19983024
6944896
4188343
25819042
7754216
7070313
6126797
20741459
18955098
22947327
27335477
11706392
14692576
21515601
10916630
7694902
20078354
17249588
21487581
29811945
27972418
27313010
24064932
19558366
6807416
1243595
17924383
838762
29800627
18172314
5602101
27061982
25142518
29227144
12360365
23723175
29404818
27681157
14445347
27915172
6518790
29812703
25342956
2939873
3353495
9975532
97761
26952250
16351234
10900241
12434725
7357884
7126290
19423293
5662254
5544412
17288326
17869789
12126464
28751572
1870051
1529829
14677592
12041727
15849670
25733901
8173582
13579783
23520740
17614572
29422007
3896144
23826782
22591248
2410458
1593821
29882974
27943920
5378967
27699530
6197049
10546112
1150734
26891732
15498256
2974336
21879955
18011237
21810321
16191363
11052189
29502544
9023444
8385559
25268620
2119099
10852455
6394625
882224
4316669
24716761
12901744
10132901
24983322
5608653
20874550
10821622
19581247
29307922
6827168
695444
6244450
19636339
9259762
7758828
7162051
26620095
13876804
17252495
6861290
26374254
10511521
15492132
13518817
2400302
11605389
6106046
17476277
9074456
536463
19063681
17065050
9675724
18034731
4863347
23196031
10391377
4215675
4570051
22945793
5024772
4904619
28865956
5708980
2773907
8675944
22887102
16489485
25718344
13182578
20703241
13922363
11565695
12864188
11175485
28622275
447253
14855194
27286997
476211
4659530
26869920
14243801
13002307
18989099
25285199
5111539
16989021
26652437
27727556
24014490
23163780
4880202
25113224
14578629
11045770
14108075
22560989
17242606
9145984
972670
7257964
12491902
5836873
2197520
854328
11215994
22518494
5639889
21381644
3173315
27629787
27693838
5900659
18031710
4906197
13667765
26132988
14155378
738886
20329283
25752530
14929834
4366319
5212293
16951707
1128475
25843874
22974906
8226649
3523397
3331015
22355321
11136345
15688782
25093430
20818443
22904187
29819587
29140520
23078448
18694247
2064087
20086551
3315922
3135814
6908770
14407440
25719491
4096178
15541375
17555024
28005509
459628
26430047
13195146
1138172
6806743
16255950
22006093
25363368
21540286
29343827
13603490
4299388
7673914
15894524
29429700
9999092
2546526
20922779
24308592
29050864
11441258
25002183
11822549
13424797
1556508
17801207
24300558
27677951
24573553
12889898
2422643
28699251
26328071
18566822
16138188
13876003
12168161
5524994
5961071
5261749
21748626
17229508
22274173
6612411
3523438
17073521
5887173
4140245
4264155
22748091
18651120
5386882
7900088
153283
21645363
6528931
27222717
23784575
7572055
20547941
13548379
28634324
21053183
1474492
11203532
12375777
23390404
230
12554297
11694612
23874433
17053263
13439388
5977701
22984207
1237591
2730913
20220709
16095
10297632
1161020
9173537
25179325
8038656
22547271
21588051
28804803
19482278
16377234
20374333
29059994
27269875
21599434
18931431
13895695
3667193
22115308
15402613
14445788
27557269
21860475
3595177
9258501
26748130
861937
17278630
363136
4122022
978227
17690240
1075434
6646958
2070153
14928117
15171070
25085539
18260912
16130473
28751720
20426917
7293113
1625565
26791628
17858727
11148455
26471414
27435238
16142661
8620063
11478246
25110973
10880972
6079096
24004940
20658385
24859228
16051381
17260975
10129404
21982516
3382275
14880664
5754833
7161341
23878439
4374791
17778008
189254
5357359
3149897
19053768
20221674
9323295
12853878
28974277
9005826
20558326
25595711
11915548
22932696
25937970
13671889
12060642
11160698
29685964
25568634
816010
15469151
12712449
4913984
17640989
20286750
17302065
27544737
12004732
10207707
14962908
9869907
11173524
29712602
3475699
18085496
28900181
4114890
8494293
9237390
21003423
23229211
20480469
1794535
23983753
17681808
7814175
28871858
187757
9910992
23158517
9175789
27268080
15999043
28234136
7370170
5888872
4987603
5148777
16827329
16722501
23071830
26797175
1652335
12903827
2336183
13535413
27589538
21545829
24327170
19158461
813555
26441734
15645090
14509944
22787925
9508789
10305936
14973825
27452323
13840866
14195376
8719986
5601168
18782542
4419381
4770957
3807109
2928474
22834016
15888200
25346781
12098632
24519716
13082272
9899874
14724656
16126257
6809176
7203987
17792776
14307311
594645
11494001
4696805
4813301
8754493
15808374
21686346
10082752
27841917
22367143
17162118
28213621
17476853
23881961
17352197
4776269
2311866
1794335
11363234
20809433
4175350
2308929
23205057
2780253
809960
3244764
14264364
7189742
5406902
20380916
6749116
1530728
28172966
12691305
29877183
20917983
163970
2409789
13716145
15156162
11903763
29054111
192020
28502597
18591820
9427876
26793318
12931932
23840600
22219549
549398
24870784
9820643
19318251
15604573
14166748
14932303
19682084
8810783
16127439
2801376
22883147
26564063
22897465
29499868
11136989
23355694
736286
4749962
14073278
5767218
25880275
13748246
29563880
20507862
13683564
2235015
10903985
27620891
18541791
2569695
18408559
21167124
18066226
16582120
19246219
2366740
6635609
28418271
7610484
23947207
8533843
15940905
14573679
4874685
336609
29177662
15855427
9870687
17948299
10889911
15752319
17076284
7175101
28002051
10538881
7466905
16680689
22348129
26768775
29897518
23225878
4023386
8226303
18694182
507273
2641888
4878195
21022683
24030860
21274046
13324083
22587543
27007813
1699031
11199762
12889300
12918620
13090363
25424502
7692536
23442101
14563184
3431792
24352226
6552412
20555761
967810
10493479
23237822
3868726
415115
20348799
27554945
12741901
1190278
11985408
25782231
27694998
20929187
21531411
21388519
8699007
22609231
20535005
10618996
24959552
18567081
26587654
11149888
6379960
22220980
11088635
12941111
19119940
26284686
12372599
27805899
1708217
20858164
21239324
10527454
9004326
9948509
20219377
7202457
226426
19754937
21985134
23644027
10971408
18226165
11038603
1608632
28981919
21664719
21302618
27989700
22406764
24486539
25055089
2292008
3625705
15281734
25888543
6508372
29162292
20524506
7117764
22680512
2392030
24924357
21961679
1658133
7634724
8399916
13518596
10682453
25033630
434735
11305267
18176248
11897653
20483093
29376826
28529907
14027823
27186037
3826123
9153423
865829
27314091
24782141
29603997
6012945
12256108
27870443
19463562
6437472
3383448
5612070
14676862
23884752
22451506
1594762
28879147
23886161
26613574
3959101
13299280
26080503
8885487
21356351
2725779
28733031
3625341
27173047
16392290
14341916
13748127
22902138
29224115
2804312
6308737
28821764
18725457
24292870
16086704
4162852
29860535
7528129
15057459
1217288
21602286
29211457
8284898
6569133
1341555
16187688
5239382
23434918
25101393
25789212
2564431
3598176
22722064
28708576
3153245
16336579
7639862
16968166
16095796
28963371
24286296
16108367
11441457
24672438
22465627
1414602
28945392
16980938
19446522
27948142
17673424
11776441
12149922
28017283
16507787
7781950
10008622
21478066
9999242
9117177
9120337
25925659
20943456
29521602
24672634
13240432
11766123
23569040
29718624
18788962
16162862
8269652
21143432
17270524
23917745
9127288
13281481
28217927
4074602
28210382
29405526
28940999
5047139
23242854
263009
3365804
17293134
6049265
26740956
26609414
25362776
26124005
16764205
11954775
25123948
20805858
6457507
23613047
26433962
9566013
14615746
22015962
8717855
8005737
17656028
13545304
889169
2719482
19528052
15677501
28643011
2281198
20134967
9670436
19543132
24582549
21568936
21777005
26213944
10349588
13397255
17370072
689228
25124090
18598999
14016637
24213442
19259603
18358153
9764599
12653258
1257330
16302091
14281952
20714156
6718760
12954921
22531537
23097363
22800044
22467104
9027880
12069922
27622717
25406788
705550
18375583
4584783
27117743
6915703
25925016
24834029
19939480
9723333
4632967
3447371
24741400
3514850
15260436
26365679
8424239
27408308
3656685
1227621
21409567
24824427
29808800
199811
17252243
28458130
22372897
2400079
3390429
3836459
10781804
22163463
18720596
25070615
9688548
7199652
535560
4737391
9004831
7597160
23297018
29300262
28638972
24776311
1763849
22884644
11512654
2799275
29040403
25935578
8539300
10483539
6451521
23871418
18708325
2118678
7871449
15018910
19235973
21587132
3980195
29610929
16265419
8840403
338185
29027653
14295328
19651632
2478573
21290177
22316080
4857993
13360119
15988390
15955457
25239159
14541029
9863457
29516632
20815491
490024
17576525
19945679
9598092
106898
23547199
20013537
21462358
11074120
15816281
13995315
9907210
24525985
16804700
940078
5631840
28460496
17934622
22696064
10776727
6089597
21938284
16436877
28513129
22864640
20306239
1905188
9591854
11271285
15062921
17851541
21414841
2198187
12182066
26331363
8015197
8529748
18743737
11107571
18835995
2562484
792420
21119279
22146763
27538466
9300719
7496653
25654268
12215555
14065060
24279347
20579696
25527840
3339823
8634210
3986515
21772835
15602760
16778404
12999610
18718455
26681073
1890569
24803456
12411147
19303706
21129827
19755685
25450405
29870751
19330741
6272559
9356809
20217347
4941057
25040232
2211124
26433310
18849670
559395
14730415
25278924
29558774
12663224
11198883
9654113
20045896
1463843
28876601
6870118
6171051
11068225
27980346
18462181
17465833
11506881
8024744
1223590
2711440
8241148
20701306
28204255
8519948
23538457
29805751
9768920
21052398
6719303
7187105
1965488
14993148
8183976
15934280
18588491
29213478
23004944
25420557
851750
1746336
556022
28749475
14889804
16379025
8342617
3587098
6505504
13373282
8534330
20734497
21125750
8387956
5768136
25470209
29137413
9681868
4997074
2056021
21180919
16568012
1984506
19936976
27225312
19556457
21275952
26345689
1305551
23049483
4392507
2337299
28557905
25633293
3719167
3524183
16352735
7843137
16331555
27127792
18271056
27595983
29828151
2592891
13662611
11169507
5047565
16141301
29042697
16576415
28104424
21829921
14276051
27993422
19354343
26703172
24382503
4106517
18075618
22481863
4241234
15345417
19237263
2878623
28916286
25128332
8538979
18364061
6964716
4018359
17358600
17756774
10934299
11820929
3902203
11637097
3229187
4792829
7900893
5957245
19764514
16871229
20317753
27029675
19495029
297766
6856040
8087221
15638887
18646925
19955253
17513676
7719822
17479695
10295184
19323901
13809263
24632589
13832191
28218037
20739449
23330066
17597819
28978926
15273027
26572199
29246235
28546772
2350275
14239864
17024625
2393566
2297514
29508774
1524375
5855058
4362082
29624874
5327158
29346113
2072129
15639634
25718463
4839870
8522723
16141713
26953618
27509075
10671605
26477031
24214914
6702475
19561783
8835380
16480216
14397225
9701302
21608802
23577175
326737
12060223
18287475
4690973
26132476
10331099
9200043
28113584
12110325
26403112
26533283
8328271
494665
20824308
993978
27210489
1751848
2978336
8428011
2885195
8787420
18159470
1327712
27352282
19774660
18979248
16716779
11418011
12217558
12355468
10699642
26587961
14882908
24407863
19543964
9553820
22319511
23519814
6687391
2749946
15502041
12436617
27396368
16628051
2757344
26437575
23587578
756026
8445393
605604
730621
3803980
25164158
1535434
8523052
28538361
2216532
1587116
15968903
19900429
25761666
4840760
13120722
3411297
5370125
21191881
22143633
9344054
28452614
19928340
4769144
29120453
12259043
18988842
12907238
16915167
17806235
21456278
8983995
28496283
26798311
4469567
6891148
3403173
10876451
19000185
15307539
28292676
329797
28485204
7818045
23390267
2504563
29376563
8938376
29870086
1528902
19498811
1747808
9297185
21040499
23056492
4960728
18640638
12096333
15349872
12974941
15093195
15683246
14448825
16849117
27069328
18287055
7541965
17875969
18309042
29823753
8888103
10718219
6861124
6072625
21772689
1345430
25842806
1708371
13543026
27660102
20325451
23091684
3262222
1926050
18691698
16070991
2688298
8369695
19155294
29127107
770807
13162573
19992729
11186332
10121303
29505388
29545914
29600900
9834098
29417279
5938907
20731387
7530759
8886378
25016718
18412297
4174100
6073365
1488428
9303939
17803534
13431887
9810676
7300110
875755
28585679
24690584
10970198
21057833
12909214
3024893
783756
2833370
15568463
3397933
8616445
6549772
13212745
20446550
2183153
17305794
1045591
25621538
21810231
993343
10892673
881688
8422656
20137930
11087286
27098061
5436735
20607167
3828146
5132161
18264797
19925701
7110835
29248827
5367944
3488998
16315471
5298877
10009948
19596878
13910934
20513445
13827330
8209106
4318303
15331232
28515055
13202793
8379784
5196193
11136585
5196874
25158588
17413155
5502059
16092109
901347
27572751
27912372
26147274
26559850
16684945
26348670
14881186
560863
14443215
19797929
19461944
13775927
9842154
25466454
29025903
26121805
11714191
7718084
2013210
2037473
19000976
19095104
22224875
26228798
15227601
22085539
24982325
12913011
24567419
20306589
29629583
20364800
7240853
13944692
9182524
29619126
7897164
18502621
27013301
24163669
6379153
24173093
23091385
13077614
13634795
822521
17116173
8868533
6343050
12488736
1775836
9774959
8209744
27982413
8609264
9502246
23033195
8912833
7056841
5135169
23811551
9194194
15806073
21168750
20664902
12751461
24168601
9706163
15338651
9954915
13757956
23664336
3048990
3674842
11768750
14571925
28415874
15140745
12248834
21020696
12376455
26157215
18449148
5471396
22104865
26924271
25378061
28433260
1261649
17389971
13059837
22756780
27456785
26508372
29515460
4739661
17615193
26432449
15656847
4131775
28485493
20320885
8128093
26723007
20647627
26275735
25652319
26881363
1711379
22288506
29303488
458267
29724055
18982222
6929905
18704730
3628580
11424859
1662502
28796307
29583226
1656770
22065721
501955
33687
18715175
20250370
2745987
2958018
22867422
850030
12968125
15783198
24508174
27299228
24882005
28408568
24767206
15421322
28875728
1461770
25786337
11430441
6979834
3751542
1010758
17424280
12349742
19311687
22946812
25570378
4185551
27664994
5982447
10321842
28664029
20644462
12667768
6456233
6033786
7545007
12203490
15301399
2650982
18745570
14499089
10949587
11240226
12825457
5326171
15929258
11549785
9222185
8876385
13921
22728285
12014989
17251836
12892870
27054095
14828428
21759919
6332185
27827309
19485265
16268948
2557457
5330545
27582366
20734787
25928034
18910866
20227899
12988687
16280157
25783525
28351275
3399590
23165497
6110565
25747507
5637731
17108024
7890135
22363940
2950714
3102922
25810876
9585513
10255079
771323
25191865
27638752
16640859
14544796
17404020
15476556
28338767
17015490
21439397
404390
7238221
16325177
9617905
19092323
25042046
4192765
8824287
13773041
26355623
10538070
7576176
25163281
10068290
21072532
167805
16957296
21708532
13924072
25348796
27571762
25072645
14414509
1229817
4567738
29265263
18494230
11280180
16024299
11286178
24668634
20928656
18096377
21535433
799952
12497564
6156147
15542171
16195360
954073
15259270
29661666
19597360
7515041
1231111
7666618
10951441
18657730
13760887
21694624
3690313
9011882
15267437
6240068
16592539
6345015
4052130
13835128
27274307
8182653
25105533
26240493
9973066
18182742
26627354
15023920
12652469
7449778
15983322
11003916
6105438
6200226
25719274
13683677
5737807
565951
17178401
9515206
14212581
27305842
24655405
1149959
2317408
18566814
13350990
7002792
28256231
21963092
26767398
15739525
15175942
29280690
27958105
16651880
23829943
2981002
16161545
6518480
7664095
16981238
12131399
23563084
10146817
10478781
6595311
26267150
20745752
1417464
12968796
2039072
2711224
18341695
15084361
3480535
10416422
28506377
24405743
21467965
25534628
19658644
19783121
23049846
26321575
281272
4352333
12202061
13295011
12993317
22999478
19296306
8582208
9885983
28408587
18285549
2140645
7081965
18280894
27356221
13343313
19602884
27496633
2794120
18949534
263525
21449124
19428361
20399999
12722903
24905908
29878966
23014731
4808595
2511089
27532973
29039985
8875029
4417906
3884402
9284982
7273275
13840361
12662857
17302509
8510823
18433772
625511
8789782
20579123
17956998
22859887
6612384
7019440
18253367
22669945
10409938
6142801
9026185
27483775
2915005
10287913
15904414
18963637
484125
27318557
7315376
7028989
2090537
11412423
23704850
7580420
5965889
4065191
1030398
27708631
20510929
6359095
6778731
28860692
14213111
25332527
21431770
29312019
6164284
1964733
18049243
26549105
7042798
2620476
26578964
8365976
673295
3266693
29207696
27555529
14212499
22645222
26437761
19972885
20519228
1663299
27740556
21731465
23615131
24574176
3547759
28004811
9657510
1279038
17674321
10241075
7744820
17159355
11950753
26486393
18545878
26877886
28553138
12153654
24965263
12213224
28394392
9726029
19502819
16765859
8265124
26575355
16445922
22124368
6506537
8961712
13328110
4066040
8823247
6728645
1247273
9840467
19808673
15874603
25760768
16308444
17866544
11900329
23082092
5320703
20115864
11888240
27289194
17003948
7547902
8886804
29114165
12623578
5659886
1762238
11621105
7858044
18561808
24778035
29708273
8604603
16101906
23391411
13950424
20143612
19863877
10746305
5605291
4598269
5386357
20726770
22273200
12527999
17517538
6353014
29794640
4310200
12674129
17806685
11243925
28978131
16556005
16070852
26802623
2156029
7576186
6318292
14699684
16343090
14732096
3229381
17954119
20581247
20407388
24262357
15083832
1723032
12729408
23221152
11100422
1281077
13971119
29554117
18317852
14528916
25533152
16167091
15641873
14106733
8981549
272592
6600148
29363129
12632594
1827498
16257668
29081770
27344884
18575550
23203469
26304903
12592355
10960721
13415483
27255135
2009285
9694980
25930361
7723894
17933256
14731342
5954963
15619387
6304215
18252588
2676531
3310070
17923066
25758809
458852
5940491
21668999
12283316
16276688
18410644
11507551
5083143
6420144
10649933
14311607
19453468
2367600
26318532
4140331
5290544
23443803
25901425
15793898
21568674
15385016
29987963
5986215
7810944
26735938
3251580
15637066
9427324
24288885
11159701
18450881
9285629
9966380
2601423
10181906
18026536
16048042
24926462
20368376
6127091
14973616
3802342
23564114
29188198
29086537
18014848
2821271
14164709
8734992
21566883
26201133
10430950
15748595
10837352
5068490
12143678
25315188
29961516
22438786
4010998
15541452
9917089
15542787
1569346
12869348
11981560
10328930
4756125
20902952
9630324
10167761
20794857
22775507
23613477
12510502
23357469
29538952
14084008
29565355
27319600
16009572
16854182
4868085
7661912
22948222
6447853
160294
19876819
15535462
18120163
3192256
12545832
13837999
25284228
17207542
17230115
1495163
907632
21875897
10927866
11459173
520918
10488171
16068190
11247593
10469831
24534858
6552066
17602682
15540565
21172168
978455
16828435
15088561
17259740
13052981
26582255
23149403
27059884
17549789
25940159
25820515
1436801
9312991
24324594
15992806
15099253
10571406
29262777
13811116
11433264
5100163
5775750
29886062
17892857
1852290
21873580
19480179
12568495
8255112
21382347
13726672
718390
8479861
10977689
29641595
14996894
11007071
23802511
21691214
29597793
7483161
13089449
15801299
7315643
16206833
5494103
28519295
18295707
1482291
1422422
20584183
4574528
21634416
10581684
4888076
7139481
24460304
19587757
18668433
15932318
15980115
19500347
21257718
22467638
28870195
18983508
18568093
23658825
10233384
28560271
7958316
20337657
28928917
5538021
21937470
6241536
10146765
19816513
2301385
22666939
12487186
3062077
26544493
12714806
12023285
21301346
10560602
27103118
15104870
19041401
17743089
21932876
5103670
16405457
16952983
7823508
27460595
26714920
15385705
26431978
11556322
13656285
754737
28436622
25641987
28110699
8186733
1550406
2636416
15148083
2483528
24363626
15881636
10581243
8687634
28000823
17117915
10226123
29926022
20299046
2590228
21059699
23062799
24614206
5747738
2349873
12342374
19884922
27278299
22980769
27901506
10827912
390637
9095216
28419484
10877949
12959609
5485731
24213557
26145785
26968393
18105069
23101748
26409541
26920779
1551235
9725551
9239791
1644792
19825397
2879870
2778558
7810892
11144536
19764725
26181560
2819450
6715368
23722546
25687413
4241855
16254585
10374667
641431
16990649
9249067
5330163
24383361
14013414
3985923
6233350
19417610
17834531
1456760
9362861
2210425
26401174
22946034
29285853
25140728
9424572
10512833
11303724
16308779
14785212
16275624
13506014
4497576
21443210
896340
2321571
11684206
1168754
29388444
5277420
13875773
18951178
8989480
4480658
20064768
10404146
23410823
7454658
12151800
9365153
25208550
4253341
10024665
17959113
19838947
4137632
18847417
13615659
12334821
8079259
21845812
24746988
17338333
28280975
3219229
26124768
23406048
29315944
24627127
20642308
9862935
928287
1261117
4655288
23356565
765458
16538819
7246439
12647884
12158282
2290186
11158242
12502477
20966798
16706247
29150764
8603202
10921388
12725940
23465558
4787381
5952322
5721183
28496666
10520316
22004161
27150878
25222912
15969103
29950633
12370173
16220377
23567146
7346154
5383233
8423215
16199842
3473445
25163223
27551311
19933534
22916713
6820393
19589389
25644377
27809587
2971772
24607964
18426691
6394659
1164134
21807161
29725357
22429575
18951621
14645930
16802579
27528319
24436359
11284162
26611100
12288301
6820563
18785102
23556192
7409220
28992961
16679404
25743980
8755086
16204945
29909764
898138
29893382
25258978
27227477
4627832
17612035
17567095
10080055
27007440
296359
7216208
14880677
29790683
379342
9551918
17096101
21397110
26758351
142593
347915
22575430
24827057
14941514
2300516
7835473
10428599
6507187
5251890
22471966
3823691
14754270
25937473
13216666
23224626
27229992
9681854
20843283
14233256
8410697
12392112
147443
21291421
23071043
7712700
13511844
1448274
15905270
2542182
25680201
24904183
1964470
10643609
25016832
12802797
25074700
18018399
5109389
6009174
21262108
16593294
225980
18879442
18259829
2574486
26692727
6456895
24512667
10928269
27812498
7602030
20292038
15567547
24062975
20966057
15807388
10161245
19867677
24516719
6143096
22121375
822134
24954254
22212306
29966986
14785583
2118121
11833336
726610
22698053
3563597
11246904
2742376
3630401
14983729
796220
7699804
27981891
4045554
23317950
11947782
7225391
2001052
26381499
7613291
1889985
5936624
4279518
7507526
15440326
12854920
8936990
9961055
27399603
15661895
21918572
20770741
27356839
5431960
15563176
2506706
5553943
4842670
20697674
23203813
28326268
6182553
3863132
28796018
19397960
25087374
27024614
12763335
5022459
12481723
11435577
27977964
2262841
2713579
24057000
29524271
10047236
17408907
5578629
24845931
19426624
3598341
26946294
20163732
14275921
18101260
4326835
6737118
29245630
17425604
2320399
29821998
6623908
19805956
15230507
25665041
29572552
11139860
14111316
15605570
11997983
23765554
11938787
7973809
17501410
3612265
16088431
27297027
28468789
23970445
17851654
19899948
9938132
25139639
25916755
21298203
4827128
24990533
16567672
1673438
21312370
4450967
18758756
7702334
9280608
12274500
14377704
12075437
17331577
13169474
25778467
18799584
22685037
21814163
28861274
28636707
13231650
11073258
6890170
27712575
17292797
22255134
22719243
25337163
817459
4430798
11752064
1289454
5305498
20889796
20266551
7222122
259040
1396120
13928083
12704364
15030285
18892343
11894199
25600573
2330266
6386862
22509155
21200383
26292088
27040160
496539
2367705
9507322
23683731
28191980
1989716
11479031
15492644
3913195
1322686
11996954
13849302
12795933
20556373
6439739
29358432
638667
12682363
27291252
27717542
14746935
11352113
22690681
24764369
16220625
23832779
29825984
4594394
6914334
21310794
18412932
13667062
24860100
6428659
10755259
15191133
25049823
14545833
11783981
571294
25732773
11359046
16365896
24701768
15678569
5617358
7589112
16472469
10324407
23652021
13128850
21950631
6539765
11892338
26646149
26662892
6979178
5269459
26106516
7035782
23376912
4684050
14150040
25004664
24254104
783442
13532786
18914083
16948239
1936212
23005483
17939204
1872124
18678222
1602279
26956359
10954275
13067817
13098047
701267
6388179
9563493
21844395
10532188
17343722
27503171
406556
4352238
22234255
19238507
27739418
16633713
10906520
1231971
2008439
26608556
997731
15667401
23270393
22384226
4307726
11687894
4398615
25993263
23779356
29189024
11587564
4257553
26127121
23745419
26911847
16220277
6293092
25295377
28854911
18194997
23215845
21420675
21562195
316210
19267207
21954934
3402865
7379478
16559923
23822794
2051240
17691184
22626559
6318256
4078848
14009968
2952803
29789066
8182250
21330528
446969
16111399
22924962
9543523
28861574
23155196
29460348
13212325
16430285
28345988
13206740
12282032
7461169
19499139
27752162
23999424
23177106
9762261
11683647
11302991
1114922
2766303
21035546
14072569
13164706
57756
26698883
13669479
12214677
18794091
20684028
7100528
19088417
3227619
562286
26337881
17871079
25390054
13682328
4229106
1692456
3685351
7909278
25114454
5702914
24745875
22835435
28143215
187276
21341993
5123313
26079702
4826049
24874175
29220088
29982869
2061231
8150672
13066991
8513024
16360644
12165676
11781056
5272592
20166054
1875657
16130046
21798752
11852001
24955864
21257340
17051315
29976897
23198846
12013124
25534773
19671097
19926008
24239605
16375160
11875564
3243427
4668538
9681777
23515585
21604822
27020743
19920758
4408085
27170427
7059128
3018424
29346028
16637896
17208805
23452301
22782015
16880522
10100457
19003795
8336286
24320210
21691264
24868217
3884209
2504413
6003549
29742453
14894288
22016222
21757910
6791434
12495710
9395732
10761233
9577952
15675088
29304616
12182876
28113384
19804210
3588638
1399291
6687383
3921035
27264249
19490856
4032482
26975112
11667618
6176144
11982155
6333245
11137946
8280100
12797360
25304120
25298219
28372196
17535131
11942532
12740756
89620
15358417
2551381
20748958
2548599
20624779
1714233
6486257
16989308
28404970
12397791
16775805
13317740
21326848
20318899
5771435
27659561
1417356
8913766
21249164
15770300
19911350
934870
22153100
17384141
18322037
29802127
10749537
22404962
12733165
15676579
3012798
18161712
20267396
20067044
18807468
14128364
23698903
17900274
29734441
20738187
24833971
24222150
13174666
5549469
12604486
1212569
27049585
7180113
26651272
10834816
19079932
15153806
25291514
24368063
22242637
5018096
3013068
24747623
5980691
11596214
28231017
19373044
7043689
23394980
10555799
22180618
11495727
3596965
29620126
10720997
16293418
13023331
5775394
10802484
27115488
6244674
19812514
11750714
27537854
9907267
20180015
11350195
26763769
20851519
10012181
29344731
21749252
25383401
6493154
13084502
24822081
4310108
29278705
22104500
8264599
27464965
23478362
11833243
28378132
16126428
8565955
29752544
7912200
2315488
6938425
27489753
798110
7946795
2140030
9883234
3536227
29115887
1214836
10312663
21020577
28470486
28464114
14702226
2175810
20842158
4574966
4911744
19403010
14225935
7772344
29915295
24238270
3470474
10230431
11795359
1036167
24316826
10771658
24055848
26549879
25625424
11252626
19205485
14676374
22498572
4193172
1975490
17534909
13717269
12007932
27646050
8344035
17941003
25359900
27624368
8354444
13669500
29231619
7156194
20020439
28986858
28865360
2765346
27969666
13968898
14267996
4039631
4832164
9049529
26932847
18519765
11045284
18958326
5651352
3440283
7380829
7615992
8538540
3634028
26069741
6084782
17877475
28582556
1855229
11984792
1136878
21229824
22382775
22635174
12824517
11439103
12417525
21941056
6097444
19346457
28729445
16686314
27701699
28082593
19681232
28769609
21202722
20215575
1773442
14607126
12140436
7453936
16500154
27658571
28730022
11174131
7116799
12692644
13488446
25436512
26127272
7541516
6116351
19930788
19196718
7889546
24461431
23373996
6551442
7151293
24956973
24478712
11030623
6365988
29774420
4930031
24398416
3160368
3477275
6441597
5312295
7675382
24763246
3418039
11042141
18229406
732467
682667
4839440
19326480
18105162
27214005
14497077
17391561
4128209
8016852
15194674
19163220
14406894
15178083
10974936
6007243
24883656
2692949
7636361
23055357
8525747
10095144
27010954
1358881
14533363
3337845
26145096
11433028
11287206
3536141
15793459
3809729
11266525
8434582
5752180
1093410
8811971
12823844
15896435
4650639
22018004
18242269
9535646
20738552
24902184
10100956
2463780
17331085
25369448
9388392
22302432
24285314
1674272
6278058
22420619
20863629
18923981
2537573
17455566
10003811
20787451
24740484
17272055
4567122
26086236
5504068
12273005
18937237
22947847
21131426
23475361
10667880
5319799
12026115
27240394
29580887
14365647
72982
11671320
6261364
24630090
5776548
15180488
13041070
23210870
9193149
8323610
17616721
26562660
11958160
22155137
16730213
15459843
26351266
13332887
10127495
22120883
8833454
4569873
23662324
4307151
16819828
12344165
29155948
12456485
11197314
22707761
15418169
24580550
16027465
25621458
14570173
29572060
9545534
23684316
8232252
23030704
8948328
24665573
23214702
14842654
14140817
14807577
11265937
26613725
1421213
7503591
14932746
24705774
21744177
19500879
17493215
14257444
12433256
11535847
5501793
27086343
21687091
4542563
9963744
15311496
25107243
10822418
11472312
25180668
13009546
22335875
24188740
21642867
29924580
18991934
27395303
17219291
25390045
18601775
28137392
18722913
1956669
16098659
250952
13840330
19437688
9674370
22032030
1298668
10331323
28638709
15175941
21407055
20259761
16976419
9257312
15325209
18785775
22859747
1882261
16806706
18882701
14554989
3614485
23618000
16125358
20812138
22435231
10928586
18973757
3097713
21806675
18797763
5160302
1636025
25311345
13317205
26607527
26600190
3651868
22272247
6291835
13246828
14327830
23921520
26254637
11409463
19644103
2392135
5559481
11539807
28229372
6328896
11434885
15103204
4538362
14865651
29468493
25440615
12527260
18072879
26614062
28100030
842859
15267687
20459133
23988707
19216174
21877263
20465603
27197795
9477604
21286750
5431316
9499419
16409640
16809359
17881397
2803810
8020712
12148284
23748903
17487680
24190939
24569344
29495531
16171267
11880803
19566974
15000674
13083041
29683986
28415129
905455
29419393
22059653
3220881
10116367
9045141
29967394
15914803
612060
14814184
18249221
2006030
9516204
26288883
57658
28399024
10619853
22136850
17870963
16563012
22110827
25186611
29191662
10487246
6001263
20610890
14912491
26403219
5923882
10214303
3451850
8471065
19730355
11875456
2771691
10702729
17752247
21061163
7755350
17870699
19074882
11568330
29463943
5417753
17859180
8250577
26829723
4498720
9788731
12726878
15766672
6931927
23726730
21996075
9036741
11346317
16459827
21483089
7082287
22091667
8266162
21284062
3688943
186868
3704456
2927915
11940737
1412806
7893625
15516420
17570528
18485375
8735342
19278578
20497647
23562413
831565
2081059
5686504
28603856
13428716
1750546
2783873
779842
18472205
22987128
13773470
559588
16407621
5976925
29348830
24057195
268626
6017660
2240247
18699399
12095250
16772279
12363884
18542724
25270608
13738698
9079724
21113904
27186696
18897644
21998097
11648375
24625284
1694024
9246298
2853795
18279592
22657524
16028769
1614974
27300457
11548033
4553090
356849
29057755
13285898
7223582
2656430
20597034
21109261
12329485
2337025
22266360
16426106
21053628
19242029
429702
7754590
19345668
13131342
25515575
24816141
29430198
22716854
3431856
13040299
19387859
9895693
4880595
12949156
12749246
28964743
28098578
7031358
29913588
6077549
12636333
11480620
1734765
19090533
6653683
13785572
6897231
23132156
20371568
3263159
7460526
25524172
24763892
14229867
4287528
26335364
7971884
9348096
12037040
5100257
4649202
18102566
3821201
25767933
8732340
8223209
20244711
4044709
12416384
3110861
8270234
18903482
10762003
7107544
25566623
19391463
9795556
12673240
2213087
6539250
7063440
4357519
8679862
6988643
26619963
12100538
273551
3707702
21641446
12921749
5766069
13095102
4596465
23383198
9647432
14993230
4744357
16477662
13957495
16258621
19462413
5610185
17828595
14260637
9463736
1515259
26555893
13183320
3105820
5945275
22212236
3760501
7709082
26291888
5068174
14777787
1412382
3287703
24042083
14632775
10759014
6640958
3102412
17038527
14161806
21955904
25722714
8755069
7773093
19085930
18716829
11019474
26391976
21985922
22185069
18493091
24465174
28072642
24860422
8686736
8918384
25863660
8225535
1236878
28228239
27834802
24922254
26979505
23173944
8080245
15264418
2434808
5216282
10444147
8478239
12202953
19343554
10989738
24066194
15214484
10027274
11319771
7861707
24249560
13608199
29200133
483560
24742879
24434639
19389657
13362019
5529376
7698011
6444880
28944067
8716704
7997650
16251630
25426654
14032010
16191141
3111336
9060094
11553156
6558584
26712282
24837122
9700356
8984103
19052426
13168659
18963971
20443375
10163733
16150122
6059391
26198724
7293761
21649028
9974305
15221867
18534705
2761163
2453464
11057614
24303316
11350345
5999273
5256110
1729842
10144706
19920173
17721113
21854906
11526735
16409351
867181
14409300
10708294
343813
15232800
8388611
18110484
4052752
29614921
2230190
6220542
6175023
2814856
14278456
11736859
810119
23456638
7648900
10319429
4158650
12265133
6744956
27632990
19049902
28649394
20414836
29814955
10928534
12758542
12187367
1977027
11630911
5189
6599587
27033897
1276111
25497075
23239991
4403344
2555221
10731718
5435715
9808686
241892
15458909
6454163
8916703
12468778
3784259
9847573
8078631
27794680
13613210
19914120
14578874
10318299
22144422
22951642
13357443
24761359
4634801
9996786
14081434
13370600
13342154
18922139
26556743
13288585
5210025
13880862
5077400
7871428
8651692
28306874
2938082
19563028
5153619
4282724
4113277
9962176
21881814
8299210
27727789
5972274
25828191
26440536
24803521
2440246
8300726
16599606
14819555
7906222
17552959
24421585
11321969
10139816
18108646
23688322
17648761
24139505
28846401
3925981
320873
12035041
23915167
11318786
11119463
20835720
28643345
14451846
19269791
4531988
27719264
20995194
8961319
17875552
19054979
20796380
7410046
23355440
23444883
11960215
20331159
18784353
3734498
20958235
21417501
13476653
9794365
15562739
6406502
9073243
11658637
528506
1251534
12543112
10388598
15888757
11249458
25662459
27684762
12523212
18627076
4417937
8402860
708831
26856551
14585636
10483444
19797132
22116584
15884422
12668968
25962739
4535460
23622417
6076734
9617983
6086101
14033580
14311889
6823290
705245
5191727
11882932
21271267
3377666
24524990
17537807
1703530
532967
16427031
8633568
3425902
24243330
5698583
7724878
23265405
25683066
213131
1780676
28054527
8118827
7695952
25437187
24488563
27516420
29521135
21679968
1553134
22965443
22408968
13146547
4710535
7506937
15006327
3585945
22632156
15413327
10870998
6670885
255874
27789255
16810399
9215746
24715888
22086410
27348032
15281472
5231702
23818657
11853609
5121231
6462401
14856006
19656276
4212674
5216151
7962818
15798570
1334317
13366837
12312719
13904380
18330878
26850058
18866327
23948404
9056609
705193
22873430
4412166
17542586
17329166
28920901
27794246
5874941
5015584
2835915
19991030
26051170
27045532
15611139
15251504
2763894
19043536
25346290
18585305
9179468
12048134
19379934
8597739
15969755
12552542
14937873
14582108
15351454
13829708
6593044
20770939
8935307
5533840
11120730
4637512
29776615
16850454
25820459
25813523
7180059
9311671
17242431
26654747
8948402
11083063
13685451
1632226
12458922
1601426
29107499
24165017
21886307
2763959
18868115
8873565
2735855
18049171
2584120
26758217
8281689
28074378
29086538
26919041
8044261
12450424
4436599
4105735
18913716
19834169
8195771
22274070
6229347
22645964
1084090
24980722
8230063
7512721
21790960
25381189
12606611
8132643
21504357
26551479
6247775
10602198
8558619
9178512
2797619
24307773
29433940
37213
10830204
29206297
26777014
20632023
17442712
2735188
15781426
10987122
15775703
23039126
9073086
11470909
29174451
18696021
6053123
16587832
12248973
8169718
2548294
9367298
1535062
17472943
26398026
24984859
17711864
22827709
5852099
27915740
10348548
12197313
20439756
23858012
2451422
11730575
19981335
5102881
14346217
153136
2282089
21989929
10298582
8890898
18299418
9517060
13057431
18464925
23151180
1664137
1513794
13254858
10281996
7643245
20976808
8081347
28940729
4765429
6870127
17173096
24378506
16740836
26967658
22580471
16126433
7271442
13001821
6860279
26146682
22150853
16686169
12663577
3225096
16926614
19034465
23853097
22931097
14423924
6821606
282852
29306826
9700038
232803
13891921
5143948
25540585
9992662
13982186
9001369
20081094
2044245
10954448
24947141
7982655
8783062
8947434
13249601
14024182
17712652
2593888
23711193
10976825
25743957
21772655
5818624
28446401
29819720
6529248
22602886
15233924
24251553
24343539
10239140
18665345
14714890
17134761
23683550
24074895
25126444
5402574
3128598
23634822
10872091
299591
23312804
26559569
11869714
3451322
28511338
10574602
10584250
28598826
8110427
18931842
24149255
25745208
11042999
29423132
12014128
21944918
13552107
14012508
5015938
70966
16461829
27405869
17356811
10905277
29342140
9703246
10601265
3294877
3075913
12613726
4003794
850359
5856266
27833580
23828018
27594993
7834170
21621669
15497189
4268761
5150112
26982071
10757079
12094968
18718237
213395
24386438
16962311
12359118
7822248
14938546
29426436
1544665
8233007
8896762
21900514
6820758
10332894
24994656
20165514
1210772
4038809
21700003
29834503
2864343
22983791
14808551
12767130
19733328
6782407
26512237
28097723
25935375
485046
29610456
7976371
14053834
947608
6137691
14761658
13821895
6259499
9471836
16185448
20426102
8146463
12991531
18241135
23591940
6052960
23818224
15207957
29174164
8352798
4694122
21050284
6903494
4336380
28182137
2882108
13771683
7568349
21285241
15365064
17398056
9171922
8876293
25267500
27026486
6751874
5124109
4307730
4295570
6019471
14167622
25565713
11898389
4792556
14988579
9252548
25824510
11734495
20782326
16633296
19854424
28161137
13230774
20502206
4169349
8113512
20188801
22004572
20389822
24866186
11755702
29144544
26919399
25999693
8855337
12856098
13869462
22163299
2757715
10494261
26559861
27975276
20669588
1945526
9314469
18732634
8455417
10336696
15516025
24826700
18853769
29774206
24222687
9487941
10343263
29404979
26881211
4671773
13226743
8459296
27625663
7508070
22899356
1316060
1396786
4343085
14914876
28869785
7160482
5340857
19292347
20421502
20185458
8846290
8426620
2483351
6751888
2838292
5612454
29657625
29234589
15156366
26575769
6503731
14461280
27168066
3506802
7364690
12775726
20469984
24564196
15784095
36900
25953707
3248961
12805102
13606865
5406253
13866055
10741563
17393917
7574390
27115926
21875952
4124476
23664406
21837089
9641775
1125251
28103048
15711976
24949401
12193384
4556443
5842398
23982842
3746548
1212771
21826321
7869348
22136135
28268829
24841232
27710002
7240773
17326954
14646414
9716988
13910453
13943396
10165085
12887033
24660095
16987094
26413622
10261554
2563666
4256170
24057492
21919069
21389612
6255681
1564068
11162137
21546069
19935187
14616922
14148212
5316017
12283956
12334268
4713655
20925264
21414989
8897023
18119834
6101368
19746734
7333464
21720737
29006711
10947156
1261724
7887739
21176765
15656246
8613904
7476203
29061487
21580889
21151574
22036666
20542661
15368740
8578054
8672812
25167188
17654808
22028040
18699515
944905
26185197
539169
22318345
5820648
633927
26800848
21577837
25356941
12429042
8078978
2528223
29212029
17913333
29626874
940978
10761624
15801675
20669977
10943915
13762595
14741086
14386811
23774346
17268778
14448553
9948854
24095196
13741873
1411331
24142543
26155536
11238560
29748308
28002606
10092992
11215428
2462489
7890303
3315346
4289662
24009593
16330027
21975746
7989521
8105012
12131438
28800522
12424334
6529038
22360467
14389855
12179724
1618521
21168936
6221064
24670241
8568226
23309596
20136282
7056111
5299821
25641229
14659122
15635436
20292477
12765788
19643383
18757202
15341830
7453700
14810167
25644552
24500103
15198526
22677507
3285370
28543489
12172523
971995
1756010
664008
20252789
13596784
26114092
25343326
8880674
4079357
433066
8601954
29543376
15732824
13059112
21429953
24092726
15707118
3288310
639558
10169307
28971151
4655043
17563392
12109414
28529721
22867538
27733522
1983467
4383187
13350013
18357144
17180821
18958841
1468338
1924438
1782239
6040554
9917298
15691306
6010797
7298176
10624687
22262102
22231256
15465250
23741774
2632964
14119640
5389779
19177644
28697315
4554448
10183083
7531329
13992658
28101189
421497
1136479
19510200
13389698
9232690
26176364
7826659
7624044
28617644
27083156
6093132
4586087
20191651
6645061
25689202
4502841
9328541
9495747
26840137
21686403
10356918
10595424
25402359
24333435
22537317
8435125
20018146
15290824
11231232
23310067
9803415
6452385
14771349
4368250
1863993
24148126
29252150
14635857
23704393
14144114
7828611
16188086
25779819
10216967
9968807
26712667
10080929
3445785
18426169
3824592
25757794
26998762
1321922
16803814
8409304
27504230
18830289
24016009
4582264
29596301
6703099
6341801
15589558
18248717
10763090
17664204
21919029
26960233
12743405
1730041
16882980
10269063
12081733
25649064
11097452
1417882
15082114
27616164
1961061
14751227
28378178
22952604
4452941
2022690
25009638
16132535
11155742
22859454
12900425
8268379
4695815
647708
29350468
3953658
6349856
18704215
19040454
23943232
9340435
28431265
13516179
21279276
6832518
17904661
11028601
22128876
25287609
15305490
7893888
8758782
17926794
11025390
13017931
23437236
3229389
698823
10455610
12844514
12351006
20097294
285304
16038587
3433646
28158632
1691734
10128740
16644473
23087332
16022398
17967929
27378022
2536860
21116097
26672370
6695561
22642819
26240370
13633070
10251396
22205150
25962002
465249
20430346
10829268
19833418
28893196
19752974
13464516
6437909
4492285
13203933
4479913
20659311
3914588
14778440
6520245
12274651
10627697
4384961
201596
5465793
13218073
22440640
11086031
7727436
5651515
13300150
20838394
14992188
20082674
1117967
8434451
16361180
1301336
9935188
975621
7615783
18323152
8645378
28247802
24854668
18461467
19149753
15159053
9608659
17824245
14430832
20174740
2121103
26922811
23031011
2293648
7123797
3710512
12357421
21470118
7975798
24577940
7515126
303671
13801082
2702859
28856901
948396
15936080
10209500
7065097
2938240
3052153
13360972
12210223
25924297
14314568
6782999
15119756
8649502
26782881
28875315
27970715
3832800
18775853
6903067
23413543
3348016
29672963
22803638
16159881
14916785
15846850
24290169
3479464
17945866
2362185
28548149
578687
9784124
5166281
8538862
16712405
15265527
21650353
14797594
5064507
6555327
21872328
17931471
16986005
20728607
5782682
6365083
18574495
834634
26750591
16795308
8635485
24214058
2611404
22214403
5549335
23861918
9766886
21729539
25847310
6074274
19335848
24878182
2366320
20394827
1599678
12329690
16280736
1400858
13318759
13827281
443261
11424153
8974947
26639414
23011635
22832385
12595724
17639375
27203792
17178705
18753230
2643381
1143062
2739721
16313970
5138911
24794716
18796560
8034851
20577576
17468127
9409533
28199749
23392795
21905464
2652392
16114458
16962709
19893589
6176749
26469970
28795452
23666105
5445899
9114022
1791463
12135338
3716660
16923335
5013955
25649099
18792255
6324884
18791613
3851053
5847199
133398
15307552
5014012
27052774
26660443
9000290
2467157
18459671
13078129
11648129
12723061
24794770
25729225
23120921
27875441
11969857
11080791
19648687
16761297
17355171
6519365
5098292
15159343
25756281
11391730
27978103
19131303
974512
21238591
20433380
17221982
8632595
19887237
2994840
19740738
24513261
14456286
13676831
6352910
27915088
17805714
23542753
4243011
28172555
28157132
19016243
6396822
2072765
13611982
22174170
13396319
5564706
19148685
20092147
29343965
3004458
15413338
29707427
19891677
5661772
26477749
13125782
18598611
29793077
19924792
26127158
22038790
19541069
11410047
22365605
29947291
9902448
23680168
7127347
29026034
24889557
22719087
18780725
998385
5743946
25020793
26988784
4103748
27090818
5541490
7927001
24322071
2888910
14355540
16098511
19814305
24568402
18594906
21247885
11367389
21234434
2019731
23289644
9053659
10960024
29427511
4791894
20046433
16785432
20438010
13001979
28347246
15314678
28992590
22132325
11752723
865546
22914223
26771638
13693684
22877516
15186511
258105
24522415
11249528
27744584
27786793
16826388
21968148
65002
23370490
10318904
23538140
14823288
7241675
14163967
10473270
25912450
18113166
27211906
28930763
7721446
4704546
4730453
21499874
28611955
16635010
18577167
20743039
12470998
28326347
19597583
14464624
14643800
9196597
9851888
14873030
16752844
23010421
18769496
3030483
222168
19929661
9134498
11257608
25826337
17852608
25492470
24050031
3844549
4696111
1760538
11095347
5250797
29850024
5134193
20301517
21544824
10475208
852959
25951780
21290338
1637807
14305283
9656710
14862140
11310021
13198520
16855098
1705406
26208419
23651643
23828735
21233105
28095274
21762608
12933688
18349647
164468
27256182
10528077
27759364
19364611
6951384
6581166
10511450
3400855
19565571
27562226
7699190
28619805
546822
17078826
10338148
3683849
11802782
10987032
16381381
5197311
5159494
24393309
8032843
25436488
19763959
14386575
12460188
5618616
7129425
11140450
20263256
22786026
26798692
24118340
8803595
9551195
12808050
22383383
8908732
10605654
8871874
29682199
7947489
750167
27313479
1444189
28653228
20048610
706619
17313809
24284811
16152890
16939847
28419080
19941270
10403371
19180645
12988079
9583943
22515742
11929598
25274949
20849705
5438947
16877430
3989315
11231146
5693755
28047555
6570795
15422630
23244223
9980853
20507462
25897010
1193369
19174309
25973829
2006853
498951
14769712
10637221
11392317
8835890
20996800
5378540
22129147
25655209
26064900
20000185
13910186
3278019
12946084
7931759
2321001
15421068
29904012
1670216
27434369
21928388
27705650
5747519
6529125
9381017
18737464
28348405
13381194
6793656
7470979
4577885
22872912
12536194
28084482
26652512
15032824
22068238
21187783
27873565
14061588
20356555
16853996
2804320
9663420
12465269
20157789
3609094
4115943
29405650
6006811
14638584
10446344
24171811
24053292
26215456
4761065
3420357
7975837
14945501
909778
21155974
7763488
9487169
16383667
7410445
19163903
8343254
6688652
25638963
17437086
10460797
25207741
21721761
26430844
26289362
4289451
27929081
5549952
1166641
29772130
10801314
13009881
15679081
9171403
1811708
21440715
28602387
2159159
3938230
21236097
22816997
19045370
22957207
6920988
2436071
19772962
2387892
24403685
26813502
17904444
24591530
12077726
890685
17954017
25013254
4261998
29413900
13228978
6718139
8185882
16423071
9390848
1735473
18331976
21515803
27695096
11947665
29208189
28910029
29019493
6125630
19607939
27724543
5691303
20719024
4743919
16288977
14930779
22191657
539106
1701844
10564995
2077866
27298441
12089587
3980634
28740634
18411763
14199992
4447822
761981
13916839
27149719
2855176
26501249
29164042
959879
27837293
28268766
10311540
24288408
2021345
1752625
13974871
4699011
12775810
14154858
5574758
8863049
16043028
23528683
24926896
23245019
14922335
839639
21811867
609577
2004803
23954138
16971028
15036062
11583237
8253053
26639320
19509535
29357139
4416698
3564292
24064615
12523973
22417141
7290615
11021486
1016726
5361082
25098987
2259255
21501128
512460
7445486
24312380
4214448
13398099
26052326
24135644
17005442
6117693
17726100
2919578
4539860
19989712
9167226
25207172
480939
2726039
2319446
27101202
16906067
13714287
5470780
459004
21190939
10344197
21677687
13510352
1047304
20189750
12908639
28098995
29189743
13247576
16952506
15552482
22522966
8279692
23396031
9019137
18423744
10656039
25810656
25138880
12934612
13354677
25767974
24991443
14799808
19978781
23941007
23854418
10626172
15301185
205528
18019867
7565022
14109451
3934422
22733926
10465606
16346056
24229608
4453484
1763000
24754806
4296488
5440788
11514009
374969
10964866
15732453
23626407
13897595
25881393
4885293
18624720
27620871
26339502
7072901
18884035
23074823
13046358
6452472
10432184
501738
25720419
27844617
24972263
6882977
28307932
29852985
21009348
10668614
5149455
5178570
525309
1171115
17293410
12725864
8819291
14939447
3417374
5722517
11672711
5604646
27164107
9810755
17353002
27164117
27576876
5526661
6697514
22649777
6993276
10169186
379931
14702114
10931187
23701960
6347088
18565311
7501523
17286184
23832401
5963822
3398507
15128965
23357504
19113995
18284221
20345021
273811
26288095
25164039
21009267
10495247
27048363
23350243
7813561
4270112
226445
3846904
24760138
18908710
5093031
19597166
29406466
25119386
20555962
29296101
16708513
21904994
8136467
17503582
206810
17244711
26601820
4512198
4028128
14538493
9154438
10249707
24843511
22668361
25490214
14636899
7823699
488131
594791
3486717
14911260
4486470
25945210
26127173
4867060
23782572
1277416
13118329
22107845
23348301
17262196
20660046
4466658
24676950
11973140
7960916
19340102
7956615
29554681
8257943
11279387
9103084
4503132
25647612
1504404
20041681
14225575
21578345
21825854
29949984
2285388
24195011
8640408
7338792
10642984
24583966
22233078
16182267
4886459
14922243
18158425
13986904
26740169
19469333
28902316
20315151
14220163
17315466
15147431
10676050
6593303
1281970
12859586
15784092
2997992
16350401
9727305
18577512
17171901
29666008
27446167
23757201
1073056
28203095
12618294
24934308
21090256
29421199
12439293
25670192
22988618
11471213
18505545
26641885
8898505
13039810
7673837
1550319
2460600
3410943
28903105
22341021
454021
6869450
4879659
10365778
21819172
21746622
29231601
15356110
13103577
11682336
18143304
28955212
15258046
17476462
28279005
26736642
7961144
18886585
18232935
24980835
17467959
6572434
27583577
24840057
15372238
25144824
15682186
6544527
9279864
3328634
25372258
21839765
7890952
29611849
8200977
4962621
20842102
11895541
25067624
6052975
11613179
9174665
10688138
8391406
17469270
24517056
25255198
4786421
21770741
17890981
12356811
17786772
205600
20336608
25343419
4494080
12125385
6385902
25039279
15063628
26504251
24103800
20317488
8232550
433201
8755728
16581490
19381515
4062325
9682499
4657881
20402194
23334639
14337420
13833569
17862112
8940116
13096673
25994969
19611469
25476545
29497838
9075062
10216859
339412
17002431
12638577
14074602
21604249
14761590
19339352
15346489
2999372
11346439
7516958
14782782
23132644
22454028
23333219
20858942
8942963
14955727
24968789
21844208
24339727
8607557
24774858
26268120
19991599
11077623
6727906
20133407
17546924
7807182
27838264
27590277
11831704
18584183
19882254
11705016
24744117
28969842
27472349
14441041
6636850
133469
3095409
11897171
27316334
15596249
14317902
8984381
26257748
24532276
16786458
7042840
1924626
8838077
14174676
20613480
25410827
29504708
20443098
8852352
12142723
29180591
2096288
3789586
10032393
23750060
24231215
26546877
15295555
12970064
20959302
2405676
5198626
3684225
2820713
6022739
16310552
13856904
5179439
12537378
23905910
29004324
8033893
5188866
16751529
28603200
6312776
16955232
18746516
22528267
7376910
824988
606217
3802422
12797004
13975562
19636377
18643952
1068349
3407968
17324830
950020
14440820
27387443
11671837
26275137
3182486
18840144
28524523
18549548
27730886
23907185
20361417
6688813
27941280
6359373
6524442
18497025
3571279
12937275
29220014
28183096
2862893
6427083
2226584
19891312
8809447
13174566
205790
21702392
9985402
29359969
18140060
28230857
12234090
20257805
29512855
23426885
4723769
14735968
26247583
16726229
23604662
16609300
28562809
20259075
18736985
25796178
8703725
19820784
103370
22351381
10103042
27654915
8871097
23082099
4829305
27884727
1949138
1466713
3931703
5344060
22504591
25076425
28827028
4286524
11411908
12172896
14800608
1601523
17250378
920604
16447067
6081394
7356725
25394068
14931218
19613968
6002344
5610481
10889199
8151122
27106870
8854764
21883092
15038606
5397144
1925275
11385510
18234113
2222340
22508617
20095461
8918222
4328757
25325232
5815049
28904067
19451016
29783454
27634903
15945883
29348352
2290358
7692371
18588078
27440165
13319286
19310886
7493522
5020421
13044940
29065218
19412319
26921067
29481953
652478
2531219
3395961
3780913
12150329
16465959
9496943
6020794
4423331
15179931
21755501
27706291
15351351
13688085
21202437
26779125
1509435
13281675
15078214
20738614
20406702
17484913
20002902
27390283
23053059
9507424
10944273
6974031
3371539
21235212
20545919
13372090
7575340
23474234
2230236
20576996
21576451
1124172
4962258
6185659
16400834
25594438
7815724
12262485
16896002
2281357
15916599
15380860
23977076
16075034
20415198
5275523
14969297
11079224
22702034
13629253
14216831
1388689
9616624
7735345
1660966
4698832
1530425
7388805
16608271
4090790
27893742
8269263
13081317
2968941
27752084
17035128
27737533
14556060
13214276
26927492
18107652
26059759
10998946
11007388
15609736
13249860
9316870
15938981
26357977
28213080
10370615
11714095
16584572
24488804
12729136
27775525
1296095
14559953
19949293
16871572
8507396
28654349
27960859
22414692
9379338
20740688
5336314
23865217
19023951
20920784
19019924
10988243
13889911
6319180
17129930
19419774
2657443
22609137
14491390
29175370
4127811
23332525
23560450
22338999
14655671
5484634
7062108
16848934
1311393
1860606
11591048
23157699
7360195
29834040
26846266
869912
27410070
8451081
3299762
23475995
28621797
836423
6108354
13188321
24960987
11687461
364422
20605958
807453
27620284
17894795
3286750
29223810
29251532
22981556
7290906
17358102
1654652
10587043
1817467
1833022
2348540
24924636
721481
19339831
8862743
6044089
15594164
4822071
1774887
2353600
15265700
20923122
26657193
12630758
13826197
3785145
23894242
23250181
18990502
24343455
3955912
9537982
22128023
6286661
2798295
21021453
7466828
9187352
17502984
12871366
18975579
23543994
15128182
9345506
20917788
12523590
13422841
199884
17132771
10465615
4926145
11636828
19863497
28001979
1067101
10902176
5858592
9498042
13331809
25468296
4235214
21518619
7111307
2156769
21865145
7167600
8310974
16261860
18141971
18762321
10483854
18986213
28053512
8673596
15254483
18327204
24171950
19860213
14928234
7337317
8179048
10010882
4998388
5871044
29087406
19475925
3222416
2760240
23511894
11777018
7802300
16319062
5868600
24732088
12267302
14017854
24767189
24173023
20467196
3725246
21964516
2419105
13166518
27532067
10249277
5146843
2637084
9783432
23679855
24248176
17993288
12557532
20692147
12402634
16277591
16712503
18967755
29398471
7439760
26494245
4496281
12076697
18365976
14571492
26025065
9592455
20571115
27736003
4614696
25595274
7324739
28254371
1015245
15900447
7251828
20899797
16587408
27805187
2426268
1074377
4502675
5486886
3459125
18385493
8344190
11807345
13408230
6638972
2429608
4503699
27116185
27039211
10022523
641312
12980746
27549138
17457658
4014815
14727313
27440229
7380904
13668207
2553323
20117329
9536477
3816973
1243551
4619113
10577378
26707389
13629698
15316296
9896168
24468287
13617726
25246804
10780681
7096442
15404467
17811445
7948765
14934885
11561871
1190007
8758562
28783590
24654486
11677146
17741407
13466193
19392122
17626861
26387417
20917142
773685
22305807
29419853
11706591
28834195
6900231
2965648
12423350
20883654
18703611
29295595
9401608
1127425
18030930
7397631
21322689
5912451
6931840
23072735
23239784
25418837
13762589
5125449
16533966
4595401
22828884
29223108
13955239
29638646
29012453
12676211
25719215
6828150
13534213
26291526
7311370
19867446
7669703
28673101
10121003
16894853
8557724
19030582
17655823
2139525
11678151
21882509
19612585
10799518
1267762
5269508
6517519
20919871
27736532
735007
15325426
8932417
14710032
28653614
23351342
23309893
3866918
3466016
8531806
6833584
9977541
12917489
4004722
5974698
23255049
17431967
3407117
4752363
28477576
16394326
18099369
3990249
26871570
28776325
1846983
14046421
29191952
12691256
24654802
28614426
16285230
10544144
8101758
6342448
18571295
20494946
28950444
11536538
2905184
2838001
7688351
29989727
12818862
2711624
12316014
13350850
8003536
11776202
1927859
27187986
5194041
21094544
5522220
10131712
18441583
26741779
21529521
12325600
14540898
24939353
28769288
22471694
22847097
18712693
29733245
5425083
1783481
5524824
11097790
25560376
7747713
9187740
26255971
12204186
24997496
2761916
29111463
25699879
17787912
20031979
24698934
2137090
2796426
25939977
8232805
28517961
13254768
27967691
11984894
14557328
26587708
21041121
28542413
19728720
11252185
5343262
28269969
26413213
11539907
182972
27360179
24838847
12963019
2902127
9254775
5743030
15875254
4674136
11478376
18880073
12337636
7114908
29459578
7664904
12553580
27240351
19031300
2265491
8289441
22330648
22582583
7574880
28767487
15319945
22456830
15806406
29599336
14385572
16182948
15286075
15725942
1403347
13670390
29102598
29279966
27566567
4336290
10756011
19723411
15340314
9448212
2430305
4923931
16569268
10291142
11653822
5183623
28153320
8446966
28146471
26519584
19175481
15218147
9155634
28843468
25245337
20077725
29739246
3992803
23353778
23599654
8971331
21671997
6441353
6685828
21834126
14364593
6339289
10092827
25542108
3796251
2855156
15674676
21392356
29166741
23995375
25787677
10833288
1360483
21840418
12998009
21766863
20021205
14356796
1363065
18371422
11031241
7925474
17775111
8337957
12156518
6249548
24766902
18913927
18261300
15842989
13850700
25019182
29806425
10892680
18997235
22919363
8144485
22345959
16193232
14115092
7992624
8682142
17716352
8698397
1479840
4398752
5138919
6245809
12624004
28936016
27504490
1583015
22002432
17347873
28711136
8261475
22743428
29555394
2308937
8291576
23497176
16021586
26026010
1334782
8108729
4750690
29073319
10268438
28476218
6418707
17851069
26168208
26006013
14251238
4103485
26636566
7964802
9266957
24598985
6805630
23091200
18004863
17388574
2137740
7448089
24783402
25250257
3437536
13258171
8608282
18709093
3489341
12264513
2115420
5276527
29848834
835685
4232716
28764935
2068943
19024200
6874765
10100339
1292971
22525464
4383210
23174480
3205455
12744630
276862
26701823
12779042
18817675
5635685
17782322
26689735
12041941
10481551
27602211
1919734
26225308
5636445
6870065
1528068
13699788
9405308
16653414
4692190
12719593
13753079
20834590
1125593
14531641
18387288
12429527
15130961
9626601
8055689
10664232
7435801
21026362
7293775
21372686
6296977
23001454
23675241
13418710
13040000
11059029
14935467
17953213
20029400
17016776
10157279
20466242
20332726
28860217
9855041
11065175
2378900
17396506
14658865
23518373
9361703
27011473
10305567
9618651
20933509
28996457
26520725
7619251
9072651
6581650
19838442
17622331
28281877
22732698
3489592
13968149
24594501
6737671
3352293
17050195
21391298
28236684
2441438
19020528
13162585
18669338
18273136
9036148
15879206
7367338
8952336
17141976
14104101
5192930
14974865
7777561
24689866
1673179
6386353
15768025
4534229
4960071
5480870
5574742
23368608
6583620
6654128
15227770
1873254
12836512
18096108
5587296
28774627
29775946
16575488
6714222
5177450
26505224
3378633
920684
8414462
6829483
4311001
24830540
24423177
24736193
26962370
15419297
9162184
22155717
15188229
4844642
2105136
24119558
12794462
17819338
26913850
10855168
7707728
4784638
17003821
4016322
24337033
9740612
18493931
1598641
9374235
12683848
4957299
17957173
21096201
23300047
8948800
5677719
19781865
21335423
8333733
998668
385723
7120818
6148096
18220783
5601046
16555695
23140533
28974263
25000051
8026921
9926918
6855902
15987695
13965600
28716825
1125260
19593910
18342505
15016147
494060
9762229
18361089
29781343
16450028
6807010
20103506
24711987
29024001
11591263
2114286
3672230
2912213
17454339
17166858
5827202
2583862
21725252
15819765
15671955
24515521
16416447
3621618
13316900
4729095
22172420
19246227
3542036
28772938
26676916
23385041
10953808
25001600
16841816
29442981
18322143
15193494
27187869
3837193
16010329
3846519
11754889
1694871
618815
7497542
6629889
834955
29120457
1457809
28609088
4627102
7632130
10777428
17086562
22006566
6663451
22691951
21163187
3999207
17317159
13417818
20230911
16728972
5408985
14423319
2143709
21314987
13528476
7505972
26598829
28148381
15502370
29597523
24447465
26970378
225771
15639893
27143449
14136375
3263437
999707
837072
25664035
21352984
18721275
18381152
6428652
8979715
9476634
2934396
24176419
22177887
6159791
23955860
10817283
17445747
16652572
15892830
22837304
11744472
11308938
13650264
27445012
16669350
3124623
16651204
16816063
860595
19468793
22583321
26926172
10071441
5587032
1909081
2174345
8403880
7888065
19171325
23321126
21786406
29833439
22448177
3636027
10022983
23536443
24049306
18189516
183493
19978704
23611083
20289496
17499389
13712079
4209181
2006437
5946639
25006033
17396614
14124179
8971870
21650657
28834646
1633511
6754122
24873512
2235281
22835639
2181036
15900528
24101818
7287978
6015026
18729695
269833
26351516
26072947
9451460
19454602
7600226
16291509
1922824
27203932
22972155
13670815
584096
21642579
14445414
17292493
10277222
5432795
17343818
5494296
20218576
23496693
26627382
11011458
7875557
10638061
20456178
25110442
15064115
1487045
5397829
27631850
6077325
5380009
14108174
681212
13865430
10535634
25021273
10674974
480117
2616816
13426229
5788544
13595201
15976210
28703481
17829281
13454987
5696279
17877574
8490517
7307901
28595322
18529463
18609896
14441471
2488344
15454911
9439489
7244341
27898353
9524143
8401723
26614392
26047633
8855145
22705360
11862925
13853175
11626703
6172955
24805513
2965382
7383902
27376130
29814141
7926776
4212893
3028118
23011214
27228185
4819551
21785876
7259655
17559149
25344390
1667769
14634508
28523290
12957422
3177477
9184293
3678437
28070278
4880275
21260025
15544141
16001481
6863446
16259635
25908460
23522195
10628851
26653372
23815270
122487
27282684
26010193
13805881
2989628
18472129
18129532
14485467
1366689
22053233
5706466
9752621
15095660
23646423
27821149
23076188
3834511
13285743
21550228
8349863
29172483
27262932
13335422
14916321
28134409
13756543
22420962
29448683
16941677
2438641
869790
23724487
8304769
17778126
21103918
7511789
6698057
11247102
4676949
20677303
13216747
26124059
3580666
19692589
4379911
15089677
15167734
14254828
18701517
17368559
23860067
28087678
18780766
4239728
8706691
7097391
3326937
175927
19926439
6410249
24442805
5209843
23007422
12502405
20918791
7936254
20949585
8120389
12507721
26238479
7549749
15979945
27990404
23340685
8610485
7343159
12377884
8344039
10390639
1800840
8288121
17799414
10799666
388752
15456942
19390963
19891844
1434393
11905588
27627702
21728120
12184363
19050517
21947642
16740150
429606
19111764
1753030
28618446
26175801
21552905
11197281
907807
15247975
17660594
7248781
2381682
27025709
27207551
28409886
9099779
29246905
9163793
20413751
11660019
27490140
16134537
15139485
21133904
3243763
1523901
18754502
9647818
18881780
11259336
8885574
11204841
2295241
12982983
8681381
17200184
26479069
11257705
19532036
13360950
3336515
12896756
20282707
14911472
13563093
8952243
28910102
27132070
7240987
2567479
23287595
11207337
6252766
1110116
2402835
17763109
24164263
27598141
13949437
8165326
28401675
4957443
11542728
17803346
10205349
10754636
22935510
17574381
930767
12938043
4846889
24314741
19385278
6438672
11706351
28838814
8245384
12772682
3577620
7451052
15879395
2064826
18108270
17487451
8466806
16084971
7693620
18666949
26139116
13944235
11268341
2539700
26155046
14423019
13679055
9802200
17250873
23279667
6886176
18462053
17757127
9519714
6767323
5112688
16349380
15330559
22559105
23324639
22113362
13311878
23004257
10113206
20488287
15062231
1767292
21537459
28089709
8128762
16865742
28393524
7294807
24534417
11272508
23932940
1920793
5993709
4441178
3088621
25745460
9400710
3471215
12805243
8765172
15456079
26256861
7146019
25457557
60359
8121576
97592
21637415
7628570
21502963
24055473
4150470
7594818
11547256
14985331
9162062
29041850
9316304
14258181
24286422
16278039
4752953
4793052
28474317
3563695
25402327
20757612
25076535
4467875
26162844
983383
10669959
17538890
11179203
21802575
18720553
22828087
597894
24441640
6630616
17360213
11723090
4878691
5753505
24317062
20605203
2991229
3498497
8777581
22050368
18692557
11733743
1714521
1341729
15535597
6918220
18617250
18680718
5671553
3166625
27051734
2836550
17622786
28532772
349802
29062323
24620340
23115615
6725764
5452768
28189016
2977036
22792752
21743872
18315457
15685884
11532681
15295822
14897145
18591965
2229835
24212628
646968
9556976
2532740
1093408
3475198
2650373
28971707
18029881
22356724
16830020
23657543
1909535
4569334
17542493
21413674
8231905
26587962
26316544
19068573
17273566
29458193
24025994
14310432
18296119
23025066
26068088
5451133
29063931
13135385
25413780
13833519
16891030
27995549
6734132
21829337
6075300
17457047
4356062
9983057
25041731
8028255
11967750
3868478
17016309
10536516
23258742
6736650
7109394
8779508
22558688
6371378
15664344
23878966
13783734
17126198
11159404
27676993
6424011
29115069
19600571
10707526
24869562
24446555
18729187
28833219
20731240
23424189
15817866
28229417
10133175
26107879
16486881
19194493
22905689
27005377
19268596
16318403
6409007
14733614
14179472
7529348
7957009
9065219
2916610
8227540
26107083
7233730
27264699
3579348
19971945
1425764
18452372
9651515
5908986
154369
10051981
13189851
11947263
11472255
10736309
24772353
10194790
3082313
241684
22063251
1691553
364902
5427395
2519396
3924982
22319336
16264549
4688576
22984323
18118395
913232
26384042
16483572
13323087
3967365
5922000
3177409
1011276
6892887
20453456
22082510
5155869
23979551
10982016
26543803
26363765
8223274
5173772
26160974
23362785
18026011
16253600
13758087
12279611
22501490
23338415
23103217
15738030
3608609
17016867
15206941
16234352
22153274
20340498
20623171
1967121
19692462
19080821
1189446
17711286
8295309
28310957
2367373
4107135
20065945
5221275
15769340
16666267
16418725
10751315
13761192
28929085
6643235
7848559
17006059
11223443
21479223
29671931
4974684
22099848
14657579
23147043
19784003
19287807
10401814
12106357
17199590
2572163
5949389
13106715
26177193
11174994
12713462
19017833
4155493
12892709
2367451
11558084
15563809
1466766
13360302
2546020
7385096
1412393
25136293
4688217
10139693
27194487
366306
13633461
5983388
15953053
5325071
19953394
8728465
29287754
12526874
20011765
27573230
8439960
2755939
23685936
26525009
22563388
21277087
23057499
2164103
14936263
21466062
7620613
2907788
6726225
15170015
7246630
22602736
29104183
6179329
29479710
28789539
20519972
21415018
8668451
22219189
25534157
17491363
6982242
11839933
6324268
10771940
28678006
5841238
14501948
29028299
24793711
25653988
6108674
13932926
24963559
12582903
22613683
22770747
4806986
15211680
18748342
11145084
683769
25264188
11843279
16707996
4788819
17950675
13913221
24769218
12963190
14541410
229525
11100904
13168142
1238663
22165142
22825209
25949290
13525213
15083803
27466162
25295591
17430311
17503457
19409935
3208883
16306811
5933714
7219084
18752303
7678639
2753352
14055745
13947625
25153542
26133478
18698563
9325715
4675859
29368054
6255320
17962990
22711370
15333441
22750080
4081096
1550736
20754745
27016921
4108181
22959933
4012393
14763347
14080428
17289865
5154067
6101610
27744089
8154488
14949585
20482800
10342394
12457018
23512141
28116046
14945540
21982783
1756449
13057438
23011363
1965790
24444618
10759967
18255050
28848434
26875819
2335760
29528344
17678672
27681333
23118961
5998815
12434104
206209
20621810
11756854
8197631
24073134
7568920
28449299
28439382
4615315
13816164
8091689
25948116
18256759
1984316
25265517
8743967
19438939
4174463
17780821
12082528
12919272
1878503
417635
6494634
28987969
367314
18893724
9689042
27251524
1874719
15039195
28677276
24497949
8635531
11377169
20470342
23619926
16343521
8517794
17486265
5565646
6875125
29371067
11717287
748322
22384349
21838984
11260209
14775950
18853610
22638589
2239292
22074820
19941714
23603441
29110348
14044385
3477502
27650033
7643622
23940690
6293886
17149333
28106287
4635482
2098911
29438801
4043282
11383139
15644081
19416656
6367461
11126912
11256962
18083077
26814162
8899417
26515097
18020355
7495810
23940809
9988272
2784369
15774946
2838647
11910851
22994756
23775445
2699892
9107050
19773580
29125075
12920470
713479
25944707
25731247
2471005
10491778
20205774
1226796
7332482
7496841
5345180
7111803
28201720
6902747
17587399
23881747
16382451
9116871
448469
12040168
7014887
5159756
22003199
9616064
16887075
6959252
24175402
11842666
19505340
13990342
29208398
28612515
15799885
4832103
10669843
11173893
2870470
22269748
8039043
17276519
2587372
7300634
24958859
5527837
21598021
6923584
18603673
1938814
26346268
12725143
4901049
20251308
1200752
12741814
25463075
27922829
150839
25242740
29900144
3288298
13337489
7633729
21025193
5227779
8542331
26858069
25225355
21447286
3476632
23590780
1107601
26802537
26486534
20349603
19437689
22399244
11864464
16312619
7542957
22394541
19163669
17421497
15127271
7348536
11726659
21187187
9678494
17313213
19040497
19522560
11380525
24409006
1854859
12216493
11642854
19996009
14943183
10900852
23278251
18538720
29828788
26593570
9609824
1882406
3133832
13118218
7956103
26265955
9371819
11784977
4127070
7205967
4288148
18590674
8414787
4767280
1826435
3360734
8454440
14632344
21067225
11969969
13045868
11617037
15106009
26300940
7057419
19854546
7257335
2675722
16816017
20139933
23104438
1682607
9660348
29956523
13916588
9711181
27219885
17176238
10680130
28043959
18310063
23829484
5066338
23495443
13967185
16366972
3618326
19003785
29888395
1418456
27781273
2734746
8227048
3539947
8329725
14194784
7655688
7729916
11753876
25725825
22567155
29355939
21704143
20849646
29504258
20736606
26956381
21016160
28566973
4116195
8821394
376312
25888592
29577842
3317902
15340097
7110331
9454200
9631090
16810118
19955005
22990869
896056
17916689
10697914
28759331
4524279
3537221
3182400
5529719
22370630
3407694
21858655
12990378
1384216
8426342
24907328
27403591
18526762
12436778
8323390
507543
8836683
6364050
10997741
23942087
6734783
4410646
5725359
12558694
16035038
26366642
13566733
10367370
7872929
12039507
12984470
19304364
8593320
7705375
17982049
28410658
19201203
23088191
2869576
19899348
667444
11288506
19628319
9540068
12323727
12834138
11502566
2876275
7136732
29776887
20390640
29415261
26437083
20601121
58617
28369402
16832839
25138338
18010264
4852615
9251137
2618938
1080564
26404344
242967
15694987
8819152
26506557
25558939
29696690
27828314
5869526
6054590
12622143
27781934
14198415
11871317
9590639
20335970
16978854
17271633
11832437
27632269
24160363
1459009
13795587
25809581
4482603
27039922
28815847
21550094
15767469
27884084
26609528
23797093
6405762
6200785
4328400
28875758
645465
18859494
29671307
5108276
26582539
169767
4506284
17023579
20178213
14392644
9582773
4803725
20737000
7879051
13448290
25459897
19722173
16463867
13079410
5595300
16931209
12584776
5237901
13888907
19461544
10342846
28035906
8254105
9508731
19246631
16216243
9620487
23305582
12327138
2725833
2105480
7671121
8113664
17159102
4246351
27002895
17402699
1488912
26507333
25995385
25614793
9095976
6909579
19740659
15821290
25557436
20204020
14186783
19950736
110819
13207776
17320284
9868438
13628927
23770655
26378072
5348817
20899086
29261876
18323293
4646408
13258023
29760261
500930
15719957
25677865
17389436
382409
1584987
21072639
26572633
7093678
284531
2224553
7502099
15295612
26844847
17906689
26294184
6086143
14229041
21102306
8155365
2915955
18417444
7233353
23970626
22197477
3414368
6865130
6345992
2844118
26298567
16306922
19920993
19544470
19229570
25052272
15099931
615022
9729477
1168785
23335028
8534433
20427460
4199076
11350169
21212120
23723252
429751
12284787
6373017
6997661
13503679
28528207
15269422
23791676
25946441
7642649
3257456
24830365
12279371
29322824
16955088
17132855
25715459
6178445
11282423
3267871
27635370
22689613
23858460
24243251
25499395
6885737
17318344
14756146
12806900
6304899
23597194
22099656
7627222
24861075
14269386
19626294
5665773
19672819
26420483
11955305
27027577
8569646
24772279
29518475
29661322
815707
26915252
10259404
4725577
20940773
5121922
7368099
9793233
6204809
13922867
22612675
11854216
419228
21338850
23456677
15393108
2902640
11084049
500793
16957763
14820862
12660842
6139447
23448704
2427324
12692724
26682313
24806639
5236411
17847534
19813281
15097129
11293765
686042
15969612
15562365
19653328
16826610
21179279
29025066
24950290
23198227
18561165
22405881
16851715
4960914
14682482
15049693
14189567
19797320
20193861
9771959
16222309
19522656
2668364
21695480
10496505
20448237
27936577
24219386
10765397
21470659
1636738
24425400
14869400
16169193
5220492
11888907
14459760
705110
3680325
1385417
2473782
12310415
27774339
5621961
6094493
27847756
20603460
29918804
19668186
19048493
29982839
29541328
25925466
29615376
21683396
745255
22050212
13177262
2022958
10013386
28639988
29266739
22491518
18888606
20544981
15759690
15802853
4555592
10800308
11557302
12997151
6193203
2379751
7551015
9803570
20928489
14825565
28151459
5947403
29161986
29350447
24431714
8218291
28234020
14287509
19542963
633788
27061566
6152854
27085185
25279928
5926559
14469373
10881901
26671601
22847464
504007
6489180
1244425
5055140
16496439
15942822
23766588
24439724
9817058
20984604
21131617
17438486
27701191
28788414
7416104
6093391
8687808
1548187
15355287
23353941
17060792
8426909
14332879
22209556
29666369
663255
27981572
18612146
26925908
29521439
19687373
16570906
27519939
5205623
25131084
6693702
19962741
11297443
5584865
15444125
120872
24025563
20896863
16012748
9608369
22391923
27947087
8256139
18921688
12264217
29302986
8617451
16444697
25183900
21287525
19129107
10838803
6592962
895339
28830750
13134765
23408669
6591171
27861778
10209875
2686480
20737868
26013263
784546
23163348
14082539
2713484
11544334
17310324
16917375
26436127
18286142
29659287
3357995
8942969
20116075
15491254
24391621
20778011
10455692
9179747
27870765
14906869
25655744
3949537
1332712
18846129
12904921
22601635
19126908
9308252
7482941
17213990
17386255
6521695
23154134
27537665
5764884
26211868
23066540
19744530
8527345
19959915
29633714
12503065
6980724
24541248
19643658
6826223
18479703
25433759
1714184
5816377
16440807
7532411
14265085
7358734
9609148
24498449
23131657
5806550
15079481
8124147
5978970
26332135
4722853
2751298
6216953
12273613
4057580
29242153
7305426
10096826
24215017
8241274
18790758
20160711
5026145
27961875
17978698
29510125
16771318
298028
12454423
19736860
6774355
13429714
22646450
7824698
21259093
18230212
5682249
24969591
28682069
11965333
2826361
21556354
22233800
28269353
25561856
834121
11167979
20376887
244969
28701193
2858964
10065898
13467589
2649187
2845688
7168501
6155680
15614249
23433473
21887984
1902202
9820584
15762122
14050253
9809480
22406894
18125222
28050319
14111896
1473388
11650757
3186079
20471274
6519119
10184686
685836
27997517
12806829
21129549
10780322
6685981
17924574
13329073
20626286
10852955
16619651
13362004
9364202
27411491
27092542
25530460
20758652
23380932
4548869
16074403
5830764
20382558
5142068
9531658
7771859
11789577
22600226
21339992
25733129
2416465
21642090
3447306
25884060
1541211
2613821
16690262
11534824
4969972
27836677
12946310
26125781
14335714
2316211
24049409
20916427
12063460
2144721
1744962
2055682
14448580
528701
7173019
15478232
5132466
4505280
21449725
7909582
7421773
29028385
23599260
19380911
16412219
18675104
14511836
17252763
6589718
13912947
25728424
4928793
24952230
27876666
19823253
4259517
1288204
18591475
13239633
17397964
4461824
6251473
3241294
14873936
28128599
3818533
7574529
3864323
28803491
25753534
18844449
2688142
10101023
19247860
3506347
22087200
21856678
13809936
1533256
12788229
21531252
6379398
9790916
12718440
12083981
26154434
17715937
27521039
458707
11937706
29286274
4027842
6385490
24577141
11938200
6227938
9688134
11394
24387817
3963762
5751026
5247562
13330348
10081024
17515510
26767334
15532694
26154058
12603561
24858297
4603389
24240283
25654226
3975811
29988856
19547091
1111997
9240984
8120503
11628299
10901778
17525876
6179496
19082343
28713321
12293538
4984112
27008278
3716139
2565319
27402171
28084487
12631507
26279836
21518602
25593481
12771738
15534846
16103402
9993270
1178246
16843444
896636
26047275
8954502
20607577
27667428
13959410
11260802
20720372
17597871
8104225
22676993
3686277
14183310
23661705
14655530
22146488
12620166
21870284
16169213
14614158
6214911
13849186
23948234
14356702
21788038
17853662
14938531
2436680
10408280
25439183
7146158
3734252
11859035
18081991
1869777
22257691
26626741
7148068
28096817
26771212
13000691
5014245
5408017
20282738
27558228
3267879
8123135
29364273
5846886
8112292
25490395
22611625
2764545
11015887
21996473
21159401
11389189
20257157
5513955
14888366
19771485
19508247
18552995
11931952
22957883
21366015
21192072
3286130
23019505
14313481
15697229
2864744
9987186
25799657
10680082
12165818
5800054
28549053
6619523
27644482
4291179
23657024
29985117
26717967
444687
19355375
4637846
20102817
23609716
462043
3340491
9148056
7029264
18115506
16770790
28824892
1506228
12566270
18479721
22495239
7259175
26779984
8002640
3860657
11126560
7965311
23212134
961328
28835708
22402068
14393410
6374864
13915481
11086267
14361246
13029357
8515519
29815995
19529903
26808389
29172329
4768905
12166937
17661744
17855659
20439925
25901349
19147689
21923388
13370248
25387706
10904625
16491163
19027007
1267351
23445853
19002232
14701970
4260884
4206729
16008212
16683463
19094112
3244116
21672914
9237745
4921105
19146176
21483102
6368899
20547127
18351499
18347496
17882792
9625073
9513835
26730672
10637143
29857101
8501274
21056032
21247000
14941064
17382536
3764225
18227286
14248690
7428281
13660789
855373
29013435
12304741
3393343
716916
12202587
18618855
21568776
945440
27500990
23292006
12186114
18438738
23598799
4608153
14087212
12323480
28465367
6580513
6731146
9107727
15886603
28250752
24301864
25371815
9525420
24831587
3418048
17150187
7122431
21170747
7118666
146933
28395998
28728584
729850
15736787
10716353
25064939
546233
10655104
6327092
3447781
6594588
24435826
6240071
12819060
28321900
22292236
14444080
1744086
19324700
14065234
2801056
6420318
19657986
6517388
20901820
13411325
8139041
13450092
23906477
10108236
12528716
28494529
5096820
28694537
26712897
22242278
25615888
8778237
13730861
23839255
15318373
18819317
29134533
14568848
18304704
19560741
5159214
6944235
15165442
16753908
2368604
17959601
25114000
16091819
22953503
4051893
14639423
1486283
166246
18968108
4904948
4257807
26820202
15880749
6458484
4422080
14031656
15772516
16660752
4331240
12856670
25163253
1478231
23175865
20157463
11288386
2359470
11199468
8259649
12571624
2811028
5822021
18476247
28942747
555022
16650314
20024746
9184452
2014423
10857041
17713710
29338241
18018338
27747390
8317546
14102579
7730274
18220487
19289365
28130657
14072130
5693675
16037260
20191483
8857980
9341436
9744588
9586530
23319131
6382426
21275335
23199365
7366808
11452572
4854354
13141229
24841545
27495837
22814349
22453528
11393292
20586357
8984365
2851114
27937492
3829106
6121579
24214727
25493227
3023362
22925211
7124010
17302341
27477231
23225525
8207496
17290823
28377727
27256173
14023128
12951694
27692141
11231745
8031762
11272346
26482585
1431226
3381424
28710670
8425581
16225605
13959526
24420924
17873129
6968048
9231632
12917379
11723132
23413015
3947993
8728556
1559815
3856035
19585668
25300903
28718070
7490081
19716242
20064079
13764581
21679212
26681951
24488775
25106305
11012783
2384711
24576498
4066313
12289548
17001076
19694250
22690279
28575040
25522571
1283831
1369823
11339663
14312164
947929
13081923
14214288
15006161
1125142
25697233
24712351
18556142
976118
12556596
12703948
22133703
13390377
11677997
23041614
2038350
6490812
305602
29022605
13378131
26777914
15984487
12695576
24683122
18898480
8237946
21940415
454510
17490976
27385300
12002236
17914830
19715979
26886256
21577505
8076664
29979078
4431273
24988256
9753400
26180854
6170281
7163880
8683009
23413237
25574739
26667008
17644665
27565960
9869023
4784808
22912480
13636535
8782965
14063413
20908328
23230478
9743082
6678280
19675933
19279996
10451215
25660902
5382988
27552421
9857974
24028899
15736330
367186
17008132
13551908
13806477
12458510
10295645
16731898
27964995
18627783
23633748
16218603
29980094
28024
14683053
23674839
15838857
442608
9120402
19972011
12750257
26595624
24561305
29382311
26359094
15917841
14273105
15431525
25153406
3397691
23336349
16792649
10650074
27278533
1934956
9788186
804722
9178538
10277110
20676470
24263702
13602599
1996451
22518862
22095268
27852032
18754035
26318374
16849049
13019481
29782298
2160093
4715928
11853102
13070981
7964584
29103634
22838186
1065288
11871891
21910278
5788877
10002573
19931816
1531009
25322835
16026313
18296775
13941330
15527730
5224732
2713121
9010510
11661582
5108953
25585639
24271481
24492024
12183280
24156029
24458420
15476112
1396189
2676056
364510
5238020
1555063
29843539
28947085
8536859
12200880
6195699
25182786
28927169
14075300
515227
15863200
20350366
13956036
3424080
14025317
21110264
19134815
12770669
21438981
24188306
13779452
22138868
13883808
14252441
5689993
3725785
2964764
426205
17633635
24741207
28653467
1219423
10493676
28820866
17749160
16876088
14086564
18986685
4941210
6172275
7444990
21990156
3627619
7301696
24004283
2294776
2991934
14593211
29332939
21216648
16827216
10134034
21302864
25874676
3391244
20597929
27680748
5513188
16073510
7815996
623068
16551864
20227981
27100494
21532928
11099525
3105711
29061772
17656433
8523705
19198859
11979306
23458505
14066788
14605685
20202953
19467159
838820
17853529
18053030
8655355
26663612
16756084
19367350
2981978
8780527
16616659
1714983
5902918
10009993
22464358
22412805
18532407
469328
7818869
3190129
29060464
6119155
9713940
15316191
27765370
12157002
10921926
11167425
25726589
7263126
20664030
26793919
1294294
23012922
8345371
26921555
13784998
28910282
21919920
20218731
15895853
14799875
5381161
7136100
17059108
18544798
14962142
9404844
10377264
14049497
28456652
21395561
26357543
1738543
28096715
24862673
13287457
17770160
25639363
18569847
11259807
27029226
19349667
24947181
25216904
23760805
13916296
11718641
14483198
14936627
18878106
23085237
5318265
12812122
25759307
1927672
2547675
4547525
11438736
21957555
25528788
18006299
8893692
12443169
10910438
25433517
27464357
5298061
14996573
18033032
12709717
17011298
15166387
9298014
7425863
13307519
22450629
21726359
1733874
27789335
621883
24284143
27963788
8508378
2374411
13317878
24983931
28560958
13582315
2651111
26409578
29659823
21605742
28746996
26138975
28045656
523636
17540768
8363255
14481208
19639802
3742189
17442842
19953085
4509854
889151
26712489
17677341
1355222
12438779
29333886
24079595
6939499
14892524
9454718
3856290
26500649
18278829
25385101
18398364
27382962
14640211
13843257
5241496
9530110
25421821
19572471
3003948
10956783
5798542
702551
26825397
19799787
18845238
26381531
17799804
10318486
19900518
25696611
3720101
2338513
23272201
28981465
19316060
5438666
17353607
1161894
29616989
11168924
5128004
10982183
20620233
16023677
14724467
21195105
9245792
10193135
1303795
20015388
12849221
12653836
25021908
29674994
12702189
6157367
12692232
514430
1085558
21148743
1212451
26624618
16577091
18701797
14275359
15942932
7270285
11063505
27835297
23173178
3775356
17973090
20865952
2909312
11628420
6466884
6039597
26402707
7924730
16501033
18359142
29108115
27157607
9874259
16966521
25785178
17761366
12935179
4200967
28093219
21832910
8732349
9046272
14717473
6457496
25561507
4122030
13856849
23872221
11235704
22123550
8816393
10637941
1299887
27282200
16122695
12916886
25556224
15001324
23700958
3073594
17000222
12502182
6251832
4158715
14738722
29655313
24165854
4093391
11485747
15622906
11439187
17437325
15485812
18094605
20380396
20956083
4919261
13165497
16518716
26481556
22132553
10395307
19395680
26460026
12154009
4575191
7720192
344764
2924048
10104133
8028587
5993405
28548355
5274451
22203786
18870844
12525869
25308473
19685446
25111378
5303584
6664326
25838703
12458876
7201630
22841061
22483530
6183578
25788813
13036011
27071862
14657044
29896608
29468461
8052043
11294732
28805118
11412141
6905817
25937846
505006
27107151
23659270
7299455
11948281
29997780
26078734
15476644
20633924
28656950
9487824
5880930
12349744
27090705
7115042
17296519
15226318
9807124
18589971
16509276
21101379
27093143
12057024
15935820
28137412
18191421
14688300
28284651
19453766
27492259
22935626
16616219
1230667
27673439
28620
16979625
14942717
7943350
22158116
11222858
3912981
9476692
6271990
21943269
27658624
19049189
18225411
27061971
3619289
6655035
20341584
1359620
26107614
17357223
10242031
412056
1337814
16452027
18702832
8625914
12309893
3366302
12037436
27423104
4087451
5100982
9543253
1977098
11914187
4928716
21912196
387571
26651604
25772224
16592057
10787052
12534917
4106630
21675720
2479719
29580215
8751242
16880493
5546695
18610265
16945955
19836042
23270892
11155944
19352350
11462796
22300551
20460425
5166984
11339608
19632192
17139614
22128806
8030206
180010
18152761
18603799
24185849
4503697
3658303
26812439
6577109
263604
1315617
15117506
25079370
8738065
11587239
4505523
19586470
17195695
13011975
11510219
17196335
823787
21277259
14400815
22359987
29040287
27359469
319521
7323848
15184308
9546944
4887434
7086829
20706447
23222232
47997
23021677
5705085
26472843
27219047
24619127
19978264
21859632
23648761
28495654
24812232
16663014
3744963
25184981
22316682
23882665
16597989
22254755
13060801
8649259
25240595
2561147
11004183
24263593
29535525
11749737
14926270
27690469
20136403
10141225
26413322
19940575
1232996
25846549
14258850
25238352
20815622
29977111
20987280
27758909
7020875
24048974
10435212
21934675
3865443
26589708
29466204
22484866
5196195
20315695
17041174
8310984
16105468
7475369
5647376
13652823
13080352
10730270
11977430
9078208
13829875
2684695
29202210
8211005
20791503
9601557
1882447
21141947
14100934
19460875
8270623
287523
3611465
26408864
15882501
5754269
1389408
20380969
25307475
6100654
18759300
1495842
22374068
26590591
26032702
4134497
24108324
7461897
24358470
4036033
23208879
18818205
20946648
19222401
11811521
28574000
14629560
25062201
19530234
10851620
18010241
3436093
12591575
15337556
24647907
15471623
10452008
13351161
18730610
16926855
24344540
28122709
11210183
16547990
21326471
26131270
15421929
12237350
11841509
20260689
13019433
20255244
1716370
18645469
8587072
810295
25497835
20041712
26085568
10943274
445347
7626769
21578494
24117200
12954009
6939555
20026042
1337937
16504117
29890498
21469192
2568037
28236260
23503373
29609873
27226378
11550810
1669388
9875205
20155685
29337219
16906284
2792170
21130541
22335902
17921054
28796392
25214662
10187626
6309361
12055732
4713750
22963324
12634717
9742000
1092218
25490898
29725260
8884639
20196708
25562072
14767565
3585297
29368360
13856409
23854906
22178057
15828419
28075326
1407699
15080614
25156080
2563708
16345177
11577042
3163134
7054344
14401688
26275904
10522961
13267177
26087866
24064407
2475917
11936658
14281592
11064125
8055196
27917302
13003927
2145773
9795855
24244712
2258175
24487231
28236979
27612182
10418684
5459105
24678609
6779086
3958269
11654248
22690659
14205911
14907469
3370661
24788713
16267560
7545617
18773711
25644365
19376988
24757105
6820685
4249097
12730845
6063592
23993313
25285
5642256
24806827
6539482
11293085
21978640
16046873
29489558
16206197
12045416
11849711
3300338
12344047
2629157
10401797
6661576
21619821
11608144
13965414
6684139
26698589
2927876
10356396
20551842
22307151
20794059
2389892
2488969
6296094
10275179
9268987
19498338
12998873
1550919
22699031
29016231
9457553
7555562
16010502
28825090
4045850
10958462
22732659
21892148
21370246
6722513
4572259
18805941
8763902
19839749
22771051
18075695
8402162
23699055
4846574
15278232
17711259
9229403
14017944
16414618
17504708
466473
7866275
2355778
3875603
13948078
5946065
21458882
18026904
4277688
3999184
16858394
15857336
14587430
29093804
21564876
5562526
17170382
24842178
5407810
18407744
25204326
1970682
9830688
18489606
26281152
9300305
25675124
5460707
21164750
6522425
1409411
3815742
26836132
29401127
21176548
25163029
8452970
25901781
2072730
26456219
27465936
10394689
28515605
11405643
22550480
20329085
7495021
3858153
3133741
10410924
881847
16141104
12220462
7349427
1197004
22455631
3023881
28911786
15992588
15244440
19282393
20499535
22241847
10220748
5240861
17008629
15275250
23517426
3385179
10499638
5378291
6879183
1590001
8003633
27857877
2753918
5255665
21028140
21710044
11606748
27446400
27510699
4036496
28189129
17034579
28205983
15884010
28597477
16307292
8317883
22664358
11914963
2088150
17908099
18901819
16602551
21282834
24265078
6584535
20226243
11131606
8140736
2335256
6836186
2448100
14002608
19868004
10770587
23257166
17438880
29214745
3099286
17267057
19519886
22090093
14205667
27430578
20683608
26638718
13314946
8356547
27741735
20395951
4156067
18156121
24569190
16460413
13167891
18568444
19490992
29266866
1201344
15416620
27385459
27296344
20553487
27739963
1230321
10090676
17460916
10468468
29264584
10926116
20496511
4133319
25030261
15760635
15623185
13735693
18237677
18225865
6883175
28918488
1495449
25361931
2602128
1720462
24831866
15576788
21125273
19168622
6534530
9605206
20314468
17967389
7731232
26050307
18364228
27391047
22291117
5568884
21928242
1315135
13755118
18264452
20098845
28922832
24462346
28677170
12624137
1341567
27069759
15664493
13252606
4230536
20288806
6408025
11124502
5490537
23295517
16162551
18421063
3546652
4439999
29443615
27264720
16730405
21269310
23870608
17130051
3993736
2966702
28178435
23045861
22849817
15651525
21631316
183447
22452655
10433475
7253492
6309618
13885172
28123755
10998576
2074613
10176405
26372577
21104684
19889911
5042485
28169514
1457344
11932595
7959999
19120395
2883449
16697425
14358845
23027824
19536390
8752645
22108771
15503664
10123927
8424218
13166883
4147996
6299516
19929607
19338308
145004
26787037
17646787
18632488
15063791
20817838
17406596
14582441
1898658
9049748
1578319
24031335
3250819
23295820
11771120
27711765
3562042
3730047
48159
28804877
1132343
18780073
2699307
29938775
25330591
2622617
12208090
19039808
11762830
21012988
26411930
29344840
20413476
15180937
7883132
18906149
26701490
27393609
8108843
16349836
19196672
11256399
3309507
17151006
12930177
24193809
7973171
8663509
25794716
21907692
25192642
11207548
24484217
8681030
8058250
23796939
8783024
4559496
2216019
12697775
6035251
9426242
1396145
22066756
2262069
15228540
13755040
3020957
2294738
11215456
26066088
25153211
4690278
18124884
18122042
7721302
29066645
4958663
1012459
25990734
27393143
6474831
13144551
24391785
8046870
17846559
16796318
9304182
13011482
5679567
26060813
27881870
27589636
24939875
8238862
24413103
4754567
8425086
27931558
11660263
3341608
12267788
25675214
12781358
2915611
27788891
27540500
4459704
392024
20806012
6982256
26577807
26029814
10627327
16872808
23733804
10550695
20561549
9900447
9602716
20777507
461777
22734298
302978
19274466
5161715
17283841
22843877
15919011
19483533
18401813
12327387
14101558
7299161
7600049
26748444
10558180
18270372
17842767
239055
6766803
22734729
9101327
2822153
28540747
15902649
7970650
1991499
2552228
13439698
19894306
4495858
29292391
197324
12879534
18189805
8232459
6618552
18088328
19083814
29477672
26202155
12459550
7645789
13388604
26391203
7617659
26739152
152877
23320366
21484593
15133560
13398545
3311805
2356903
14171511
7208226
11222518
9191438
29095122
29874679
9873389
5896563
16756890
3738771
7487962
25301462
19808515
4016631
2307059
28276048
26943495
1575395
25044295
20587571
14253100
15773071
9000914
6888030
21612439
14998624
23285635
16613389
27080827
25741604
18146577
808853
3539969
4479647
15372034
28457842
2674372
9413309
25233464
28850358
4755629
14869730
9746436
3507974
13737859
28256987
17436291
1942761
15470298
4638265
14467685
22062034
7753582
19093574
9086713
17145268
6671581
19936805
25761982
401738
25283175
12393154
697550
7513567
1239593
9182838
2314610
16248000
27645887
15580
19083299
17859362
9622151
24941076
5816631
16476333
17157697
20405990
22392907
23213896
3287858
22940433
1813187
12530252
21557167
29582705
29029561
8530843
12976879
14167516
11014498
29484623
28818714
8849970
13234539
20698466
18513810
16356078
15752350
9024629
27595189
6696278
23314493
12854358
24098390
29026240
27753094
2531763
19502375
18235482
18435387
21132446
16455096
15963564
4849013
2145629
1378645
26787247
16772098
9755738
7835074
12990674
24993461
1145681
6815856
6883117
3474120
28938146
10496408
5055332
29653964
9436148
9820598
12173614
3511867
5645833
11491357
24280030
2272016
15425978
7596079
23474136
27255200
28463526
17433304
29579752
1564793
8493898
12547082
4607986
16144025
9199875
20570880
26870222
585987
13602983
15136683
22731132
28542300
459039
4438209
21567286
21517423
3683570
4850082
27520430
26833887
10898767
228948
1587098
17672428
21853428
1857024
11595394
15415014
4717414
22786516
20619919
4440464
3160330
24969145
4760916
23778763
19367948
8606448
15108360
25156386
8534528
13816521
20448835
26486006
2633680
10621505
19839180
22557358
20248075
13511941
6563450
1430205
24797537
19839350
1522770
14843491
11336834
25297180
1033549
24471948
29995737
23019769
12150845
13649236
5179402
29322569
16177868
11602627
13995228
2537542
28577090
15560240
28283496
3224558
15213123
25748142
19556013
10000967
16518609
24722911
21001470
3682747
7135906
19479530
20475451
13897911
10300583
26314664
7551655
14037734
14640097
7763431
13799511
26700756
17280973
20287018
3265641
8636287
14194591
1314520
12974867
8405388
3558362
13454305
25165578
21518429
10198872
7419969
18860576
7657948
15485742
23149769
28764399
29510695
12044438
7794905
17239777
3669715
19623114
3821789
29429277
16905434
17818354
12658367
20384241
16331041
19573053
3022214
13828180
7801950
9897292
3044810
13981353
27917196
27430153
24439413
12416538
16185595
24754544
13461143
24239512
19470519
9831351
12946328
7028208
26791036
22482447
24450908
29649532
7293642
7383457
19211043
11713377
20010772
14065381
18304693
22375308
14317389
23436057
12638412
27153994
26097046
6734124
2115850
818517
13515413
21243148
16393510
13425155
1500683
23276266
5892124
3840805
18674960
11134029
20691639
15286485
13413194
27822114
2525887
13728967
29779690
24888705
11889078
11451020
22196641
14223487
15151968
18603193
3822925
27468994
11830633
3740175
9682047
573792
2780851
8234521
2162349
19979308
27353320
8511667
29476267
18672209
19175462
16025069
3626377
18079283
15215955
14990632
491821
1779212
4549669
15159117
7694231
27769795
1125804
2302457
6285534
8326185
1015938
29982726
6608541
693264
5913885
768263
19738757
12150282
23048210
13068413
12553702
24792087
29793405
17860737
6527811
2549289
4662812
13985402
20098728
2020399
8835959
4320653
9629588
18137917
3435200
15175885
19704623
24645307
2342997
10678335
12098689
8132438
18206323
13742434
3838604
22106087
25675328
16686047
11317131
27507003
15500409
4073679
13087035
10341506
16373622
27403537
21613833
2948608
26724886
24646878
7203303
24707018
3771710
27476953
21509326
20647543
14830598
25473305
24167756
17454110
14104002
1830519
27561029
5202004
3844400
22151819
5636384
16802428
4123222
391046
26170948
25181322
3929691
7022598
24174875
25021690
21953361
25003118
14543365
19318750
26416659
12045238
12794075
28881079
28127807
17857523
28003646
26941393
28841577
2769674
18008272
22919978
15722349
19376932
21854750
21619657
542338
22492133
1971606
26584656
21182261
22260553
9957746
8299244
10272032
5986330
1774291
562075
1600866
29427535
23212273
6845178
13364301
14252455
2397171
7379465
10056626
949634
4779804
8586547
13974473
3556849
26816792
436280
25578180
10300697
26387330
28852944
22777757
2156392
12865554
10270929
21070102
18976679
28359652
29473703
26900743
24911810
22169711
11376322
17023851
8571973
1734527
21330991
11146261
19271519
5409795
18954230
1216688
3071945
12493875
3030324
1635287
11481294
9530116
28405165
6239675
19976493
10614028
16485090
17809228
21958476
29895016
26741034
24096169
2400915
25419338
401271
1552816
3309279
26424330
16235736
11760951
9571828
6902125
17571424
9892597
276624
19545657
5848678
17431591
685016
14640225
5165517
24098642
22868932
9899472
9308997
11004930
24777939
12432522
3715933
2624268
153555
5832733
26280785
3432
14814046
16276904
21825491
28825198
29095321
21934017
11981849
1171187
26689289
19654137
9453035
15730560
14418872
14906531
25523273
17865988
26278899
3189763
13599644
13095773
6244275
18413728
8334601
14062955
12915122
14196231
29310515
17554159
10809147
5045050
27718984
4756833
12705824
16768691
24191969
3270263
17144039
2817865
6167188
12507178
1390981
26678673
24029595
3149869
24728638
11306938
19949555
19903214
28519519
26172699
25818156
8867381
2252230
4776261
25196517
15492138
14166980
26377178
29916002
23414801
3320260
3195758
28580125
3288967
2485119
19269312
18641005
6255047
2862076
14340524
7644144
2772772
24047535
7980774
16373891
16511240
20600440
7762511
23366611
19190769
9858110
18077404
2052086
9824012
23730601
24512268
24474797
1952646
15450872
25698642
18572616
752183
24069514
8818054
12523086
19193438
11001206
11785883
26174003
28538477
3272110
6335959
12568280
14933302
24627882
11434593
4312778
25160063
20924268
10349127
27165544
23981247
14626442
19695635
27943361
25209526
20098429
13221931
28025565
7895668
11360406
22973273
29539186
10306904
8399021
16006740
25167469
26106727
5593012
16627175
17047936
14540210
23619247
173311
3710850
1819761
26684386
16392307
18745362
26037950
4750040
4393861
9192656
2091906
4279828
8081568
25274232
23753724
16893447
4310791
14169740
24665670
11763847
24678118
4960933
10697695
4179019
27441088
2487759
1138247
22331974
9347835
25790209
8172104
12077439
19665506
5127687
9288437
11636552
8971462
3530259
22171484
4870419
24196787
14358688
6265490
23140392
11696295
14289067
24554497
14020334
8561643
2641675
539537
7783289
25359914
25722733
6598305
3424919
12344494
17406381
10476627
2140415
1578311
22072257
7691941
23162354
21112063
20769671
27000226
1394137
16162033
13199549
24898879
4187196
28259297
8789034
21498493
12818067
14092234
26365453
16818606
27944547
23543777
26507280
24444529
20292512
14591521
25865796
22938212
1146859
15319725
29069607
18072148
29372842
5171681
27817451
3126174
3861957
3200860
5145925
9342945
29787226
12635903
20225935
780657
20508564
22429798
15694980
9915364
23533436
23179308
27517406
19678254
28638983
13564717
9428368
24612474
9422369
8321765
17011838
16667742
10767365
3706468
545457
6107497
25470731
13919198
16813257
25840709
27570740
18044047
13962571
12025741
6527375
16967771
19861815
10874416
24184086
15297677
19072876
14567787
11116329
8193438
4438285
24208610
8579304
4878897
22846889
17820143
16793526
9775300
9174870
1706681
4923006
16027232
3260019
23226616
6106299
22730872
25194548
13786370
15432928
10368977
4957947
4738610
27689694
3073660
20486891
478061
12931104
5400394
20675209
29562900
11801374
14932813
17683084
7188655
8982090
1111595
5105653
6901916
15549763
18068810
27938872
25275198
23732928
29628250
13321358
8280355
1072198
12687749
7532988
10415913
28621900
16398876
10232869
25879960
25593984
26881289
23103603
21178523
16237023
17703047
19418537
22744270
24816787
27306836
11222751
23219826
21350141
16688917
20852681
26929959
14609265
13168333
17846100
9350576
14549548
6390077
17740059
4750187
11365477
16161382
3924789
17161864
29601325
23726818
3636413
18746372
21070833
28034641
16454880
17715926
24717507
6880305
8084198
27972121
6561341
7904798
27746878
3797719
26663116
8184614
23494633
1749711
29512562
16762212
19131096
9248698
28086975
11707982
26100484
10994950
14894787
16212133
24506892
26903078
3113831
900051
20590608
23114973
26167023
12074884
11804948
25141571
7323590
6886042
9044479
11977114
18617872
9147539
11907621
23851091
192427
3339336
1628259
6417720
19590911
29178863
4930077
5226673
28721112
6454007
14680055
11551770
18718448
26545429
4282712
19353702
19917766
17032376
8667297
1358633
20756719
10134225
16332735
28785732
29788156
23019991
5862837
13023062
17660090
5764648
16700510
22519510
2170264
6003027
14616555
29467765
3347448
27920854
18614145
25011450
11895403
3090222
24506176
9747482
26095923
26292910
28887473
16962385
15768837
15998352
6858302
17827567
12996402
816882
24019336
23726839
3549920
7253891
9977515
18019604
5227854
15683110
10462489
18998499
23157557
26619635
16153529
17248731
1394145
4684467
11685790
27451120
13473397
10151712
1076123
7928220
11798663
18877349
23566360
20732329
16753955
26735030
18068871
22460762
23965475
2279139
4357069
19077600
19938947
27963196
23493884
134940
16476792
13786572
14662131
335827
28395315
4997009
17490178
9689492
8728770
11900105
22596100
14073207
3978877
21143102
4823823
28356088
25570753
6028430
16272246
15303633
25519151
25262523
17552655
3756477
19480180
6009389
4290316
3744316
8062276
2490081
27564233
10943877
27842277
28611064
11334908
6258062
1043016
6884234
5429574
21143472
15990871
11936431
17230656
28594374
18182520
12253603
4060330
3152880
1452708
16796133
28647169
17905838
28257625
27003358
3153859
27997282
25676261
27303084
21495951
13177290
11683260
10750424
25422571
25555806
8063361
3120049
28186779
24932324
10832985
29070828
2685837
11207087
16423496
6276284
4484260
3422690
22620238
22243714
27336140
27761617
9561691
8929294
25247653
4860663
2149548
4209617
13481220
889424
3325121
2487263
24077329
2930963
20810340
20256741
3556838
26025832
1405475
19693647
28586227
10103172
17669239
10696059
12570258
17727958
13063194
2026841
17947579
15519737
23310392
26963949
27153283
17308491
16468401
17029457
1608715
16535525
2461964
2450657
4538341
16122725
11066284
26266315
16772736
25189879
19984812
13322319
12056786
25489739
26183816
18675266
9994860
24999488
22352723
28143813
9305719
18256995
6044143
15626458
28091898
25680804
20319937
28784680
3465110
12344997
8921767
21009326
12753946
21725341
22028478
29633364
29743502
8302271
16359791
26732407
18515368
16366552
15577924
17238113
9798830
10711701
24382235
20684567
17104354
19330074
26641180
18085937
20449262
21129841
17344617
724436
24328522
354599
11646872
11352322
68869
3965193
14937839
8790589
24835109
16941212
28923159
23656356
18708318
14067069
26840446
16651335
13694696
16658013
15887663
8181458
27946111
26359970
11914910
18673042
13198404
28890526
2526359
12142073
6671517
7815464
18526563
1093165
9184701
23813405
4834950
29712445
916743
19201353
9435377
2616215
1462259
1215518
18577897
27552732
26838924
6347930
1331876
12258296
19315827
5971630
21876359
10932752
3390074
8040417
22757483
3867824
22880707
2775758
28383647
18079015
16155879
13201776
25689753
20507802
15676466
3678243
14866506
18013058
18015134
24788535
16277702
10588929
24813465
14711489
121271
832589
13052858
4131824
18170440
19926504
5816463
22513943
909865
18049465
17628691
17512662
21730142
29280628
8534193
22898826
17870283
1627786
7693729
26914789
28021444
3785772
18435832
12982883
16449178
18351417
963640
14133338
11146635
20644602
20317538
4275708
8112740
21571644
24725474
23951240
20209665
22233977
24201153
26119040
22433324
28830940
9191027
10865728
29085471
18884357
1165877
24651901
8301378
13901112
23681658
3019656
14788991
11851147
24946724
11082687
26925342
21078047
20543297
21202831
22428611
11505874
6001679
15690203
15065218
27282130
24089855
21606930
17274521
10242319
4074530
26142133
5341397
19395615
7602280
9519629
10590743
21205824
29075831
21362727
10198311
22627980
7499132
24495611
5595983
18261772
1268773
10972455
17723266
97419
10029995
4718478
20445946
18612232
2177892
1066020
18518809
19009306
3337640
18327327
29665274
565951
11957828
29346201
27625895
6450028
14093519
26009575
3723853
4704089
8185750
25111771
9076475
16278035
7704827
438532
3486910
2534927
8259195
6674129
5703905
20237117
27923388
24637606
1712978
10074145
2249289
16934354
17343007
15620714
7340086
28190770
10516398
13809996
13150539
21085607
12004763
23901942
12449202
27474216
8217866
24680401
27181785
1514837
17359221
29614735
2912635
1678490
23203527
29428124
2217338
9572176
9848463
5463902
26336017
19059177
11119063
18046414
12729948
10254040
11160780
29423858
6414251
28476616
29131303
464496
16527008
12544970
25094017
6773163
28794999
7100527
15213124
5134653
6585563
29369329
3493688
22702689
6283393
6577823
13254166
9538030
22268258
16363170
1542484
2497530
27452757
19545705
27329778
15084968
12709317
12136130
27495744
14096267
11318453
24113007
122144
1234093
5124648
17053247
20990360
15046684
2692726
20089132
16546198
1114719
2314450
26398306
5773209
9559972
24325083
5381294
18099931
26056436
1073651
15852513
18496568
25664334
24071216
8784438
16764918
8564216
19090905
28305810
22075156
13433867
651597
6192486
15721111
20930370
7172789
27594274
20078348
8696682
6865634
7182756
18620068
24249119
17959132
1171082
14378301
4253126
4783223
23678208
7068360
26171190
4090545
5520022
9661400
27270785
21877516
4580340
16137106
7727701
23893692
4968291
26871277
4155935
20380012
7837500
15517881
16357714
5681291
26239471
8430732
25444629
12703231
1533362
7265265
2576308
4796508
27723189
17937475
1657585
21165926
20583999
1078039
27193953
983228
11306951
16584656
12758649
21900944
14052836
9633916
18957546
7377599
21944510
24438264
29448903
12834906
10815685
15211822
8572582
8350886
29684652
819759
29562085
27005918
8978569
11066195
10896160
13107182
13737193
9131711
8788094
29020334
15511562
28087753
4017146
16472116
13686845
14087776
7487419
15646297
25436688
21676793
12068115
6862604
17466776
29328075
20416504
466941
23230533
25936884
13802236
17973825
19768130
2176301
25070470
7047294
8725781
7698858
6603554
26519589
5218421
29504529
25951852
27300976
4285498
10620438
22832924
12750835
13068182
27366268
28401266
28437988
15334807
21023566
26351806
1521791
4934692
27915755
8182204
14237521
15799842
16159804
24992939
18907151
27645997
20823660
11032184
4340413
21605681
5338872
28202341
17219252
22104337
18324748
14814468
14071536
17754135
25719461
14245576
27395043
22920882
12355472
17479222
11355631
13189102
27740201
29656238
18529590
835571
1732096
22906903
24377691
14115629
13431617
23298901
20396139
10931323
18656358
19176835
26708870
9674751
21460878
21784144
27148192
13113741
2798614
21218159
6799387
6606838
11144049
27504344
2561330
23687682
15220380
19716668
18228141
4934480
10784569
19295948
22924006
17756981
20136416
12598525
13737246
21745006
3854783
23459167
25052345
10833121
15090986
7581528
4411882
2847534
14531228
18219719
17296178
22919552
4931304
24709606
19320987
4204977
12752294
6014966
4757013
21297883
2453353
11049152
8264863
269858
16686046
23145233
25124604
19939188
27296548
13394068
2709993
12956727
18360393
7880707
5292121
15416092
21821388
12079253
14884490
6848517
8016567
12710441
8310113
28490904
29396581
749441
16111586
11781172
9271151
1754708
15983717
4997176
15820273
20428086
28065150
24115729
11239954
17474796
15110980
11650277
4300058
20821612
5377090
19246335
29605999
25246700
22377394
24437033
16058129
1270941
27425960
22311238
23199570
18243761
11590323
19785857
15497401
2051311
4532383
4122736
6605622
729879
15014363
21206113
16842992
23477691
1628828
29000114
9569326
15888066
7578589
26370002
19737148
28596883
16497810
1442751
27137025
27195086
15702397
14063185
8552448
23594424
4003587
1278252
28848674
28508742
4110729
6007031
18919562
17324537
26742917
20231119
2267007
14021325
16173027
1882794
5848416
453487
17200352
27160251
18350817
14792269
20181205
24249122
20156393
7162104
6032683
9229058
6791729
22067138
26088955
11439376
20780156
15874860
2108287
28128360
9771407
15627213
7679506
14691275
16419769
3451766
12374008
11722618
19471743
2776516
4952614
2806759
18446018
26763430
20008448
8931455
20870191
28280932
13304011
16741796
18280247
1618186
2715362
27374845
11198096
4930368
7166717
16871977
27154322
6454012
10170046
6696505
27912372
13051207
21508177
21517993
7170133
6159138
5887797
15895812
14290038
18433126
24131476
2542228
12019518
18229770
17414828
22962142
10491643
11931110
13842862
26195248
27258277
16403315
23574191
22743848
27738459
26559269
19631395
15592000
1087315
594669
21409690
14440897
8816181
7346610
16453665
29586180
28341565
7909930
58907
254079
199320
10546705
21014861
12742719
7822817
23572394
10232395
27615256
2861886
231904
11618161
10506756
11248509
24015021
11761368
2902084
11399637
28601940
7987174
25920511
6943541
6855178
2978746
10152470
9440675
18979036
15560477
7117543
10799501
23722330
28836410
2073277
26255171
3488486
3941811
23155268
17114101
7075113
20118871
7384841
17986999
1447964
20200134
29078783
13069485
63933
3725301
12504879
7368298
28776648
24909034
7577858
18958707
12609760
13241098
21072725
17755669
5992014
6953631
4354694
1833159
22813028
26245586
7866901
28128983
9028820
6390090
14270736
17828448
8598673
3793497
12994065
5808131
9367276
16035409
24753244
16469491
11267881
11415920
21550996
28091840
1280140
23171724
13369857
17471764
26296500
11718300
22101726
4224008
19153525
1143921
25788164
9907561
747633
7838069
11039098
27461176
18341579
1252388
24826465
8873722
25230333
9886743
14234313
26829241
13309001
12603789
18809204
6236737
6838949
26072998
22404042
3796132
11320702
5574102
16721495
12436690
24065034
17295900
17505429
13952144
6674909
11198656
6054288
16592420
25156300
18226363
10577097
26651949
6731769
7215464
20299880
9760073
11676447
24892125
19489272
7298338
29254092
8028955
9369954
3340626
18465608
1629890
3698095
3521574
26962437
20754399
14615071
22887337
10778593
17851580
11571415
5058827
5502292
4191615
8539924
8342100
14813645
8986608
11629086
8713355
22632823
3889751
4545692
4059191
2037889
28435255
14018093
23110654
29533934
13226552
11586361
22061245
3532957
4625579
5364744
594488
22052702
3334236
607994
2025794
2349759
17501180
24149865
13792144
10221609
3839989
29586308
27584423
16529616
24649737
24101681
10254804
6585616
8369106
7609998
14666434
12731409
5505312
5526877
17734718
13839004
16784670
29881248
6972267
20909360
27502557
21820773
12840721
4420477
27705317
13420544
2666591
21491532
24979733
2975988
12835566
27004218
29141008
19124549
18357881
4928013
18789955
7630771
29349717
24292156
10800649
23767519
3480434
1922770
12054220
16050165
1117408
1172729
3678600
14631393
18481054
28945142
19997109
29027267
932240
19253227
29644032
24581190
17174425
19852077
4271241
28692313
12947394
11273593
893527
5379362
21689171
21759231
26765543
3211566
1205591
23490119
10992245
20713577
14330308
20586111
28896344
18793427
4877016
12060438
4900542
1620840
18382660
2044541
25254966
7287234
24520228
9441210
23968689
2337416
16975319
27394757
12472085
912320
21920398
13550688
11652533
27348080
5914933
4319748
16415084
25715124
6056658
20641470
1128436
12447504
28034321
8216193
14918193
6266760
10991400
7723743
15266772
24443375
9661720
25992394
20116270
21258893
27187533
925768
2470868
22787614
10949802
12730842
13354631
12421174
11001959
29440185
18236764
8657422
8610546
28532443
15669542
14278689
24635492
19993048
3952126
19812020
16351560
22114357
566229
27930923
21398255
7392672
1962184
5340621
24958941
25287778
16000969
6468866
28889252
359347
15993380
27188557
22332533
19607888
25686096
10732688
6117040
2107700
23879658
11643226
20761041
137569
17080639
25658349
15748741
27668549
18235723
11535774
25559894
19330204
18803608
20691108
26183
3524921
24288734
15815295
13421909
2395193
28512453
5554152
26805511
27564644
20539031
9689833
15701581
5428580
24958496
13660254
14796721
13685458
9550296
5695551
25677551
2608685
892628
7020137
23437519
15220524
17325888
28962592
24024757
14760720
16215557
26046765
24349550
11908131
28730324
26627917
3466355
23381271
9625809
7728938
3202217
6133783
7386257
642697
19409588
14279923
2775247
11159691
3137096
29272489
20505554
10877864
3749448
29270751
6964778
27046702
27969082
23603368
2343230
17461472
4327795
19213869
27363420
15488361
7339377
13857701
29738611
22706868
9958711
8273296
28807970
29566926
25419078
20739197
25520446
4828356
3414566
29043059
19412489
29100221
26780247
12590334
13174809
17565568
20691792
26226239
7914309
13177748
2380387
29617306
16350860
7848902
22545610
24357692
23198566
26401342
2396106
17877851
26467452
27287683
11874781
13592618
13693794
14035425
6057598
10404872
441006
9260079
2146834
13499823
25541854
3769190
17192589
19694266
23411891
12111025
21183853
28480460
15882365
17002342
14799342
8648663
16480294
13751354
15900744
12374955
20056522
15096115
18880861
9790863
2511100
3147526
11026818
7712599
1207973
6862628
1746876
1740976
27012983
26180650
9474916
28344247
10070693
13809686
1956583
20960852
7446425
18190320
1662512
24803544
1910846
736151
5890661
28965340
17070923
3233602
17823986
14750396
13790461
3637791
6065282
7249076
13714033
25602148
13259165
25205255
17686953
21583653
3309725
22863506
4416351
14368007
24050156
5045507
9933210
2952836
19266958
2923184
8135349
10965009
8304426
2383483
2371733
11139629
11443174
8822056
16073695
26605402
9746395
27290536
10085775
22526039
23533682
21267258
1427587
14509238
11102637
27579732
25918107
13004212
28277529
16283762
17674165
21554361
4337751
17133217
17592670
801633
21810097
14493970
6550359
10580444
18652640
12627497
4380054
8886655
21546303
13836011
11000508
4009308
14713304
8175140
3529327
27282060
280226
563352
26987126
16926161
15028625
11575553
26770690
22510360
8853749
9858974
23908653
12975277
7545262
13227134
5165028
13622632
20484203
4905749
13070460
18071321
14690086
28605375
3242883
26091321
26258174
25979258
3370046
23704495
22260006
4501810
7139001
8760351
6513140
27663966
29395932
1121577
11163309
13979810
13986249
21071530
8694604
1161708
6733310
17233400
16421672
7152215
28259634
16097609
25243928
21265963
15428750
18183869
7863229
17000255
11679350
5420484
28819463
14728331
14207548
26767494
3044687
7429862
11810546
29892579
20460141
22804346
28621635
11022366
9252442
12057401
22465165
23885118
1159267
26038283
10404784
18622430
17053443
29659360
1599844
491976
418968
14593707
20873922
11579623
2423578
2958115
11360621
13756651
1082537
12209773
19257700
27693614
20259678
16537410
17927201
14937584
9504862
9639815
19496450
10564928
173045
28491139
3281174
6261142
6413023
19875380
26351671
16888879
16261253
2916517
14925639
33433
5900733
4311341
20033025
127566
946493
20527178
8534465
5941928
24376348
23608050
5328115
9883118
22453909
24167674
22781918
17194370
16383168
4924251
24403678
9764056
23593626
560171
21201797
3302578
3121725
11482377
126423
11641338
2772708
27783348
22293449
20226956
7573906
2210125
23221372
3450456
5908667
29253861
29887507
5909464
12837193
15921060
25423119
8364076
19658968
23828588
11087559
26931233
22995397
17623401
3479356
10923726
22126815
18583124
9493722
11876338
19676441
8021175
5326172
15117918
3827367
10604380
18285705
681262
19644153
11924413
6629437
29658120
29322056
13585217
12918945
10491348
23524456
16593219
12002296
25588995
10012794
28719918
2691663
8994724
25453028
1299273
11031366
11675536
25410907
1527197
17745471
18391247
22394505
22013827
10263465
1089974
24063316
13893275
24942856
19700293
7206858
19773503
1756814
19937902
4555612
3952361
1876379
4300153
25275059
17715491
12638965
7345114
1352887
14691260
2620194
4588392
369211
4524892
11577521
3789684
7913228
21257656
15426478
10296165
17615703
7538862
19850297
23174396
13098733
9340186
5824716
5776512
3799281
3336684
13581502
27450470
7432280
14320613
24067446
28211849
13712411
16185045
29101623
4612737
21045995
20903121
12985593
22731860
27600176
20997483
22811150
8648017
3077200
2356049
4543821
4384963
9182873
18283916
7872609
9851072
27641674
12191756
3149124
7538938
15450213
27620315
25085890
22750167
24438299
23747002
12829368
29655733
5719844
26745324
10537330
15605904
9483104
28665780
490752
13865505
21186012
2769773
21813044
9190412
8608518
11692475
21062459
24820640
25338365
26853371
8833818
14618901
22557884
3059358
6022144
7169666
8022063
19224287
698011
16003295
26741661
8200135
7898643
3191983
19384597
25974
11960365
8174646
9057438
13930704
1213901
16825042
15760443
28221137
21339431
28525223
4226435
14971064
4387327
17570626
502407
11955577
18633591
6418880
11142968
18452048
14363979
15773598
11365257
12239294
19195047
26639414
21065320
13298198
2657216
26389207
22671111
16474000
19534552
28523361
20914162
20086622
8738057
9408072
21020051
6408170
21917595
26366049
17971380
12791698
25024699
12857729
19270725
13053484
3085802
10150890
5374494
19717454
22233826
2293215
27735153
22230191
24141672
28405597
14917444
27404689
24519355
3405541
9851156
8123573
17387282
4789506
10760409
6985512
24777990
26598035
20880255
29706675
7421045
13330652
29089633
106100
18454732
28289307
20815220
7378187
23963901
13802217
29495309
19955001
656613
16921890
10245923
452706
25947345
12629022
12429479
3385228
16943843
17814539
4911890
11935506
15918612
26341696
26743503
29456591
3903897
17849484
1478553
24386943
12017913
28639821
24894728
7183852
25537495
8364505
19111275
7380454
1902958
24095981
14869218
19189374
15888350
16891839
7717073
2942480
8328312
23710315
15839367
9163120
5070160
15262235
13409663
18112681
21595005
19085658
12157076
11341117
14886138
20278175
28812796
9181703
17670400
9468494
12105184
2062264
22812115
3459171
5486142
12958680
28504244
23133777
9031303
26069242
11958728
4002121
12308831
26353385
29556876
4905486
6184766
21745260
4262671
4823321
20059415
10358887
14807339
15709780
7628179
652337
11985947
24295881
10717704
27724198
407773
27459752
4293412
12903910
12635937
12896675
22146161
24496036
1769075
6027107
26095984
13623791
14154331
27322535
19290997
7153173
21663238
11840421
11760648
460473
25829255
29183052
24491128
24888544
10903900
9153333
10966700
2414877
21818617
27419890
24450485
6222287
8503773
5116654
23883791
25785011
4640373
4765194
2908761
9810411
25976171
28902226
17412739
2258886
16814992
9642180
27623623
13130584
25388551
1836735
28761071
23720760
1624602
358961
20200357
5352951
7515158
6910965
21316888
4875931
19115988
19835696
17384647
8472852
8767391
26482707
3933311
13665672
11882498
11339289
20689115
8691957
17654306
18500488
1143331
10921621
7114322
23716380
20633801
2603362
27773560
13077907
12728477
4935944
16390286
20654934
24836832
906919
25496083
26148433
24334511
10741356
14908624
7187060
9099375
3466622
23354674
18357932
1314320
8702343
23144065
6398537
13099316
25427838
16543501
1553842
9815850
25689818
24592155
9438665
23475681
16402761
5301907
25887712
8795756
21745145
26565488
4033443
19673709
14421077
25896906
16738908
2589436
27235997
24343132
14182589
5425248
17203484
2340861
8003840
25188436
16030383
14025702
27019369
2469875
9079482
16836760
7620311
1780591
16404002
622796
18056697
22135572
29731807
17405346
26202183
6691426
24251676
20119523
29217091
7875458
8777539
4798692
4707439
21869286
6677884
10077184
4179130
3082793
951932
20880828
25757180
2884364
22337325
17084861
29594484
21672267
24870161
7945525
24526792
16514837
6880803
11733770
14119961
20851133
18245846
895723
803158
15815406
20033474
20367565
14837795
19223767
13730689
23155502
15865671
1077331
9961013
2845919
22889962
22601819
29391319
28354229
24885690
22590381
863027
1976492
6046672
7826497
8009647
22043862
8074810
26022938
2592954
14725768
902980
14006835
12937023
8047923
5029002
21190284
17934852
18040464
3117151
20289191
16397998
16173594
22022251
208575
9008140
8903779
8258199
24630995
26380999
25119273
28015523
9714908
5934746
1808380
22960854
19301056
17528376
19570866
28414823
13060900
12329469
25957461
19536420
28190006
19004664
19734640
5101868
26343314
14379501
9632670
11488499
27661898
12341846
17920095
3834157
27062917
633444
17171500
28209555
26310575
28120338
11027852
18000537
4531098
490673
8943479
8618280
8270953
23580507
4540394
26599844
17456531
14078796
16712523
9956468
4568612
8562651
20833035
20964658
3882427
8755119
23884023
19044548
5821197
7305626
6494673
8605954
2953537
161000
24186995
16429582
4650760
17164385
12911313
18172507
16037324
15786457
6548185
9437907
6367611
9287016
7352660
9794778
18807756
12116894
22701493
28310776
264052
11011635
22877742
23091598
14326481
22065740
8867023
7595557
23322227
20795845
20225525
22590270
11196954
26636339
20204468
22363958
7437208
920994
15126538
26652622
23746420
24622946
7997957
6762822
10988980
11201846
14874143
23441897
28827899
29503461
7485897
22941517
25212631
8703964
24544984
13360007
1347203
10644629
23008374
21985619
9536897
12276857
28350110
27917619
14656030
24135284
12720309
22173012
2189785
25351465
24977865
19517994
11850451
12586181
18271590
24117123
22951688
10788491
13511662
2780510
10928574
21651196
11060650
2110513
13943866
22174621
21654301
11193758
29578897
15253553
851504
3941863
5006935
6173563
25381163
18176955
12643195
13823531
23355687
10074539
24858702
20549258
24217643
18842707
10988790
31439
25938412
13327545
26294795
9872837
12359496
8251784
78499
8372296
28392903
20430822
12643634
7481548
21877702
4077571
7793648
29155665
15823048
2073768
21600809
24651393
10598187
15757014
8216509
16655954
22498530
10151744
18683499
28226517
11660084
16230682
27939397
15793087
20152780
7981006
25394293
26785275
5946747
28668379
7503662
25320339
27866125
14350495
17687740
1581859
4230627
11939657
27667939
23704684
7610045
14768346
6436451
14217108
9218694
29751037
6383752
27461127
14528595
7496649
22122800
22159782
28754095
17005646
6652138
24986697
22504568
6307465
23233626
21300997
6402990
6579412
15500257
3583580
24837597
21098933
12817943
12620029
16799758
11046645
24141160
14676492
17266005
16066653
3399977
10121757
8647654
14757566
29423004
9325137
15257160
15833463
1047263
21293187
679505
11454441
18522055
12753077
10845640
8076968
19830564
19082393
28623735
6909540
17061910
8246164
14608668
25285733
29776273
19229729
3175855
4640822
6071791
29471819
12862620
17529948
12220752
27878245
18512773
23500693
29329760
10551406
12583495
17980594
22603073
29713797
19124587
22539671
7261968
17220956
6125438
21025217
5581164
18057779
20512694
10489920
4057177
9831373
29530447
8192819
16383881
8250685
3801137
15212582
2217702
8301726
8764694
11244898
28291700
846960
26308957
7184980
15923420
21782165
4587735
5881681
3394833
4216373
24402904
27777925
19317528
16544455
4741027
10895537
6619
12482930
7151882
7436303
9475459
7637938
25620778
1946578
755616
2783825
23422235
24168807
12666033
11555809
16375567
28792982
12382793
5206256
22028620
3849549
12902088
27196742
24465568
1457557
10861859
11791946
24788037
3101707
29143754
18939776
24922855
29705764
1944257
17855498
1566624
761823
24596295
19986008
20719502
19107795
25768198
28710288
738236
25998566
12253570
13012751
15492968
10804045
231006
22251673
11296743
22244665
15430595
6915940
417708
3657858
2564304
24322784
1590362
292461
4431245
1036642
4955893
22986087
14729431
3021324
26658422
11256041
24248624
28870302
21938062
27158597
29706222
7756329
27950765
22072371
15245819
5824944
13605340
13563601
13476100
10853875
16923088
29308928
18323536
5171350
2465829
11882433
17908830
6856497
5175346
25482602
22489461
24988553
1551170
21483960
16577545
27229850
25275884
23855278
5248458
18856286
26392325
13787146
20679924
12995326
1260824
6837377
6027684
12904464
23926327
3201915
14678800
7863175
18525646
19133693
25642962
15053151
21657428
25497109
17890773
21154874
15358121
14749705
8990030
12439520
11021054
22082625
14894073
148450
9716158
15467562
27019654
10829765
3588419
13732396
2116568
9574838
5468311
29585418
28956315
29016074
14993971
6374750
11724092
12142919
19252630
12481820
16055431
8219268
18197493
12627249
27787357
18871910
28216642
18276825
23046397
13817545
18176947
349196
29202790
24696266
16520703
20211747
22686066
568714
25306063
2517979
9161325
27571906
3716489
2878941
27305157
12161050
10258819
9183731
14070030
15407892
10135323
14209092
6326922
13409932
27778483
17456958
7359780
9917344
20666890
11386381
18012040
237552
21896308
10665777
9198276
8428713
11311824
29693713
8094558
23912637
23700472
4399625
28033984
15880626
7593515
15505518
23624824
9307071
28063329
25322423
4522008
16101136
21318792
12942544
2964437
29672226
8079766
4301441
22138518
15445775
13194942
10189513
5116032
15895386
5562890
25521157
21608963
7966161
1530220
11760374
21751331
24984988
25785116
11586680
29379065
18781141
21308408
11480303
14474827
28431194
14489805
4052790
20041715
10239950
24999891
7876605
25336110
29198994
8492450
22239929
6345608
29354417
20388237
6969361
14978398
3722916
20158023
8499069
6520253
9184003
7617194
11462875
20061252
15607097
2745031
19944261
27520307
29607599
13567911
6988601
7976297
18729139
20599895
23043903
28798824
839600
19337088
25523626
27022147
8373830
11232121
16587505
27577587
9247649
15887659
11567746
8084374
23740187
15943886
11257313
26910692
12778920
26626302
13948316
219417
3806839
15226165
26641843
9908908
9931933
24678014
11915881
23792148
3762269
3628500
28434755
29977407
22857721
22838000
851443
24214256
11807582
10130938
13621483
20979786
5525001
17093334
19611437
27932260
22524829
7980403
15897503
20609342
20021875
10367076
25678854
7175790
27542454
29711409
8639686
10887410
22093773
28625395
19974628
10520782
29635140
2638897
2292432
22871145
2256818
21842805
20394701
1755241
11087271
16786305
15566587
29047540
17696593
22371574
29762276
21790677
14306225
9186725
18312973
3143962
29851843
21825414
21981551
11608655
5034747
7874443
28274533
22659903
7310975
28158785
5595228
16497796
3626789
19191545
26131904
28053930
22048934
9052668
7537964
20346478
2768647
23475025
5420187
28829952
24531820
17137685
24082262
18547102
27946463
411682
19468613
28312814
24518235
25565404
24553641
18687589
4479977
9487263
17333455
18997406
26787382
5560317
14757653
26683309
21084825
10975590
2151173
8811090
13707474
15293152
7775718
27460381
8974744
13957613
19022867
8223814
5960175
3436160
5236584
11367510
27729929
14032116
11268864
26320730
11713666
1765483
20174742
17477498
10904831
15544168
7996967
18317506
27927406
1042249
14288695
14430910
734570
26819176
22988891
29387088
16556122
13108806
22456269
14641988
20950725
16840580
11517729
21263564
8461178
12515545
22304244
2086628
277077
8505500
4438642
29391078
7856589
28792650
6720283
5416110
19211972
2194013
1967151
12013025
2979733
3203908
4991874
23385032
3210196
26826880
15352352
24925475
265092
17444116
22286928
21573311
19871347
9865313
10666890
24543134
21004181
14350142
22367165
2396277
10677016
10853352
1947319
1959419
7847403
26005353
19695673
7216658
2832048
15728453
1522719
172324
18281502
29789976
600386
10567645
6470873
27407368
21472737
14740587
5228415
22909893
25771132
16653015
26015648
20428938
27762736
9457543
7771964
27347511
15726412
22683241
25165789
28483392
20135666
14844314
22732807
5351088
21665579
6202738
25272011
13058117
8145550
19442100
23928123
9825237
26556395
21422589
26335193
1115462
6597268
21941462
27692082
2542745
28459973
26368988
18084030
5693720
9410687
13314599
996964
4405690
21882296
5894448
27424142
113826
16472570
20599219
22166300
7557606
25886846
11398335
29133561
18315651
25242592
17581447
18222941
25148695
7280946
7634849
16285547
27231324
20546884
18732025
23440283
19303440
21362485
14803424
14160226
10753766
8230900
17575888
25576058
7619944
23873096
12981241
19961834
23930208
26193055
13618710
7962026
22329631
29638863
1259573
12263474
8149489
29088509
4608755
15088708
8162810
6243420
5612173
7964849
7257955
10720490
6628859
19334654
21892176
6677759
7713274
16178236
24332089
15950576
18752731
7568760
11625481
7941389
17973655
29504645
4372806
12284873
17421433
27558424
7385464
5116165
13464771
15515778
28651465
25586086
29731947
24307914
9458238
3427449
10930660
4791121
28314105
22610575
23402523
190733
22619824
27612296
6485697
1920124
11433816
2910937
16004041
29856872
9661718
22979087
23072354
18715531
11055965
26183949
23292477
11113549
28086239
21464708
5368755
24178192
6826304
25426780
25166105
20107548
14124684
1127010
20291930
22514194
11283258
16851979
21451929
15628936
21464780
18327499
4460341
20811272
27505577
28805034
3790561
16444671
13233357
13832635
4008334
23781491
20787001
6896194
14007415
1705184
11906119
6472138
4349740
15202715
10795216
21837489
22473605
6857401
25909457
142058
23261515
10003537
21791784
7443229
10033509
12779317
20292400
16175400
5829978
19696781
15490570
25757022
19528732
27398155
28432791
18587869
4771959
24366170
8183046
9106648
21112889
14599273
2303196
21017773
25691523
15022751
24461282
29558345
11856623
1878712
841175
2593351
10591576
26988849
762749
19884885
6434544
3577607
11521443
5375770
18792124
24615244
8681722
14782486
10674491
6589169
24066841
27976805
15208600
25560715
25417057
19629756
24753506
21880903
8718532
17209353
23243306
25326846
5308040
15722719
3109955
21667145
7448373
6985829
21489787
21826204
10986306
27393149
28014846
24171255
24038558
9399597
9383864
27337335
3420559
28258450
24568299
19294100
4260835
1257771
27163566
8135865
29797275
4270994
562897
26457716
19510363
29391522
13037300
29856794
3543982
14812796
7266138
21736648
3929851
17894848
24192331
17989296
13096188
11990666
29441285
28681941
13398472
3161206
29726166
8303962
25408931
8769955
5513439
6813178
14326263
21688636
15890819
12655310
25425376
19512755
4915873
7764856
468820
19557791
6573078
21271417
553548
19750469
6993261
15130010
12556699
1512835
23609915
2602936
21070589
13984021
21709664
15806815
9911230
7580033
5056446
20575512
3405667
25612824
16245700
26463351
26867341
15460699
18432164
22623654
14921754
28960320
1659903
18714764
24501508
13448481
23505932
4406866
1983280
17832117
14116129
15241121
23292577
7199528
7934121
9832442
14467323
24396275
28179683
27648214
9192273
28200986
27312890
5818277
23825067
6630363
14341877
24892854
12949245
18908818
9643145
13065996
7623246
23672535
14426159
27147119
18649864
15338416
20841664
18819024
15437725
3244267
10772117
25994279
11538258
22223413
180986
19993991
29472264
2941083
8140783
4727970
29981678
24260398
8632852
22338129
23788438
14897850
18339286
19734868
3024713
24335852
16006507
21467681
28902737
16243292
24087829
7702303
25940690
20280748
1413554
26688594
22907417
23832343
23877040
19253764
5770152
1514902
3939362
22970451
12490984
18960970
12624382
18252017
28320343
29428809
12176532
26007106
14048844
13147688
22901068
25351799
2496760
24092463
20068158
18379241
25268394
17118664
16509120
10974723
11313780
26515223
26918742
8134782
24481839
27950195
24450332
29578211
25639510
15421565
3115090
5446267
6241563
22531912
11167791
4131663
9692041
9765258
8222537
8578425
20111428
26182358
17906893
27351366
25037120
9512827
29696641
26531138
24683039
9553929
18158206
19709699
14081050
24767358
10498052
23628400
7570899
15812807
27519232
6007010
27876662
23976277
29763131
19563553
12738908
19861447
4340574
22238757
19619495
6986690
21006581
22297419
15470659
1383035
6287020
19214653
12263088
3466569
19249958
24818080
18629748
13028130
20695658
29230660
8181527
7991539
13699226
24099981
9328660
4117832
5482352
225709
4408477
5899290
9514958
14807927
19476933
23835179
1307213
14096423
19402727
26984306
4273743
14288739
24758268
7186772
2039080
25786564
28082251
21674663
4570390
2560183
16782324
23527568
26418840
2799442
7216733
5055539
992045
3414625
10729801
18469958
8452551
10358005
19643812
11912004
14161541
10157165
1033525
29068809
338225
14719368
28104024
19956404
5240268
20841496
3824824
5571532
23167491
28430727
26153557
12858368
21774064
4347703
19164590
4249018
4888124
16845969
9204252
21913974
19477950
4142685
16291917
19024216
21919761
17018072
1879117
23899867
27680033
25751859
2197523
6114450
2510452
7284697
12510526
22915814
20302498
9369617
11529930
22384688
3335582
85189
10492505
4467000
29760666
12231151
26742032
16811857
883724
14572176
10187147
7111143
745593
16249863
27800457
12908322
105818
26564104
2173606
29825718
18090390
829485
51526
690339
29643116
6461190
9056435
10167788
4219814
27229101
24229539
28250425
27254845
904115
24953996
3961590
3420847
10512583
17938206
14523395
1938762
20532033
6576510
2280018
21906397
24558868
28579110
202975
26241816
9961783
16830003
4983902
11455860
29355295
25847395
8209915
24405239
26223068
28970522
6755973
21578320
275070
13387654
6932471
13734812
5184791
6884697
20825249
13691795
24557456
25356783
28270886
13988881
22460574
4252095
5535828
9456819
23821895
4831421
27196946
1078755
2176247
8029948
9780469
21732436
2049076
18760644
13925031
19855726
29540381
12768137
7426609
20437306
10222438
26893594
6996085
7708959
17466023
22012351
5264155
5840983
2831906
4895351
27861650
7808567
27020526
24516238
6366646
12335725
13237796
25390167
19048762
9129530
28913092
5608227
23458727
12792032
129831
4133468
19983441
7921947
20480355
15790784
3961265
15547109
23507450
9218352
28558575
12539349
4409975
2306861
15904423
27305197
11707893
15645096
11019917
26967165
15785334
9728444
23531321
8100143
16159029
407702
27054270
16599761
6787532
2568626
23997723
21655024
23829100
13584744
14165183
16398064
17540543
10139493
29471317
17675087
16400477
27636285
18765242
20396747
22348548
17755327
5326160
3742740
7751286
14237277
12432525
12349725
28682325
18643534
20716786
976203
20382222
23614327
1181240
28494986
29945620
15694479
8972159
14285366
6615013
1795041
13078900
7259149
25000756
8395254
18271262
1532086
10712866
28415804
27131862
27195654
29987614
10232984
22853795
7429374
2968189
10877004
28857485
18502865
21532793
26042493
19941377
17007283
11866042
4805180
26232301
26686384
18321542
4696677
21431668
1073186
29591887
20362540
6340814
20777466
18606116
17146096
2813855
20678068
21410626
12627660
17381574
2412711
29051701
1367879
21276271
11210893
12259610
25152284
1283529
25684218
21525465
20209464
2702933
23215610
531950
8966614
25025824
10325759
10503038
8467159
26994320
22531745
17997277
10059265
1319865
12362089
5039549
25445237
26881640
27509499
3009809
25262367
4911465
24748374
17809209
15319129
10896738
25862568
25434316
29827898
20407706
29569892
21410845
25954660
20782540
19570674
18246159
26592574
9632858
3324754
11472958
8521837
20637345
5399801
6054884
16935663
1271249
7358823
24996794
9497153
14050302
4245878
5181245
5236289
26495665
18642717
22261449
23884450
4715739
22744540
25341709
10456360
5520275
7561488
11800367
28808825
6132282
5223604
26841883
16252409
22786690
29208440
24578564
24037057
11627650
14124299
27597936
16663820
24211236
8744076
12106762
107492
8857429
23140851
9007079
20029107
28975751
11780577
24684126
28936012
16376578
4283929
15931870
9169115
26114026
19151221
4353914
21698028
761678
12097560
4315030
26477768
8509069
12827850
13422336
3139670
2963362
22070374
10969154
1078586
23787278
18120614
14544971
6317796
2375732
9938679
2253958
12084156
2979023
211136
3481817
11931900
18547044
1668423
12671428
21971746
27930600
1389529
1767430
23883330
21357576
18075471
6509157
27023455
29429694
14587800
14923593
28797534
8500549
29341714
29288169
24464927
13885547
9368415
12375223
26854479
12429170
12428969
21084864
14775700
11204880
26866874
25545485
15187433
11093969
22407506
6019698
15722815
25563036
17132198
27972934
18607879
27435021
24653075
20368816
5307163
14112428
24911224
19861499
21337912
8900137
21970135
6199896
24334977
12000061
15541990
5533355
22352256
6453897
20434385
6854312
4622040
11549440
29685046
8116309
25565785
4712432
25704248
21776953
10470062
25933790
12468023
4734583
5252241
23080480
26956497
179182
11343616
16253034
29242737
21624306
27243604
7441988
2430075
19717654
2330052
20133929
16846648
10319722
6247008
26088735
26300413
12750787
27967833
7716764
23077307
10138115
17079955
20521647
13934528
21349814
7271549
136223
10746474
16296253
8940228
19044235
28423478
18845649
19489586
1207195
17023225
15526384
17625855
24565083
25447115
13605737
4157524
16870046
11826084
23682372
24371545
7527274
20378978
27021870
2761330
24802594
19103508
11786629
18997338
15691678
15924540
4727655
17908334
22059612
7823006
14798134
8954913
23901639
7136278
23561830
17269577
2510895
20571187
4427704
28312432
15336299
18740264
5645737
6458081
17392939
24038499
15608898
24904839
5931488
21734659
7550780
27535536
7045614
5584686
733266
3462729
5498032
28604153
80632
24400238
8564329
17676786
13177185
6584019
18892762
21080778
11567684
8940777
29029122
28840119
911225
6382834
8422250
16028958
5369669
8627091
12607387
15427343
14658692
28668543
5349512
3495091
18675180
13896183
21493794
6480259
24355005
17919689
3363734
10056833
6557166
28992817
27390943
3598757
12305429
16945030
27968642
877241
21789116
20792534
23374763
6364858
12842239
22921555
23129492
19298556
28265167
23110925
29941893
18541763
22745486
17818085
5070951
26145684
8477450
19695710
16872783
22715812
25202172
14132916
26601386
3293185
19524501
19560366
3148187
19190235
1055597
6401011
15159282
10430088
17852517
10975976
17144944
13252845
13821544
14454404
24074224
1598123
12371026
8944007
17769927
15315645
25297997
17757073
11176892
16250960
22752364
21475349
267789
6571134
10912918
25158579
21724852
24551601
22341859
12465819
20549811
24434813
699270
27307574
21217708
22074863
28948141
13455973
6147274
5821593
23434420
2246639
1561570
10722877
11027379
3929622
6748782
9039561
29094899
14828789
8375469
28594505
18267620
1880903
1547107
404406
16584856
2919102
28880538
29616839
10830039
14148097
5513021
15566535
24569031
3739455
6634191
4586620
7590404
29807601
28632781
13745147
2508278
3774321
23823972
20422475
22910261
12546942
12339596
10864007
18562344
25178426
11098667
27010157
12879320
23650209
3465499
13254519
27265668
14601283
20347618
13224437
21106398
18030087
6663153
1654483
15369803
12481452
1989857
13308996
8280398
10058294
22596261
5295575
14372928
15542960
27820143
19409117
5952233
5591874
20762462
21969553
22812117
9414024
21839971
21185567
1661732
3262443
10683335
22008091
29402913
10512356
9085428
8345281
25880852
25261394
1833035
29664071
27351958
17873867
27512080
12497798
29773997
16026641
3315989
4053831
28004646
6160732
18599978
12959632
28585702
28449901
14268061
29521062
21306457
4052041
1534851
12176896
12568075
27227246
23222003
19826505
11274109
18770959
14676021
10834539
9240245
19541932
20568398
19079528
9798584
13591434
28342110
4723736
9646877
17672345
17484195
24496280
15935346
11949490
2898375
17862281
12749528
17211603
22216171
15282967
1649863
26681566
18147136
9018662
3751563
19469664
9684135
627631
4392464
3218157
9414367
27227334
6522917
14027313
6652404
13739761
12347804
8658621
27060497
10796057
13639907
22056740
12695667
25368831
27591211
23195653
9175277
20018941
9237632
17480462
11551196
24641532
11923010
20996435
13261226
6690103
9217758
17615435
3681076
19821013
20816456
7039787
5328104
21815892
24152479
26985660
16026809
10812826
23767984
12871207
28556105
7832707
18408536
10774624
738606
10319206
3389139
1506364
18441731
15111347
11457366
11647470
27559941
7183793
28907881
4825165
13529551
82339
15521370
13665529
20193241
9198256
19819603
20366420
3510292
4972780
291755
11073188
29958693
11030438
21113114
11650767
10649473
25677975
12031308
25271159
24773350
29388602
19985356
15793167
7247548
24372928
15515899
17043030
29096840
5961400
20264217
19920693
25435551
19609795
23330115
26259600
11299658
17557841
5922937
5662018
4505828
4218271
446921
9474572
20691114
8597031
18090347
6023380
8844187
92576
26079757
18342568
28642041
5669884
22470668
20246097
25543083
12987623
20507735
1830359
4975265
14269382
28031483
6877483
10786950
11994763
8224511
12215042
14712479
15238903
7466028
21859025
29147436
20136724
1566486
4479098
24512043
24916756
5182369
5291270
8064244
19984914
11190509
27210688
1148914
23407409
10900559
8859577
27175466
9397783
12164036
11767269
12707170
16395357
18442711
10277009
27096361
28234976
4451239
26735666
25607975
3576260
23076763
15544994
21587542
29968991
21023180
11993139
729639
8006000
7416596
14331833
4360399
2195959
13626429
13091238
13419738
19772551
2453446
28927828
11928402
26359264
12297288
7604407
23559975
14431000
13041569
22151775
17217332
20502195
18569300
17219032
5495549
7492477
3929722
4488810
21792975
1617240
20629693
22234558
4650409
3342127
11276391
6989155
28541703
172331
27743509
16352345
12249039
4637893
20485259
27024383
17897094
8621490
15294646
5335949
4592399
15423624
202494
7643087
2053692
23401225
8421257
23516715
25283030
2751004
29067850
3231308
9313298
18435142
6688486
1135255
8799982
27235789
4326232
21628615
24807027
28055053
19787497
19931304
4543179
25686608
17010453
278817
7237173
11672087
6823238
25073793
28493695
22295797
2101997
29265378
21449991
26960047
27035637
3950652
11666496
27796744
14574599
7555966
18058197
2950365
1768502
29095108
26711881
21595170
687896
25558998
19003099
6046637
25104048
10043424
8148148
3814408
12533118
26393712
18063192
29716541
22501756
3118258
28805636
7472355
25189051
12969076
601460
8032880
753762
27382938
6824427
4771513
13317142
27847254
5501888
20401015
22980198
3517968
14043907
17075291
6963642
19723609
18813144
8435579
25976110
8851702
11986927
19977372
14392623
25195284
4831856
11620123
28070874
2534502
29585032
12611378
26912399
9951933
18026762
616625
4854660
6370877
394398
23898610
12067035
14715128
19654849
15696892
23164327
26226892
20816701
391001
110943
18758133
12530881
10827255
6882257
11882848
26318262
12595005
20548772
11473698
16503647
15754889
19124601
7384041
29498966
21412588
3201784
747539
11282222
18554688
24408531
3580852
4005501
15025451
7271998
11743163
13580209
8330324
25056102
19714294
10260093
8962691
16310819
6872051
22214665
1579276
26972832
23627238
2549729
14496330
18321147
6939773
22100592
25373390
14119493
16508206
11065717
5808642
26964622
26373918
11769278
1551200
1084419
5092650
20518660
16774856
25290690
3579786
3947872
1046005
8684574
7806046
16873706
19922718
29736021
6082873
7075915
18024718
5106557
6602827
12854221
18265837
19588858
89083
19357842
23718616
22192251
20304225
27753095
24936933
487243
11329421
19169051
12289777
1155987
20110195
23288559
9885022
21924656
11552564
18783026
7953116
17453246
20498624
21427129
6508554
26578650
14358459
17936239
11123614
7972374
4309712
22776284
354657
5777061
24271181
3312834
13171119
17597780
24553885
6741508
29510360
29999163
5317597
19240961
11497131
26743780
23429272
27129722
14247739
10411947
20215847
4450577
11607851
23759681
28756433
8250019
2868420
26460131
23425771
6890331
29263683
5568899
5690486
29163589
19175635
28452502
28793656
29729640
26150907
24030450
23465769
9649031
10618167
15825163
26727114
9323756
1929243
9867817
3580168
9230552
5304776
11208873
27639291
26128234
12435992
27026818
11273190
24412766
23261261
26573756
11478936
22535885
4998288
7500885
4871401
17890722
19718166
15187070
15229128
11334589
19629371
19297872
6691172
18600269
2389413
19644910
13014596
7364257
26522379
22677564
23416494
5353407
21290311
24644706
23033542
26568878
1694839
28774934
20455493
18072871
3374362
7016618
10375775
8252243
16259257
19882791
13154708
20879228
20948331
26309525
10668191
17543736
8139509
4693007
23894044
26323900
7949909
12221350
18046776
20829360
24834318
25426980
25809662
15409891
24874327
5013181
3602280
22495640
27463420
3668083
21762955
14393605
2540793
22374627
17278977
24184174
39615
27365668
13013272
28420590
27265245
24949807
1280537
23503593
11912009
29145062
3084150
7127335
5996922
26683671
13179395
29265164
11225481
9424648
21553991
6090438
19197011
17300543
23612838
15882634
16726821
29468198
17571183
20049393
12618688
20190429
26970998
26536149
6630123
12042197
15222534
12996482
15784586
26292480
29786728
3351509
18127450
3076601
3079055
26358930
4046527
2915340
12241511
22873077
16057038
16669018
5109689
22563741
23501268
18835228
11341395
12833011
14808117
12364387
26202858
828144
26402355
13001284
21923990
12396158
6161149
7404324
774422
6328112
17889337
4614878
13935228
14771062
12495721
13472919
5896518
10231153
3740316
22048899
13791627
15514124
25801493
7120304
29336231
14291564
15755916
9061284
22389336
17551151
18539004
28930181
22134959
9174276
7889364
25140713
7898602
11950758
21550626
26062715
7387688
26043270
15936599
3837489
23668032
2621026
6229177
9696967
11065809
426179
3421861
25403452
2537372
4121735
17170780
8877997
9616739
3981271
143031
505182
13978047
15820685
17059233
3074849
29220609
3310861
17459810
23736583
13327005
883762
3930861
16234738
4890749
27653062
980212
24591950
4831108
10174580
22603659
26540491
25507512
6236438
29008862
23137593
18565669
5719025
16545170
3667872
15311619
10526599
17937496
24735691
27886600
16588924
13240356
18085387
22345684
4779119
9808146
18174966
21773032
13108241
4797819
413674
22511739
29589957
17677751
3978664
7029582
6779899
14811631
12276463
7127615
2570231
1008236
1903647
27606898
10107556
153047
18982568
5974386
21022946
8371757
25721536
11259274
3062848
15351232
3451485
519386
20171537
12111520
22956481
6982941
19077369
8214448
9715335
22296000
21869029
11159142
10709746
10224296
27935374
1317166
6378707
19344735
13086829
23203431
20547290
8253353
635362
23155416
1026552
290418
8990075
823083
12173750
20551071
6320369
25883426
20755383
16217151
17348218
5307268
27100041
24447815
7903702
1739171
27433972
4178059
970620
27009102
16779779
14110541
1243628
22995207
29115649
15691392
8594115
1819868
22489401
3547405
16300408
4729683
21476841
13162726
13907246
14527863
25357860
21094236
3483816
14095500
23830497
20518951
29741515
26843932
18040398
20800893
26939722
3048162
27362560
17321601
13396820
1129024
10753737
24892829
3358687
26853813
8598051
20408125
21703111
29455807
11984381
4641303
15561079
26532054
24800175
14711226
3383319
21964479
29502567
17712490
17762337
28900831
16647449
7412053
26593755
20635237
11617253
12925907
27860516
7382631
12103093
18691646
804294
16312517
7831852
13401469
28898087
22921226
2453580
15345936
15543580
1739614
2496504
18613412
14304241
1155492
19645645
7938692
23938811
6569356
18941339
525216
26232635
26305264
1016127
22948279
6920870
22654986
2804103
9066714
2277278
21846744
8620519
17625660
5584727
27115577
22389346
11666319
11321513
4482019
23012263
7054417
29971259
9514587
4129686
29210060
7759883
14813645
23030920
13667087
19159177
22972952
19619663
25963517
21893879
12216432
4297321
20190781
6245135
6884699
14971662
6191762
5192411
19039142
25862788
28251452
23897590
27503192
5824155
28167962
11931800
20232098
3529652
5269417
13318467
27135002
27509076
23679405
27547267
22341100
8613892
9578955
8189319
8987046
19236998
24882246
2848221
11256127
7828443
2009228
4327090
19537413
9970211
20541701
1450481
5553761
2350872
14353655
28993972
27026098
9105571
15325474
14575228
29286075
688811
7995567
14374247
12890879
2919225
1088612
17262434
29378973
13211565
17193786
18255255
1880572
2335439
27654989
29288640
29285934
23595810
14281415
7348618
10688853
27634351
21748532
9351783
22534203
19756659
13024988
23955762
25786273
25910712
13645584
24252832
27336162
8312414
22932571
28594896
6320608
5135461
4933400
3729278
21668116
21994897
22812756
8445892
1233610
20763986
23749230
660254
21251294
20385776
21185712
28617087
1400052
12016255
9100777
12838218
1048831
28612916
13743216
9065337
1142490
1360721
28567508
14243758
26658933
3185136
22216125
18469924
22286166
23439378
22874450
5984297
1853231
25287826
13606059
20105704
24217438
28664684
29170203
13261548
3999870
14081022
25708709
17117309
24065701
3668506
29177989
29648406
20051110
7340701
10879781
3112006
14448451
22715452
1801090
5143100
26875764
6513018
1967190
21613440
14723562
6141645
4016112
10410574
6766311
23592263
4786096
28758694
10797234
5391618
6694270
10876760
9188264
2835198
29994388
15840589
1532980
27618652
19096583
13567442
15537533
4951897
3835111
22402878
15605610
19295450
7782036
17989320
9576691
17938881
3356426
3459675
9160027
11862509
16413072
14708815
5931580
25071836
26239869
29002636
11966817
17643150
5163711
25737846
21585373
21120548
27312884
11844268
8912884
24513027
21769034
3891278
17037926
5077499
24908357
21506298
27354768
10232418
2236691
13386466
18090704
14664052
19652821
14330426
12636431
12790606
22937144
27075182
12745538
26896898
24260165
17318644
9020858
414092
15490328
6814867
20897226
15854629
13291690
27841409
17397189
23413480
5873905
23419027
509714
9476783
3056314
18601216
103323
7178069
602328
9977880
26068205
17740510
18285221
25432953
18402569
415973
7468029
12225989
16582390
12600472
15553501
29922847
21300613
18078864
9673796
18844943
14058122
28651478
8816071
2953954
7400688
21272707
2176983
16585307
25961352
28908921
21473635
2617980
1191471
8249396
19596904
4725110
5120968
26669043
26083479
23810431
22949803
29973695
25249748
28358033
4385601
28696423
8288187
14520302
5305917
26277184
11048714
9781374
3980715
9850324
15513723
11680626
19055594
15553995
4027480
8492080
13032906
19762874
21898057
10770005
28756910
28910736
27575318
407340
24128183
13676418
12999803
2824992
20220408
3113044
21785224
22199067
9883687
7408866
15081960
6236864
13102948
6771049
28540152
4608931
25525684
14345782
1701463
9406758
6184823
18589603
1017754
8150549
28537838
14922356
18950810
1077182
11346456
29345862
16424664
1586905
6047324
21094773
26963352
28566706
11998898
5974758
20769365
11608058
8891199
28037487
9932899
27682770
11477608
29176246
954326
23976644
25228335
16004811
2756671
19616593
10229110
2511389
26454997
29511620
6834078
1543357
4270147
16156594
18712359
19506157
15845479
13013685
8460815
17079791
13868353
11586691
3726791
15430287
23915708
8563776
13286716
17179235
22219294
22434686
15813108
14248980
13478178
14295429
15920272
14952729
17727588
29227056
4454376
22650536
3735441
19500111
16174563
24535719
3111890
12923305
17092458
6144814
26222512
11942757
3615738
10972982
9983288
9126377
16649352
24194185
8229165
18143483
14253320
22709522
13521077
9827922
15985186
35606
16426770
3446933
25459883
236470
22482518
11272603
1718452
17347939
4161037
19577886
11430631
24519000
5233757
4445481
8312793
5470765
7220555
12928739
20499778
20225940
8903267
14413378
10451048
7501681
22187536
654843
17812536
9895690
7512280
27833061
12054023
14276176
18243421
22718718
11466080
18938270
26292514
8197239
460622
6789059
25380318
19211745
21351522
17893910
19819088
7236961
13308744
24030303
16208874
15856384
17843820
13481659
4706043
3820492
22519453
24339594
24123524
8898400
21865472
24289869
8896934
18037583
26178433
18459548
22239075
9468091
15030749
14029988
19389089
10685977
13169395
6702104
28345191
3693791
21719407
10247921
17473053
10948463
23933705
26368545
11471258
332378
26196260
16644575
11620828
28663047
14656866
12739160
11948035
5362418
4900426
8340816
14942660
14139620
17672308
13566591
26001789
18801788
22405220
7571193
21381258
26419878
18017932
23396609
13741659
13624304
8626087
16226149
23556379
8542997
10533390
7760871
14443713
1119815
27773472
3015218
7778718
16869998
4651755
25322293
2356530
17298485
7094201
14768495
10437747
19040155
5815451
4144804
2660851
24627657
18398823
9797078
16580306
14533477
27536615
21576717
8649950
20324038
29030106
20227266
19268595
6526213
4694121
4361297
2378419
1954476
1900894
14526057
17478651
1010563
13519959
21126529
24575122
4943410
15240483
1760906
17868731
23583508
24825984
9945457
13413120
6715597
19675830
5263659
27739039
22945608
3266069
2422344
24896640
17467527
933072
16189391
17726353
11391316
28462875
23152037
6376040
768612
27531034
23315835
25273866
20518064
18845318
13236955
3621009
6521523
13359786
16198460
21266516
27744410
483457
24364588
481080
3324043
15959759
18429478
1452764
1930285
18773363
464015
18473220
15984286
29803791
9655358
1363902
10164950
21495866
6637820
5049490
4699839
5974347
19589959
28897141
9459458
25788896
18644711
11344806
13134307
7793732
18188599
975379
28623672
27151788
9473442
29397167
16769061
22521549
28658580
5476694
7942937
26658428
13579527
13512508
16640537
6258446
2066860
17692534
4917507
21481765
23732932
3279920
22554075
14958008
10486729
19379218
13350276
22929246
24029984
20093682
5472320
9526668
11451763
10210347
25096566
4911659
17446028
21159597
3713820
16241954
1295742
11825503
9761572
6146140
5569569
19925350
5409247
11353076
13219787
14753837
5337865
10484442
16656722
1488631
13656570
25463911
13344230
27864562
25781446
26539351
18942921
5234522
2775418
19154384
22968413
19492112
3466531
9708942
27300922
14344163
2849688
13529423
28499556
19508744
24443786
4411363
6113867
6061794
15477889
21598643
25484756
14302547
26257173
19307076
20451652
2794696
24485856
11468176
22403446
8105935
20040099
23221342
27177203
29427275
13638103
11539398
20286109
21101131
14511606
18362077
9423072
8667185
23601010
2668761
19620071
6530831
8129160
5376822
22282544
13051647
14186497
16388382
20973491
10742478
4697245
2061777
17406090
118764
6241486
20095289
6221296
12777484
2946935
3410769
13337445
24958527
18900148
8231510
11118573
21338903
10735642
15595448
6320745
29117028
11658919
28963951
7938979
27941400
28126645
11487202
13176870
18879379
24564146
22648935
9069672
23870599
16074382
5553507
7675404
8809008
1494213
24648370
29508339
17449448
7004416
1688124
18110844
13401232
10875033
2239992
15294462
27447988
12045159
12787737
21345769
5922118
11422917
14012096
24837575
8377932
484513
18468072
17785572
17036067
10391321
25706459
8151855
11770398
29936653
28675575
6638776
26507291
24009569
915025
21843628
7462519
27865985
6309468
23602574
9247729
13882232
14731147
18534309
9954966
15244719
25983397
9128742
25244220
22604810
15222374
4105400
10190458
17397573
29879236
596110
23338630
22188275
15310615
21002458
101091
29498154
20536383
9155939
1403456
20396744
19896131
22400417
12184857
26917409
27697034
10704253
13237829
24001754
17627507
5458480
19863778
29657821
26450691
26458839
26432657
12097271
26718440
20345136
27164613
7000417
27360044
4451069
26468416
6563036
2934594
27524151
24549438
6484074
15221155
29110599
8257443
27878479
13935271
29235151
2016603
22084087
18228759
15507730
12817063
17095608
22204371
4167754
13075073
14408642
21034987
16866401
392172
17986212
4921123
18770837
5110390
10927526
7793836
10686645
17662281
23029203
24624857
8110023
11679342
29826591
4552938
12628914
14596163
21467579
14156947
11383628
26963826
27811067
18108827
25790409
15907280
20593974
26961829
9139007
28949340
12001004
17716963
25996366
5977243
25915722
19228191
10428489
22085279
14352702
5192172
20166626
13454293
21717177
25797006
4095698
615422
5818363
19051765
25246297
19998879
19755495
14010204
1260526
11848111
16022802
26994850
7843037
29596277
12366400
2006473
7981255
17535809
17968662
9185034
6730530
17745684
5412188
1543491
8571990
10201691
10387965
20853738
12796030
19134087
22163841
25511666
17835286
13303437
20128658
1950716
19895711
19472170
27720219
16314220
29524728
12731321
16967809
3604509
25923424
29204915
21547787
10130268
11128147
13992147
8361824
21539254
7777430
6990571
23821978
29500043
20200529
29908563
77978
5042270
715106
11142238
29990901
28586434
17971272
17798743
10184854
27449667
1159336
14894378
17504598
18587951
20943612
1505792
25009721
5306240
23465042
23061536
11878502
27877654
20028325
1564751
9563408
12688790
13044704
17196869
27787247
24932088
12473590
20650238
15729585
8064033
5810617
7455934
16975999
18207477
26914584
20887106
8713616
23833588
19171302
15058931
25222381
11701708
29294461
10777852
15006421
3330168
24732406
4724294
6908247
3210798
4975493
29278702
28155751
3529002
5728137
10717378
18126925
17853461
19846172
26163185
14470025
15882676
22519167
13751564
21674389
552044
19497250
6566586
17353617
20492076
10223019
18159032
3889545
5124382
1670512
24363380
1396610
4830165
25159521
442036
23452298
26201969
4356642
19999639
24798647
22608104
18983878
2051075
10160550
29619550
11756775
27752096
130556
22380091
17899801
12771423
4446544
22295123
2181790
19997371
29462993
20758876
3162648
28929999
10559345
25731460
22113990
11774342
1221854
18650939
5020566
13380103
25381810
18459111
25320569
20298219
16518887
14304267
17918837
22132995
15817944
20555207
19831272
14961818
19168817
28953716
2558777
7181566
15334409
5641690
12244998
376960
13571444
212274
2172370
15255385
14510612
17814249
4950982
2773834
5351560
3929912
27519093
25235946
12276587
23581440
11134184
17306161
16887303
22956476
3181723
28213888
2324492
1983109
18672131
10090886
9613608
14144320
5628335
2198031
25693198
15681442
24541338
28226293
7308896
15660104
4368712
13805483
11008038
20238868
892873
28311415
18774775
14053754
22282896
16251375
9892518
21817758
17183948
9538145
12605975
5876562
22810536
4483329
1611422
133284
4382308
2034868
19859216
1286311
14559274
23249467
7947736
11622483
2276467
6977068
23520025
949966
17031965
21416916
17298948
6765519
6797114
17208888
28157173
4253694
13898988
28186320
15040060
21274572
29775443
22363462
21781808
24268875
11278007
7345467
4169335
5707761
14435467
382700
16203236
7176210
11417856
15599549
5690310
9766815
5543670
21051364
17161138
27387243
26754250
10302031
22635517
6546670
22261407
28929781
17135224
28072455
13423560
5285296
18263864
4223458
12992413
21108360
8626916
3632372
18860254
3884550
10820903
23604013
3391450
10112334
29527712
22072886
6417543
6184579
24157746
20157936
22988538
28537299
23225735
26504878
4615232
16895545
16203130
6548680
28720425
23258068
3838033
22109793
11366120
1066071
27356544
21896099
1561357
9748673
20715646
15284535
4309270
14905029
3633032
3470529
2383008
10466367
21761773
3160036
5414145
28206225
6275177
18108898
8939391
7697091
20301348
12698376
28847904
14282929
23235023
7213999
23272985
10444942
9545734
9537959
14788762
28405344
3096312
10892823
28097359
3854634
15925251
29818637
28147026
19725255
14980188
23048061
27457367
8750411
6246659
18729957
3723164
17918454
20409659
14677556
25928824
4069526
23749746
28003535
20169010
6563225
29042423
15906946
24524202
2853199
2733938
5507854
8335513
27171345
14661067
15192439
14490856
6394447
20595315
24319030
11809205
5243776
19548749
13848445
16694727
10473396
16529359
3430500
2360105
2740279
14264469
23870148
2968072
8353368
11630904
12488155
9187329
16665324
24120809
1660494
8965932
1443401
25881260
8953005
5697776
7956186
17973227
4983838
4850657
14833155
12119913
2919032
16622053
13639855
6915164
3278118
10664157
23275064
1355331
2946059
15453934
19152853
20302278
132160
12190362
4846054
8893966
16160389
26140612
11241696
21030457
27653523
19849214
9297447
9723025
25025820
3376902
28679864
5716081
23225423
20248442
28550698
12930484
19542115
8074978
12855486
15645852
13426742
2770098
16779810
16622399
384170
5574048
28393814
2638198
27546648
9986692
24962051
10333958
20724120
21780312
4464835
29240205
4762761
761902
8616875
12490924
17443645
29649358
17742509
29937295
6888450
25949638
14657516
29373877
14109064
25119435
6079596
13228413
16694911
23060336
22060417
2271808
20844159
16360952
24438339
25784522
15632235
2974399
3857036
6653042
4213884
24138150
1657496
21172796
29873022
29265555
6227212
4961326
29597289
18414361
12987255
17411866
25415131
29193496
21351097
16134300
26200326
5233707
14444437
28413519
19636039
14326473
11468776
19785705
20561216
4212528
16692531
20081672
3398489
12788381
15196583
28595066
2029765
3303018
21591623
7816295
25129737
14595489
14101576
10309356
1770396
16739058
13197381
1852476
3002535
18464654
27804192
23504842
21147416
23779938
22596295
19702973
14785826
10543579
23106441
19758460
6994188
2762563
19386056
4199062
14095474
15398149
13195645
18456586
6483305
29483339
27888177
28971854
18196961
3205696
20671467
20652188
9203537
7685233
29872768
5807697
12612250
18879926
14398708
28694575
12304301
28296373
20867052
27458175
16331480
446902
15183583
571962
16671193
20116229
6828922
18097078
14506980
20329222
23563141
29074472
12867609
17580379
21194982
22702375
22913547
4664063
6167165
22650988
12905595
20496413
6590793
19925404
26551490
983508
17277892
21130941
5218303
25323426
18604817
17072089
15196663
28915087
6830070
2830003
13806090
18448131
24816995
21180099
20038203
24076284
24950990
13623750
28255668
25254024
7431730
22593300
702081
25424795
9597558
9253512
9065182
8706273
972393
5649800
21251852
25417587
9974108
14653873
28317679
5796973
5337370
28681153
6724044
28178318
11259083
26868149
8540307
28437484
16338068
25978253
24841279
9136595
21171678
9924499
25121000
20318862
9397022
25923856
13221411
27538804
21223296
9070460
15080698
16225942
19978288
6120652
7215662
8469554
13187784
24978001
27168064
9012965
25437094
4016508
29077717
22576595
635349
29824087
1666425
11444026
26301312
26858432
11523107
29645805
16274273
2601992
19586011
25938821
6922276
29225781
17752745
8990844
17439924
26935891
24335301
17555170
23769627
291803
4162459
12410450
10084410
8065606
18280828
17804038
6162347
3720167
28623094
17911508
29808236
9949300
2247427
17309603
16553286
19406012
3518897
22416597
22176535
28891819
14354300
8714846
24455916
11090163
26064032
5040216
14491247
18240287
20992772
15731534
8760865
11441152
17217214
26065332
25235235
14529285
17350204
28690444
5093043
24872220
11758222
363451
6993082
29858408
6307346
28416564
10850315
10940928
9314070
25858547
10241184
25018117
454485
26173373
20184358
26651628
4205518
12039829
4852739
647533
13132515
4257732
19413841
6624982
12301561
18260563
8150441
11424942
5954532
8291204
10181231
18735570
21361626
15471657
2860520
22402586
17383920
9245887
4527117
25375604
29326825
9883923
2795505
20993261
9933316
24440180
16168987
9770783
7816294
3793319
5168336
25909791
10864373
16470379
27126435
22720307
16969843
11449336
582282
5789948
17090219
11589780
14513543
5981484
7498523
23407851
19758993
21439933
15397425
2323739
1307647
23731209
25621436
18807837
26907506
594835
29351433
21130773
11782920
15492703
18843855
4124287
19285728
21283052
28925132
8811841
19716761
8731190
15729347
17443052
16479049
27192808
18686636
16345755
17664277
22929591
23989987
18235972
9457051
19476878
17850086
27748050
11673334
10117828
6653063
21387096
5403723
7714494
27772733
13972829
12621807
5799882
2470187
25430909
5039608
1206813
16348573
12091583
17300892
1832668
10342335
18685320
5337720
8501392
16559090
12444970
28967808
29579103
17880666
11478262
13903782
22464234
6276012
20646872
24155270
14587126
10693478
18674664
5023944
24442777
6876856
22937680
21012735
3926308
22902186
18891327
3364693
3902151
28781228
6546813
4279189
16539062
3124224
18590298
12190838
11567462
13993694
26953741
2243123
9410933
4217
17427398
23653159
7942807
10003809
23834363
8030601
11002374
10831614
26606113
14917545
17862608
15942669
25173351
5867649
8013761
29424722
22307385
11256671
7693739
26064121
16140643
7386306
28717538
1801486
8158842
29927120
22091467
15621131
25500752
15623561
20961324
21560959
1440965
2721646
14681331
22612450
9225464
28557212
29345882
21826211
15260528
18853347
8601982
7931721
26435768
18958495
27268421
16150759
29550987
19395281
16986787
12003503
29732636
21128217
16110850
21247915
16657748
21988495
29928961
23338642
16925240
7887166
13298893
23968064
28875555
7094947
2443023
10393536
4415706
28268320
7967481
19617744
7654385
14656461
22400734
18553623
7459592
13330625
20433184
14649366
4573128
15316327
7502203
19306574
24530308
28797031
11382564
29772508
27364501
10567669
23056596
5157403
22036812
15079995
19745188
13492600
22873364
21773501
25873233
7230374
6687513
9630751
19143924
8869664
21162254
20863876
6032612
23368867
14494841
22081065
10132816
15592881
24211657
13047159
28326420
13999939
29778576
7270976
14131279
18024670
15903882
8677328
5899488
6336586
7432214
29717154
23488305
17868980
2099672
2774436
21969216
6202226
7346821
20854980
2029769
1332098
6021512
28345222
25562601
23833015
27666867
7899228
2925124
15214653
23209078
6370174
17697201
13546425
13423327
8308030
11775954
25506105
2034220
12307018
26784961
14123199
13640361
2218670
8211687
846958
27730457
8283504
15414192
16259405
4528387
4091092
22753444
2700072
20140029
2144014
7390382
3145359
22629380
22213725
23422586
24160146
9743665
25267132
28923605
1654695
5516253
11950169
5559701
12656233
15620105
14318593
7665632
25948603
4190730
19028739
22156051
12521985
11108411
2981759
1332124
6892729
20592495
26078825
14167521
10112700
25859812
8921962
16816195
12991730
3095932
16983370
5088072
10208630
15304283
15120684
5026931
26022031
26809252
19118897
17426300
3094278
13695236
3232025
2218429
8999035
23440482
18557408
25059777
9234582
23216386
17762733
14341796
27040726
20309153
28902885
257793
22377514
8374107
20099147
2781272
4496545
25245136
7694580
8652341
27990275
25096941
24027837
13738068
8983781
16783085
25931071
6612990
10860230
25089268
21015591
13771438
14357055
2083757
6365232
10005901
24023850
7676153
18891332
6381805
20453284
5490244
10033815
5161550
27900064
7376670
17323157
29789909
5668886
27596667
4132309
25074787
19909480
15897144
20186512
19524449
18135905
17563005
22044782
4510138
15869000
25388973
15634060
5655126
7133709
1647982
4973875
28003552
24213635
8545634
24953178
19022168
26126274
17770503
13448102
6102739
22566522
8013101
6052304
14743381
29146562
14884596
5373515
5954507
19823612
12242048
8872545
5024848
5956196
14437716
19833583
25486184
26142867
29870834
13530852
13349768
28840975
7647257
22194782
5303450
16242066
7488041
5360082
26862996
432146
28508661
19787920
21442319
10649403
8960231
6869152
15713576
23244688
7379391
15012305
11546312
27777774
7858009
25874657
16379613
19743398
18395548
25038182
2231871
2525678
2719986
22237496
1054241
10653983
10172119
10581598
4361040
9709030
1490801
24156105
6085647
19876959
7970352
22398134
11920714
4857586
23314630
24122916
15982934
9038595
23779753
619626
20537086
22152434
1349512
4197255
18478432
20914296
9929252
21825478
26746819
3411218
27020810
24754156
5248602
28447477
26980801
3650501
29963613
3271329
11892317
27659208
25161803
3808091
4984490
18195612
29227672
29205365
20233268
10021301
2604686
24616171
29685287
5940340
11848242
21700694
22698896
15618695
6367520
22295875
8076931
25851680
24637825
18448810
28767961
21056275
27094944
2109975
5878424
940911
11004045
9437121
3264783
5013252
3769522
16494454
18768431
6362369
17619246
11536688
23982196
16438707
27013050
2205998
27213938
5993762
11494929
3591472
10508888
815495
2816703
23229089
9076127
16589768
4319475
27395675
315165
20213826
13802996
10235192
16355428
27532601
13026629
28036384
29611542
10348532
11867660
26048531
8403146
7163023
7790042
15570220
7960467
8683579
16020000
18568338
3172671
6149299
27271789
23072759
1160864
19041174
22019155
12544469
5885043
23096287
18830843
23700518
25581362
17165486
8849458
6016052
24615584
29708319
1693366
28295166
3829740
8478935
15074685
3935548
29149103
5207989
24756388
14480873
22360720
28435005
3004803
27273989
27866604
5434400
10806896
15279041
1828331
18303887
2767283
13567897
22696702
13707320
15736418
24559726
24210734
20106642
15573417
6441745
19575734
24791729
17040409
7065561
21740877
10023845
10229977
17337962
8862467
4466378
27077247
12308643
10791374
6392199
17858182
8300387
8213529
11881035
8010817
16833723
27454894
18179928
26060303
2376897
2790061
8877896
16367267
19805954
24097154
20763122
28982491
25139757
17909723
3148548
7517795
15201528
27163450
9295413
11391496
22875214
5275811
13297158
9187015
23510119
16137024
17475837
29483642
9134359
25303143
15143642
13982187
13362968
1305460
18149896
7656834
8157913
17287977
14871063
7062724
320273
15568698
2213370
4299965
22214381
27326972
13445435
8064970
14480305
29965414
16382190
22595228
22819309
24665621
17291369
733808
26356916
9804075
13675048
27520450
24849638
4081385
29247661
4639422
22364770
10313417
7429936
430560
8992286
7529034
3512636
27803825
5639308
12128314
3502422
5130636
19422476
17008338
15870582
11300909
22869557
13723059
13086613
13462918
20106096
14334077
4304887
11394939
3534998
5345897
12634521
1011455
4604270
26252462
3138368
27798179
26783719
15379547
25506303
22280417
22791161
16444498
5694715
27861336
4689893
6671939
22076082
10002907
25494965
11936105
27912493
9617505
20013037
16318201
19838109
10157100
8062247
17189064
16192726
21638321
10393177
6656889
17438503
8502022
23601336
658745
1145980
10225276
22160075
23890234
24743970
28325938
8254863
5269168
28521656
17725948
15439985
16016133
7745479
8196464
16460945
12498989
16442529
11995679
11713540
17035937
9944376
3757583
5923545
3017234
13788851
23493359
10903350
25415625
20729956
29944822
16619780
3496
29122493
15835638
12645896
3557902
6198772
12419750
29556322
7248678
24188042
14689379
25666887
29890932
3630848
4413050
6895773
13904400
10112164
22410131
23791818
5294712
24265445
15167564
12698212
28690650
1918702
22533156
12151751
4175648
6995160
3803727
13418776
22665277
9731990
27984526
23980253
8111483
11054500
2138573
12560035
10939620
1168697
21614672
7543322
10510567
7033345
13325689
6593860
26306902
6866142
1481764
8057060
13747844
17192349
24329459
2174966
18727088
4276150
27878527
17413602
13297123
28415349
18162239
17921797
15012621
7581874
23895395
24928311
25303717
28541240
29379709
9344707
7544330
29434361
17754604
3691848
14994292
26791342
18164643
6573699
24697781
24156174
12317156
16460796
17806834
29135308
5747907
18138084
15925720
21952
5451834
28942765
24730295
10952648
23333478
16643549
9328937
16024723
16344420
9141977
29285186
17528855
8700961
6467112
13726691
20187656
10815805
996636
17164773
5937280
5248563
1719375
12647125
28011286
19862539
4033471
21767746
26680600
25779166
13617101
357343
21779273
23622887
23144056
18373735
12620741
16171377
15198719
25763191
15435988
28647950
538472
21460552
4068672
14503277
13848011
7615771
19260972
27002064
6458135
13843077
25178981
17884985
8620355
6958384
14352406
21468465
4118957
13188635
9492094
1800957
4164510
571541
3756856
3716892
10086114
685911
17326757
1496768
5214017
1740334
16012485
18627136
6068112
20767334
24323293
9795115
20880978
18783237
21683507
18149087
15484042
2957647
1025510
21694175
23706709
12747926
8330580
29266068
8008036
1962466
24879897
2426425
8872506
29211330
27442211
13216787
6983606
24077847
24791895
26507869
7167854
6283500
19056509
9882073
1686817
26651890
28411793
4737479
7241156
4429410
19411611
78937
26066539
4398606
7673197
19669578
12650906
7350104
6964799
1975364
9397460
7334738
11851086
4286504
3398925
3540228
2556126
11532626
17491163
4786481
14988922
7912610
10277790
22287221
3511268
27976413
6850660
20288123
7668907
9813903
28701522
9071965
12719488
25458117
20226852
26343293
18430643
27723798
9941112
23950500
5247623
18255352
3531632
17570085
8387364
6820142
20977091
26091726
10244399
8117654
17986913
12254710
3007558
15079083
20621243
23706558
26516796
8549547
14431576
12629938
18537931
13985952
20418969
15026010
19577250
15228776
21431806
23514760
11296343
9127370
9709516
9056712
17362531
27917470
21013210
16258803
23442379
20202723
18607657
10091650
299528
16662910
25316555
13639111
24957561
11951652
4157670
12108092
22124163
26332270
27599574
17831887
3869003
13378569
19457446
19779182
23631326
13148307
18347453
1335824
9917872
8778727
20967081
2703944
5400136
15920785
13201023
19412595
6996250
21453352
28194767
27023526
22035159
802359
29987149
12179679
17623320
7317507
9623911
16575734
9686752
18579780
4761462
20478551
28931744
27201574
24814932
14799522
3004415
23721276
18803590
13608222
10915104
8643735
2940037
14798594
15910144
20832867
156943
20361505
20829823
17781585
28197106
991053
22411413
347011
20509039
18579726
6279001
27511312
18308236
13334621
6575491
22613410
3629220
2803565
12904928
16334177
4682773
25819815
24202710
21148593
17833402
6369057
6293671
17950480
15783995
28189058
6136542
22090619
21595196
18304572
25812848
29177651
20700378
24807604
23659250
9711554
13318448
17649300
3079355
15930878
10130914
25049893
26386904
8197585
15903598
9024010
23627953
26909816
18548822
23786387
23020186
28463884
8856827
7660002
24075887
16125820
8093221
17898627
17460665
18681471
22920828
3158672
28529033
10719212
22929030
29382729
20818191
2898048
18313551
26332444
1562770
17951218
14482520
23216205
19671734
19072934
13074662
22893867
8853491
28813939
6297372
27300241
29181230
4630045
13637504
377180
2554320
22797799
27428460
22856609
3355821
5791050
25805956
5554857
25278740
27933104
4930283
26687818
13370360
6209099
15282448
7582178
16445936
12956397
8437550
9530441
26913365
3438154
12332557
21851007
29702815
10922874
12340727
23180314
6054983
29476477
16807663
21056962
486032
6246776
17700525
24747606
24359041
19041801
16779967
22311411
16991853
6396210
15881474
27496191
8150105
11198362
20499565
11182644
1644335
19267932
7592025
21033549
542735
4739427
9747476
694390
23187532
3563651
25096533
6174334
6900933
19459914
4508531
5817831
13376895
13247600
27648221
26102344
6348796
20151941
12663121
23076016
26055120
22224134
5687607
1797672
12621516
9187253
27309208
26417272
8879605
17564206
8895339
13581812
8171479
21533830
18914758
25449018
8984546
6804037
5698068
29323257
13874910
24985470
2665893
17743318
21420056
29864936
15631364
3772603
25195718
20975415
24988829
11962276
25682528
22378260
7899430
19902834
9599298
14280537
28274224
27735333
18147564
24077987
19673468
29529011
11511647
6018914
16042419
14044537
20413157
26810605
10951406
3178890
3238279
28422599
689418
17654211
10518350
20521915
7147638
17766817
27343239
18227289
23777726
12211887
28055129
256844
15481802
12375919
6968430
26219217
28014223
26526070
20887189
2816368
22480773
7975326
16275675
18151330
1964305
942725
24074178
6852377
24094987
12175141
3235255
26594603
1929287
15970718
15174031
9010689
18517263
7585583
14003221
26256376
13425207
19481289
16229008
19421600
4273322
8278431
24850598
14248398
18875507
20884501
19124735
9002540
9093514
2691710
15706742
6867826
4500163
10850189
9686293
18838647
482381
18016464
2402942
13205822
7841871
19799659
8470779
9270455
7700256
24499888
10632626
2811992
29143598
3495515
23350772
21614792
12096567
15451920
5293425
14428379
3297504
6649144
11640213
18655599
14939701
17157576
7246102
8796731
6868586
20274534
8118113
28809038
13542217
4244257
27870502
1430478
1030707
14613512
23955032
22898870
23391295
29468526
22585976
17103313
20547975
7270330
23148647
1163378
4142984
22005200
21044977
29091464
18502593
23044137
27043783
17059352
28037069
5960211
13097776
27397405
7378439
19874100
20313880
15017197
26927437
21695520
16128137
10772441
21088214
18774905
11552319
26982228
10183284
21604874
29220061
19814795
9033351
27026008
3686120
28834792
4123892
7837788
20750871
8928828
29148314
3475742
10490433
8538223
19335225
14001791
12339280
14115654
23226406
19597530
25088427
11248624
27358380
25476284
18959960
9899411
5522475
7596716
1845513
9102407
17525767
19163480
27667702
7878187
20365629
19122289
8425518
9323793
27295004
11847620
25741019
23642305
3989995
17959167
7721997
5739371
232100
5704949
18590254
6140284
19247404
51229
134553
26482176
6164209
15591678
17102129
9367076
9669493
27689828
21890345
3197537
20091318
12751539
2503749
10588232
15266818
23997440
29392675
15080441
8081846
22396367
13224618
14332381
10886174
24864149
22499409
25269449
15182476
24708571
25041871
7814999
17919982
7831823
25417662
22071928
8082835
8924061
16181186
5774409
26408388
12718433
25852767
9809882
23636056
13928198
4151960
20145290
11561822
1935818
14284204
1473209
7555720
14350524
16365608
5333805
16110374
28857510
10961991
23690093
3573604
421551
7940171
18887933
26315417
7554154
4187700
18055098
10837431
24674867
18048207
23677014
21955631
5122453
6911526
19660553
8640429
12033107
20840444
16364707
26517396
12605846
17386306
15154175
4415997
6784031
10770302
6077015
28901049
11323636
7524833
8871589
26487031
25469826
13818883
24786605
23986882
17134157
15188961
414393
3825036
7493193
18244615
10758385
1469296
27306648
15740854
24494317
16792740
27049042
7671601
35236
4134511
16472562
29824892
15701286
10628485
9042386
25353096
24714967
18987385
4257723
1807218
787338
16181628
17233603
15458277
12693512
26126305
23399571
11743675
23287358
3996900
17834572
26139049
17612583
19727983
16165926
29896315
4029568
12710037
24426248
15299218
28032991
14637562
1061447
2696140
26729540
28593417
8496562
1529212
4659310
15199548
5237083
3114571
18595501
26285293
3466387
23783920
13810515
26625138
18596110
24628343
797712
2479928
14660626
22483822
8178628
6839848
25698306
21717374
16240237
7808399
18320453
6140111
22238162
6851676
19622996
27659633
1867048
7114265
19918139
28604131
13618237
16736537
28355866
24894787
29419387
4203524
8563167
15761930
27989010
11855960
14511853
22512276
18205632
1313191
4503712
23860354
9097481
12480379
5064641
14457681
26658362
24461128
12473163
29740393
20737107
1932964
12398824
3105363
8499329
6890003
21926520
22944093
5240796
282205
13578600
925228
6362179
20627860
5154256
853537
27470772
11007904
2854700
1692539
21167675
19306980
21816789
19111505
27287384
5134349
28771623
2321087
13507205
23650226
5401536
12166816
3222358
7189171
25745849
1563215
17103629
10905223
12146790
23776276
13619461
5450672
24875587
19611501
3909700
8514642
1999627
9456000
1584334
656775
16632159
19034694
23327031
20512895
1278694
1955414
18351026
11063447
28156450
13050164
15614830
985487
14899432
23374253
14175706
11657295
1653363
5254865
12932302
17111402
11624701
22152765
15286035
16595509
21371183
20482762
7693606
26294848
1424110
23289460
25354659
20712449
23789561
9391348
3337029
25586161
13864039
18058705
28877517
7238605
14824749
22486602
7861098
21951214
1926993
6978986
1189867
4151074
3575889
12370660
21698044
25279795
25340954
28145852
4549266
20724667
19290091
2249708
20995571
12047091
15465974
23389332
180394
27602037
13730286
17575066
27789222
13420377
19369667
25162133
11871388
9479035
8969645
28000874
4241407
6470389
12766125
22396480
18984593
22113090
1725877
7602622
2368750
27854007
20441955
24003751
5821360
26954146
21359845
19056538
29601105
21544753
6613628
7177701
20301939
15246725
27712680
3270290
14148562
27762759
18619902
26615793
3075099
28711529
13281300
17560510
21966128
16584665
2233144
11093098
4429423
25789289
24802936
692415
4187231
15882405
19938985
12195089
13033187
25599051
7073028
7615039
12371776
27150068
12456874
23177405
10343583
6936804
27723483
8607565
22249003
29444646
9536020
9343779
4375567
27053842
20847068
7260045
15396350
14808770
1463483
21235342
9974468
10364048
10428694
15945946
18489819
4195091
15575840
15159490
11372530
22609482
19889769
12566356
18144046
21330351
23311659
10584201
24349707
14092711
20546583
29737452
7867513
1524460
24215191
4640331
16728930
11433658
13850048
26047866
25031164
4461453
21816711
1447360
22402102
23906276
14924962
10239929
938797
8804477
13775733
28315510
25636840
23005016
15226874
26396201
8541846
10919358
20961354
534438
1519830
27876573
16292897
10415368
2444839
29272932
10756453
6317658
28411671
22405367
674492
10704960
9345942
13093158
28893776
7044586
10554935
25079268
19211792
464664
22942123
17516986
14233406
5491510
26110060
9377823
23420118
19095527
15216369
26411803
5213083
16486821
21760957
15544173
16354594
8207615
871216
15025703
9771755
24723336
9908294
7323265
21382124
9937057
5259452
24580179
13553094
5457357
7870619
728836
28519944
8600107
20440205
11473021
22334325
7310469
7132177
28834064
14226138
7732482
10231487
23358027
7448231
13657295
23869043
8009163
23983599
271453
25747723
21638758
25680307
23922101
27057699
10752624
24319526
24921157
29554537
4447380
18747019
10348866
834468
13463453
17151817
22013817
20000189
15413120
17351497
22386903
19704288
17546098
177650
1013379
21220660
24614241
20525245
29589827
15861898
21884606
4593240
16064858
5287740
17411268
27086382
21200825
17243509
25412548
2597758
24805934
12127275
9237639
26699482
9555474
6465274
27674112
26951349
24300755
7061285
5040932
16707602
8300964
22064510
22371202
18105567
29478006
16139270
6426251
18931591
15361456
10977002
21957340
25259680
16644268
23741820
2610088
28496512
1824076
10023798
17570974
2679673
8991608
25029880
5831082
16785151
23776077
16251359
1816976
12454864
9061366
4687220
19713803
157231
27127706
19687696
23228592
28161073
17967433
21392477
26365213
23962728
12444309
10890668
24645770
27464446
13603238
845628
29256437
18838227
6850696
21196449
22418137
16139276
20169314
18106767
9174899
13218541
18404370
22791977
28380930
25451518
23075592
3046948
17953875
5447960
17673932
7940983
24362059
14838199
8771647
12499605
6948227
22334187
26534303
10258715
26872116
24533143
16425301
18446077
4477336
25353488
11423684
13884740
29946787
22113591
24531007
4275182
977946
7486491
13885601
22324507
19041814
29266904
2713707
278187
11737481
24168931
20154965
27200331
17063285
4002496
997339
19573880
11902234
7588045
11531611
3279365
13898781
29636319
21373769
2195823
17838881
25612157
24407415
14301677
17027068
21042095
407388
9016627
10981081
24122915
894718
27628323
26971859
14003510
28904853
14658372
1146347
27833794
22145597
10335104
2577572
1178149
17745946
1312588
12404842
23696358
22063603
20552657
18503705
14895662
16578919
20397943
837424
15748077
4775800
6476708
11976983
25492045
22113336
27166890
17513948
5294908
1559441
12798057
23032434
18525176
792793
5919510
8414211
13780427
10915586
16106829
27692122
17677162
13520555
5621384
4629638
9939717
28527404
14881874
4608911
27485843
2136349
16367055
18550391
18664693
3187332
5777135
10791019
27219552
17228107
4349438
13854425
16241949
24346047
20434902
24177668
4193324
16193417
2989454
20751780
4546013
127220
4671832
12068162
17982046
17275773
11387817
17581126
5691798
17926542
26451411
10347867
25952933
9555022
5855186
18136229
12377673
9190484
5614988
1305592
8394004
3308918
18302447
12840693
9595388
21677227
16466518
27970165
16194732
1079154
290548
24537347
11614321
13417328
13464192
29468873
23379136
28328770
17719279
24680342
11900520
8735225
4249253
17401041
21129053
4389999
23285566
419338
1462173
15496496
6737545
29012952
27071990
1367674
16740675
4346200
22000026
12784359
5855188
20377482
9175497
2841868
2103656
26515179
22499800
19913605
3737244
22931163
24510465
11085483
23574255
21558079
10890266
6637926
29401644
9383121
13092244
15391594
4053353
8155067
14314244
7545043
20694576
4170057
2476047
22373913
16288665
28226049
22363651
9804400
28224062
8400578
15510942
28760950
26688748
3900908
19753326
27591156
26092873
29737393
11165724
27011063
17930724
22475876
2278227
19288742
10408434
24194064
14791286
3685588
22502283
21214772
10208920
26082254
9835047
13406640
29249250
1198557
7905020
16429554
8897816
4229067
15381687
3009049
7045886
7997459
8424387
16606750
19033333
6744569
17377901
17371771
11301801
18897632
17876560
8470279
10420536
25773585
1342961
28228135
18977760
1775880
14743208
27286681
21425139
7631793
11764770
3541354
2546066
14624878
25683339
14965592
12221766
25246117
8968196
3148824
4458577
27067487
22127192
16533653
28524689
11772471
28215275
20865600
14901937
29778387
2551135
3283790
28857187
19322103
8529070
4136573
10500097
3957026
27820391
3046533
20768996
649490
29552024
17587403
17353544
21102938
23335590
15243312
4530865
8840011
29539119
21345452
3694146
11242030
12540744
13781223
14398211
9259879
12077174
9675532
24497894
4053093
2716844
23829476
20797165
20695102
17325124
19611632
164308
29
8165034
10127711
1116636
20849700
23886979
28947709
13223060
4214163
11538404
5430155
5581875
17333005
29957296
1714986
16320016
28438646
19777026
24508639
27912629
3681646
10122994
496161
3472041
13596096
18269516
11355109
4400090
13192677
11827146
14243326
12787689
16210752
12423578
28255165
7758032
23365142
16365908
15918302
12747310
11249428
21025174
1426809
4575497
2848260
29681843
15493767
22605446
28141972
4573792
27666327
18702490
19892525
11449949
9227305
14950535
1504019
11448559
20806882
28668563
28564201
10859447
8744645
6018542
25258783
26014655
5005191
3964748
10022290
14508733
5060379
7897959
20341003
3499064
12116250
5025929
11984150
29034988
28940118
25266331
1350479
29592872
4839940
5345577
233563
22179816
875019
26654635
20434707
8912115
17977159
23669815
22813680
4202119
1428314
26226742
1882813
2278522
20060460
14999456
8404108
22179856
2368254
7050810
7446782
27819201
1324146
19086250
13143795
22899712
19090231
2260621
26816642
18445707
22980591
29214727
17493415
8170467
11977238
7493797
10328076
22925980
10702375
22276767
19912586
21163919
21402331
7849092
19665346
26501963
8471201
29184491
5283990
12268528
26521035
4418142
2086170
17326327
6313040
14086547
23003013
22425629
2366532
5216631
20848663
7360634
8087350
28043272
11767569
1412201
3896092
11274151
7445281
2426857
26749240
15037986
7716365
29475582
18163857
28958053
15068715
22255480
3146725
4740511
1215738
26937835
10010071
11714091
11884485
6941177
4931188
14793513
24710503
21647493
6701631
3987424
13768679
14639628
20574113
21654915
13851801
22361008
5802815
3516657
25898680
22316114
1674309
21748198
28390419
7940191
22049252
437653
4799570
19064180
5919225
22280300
19221351
15928673
20785125
28805032
1122003
27037463
4740964
28232093
26471693
20475752
1886036
24885470
12218675
252767
1213946
6289
3111982
261596
20061856
11363202
4688151
13533069
26404959
16730449
5410299
3415347
20894881
16955824
10586624
8293969
2171048
17925243
28054096
25461307
4025388
26874834
28079936
2962447
9746517
9749157
5898014
29871653
996547
470164
17094168
8543750
14231695
18233871
19581323
17025675
22634781
28440550
2803094
2189824
18619995
21634775
10390688
25424055
17544534
14710881
4735372
28975132
25540703
28412434
15761886
2483157
29985004
26247434
11777469
6319586
8679199
25002795
9424920
24516420
19898093
1922442
22355525
7811469
4334163
17874396
11828846
29651202
4472796
15615054
2093694
7662470
18909122
2389386
18064513
29029021
18826145
4155936
3006604
24815311
17403995
28410630
14219175
7230328
24032828
6069578
5271588
24393324
14830598
9204779
14349850
13648350
9174986
6552059
17800550
23723195
25769592
28585863
8551733
21490062
19492281
5247848
23087565
5322910
17085203
10630693
22754779
24066182
19422893
17802072
18948324
9825018
15361914
13685001
28154515
1762747
24362989
6411758
6040402
27085131
24245729
16998171
13417484
19384399
16535084
25536124
5520829
1371443
23071507
25191709
16463387
3310984
14788580
26840985
4433628
18663462
3987774
5869646
2888167
8039969
12040274
7235175
12478984
1824397
5921818
17060838
4455001
3759786
5039175
576513
20301792
3202871
25372344
18328743
5258417
9593894
19082527
18688944
1863267
28764946
984853
3428773
28903589
23287567
14815992
6531777
869941
5668415
11117213
14243581
29396691
18744625
22936177
16758121
6188543
17535692
6821879
10315427
4360475
4748824
27811526
15672568
12460648
1353910
198322
16118038
7905854
9383029
24857322
873162
8796969
1539057
1299504
2474237
27106355
27663621
19427214
11687680
26404991
5248821
19626146
11859561
5549753
22992453
12398918
3655099
4249984
28246409
19905076
12448414
25930700
1233878
2974879
15238385
5465178
15729214
15114167
7275036
18261004
29528017
9894257
25776677
20569518
9504936
16326357
29694008
15521861
11215762
13786973
204127
3004967
29167885
17722192
13424301
15070463
22749574
29532741
26507742
13279514
9377291
23414466
16643751
18136778
19824775
25517331
9077320
659032
20783690
4714424
22467187
24467383
24526272
17700984
6632161
1437353
10738866
28093734
25803092
21504223
4966376
19577711
4363681
22529351
13135567
6927688
12862377
8404914
19176912
25557717
14055776
24228428
7945739
7410278
3245864
22782633
10732894
5100721
18871753
29830759
10107359
24017568
18846161
10205786
17544237
29706064
25067336
6127936
3127050
7806282
14078527
25087608
23607790
17075365
25876614
9531085
18047437
28404495
11378584
18533608
19451438
13961412
17541317
5591906
2251747
7710088
10922559
7203365
11135292
22099265
26066594
355888
16382705
28755321
18238412
22303248
23586598
15324798
24903283
101813
2771794
1552316
7975465
2037519
25228623
28285095
11097009
24064370
28014313
15349079
13461461
9777893
23757550
24998162
24105248
16563665
7444418
8540825
783222
16849391
842842
23601712
21642156
14533519
14753633
5425710
19842375
27402147
22623972
15081570
7994215
28355186
25815972
27045589
25304135
18935019
20529960
25854544
14637622
14635468
25476354
17176294
1791400
22979471
29222476
29588664
24372945
4556100
29668719
26118984
24930910
5998636
18832708
3618145
25406396
20940086
11167643
27762360
29508164
6343584
3588227
28737014
23499346
13212892
15970525
27863367
10503247
22827257
10620530
19358449
29785354
9187322
15521407
22575181
7623347
8786438
26451278
23212789
2230157
9258183
25690479
18735067
12826730
9187698
14497556
7800521
4916757
10160058
12611672
7001733
21104289
19360243
25350316
12223772
3326281
27585466
15901893
5529313
4747105
15944152
9318860
21168197
465855
29168723
20928556
15191193
19968398
21708045
28694430
11138983
8620060
20298378
22313594
8270721
11501890
27018108
2622234
8696974
13064845
6728729
24374257
22314499
28170365
26754234
2715165
13987690
2476316
7036934
21442078
27697211
27896780
25002270
13048104
3572631
29505332
16352016
3025911
17773965
16413399
13886829
18299450
29776019
14787753
21584174
23563387
26991727
24196401
27719106
20095703
9658245
6177745
12213568
8390511
14724639
28479928
15378151
9393162
12662449
23978879
10776751
7821391
24754402
29011810
7099740
17221995
22329557
595048
11375321
17069726
24997394
21207817
28064379
7389301
3138331
17077886
9531694
1630786
5213089
5759762
10621035
29295650
12996859
27438557
10241190
2502368
2897703
29652451
3231669
11144846
17843185
6031923
18862731
5555169
8314556
2096994
21126792
21973393
7813288
3101576
16026845
23401353
7731991
15328270
1099360
3818643
16347903
28962247
16222620
29486270
17064828
2084814
9199880
25314300
28432536
4470286
23099758
18016416
22999789
20132307
27103737
7020385
19448028
13344329
23268566
25337857
15377115
25715353
6844300
27678084
11105719
265973
16269237
8494494
23144354
13834610
16713758
10207947
16332926
8351704
66436
9146066
27121989
22511153
11277857
17491430
988450
27058467
70517
22563644
3933916
7891644
21851551
23098632
1688472
29324082
11425470
24472927
21317236
18110447
8685973
27827901
19272462
15339170
21203906
15795628
2641380
14722856
16595891
12333845
7813523
3587296
26992179
23560649
19271808
7488712
13715134
11738974
6410203
18032793
21572337
21883361
9850784
12917798
18122532
20672743
2902876
11320587
23346264
29720237
9378610
2560375
11304348
18060742
22495970
5730994
1652592
19400532
22808139
17024802
27026439
23047470
16023943
8834186
8912905
19737583
29047888
22136761
2613181
6560060
1031315
4269360
20694965
22810086
23450652
440141
15679099
10030584
21412430
25978288
20463792
3893172
5552155
19672986
13959072
3471023
5281812
4370081
4610452
22024423
4598914
15679557
14335408
18643590
24190819
24449055
2488182
28161460
26905098
10494703
23719524
22861645
13485981
15045431
18629191
12257907
1514947
6005327
6363439
18805016
15653943
21352126
21395261
14152197
25146616
12466020
8286093
5970273
27510330
8949842
4584546
5180737
25784211
291353
7637613
19794982
2649085
15227883
8834795
15142791
22739714
16139786
4112057
16855967
11505923
17047549
10619082
19172566
11222245
27445168
14644399
26560637
13586668
14845843
18083678
4437199
11434437
19261471
21552917
7631646
6158374
6248077
7627906
7349617
19625817
27752074
25626137
13361227
2772956
15264304
6686415
7993445
5517500
28166814
11603946
903527
19050760
12996542
26180705
10173684
28792712
28091079
13766368
13384809
4609784
21413186
3452456
5339251
6995265
20764083
22207713
28041900
17601190
29478932
25979266
12739263
11284089
2143781
14664
13869221
3869978
21451347
21874986
2238002
27487865
8601956
5151620
24821160
21529499
8165093
12881990
10921525
26168665
14489745
5938632
22954002
12798758
17044664
14488712
12088956
6559691
22134077
18126739
12961095
16908671
3339806
3566527
21134277
16097881
5554432
24950818
1669686
11488271
15122377
4313034
22898286
5241282
24048247
23093621
1180948
26284779
12996850
19419113
10296794
10831866
24978529
26083835
3895990
22399757
26075444
3697631
883087
12002609
10994208
16332489
15053502
29303242
4433302
7468295
12891618
28789089
13501606
5181369
4249315
8525888
25153675
21199535
18990064
20236881
9658755
21808603
27105857
25034286
26717557
18962872
16243443
3568218
4637796
1387330
22386839
15220000
8963542
12182536
14192714
15753707
29443465
24994746
255549
4242480
1810826
13074439
13287178
22601528
14007957
14626012
20630491
6764990
9319366
620488
601258
8463433
5898406
10770394
8256669
15199978
14628445
23638040
20677039
2336653
5945258
18163452
19098880
28282428
1804629
28821633
18761041
24115107
4427216
18202456
5707452
16877164
27097918
9886530
11375984
4242011
12792451
19414580
11555619
10100881
10817918
8594843
26576067
28967156
4146938
1383744
20400594
2072408
10177066
22127268
3413068
6684066
26131656
4299976
28749018
28036141
16712934
3802981
13740541
24912569
6774250
28959542
8715526
2855663
12405352
3492500
9428035
424640
18890015
20284992
26959673
23558151
15218476
14257046
21395820
16238850
15593802
10202872
6968300
5251963
4477273
13874708
29977391
4474056
8520226
21553131
27133668
15792302
21961323
4740576
12663329
20391490
816190
716574
24615397
25475742
19933464
13542577
7053005
2255459
5761160
13509421
22864686
19729301
21639125
3842276
29660304
11709680
3240835
22701958
5030601
8951615
21493989
9846049
25447734
4872747
5319756
20785761
26673998
24572233
24089032
2658531
18519378
17120198
9830867
3354866
21155880
29504735
17261723
2466200
16520140
12215767
18038958
28394986
20631458
28594964
13769408
4908003
5635723
2198861
26055991
21952754
21394033
7855028
21729543
29553621
21368286
5719507
1030756
15857744
1621694
1539535
12487492
28438132
10543408
15579639
1684364
28617435
16555482
25698695
11140850
7550804
7776842
22643038
29570472
8514538
2414640
18302955
11037519
6276026
17380799
17404256
7320229
17389245
27138724
6001793
12279829
5155157
6547895
13386860
11892269
500803
29465306
28583961
2870343
7135989
24174988
6703841
5856273
9972563
6123987
26421643
9790428
6144197
12209877
25720649
1027059
28338406
27204952
12892187
25388345
25688779
28611522
16158502
2912112
5659332
9338341
29836256
28237610
6800016
26751748
26024335
23445927
18802476
3841756
3682534
17136199
13816233
10481554
24129305
12755508
21140687
12073482
28688204
2734896
10733576
23368513
26020861
8020315
18237153
27578151
29467519
28863479
14418135
25594248
8537245
21950927
4390606
27783475
15225215
21210868
12779002
10606203
4382583
7923865
25116043
1317787
7405166
15658913
21714994
2983715
1041717
5209550
21602392
4704362
29016061
8052800
27482746
22569455
17775682
26611773
16660619
24688360
2460096
18769841
7397636
9130015
5694494
29200836
10151546
9305847
28937290
16442917
13497380
21200029
29457030
10767342
19255838
15174295
21504665
27185350
12469450
19965927
5765442
23472316
3124345
3450242
11750037
14684563
10924713
23411700
29255785
22818916
19446804
27396377
18207878
22180122
7598022
23646586
11207247
26842165
13769643
21968773
9900796
22122059
28643533
11254462
5941221
11590901
1894802
27708423
6237170
27196417
21310214
4485998
20581606
5802442
25313816
23740233
6615206
20694492
267462
18268496
23064158
15208086
22912977
630044
16102194
8709355
22893333
13553510
21162259
7980146
17444804
18658203
20829750
17543964
7630887
26511499
4494389
15547500
6711604
23899147
4402811
6990329
20043077
1437866
17044977
28543498
21917632
7558297
12267867
5678483
16809982
23462406
3944487
4689396
11675628
24299028
12473277
10625793
3086630
12039434
11731842
11316858
151192
11861984
26126570
19689046
16315600
15724155
24790096
19755392
8046784
11793304
28534340
18913329
7366103
16828481
3305868
10102808
13633192
22620139
22705598
29051397
21892867
17978891
13574108
27346814
11416745
14316126
7845072
2514338
5865272
21336622
13982900
16303923
2117545
4138431
11762213
22450314
17011966
26092247
4505616
25665549
17493810
21365560
16442074
13789422
8773089
10988593
4317872
27808012
2743883
21614482
3852589
7781304
17188752
9332748
11854999
9270085
12651540
9189227
18298648
7503996
9163461
7574882
19843102
25000295
21373529
2188301
9490550
10331563
1049830
17574500
13573272
20876174
20686547
677756
28144233
15907993
629552
1296443
25219965
26724355
23714900
21065813
12754117
3671025
15069335
11528531
11357477
6013672
789390
12466679
17699
22804099
16175692
25720458
28736981
8834689
24309878
19609618
22317285
13365390
19643307
8324025
19343971
3021723
21746409
9372094
28043592
17219561
9177455
24354554
9663679
26256296
27086787
27933207
26140246
6659300
11338929
7359983
21549570
19032092
3883985
20721888
10302150
24331826
24517414
6808331
27542417
3509995
13792049
27144687
16855086
5980776
24791248
172058
6454111
27517246
11564983
4442488
11581697
23136858
20367958
17962756
20715299
17233243
22732807
6898167
25453993
9347333
17584827
17644087
22126561
10164941
22076343
4455768
21331448
14945772
5712943
2679899
20730544
16566954
16164916
20084212
16673112
22176702
10015926
29895007
9763881
14305095
2295494
19743569
23334788
27065213
20686348
29188944
22663283
27860274
14852090
24300290
3237123
18603124
12784980
965867
3675821
25121716
19782507
5314530
9946547
27441656
1691659
25892806
2210589
20216078
8544675
11947842
3894937
9544115
12498292
19607330
15251635
14518663
29330982
23930250
18145076
1857770
18509411
20242023
1483890
23968569
5500476
5358832
1711950
20577837
28751698
18112248
24573504
9479416
24190535
492000
6336535
4848465
27161208
7356728
23658539
20847822
6190435
2406574
12699149
14011673
7275646
13310286
3087384
14445268
29489873
20402190
15810819
27570794
14154987
3557322
7249031
7475310
16017626
5460948
25123930
16711174
27091341
16444390
25173630
5786915
15578295
21147434
4788767
4437120
2683909
2445541
25216257
14817711
8376272
27435308
10682793
1430475
3658692
23970314
12111127
27252789
5949877
16122097
5129166
23608757
4563517
26333278
19349559
11735356
5613025
3326878
7307363
2302572
13736491
8277443
17103335
26245673
27959774
17060725
18856995
28000016
1561965
12804889
27603091
13106029
5376214
5609651
5892803
22084537
1175727
2435081
7380414
25060582
6231665
22432165
10284247
13949545
13749657
22223017
24314023
7514514
1486217
27938962
20631367
16790240
4876649
4300308
20907945
15441599
26195449
19537055
27924063
4871546
11603319
19265237
24390413
28815427
16505918
24293040
29469559
10965550
1204067
16678482
21072076
4502708
23241908
1161467
17469007
4652306
11349691
12471330
4260864
15974986
26580281
3756374
10237483
9898986
2735149
3418905
9036533
24352589
18600821
25689001
1046237
24289684
27845648
21351191
23688020
13591445
108149
6685099
1157986
6069679
26396186
3656399
7345238
19097211
15625556
26839083
16928679
28246239
24909929
23929798
6705313
18694693
8627125
3584590
17781080
26938371
13994787
27762220
8188487
20513711
18130228
19035195
2558871
15081249
16993429
23091953
22977267
24773857
17260583
23095237
15607182
25095537
9097117
8267848
645276
4783332
16510043
26827242
6640003
23218918
1383504
25223631
16959473
6395463
3895783
29035855
10842120
20248092
8406190
1885201
7898904
19268491
9109197
22605888
5910084
16491994
4473307
7410414
15844257
5183629
20595244
8676866
672109
3022177
22341121
19301481
28248135
15449317
769310
7756007
11433299
20894217
1549063
25423398
26568130
28981777
17178271
13637832
6897447
28701782
3788831
1572090
4110633
13827754
3071052
24917009
5846595
19482732
23035762
8759612
10972665
7188436
13755232
24376554
6021801
29848644
7184047
9902722
26235637
3591562
28047702
26090707
1714453
11182992
19216410
27899750
2662258
11985401
14775194
12964147
14729259
23580766
17073755
16765957
4744458
922691
14740636
28197254
9006993
9028122
6370304
2097542
19948105
21742902
25158127
13028854
18511704
21034212
20715994
813320
21571833
29574861
9613763
3613390
7841771
20932341
23465806
5811143
13811993
21923126
5316430
18992029
10914748
8164148
19911083
11858620
3674808
27791912
29307797
2768694
13952397
3738968
5480347
17953289
249068
1774358
27707601
6257412
13932721
3441217
21587973
9483213
9336225
15362847
13228758
20311742
8379751
15757671
25331714
6740406
11716311
16143816
18095335
16290108
186730
16873180
23915303
13942759
14170108
11669408
17372335
5397662
18692087
25009994
13002383
18280537
11126645
29194335
24730251
22456722
2180496
14423243
4884866
622834
24830133
14220686
14884809
12365285
11021517
21367099
17411312
9173434
8509084
28108391
7395381
20231937
16686248
15577444
12498942
1624247
4826782
21964181
28699558
9648994
7635576
24319326
17146808
3495307
9717148
2538402
6145974
13364971
17302540
27164608
8484767
26829674
20949550
2020057
10806221
29180361
21577164
23853086
13515686
18868280
17728379
2237896
25659912
13826816
26908229
7999687
6567877
630184
23056352
16235290
23969030
245491
24297313
14155118
27707648
18522415
26456297
25495407
7493837
12839822
11627667
28784600
14610534
19567343
8675953
12567723
14413717
19203429
20138510
15967045
3860711
18927964
28795071
24828046
25647334
20598694
20477933
25174249
20790010
9056213
8812783
9070969
6982611
29448083
23838324
11542675
26367674
16951362
13643649
3155985
4606481
8113501
24131839
9973374
28486547
16094417
19078849
427706
1063088
10049263
1497396
24627918
6899641
7915532
13597971
21589719
16776219
1311714
21297170
18444687
25040238
28973641
14308104
28783158
12420911
12070106
24210562
9814500
27270429
16541442
17252819
26801579
27745971
28888948
5386965
10643619
5092240
28749280
26323807
11039528
1435139
27602196
13285913
3251025
29401568
20744059
24807288
19312322
29538755
9901593
8518704
14803687
28322837
12671605
16553334
23752886
15563152
23940745
7124795
8603730
26367112
7318123
2189355
1362539
24188310
3168778
4299646
28030732
23856249
17517743
16166599
20551653
13479102
23949544
7361392
2510376
27028506
21428761
18427894
19886377
10927654
17041062
20638759
8443079
6278607
11897521
15015904
15929748
16232111
29871276
14140701
23475393
19518918
3888708
6781820
6794645
987961
2799394
23461240
18195964
23881389
8604753
23907565
26583381
28153558
15555913
13708026
2982768
18592052
20690982
15890974
16954618
9572377
3634941
8031269
26790764
28151957
15166300
20280463
11153860
4756105
28017233
6816963
20862103
10059523
10574492
9051080
7352391
28285540
25908270
21747833
6982295
12069098
20660474
5164586
16356994
19322592
8715930
18992847
18541365
18003169
12683903
921717
25318636
9052529
5471786
16029296
1356002
19299290
22414208
16234602
14582167
1131916
21202020
21242574
26262206
3395036
11279810
1786166
4282727
12653017
24697696
8993880
26355719
3396166
24671313
7766121
27889620
12473172
3128552
20564729
25956072
11644222
23069468
27444416
1220261
24415701
19241205
19777191
2429982
23121364
21323255
5280029
2609758
19602513
7473048
13250293
12515518
5243140
4283221
5323591
5104803
298034
21925782
15674260
17278693
5937286
13442877
15036363
26454534
2295470
12341862
3092168
18607619
10648255
2361789
27149573
9993604
14158395
20517139
977968
8984136
28585804
14643182
17434146
18428691
3766066
21866420
24183864
8851052
19642873
15572064
15505369
20994571
4563701
16209355
9721077
597236
6416005
27139541
3029177
16073575
27307831
29903360
4639580
4468964
11029884
29856752
10858272
17342054
17633202
13046886
7867924
23443928
13345910
25069762
16992747
7139588
20421624
25267090
1863623
18094860
17041524
10479853
1056098
10788223
2205434
28948075
3164296
29501867
20820152
23233686
4414177
5808762
26565233
19358047
16957953
29089824
25240175
12230051
10446516
14250168
29663321
11023626
29255645
23566885
8532015
11209543
28540517
21170977
25833920
2873034
12732966
23837386
13261330
6324804
12054296
11671188
18252016
4138196
14157131
28916793
26662754
26112569
20589173
16869269
7927529
10770885
10134644
21502904
16249229
4572984
27424028
9659037
5508891
22653734
21552212
16372796
14984473
5548225
29979915
10306298
3409214
9777235
4301212
9818502
10939469
27551855
23490110
9535409
13710002
18305044
18481822
26241547
9997389
3235714
29858972
18668032
26981938
24206421
1392564
29910774
13597314
26785843
17180197
13545008
28171159
29241917
10739397
11375179
3577091
10903573
19757015
17222805
4849820
25551622
8508353
27533164
557417
9743970
28174846
6593899
5655747
17349414
12876721
10354164
29403067
7338263
28637392
18847936
20770895
22662799
25908689
9164921
3357572
11122214
18685056
19232522
26900994
7761208
8511355
27017338
21361523
28096025
17396449
15763028
25735934
11315554
3817526
27050871
3641434
14732339
14657257
8587914
16657833
14706596
5069838
18699862
398757
18132048
29289473
19921387
28714516
17221538
13615354
10147027
12970609
11201817
1032204
26558711
125437
23233188
12619242
19964227
24004780
11247678
12203981
5535620
24216272
15341183
6135668
9642682
3880021
29802428
22440992
11748458
21047249
15621436
12372970
1073183
5227299
11819775
24830339
4281275
23070997
7461906
13816696
29824308
13062098
14156524
381452
25263141
28015962
14650327
11258157
24784125
25273612
28117966
4608705
18419591
4905412
18002126
10356919
8957472
26787530
25910158
18917257
4960495
16188844
3998789
15666155
24705043
5242491
5521776
15553871
5007002
26027758
25936540
9778857
10302532
5030143
12582898
18325601
11026314
9314262
3548494
12375646
5609035
7986027
12837730
21226634
17912091
2611188
10274390
12612059
21238801
25227905
7436044
15733990
29476980
17952846
7110158
28210943
12245332
25876118
26001455
2663224
20827533
28200563
19333452
6178556
4282627
3876282
28413573
20169816
6162959
3048757
18643864
15137013
21795589
6764806
8111916
7782850
21746955
2923913
1523063
10068790
22828394
3085812
18751769
24617337
2214756
21381809
20409219
4971934
11289217
4474681
20457038
9383027
20123515
8748722
1329367
17393730
242582
27407898
11639128
1891479
6608770
28822030
16793941
14665213
17584621
29689150
25618633
12457100
8938995
23587972
27463525
2622509
23563394
103815
15996700
11317392
21756032
15744156
16315665
25416120
18470109
14748610
28796828
22162408
26420073
28258902
9521144
9558814
16671650
14227058
154527
15837032
15770718
5325351
569201
63121
8652710
7724568
1183737
6499444
18663713
5865755
5309596
18091119
10413582
27028430
17480724
27460844
15048401
25635564
24074628
15845283
3653681
1388337
24768147
27767414
28223718
4077154
25333558
6689550
20658034
179857
20727126
19847834
15886074
5108534
11879355
18486179
1787876
3115163
28281684
10946857
20538313
26768697
883326
9775466
2859476
26224221
18469213
8854684
24639339
2812102
7657435
29066404
9193587
14008683
18050716
7829453
21855628
10679364
23764875
5027440
19805641
7699586
2210304
17651107
23251893
12461454
5780537
16854809
12060425
8582830
4859347
6749903
15949159
12592627
29046922
7858688
22434695
18960339
1876403
10741005
18416371
28119349
18112263
23495423
261733
25208437
16289395
16665633
20466340
29646787
3957124
4787547
16712963
18787039
18334456
14849378
10000739
12475243
25700061
8361742
5931890
15267964
24946398
803309
12086971
21546859
16361401
22732671
584892
4080749
2858774
1979242
26667373
26749669
5328082
29739850
6492901
15961850
16405445
18330359
21776173
1800779
11576049
18987489
6180499
3273887
28401249
1083094
9348492
9420372
24436144
18997048
20831506
29491047
29019126
9665098
3068621
23791347
9292798
3217039
19261273
2135063
5312453
10098149
9675055
23679356
21930608
9843001
14824335
21258616
9798087
15915149
13852672
11315611
29173361
15110142
18515959
28320364
28922758
25768505
2469650
7990980
29846693
24126730
15112730
20311036
20536303
16015519
24131281
22356000
22537840
16486932
24639771
2342120
13629842
779101
17937781
10876589
15271701
1851606
14438806
18909775
7931114
2662155
19402580
56539
27043773
3416267
11440146
18249151
10483978
18350138
22783292
9042947
14256013
3143951
22012350
15270825
29922115
1299415
644032
8209138
11606505
418770
19966859
9383127
4530627
10408348
3069373
25658685
28621963
3009510
25911065
10811973
23129318
17659499
10936725
6126012
15185861
12474768
28394586
17476245
887922
75760
6823252
22947289
10197457
602610
3407929
4749249
10141508
12661769
11194847
4605666
20699593
11148733
17886216
17415422
9391293
13992428
20516253
28342164
7965513
20402621
20681603
867073
9178248
21739752
25134640
8549732
17689539
26341588
12761702
13742345
7566215
14768595
28159841
20757
29023914
4917602
15873639
15474548
5228363
9770871
24600447
10485506
17602994
16280854
29878159
3912485
667562
22741792
23445120
13894830
26860080
20037549
19946227
20153688
25145438
26719464
17575433
28537467
27858476
22541199
25456691
2006118
13545336
7794070
17423288
6723904
12022637
23640163
14229151
17614486
15753682
2096960
17980448
13268105
19042529
2058667
8887188
17319210
9483991
5459130
13145646
3517938
25612158
3062026
15598430
20810356
15430318
29530162
22987316
20088201
9455161
21847720
13350672
15826910
14337670
27312621
1790181
9795127
27284392
3942628
27107595
891816
23957903
23238716
7581795
7152921
26629329
4533829
14194858
29578485
24723782
26311776
11218509
11673028
22002018
20211243
4175897
28031658
1476710
7052660
7896538
6064830
17939371
6523956
6547567
11007726
17676458
28160357
6653354
27549096
22297455
21299064
10189098
14978285
16051637
3827570
22685877
24713708
16861387
25168012
25391043
9600252
4536326
11350977
25457027
20925255
7267950
27591013
14798346
17535183
28483657
9575304
26516584
637919
7022794
7774484
6123132
9173193
24069665
24924987
26507134
11297677
7558180
26536678
23517159
26297926
7323153
5796817
1291684
22449897
23079854
20822227
15051041
22015925
24699058
7236616
8638931
25306664
3465781
8645819
21939564
6991602
11426496
2521455
1518076
13816849
6711607
13333943
9588651
28644594
22084434
12458894
12908289
5626038
28430706
15647103
12046235
10300040
20145682
18589266
20528416
951825
61623
9278392
8222243
13077941
11365867
8841703
12824990
27199414
19934963
21651819
21283321
26249447
189511
5164411
27671468
4264834
21967114
13676970
11083607
2129617
8404456
21851142
14617616
28059808
18774577
7309489
1142692
23767145
22372390
18065935
221024
9713837
4323945
3633956
29316631
896131
3478530
23224532
4825719
17637751
5897777
26742338
16626193
216444
714364
7696248
17200732
12538214
9731784
15526774
27877940
8117332
21238899
25351890
8442688
12368787
11734990
10025774
28110911
8184560
21658254
28395706
1934172
23618698
13794382
4654774
23454407
13202457
29824345
21402323
23617376
22826010
28186475
2585194
21728356
27254793
1350047
25810062
7833949
12513078
9805138
21532259
145662
28199346
28746924
25073167
4215987
691518
12298689
2786538
9658060
9079055
19976499
5152447
7425113
15298648
3192415
12908066
22637953
29099234
17484119
7620053
15752995
5282809
6499164
4316742
16177828
23859012
1824082
16911961
14883315
1097985
8980633
13038870
12326501
6657280
6905125
3166774
21202637
319558
819763
17287446
19867714
12436420
20125960
1110776
20152840
3933362
22968460
20095699
17839740
3946193
10955723
3143439
3123580
6701250
21659420
579378
28963975
5362556
29587688
7126360
854624
9052259
2342134
6375768
8787155
13704863
3394005
17296951
13746703
4074723
9147733
26085070
9186523
5020123
17868530
28565160
10586793
28404291
27886899
10977570
12264774
28048705
20212468
22419563
24143858
20319001
8428532
2437288
8821102
23315205
14577129
19899060
21866685
24637807
27746933
2837509
20706972
22080059
11131948
9504365
8123486
4037715
10163305
5098183
20932012
13526435
8059873
28244565
8749457
28347147
26554583
3534870
5764243
11363049
9858885
24296224
5838621
21735958
7170067
29310835
9648220
26592103
10716020
20184748
9920899
3153515
8932264
18163965
28777102
828659
28239007
9660662
17998417
14354433
2065864
9926791
3354436
2811594
819772
5317411
3564448
27936461
29940786
13272044
4047627
29665138
13902960
19918827
8444493
15591204
5991600
27178039
22507036
25389543
6595626
27460822
1497450
7258116
14422600
26614997
10703911
11691010
21906246
11312728
16611253
28476242
14302150
3538651
23210680
25432635
23461109
1710950
26073891
6556007
27026403
4791697
10516402
9594884
26659708
7982439
3821634
15765097
7335337
4515558
20096324
10303986
19234466
20984096
15620934
2641166
7822309
29508959
27263726
11027164
19810646
13709283
28177198
7742182
22450313
13928809
988278
22870644
26086786
22916650
7665777
7018445
11360230
20150486
7347914
19583110
18468632
11034579
29971794
2874117
28034564
13118637
16753885
29277567
28198464
3406399
2892175
6696254
25470489
1105902
2290671
2447391
15230152
20387979
27526382
14664759
13051293
23493229
10970389
22736370
13525781
10727291
6926356
14140424
29596213
827670
28437658
29681511
9403497
12913368
29260553
5346969
11683248
26241489
25668526
29469145
16568126
26276154
14556117
12944667
24158953
5002860
11518611
6822683
22529220
10056703
12079149
24061330
14780690
6452825
28017405
28112946
29924589
21980337
16656971
4957787
11352604
20759322
7454057
280294
10674174
15310033
23478512
25666858
6362820
13751694
19292863
22890341
2019615
2377089
26058430
9572427
13880469
4090996
27209724
6243366
15035617
16124412
9990003
13743767
29653124
19638798
1423237
26891022
13246182
16477778
6953007
29522391
17927936
26408201
20490864
19015036
27746952
13956864
5630653
23068042
18797844
5609016
13086927
4387834
23685971
28222238
11786908
27133894
29825727
10828505
18936395
6954661
21141393
23404900
4751245
25771548
10783910
9417535
1002538
18954072
27730619
10017456
12588363
14090776
7932895
6821729
20502904
275352
27879755
20472442
7953385
16268817
11827149
24588497
18895849
19733612
15449596
19066467
16675650
23686668
10399529
13453351
13885954
25169114
28915868
48354
28141273
7412385
24653403
595415
733067
8812127
15926669
7838812
2665458
24458983
23504736
25981782
22694332
964247
10958970
18317080
15742559
3432680
29373158
1435803
19727529
11639641
18843906
2360060
24484942
26321125
3956067
3991292
28901373
10531299
18457617
7897079
14388666
22205223
9170582
15716452
3145631
17648729
23035356
15555734
23395140
5146753
5629982
15885971
29753367
1321064
12154781
10496657
25693641
26203502
25135081
28451524
18888115
17157749
10778100
9060344
8431589
22124204
11238464
25619645
13244793
8694577
15530175
24338842
29585659
21697380
16689767
21136328
164990
25633270
5328644
16306428
6828049
19031368
26235899
21653537
3239761
25067128
3082401
23062838
26610960
21351457
5589992
13022236
2120975
26254860
29967274
17775113
26977225
19748844
6218692
19576234
25338823
18525637
9453789
22351669
3693310
1550522
24491037
16816201
18114551
14527934
12882586
11248609
22685503
10034683
19632436
2862756
4376125
13070846
8280990
10318645
1006642
12831321
3980376
14935576
18642716
7557307
14659115
4098884
11067954
15008271
7861913
10907016
341857
8145452
17814167
4254306
5086008
18558824
29776395
25806647
28815906
1620101
7446154
7642841
22368408
8141238
17306733
22101974
6136957
1610759
19920242
6596075
26022803
9135048
25890911
25396508
21343334
10714245
25953011
26748642
11881701
7489020
23124102
3335406
10591605
2383452
18226080
3674529
16827735
269506
24309242
11636625
24040417
14129167
6695239
10328522
13001596
6062792
20613037
28844084
18747691
26020278
7896573
2557948
7080236
21791663
23343196
4580767
614645
20602321
19831595
17510666
20654146
25380885
26408848
142266
19055098
11470153
17485401
12504802
9780530
13116077
2998658
15869037
16975577
8980738
11690379
8827294
19395860
15753285
18189088
16321085
3427191
29904320
25976966
19316137
14442289
22677712
4751348
6862637
15240939
11364152
29933323
27995533
24955406
5669392
26878172
12943345
14635511
18688679
12494049
21519277
5097031
8474335
18996342
23771595
17978335
18250600
20529734
1876409
11139766
2200324
27623926
11369164
16295953
7183740
17288133
28185576
16529859
24933711
14491365
19725003
3052296
5997528
1081260
26910410
10693855
17915227
19613213
2058214
29574146
23081593
20484444
885315
26692709
2197465
23385574
29981668
3966246
8200262
29273597
13977964
3435784
28265753
28434428
11415287
9051862
13765760
4339834
2981161
29753571
16669235
17701025
29931575
20748773
17171120
19683360
27054826
894931
11619164
1103211
710462
26661686
28210543
15313745
18203274
18590432
24416439
16364986
11588722
19766704
19243909
8691450
12746150
6883492
7294474
11679244
18715014
27082082
25736954
13240352
20626654
1155403
7266971
16878129
18339377
18794643
29580393
23291279
27476964
5886988
2939059
19881215
28027403
21226487
24974226
13319297
25720436
6657563
24667553
22190217
3829804
4720357
25541102
7572478
13511255
16677368
19320049
3550401
2766247
26594932
8148234
11479671
21677047
690281
4385257
365105
27085142
8096729
10771109
28953690
16107735
8934923
14096579
1466796
5450687
21983215
18631571
9693123
25270679
6047483
4319270
27811335
20896804
26827346
7311717
11835709
19640417
29334124
24919477
1642455
19430970
25847565
28301107
4739209
2338110
2152516
22544348
14249649
3364903
2000308
27064391
15905352
28391145
29760861
13087271
27800491
27024900
5226285
2619320
886191
14993935
9961280
10139948
15053789
9153649
1671250
532267
21224959
10450884
28302688
1437044
6840905
23049399
13852523
24862099
26808027
7886359
18249695
27269819
3682094
7777824
5476971
9666080
28227833
726366
10529046
2794329
1911766
20154393
21277989
29413977
9761965
15622844
29119022
29628002
271201
27306457
16046444
10313132
9186078
28181845
13843820
16219386
24779531
8192942
17888545
10386629
3467331
27829990
10585724
22451340
27324441
4165242
18102903
10434403
28646689
13218447
23906139
20433684
28186251
11542303
14072558
17403499
7649283
5934472
7895592
23982248
23880190
12378918
19975110
2421041
11975210
2818642
1625196
23675528
14871958
21329803
1785452
27248688
14254702
8548251
22964241
4548790
23500070
21744571
29966192
1289319
3440560
23527283
22786627
20754365
25075346
17212053
5932831
14738073
3738433
17918108
17382725
29189517
3004331
21747478
3385782
12067756
11708364
28066671
6883715
18759241
2417648
29007169
24305523
28301722
11222689
27615604
28334084
7932910
9301673
23967549
27844870
1836496
16249739
10030845
13356773
25123015
27677404
14046741
7729099
16176322
11710831
29696035
23684866
26290457
25690827
29724806
18204734
3507747
9160627
9018844
547372
6915902
28389104
25712569
28811865
5748492
18335542
7176057
23450473
8553931
21413780
25042998
26724416
16471863
22324798
664456
5067748
13025417
6150145
24376069
3174889
10768371
29067090
2938374
13988451
10278406
27278449
9235988
19640301
27102673
650211
1266383
25154100
14115654
10076846
16702838
4548015
16278490
2223336
5799155
14055474
14412002
20842097
23973786
3121790
27988943
15486904
16752049
754277
14567132
19157913
17632110
13594604
21910839
6435681
17533499
24981850
14220251
23360131
13186025
208568
11693162
8610972
29211071
14764529
8697202
19655442
26497459
10120552
4295275
14407343
4806631
29160584
22958625
29433587
4344946
20361593
25508940
2433561
23826428
26339568
4955774
8377576
11580594
17947800
17514421
19615402
29035872
27379630
10551253
823687
18772670
22429102
14946897
27363793
20406492
13580530
28280831
8047040
28574471
10752396
15132244
8067168
4890278
12838459
22143429
4370578
11233394
7857937
9606474
29302383
11517590
18023000
13076920
4922343
11459641
5957849
1365633
13006937
13385616
25038272
27253313
15067103
7979553
4795718
27375691
7106667
26657281
13435888
17086705
9586946
21444248
816783
20958585
11000678
21506725
15871285
27592347
25541051
5208952
11518633
18834478
28696576
5002562
9654290
17331535
2215187
8543764
1370926
14824807
26698826
12133508
11942575
3406367
27157856
29580776
21029402
13298126
16632015
25487163
17409895
13357694
26121592
5523210
3019700
8435722
29309790
7341638
26447533
28603104
2005448
29443793
26177968
9107857
18593612
28150236
22663218
22881733
16707732
4622207
25044800
29610242
11083635
2236644
22603625
27432699
11355026
20783811
9925291
28682264
10170932
5209650
6647041
11552529
24139886
5313054
23402074
1371295
7683985
12407501
1593920
419325
26946179
14011033
22114524
8749823
20899702
3917386
6656857
12114267
19779363
22177098
3300509
1494853
21091648
18229224
22072189
24132534
2258494
13639814
13999812
5857485
22916024
16564299
728349
8629336
22666281
17197957
21944496
3800650
6020807
5642232
16561055
15919372
28512441
25087899
24657088
6510542
16335331
25278790
15080665
6180460
28792284
25208132
29621293
23855700
11075693
8510549
16927432
29083855
22592640
7533861
5838175
3561227
29890013
267185
9176709
12372164
5191787
7435793
4002182
19142543
4610513
395802
24039258
1761459
27474266
9633371
17808123
15124349
8063799
8583722
2279612
7747761
1959288
10862308
17806605
17694181
3806024
17719527
3487242
9555641
8029998
10762773
9517518
21955310
20786646
4626930
25515485
697127
14432769
9619958
20470651
7581505
3336601
11093152
16675177
1910905
27250033
15045638
23958338
17496856
4868464
16414016
26022420
20746828
9356220
26354537
3289679
19255626
7990091
14380450
5069703
10077835
6727679
1613637
16650410
13022606
5879512
26002426
1523339
14501036
27225786
23085029
9308283
3297953
15326400
4989418
18304931
17082994
29324447
25503935
21657952
23557511
7318108
21997757
5484144
7129158
27006447
13691138
21328041
21087371
10696305
25506686
817984
16643734
20227135
8962534
1830028
13884955
12312098
20397063
7900997
17452360
15610055
26362346
5316778
4863466
6886290
18454034
11951456
11544763
11872962
8471791
12465421
4451826
19377381
1124904
16184377
28343154
1926546
11427508
28445397
13343842
7443545
10977815
28432202
10204626
21713125
159942
11707950
12709897
8058381
23213274
6924116
21236992
10721248
13424524
26160976
1090647
10297677
8346515
11949566
8507533
4769436
7994470
18247952
8288547
16267769
20675533
10670005
3974687
14845905
26934777
8918278
215193
17053557
9690907
21242952
1303125
2366175
5853458
29753938
9198996
16444578
4240148
14524481
5697205
585421
1749573
19680653
24489436
2507287
9344377
18675163
8091054
17802495
5526398
13472008
6222216
8343746
21881212
7532327
17528541
14102250
11590578
4165346
19193739
28604994
13113053
23724299
27715462
12563741
14821009
20527557
18831439
4326377
26208593
16781348
29424293
3803864
18869108
12759175
23342181
15588896
21926805
19650941
14253515
5600328
11805982
22127848
12036192
166375
15185037
4264242
22062893
25546754
7538
20180839
19517228
12483821
10610650
28363470
25703158
16825160
27223075
17820918
29411123
14986921
13036811
9879650
22939752
3314003
21807901
9874081
9203475
24664967
12785718
188440
14003054
27668516
21884971
27486374
22902857
25684221
27666771
23379248
20353328
3798588
29233499
15668583
6616814
9299249
5899532
13639100
22786995
10787516
92732
9786063
3460076
19366118
15608360
5473883
23785540
6232582
19720875
2570620
17861243
10533251
4118786
24433800
4844609
23670506
14902725
28917522
23573601
16438509
6759054
19516686
9316726
11968213
5114660
25413707
15095214
320720
22768926
27414728
21222800
20485829
19884702
26876882
13451333
5120087
14995529
25301933
2401822
9624334
8540368
9353602
14878608
2783543
28195479
17181845
4740921
16310533
4257797
16565748
17079250
1989578
23890971
24127045
666728
4907926
20424473
12630875
12392215
25592252
3692320
1681177
12574569
13684353
6184371
1231661
25891812
16726843
3259647
5864218
659213
14197400
28284765
27278239
2077636
9401165
7276229
22709334
13502450
13709343
19671090
2560808
10271849
14178659
11654818
23481230
24664009
16687128
19963907
23252346
13135121
24088843
1856191
29347501
18373777
2513273
27607991
11522699
27735142
20205319
17019664
23078174
1262409
22827242
6548944
14801859
7982166
13988665
14022504
24370724
13764396
26058505
5871059
26870471
994620
19971036
26634836
5993417
26745415
6955243
11442371
21650392
125781
19635948
2197273
7920254
24782664
25784898
1688695
20772875
27712367
1673672
10114497
10831775
5866743
27506676
13640589
688157
12901744
21771705
3900434
260322
7909429
1370661
18153984
11224192
518672
23833440
13868631
26591838
9056453
3749620
6817373
6162587
25911064
2224886
26989983
27324490
10671905
26846876
15138358
11983930
19454786
20397951
26655861
28021842
4708454
13870938
12585626
16189458
19294938
8799009
18806460
16847956
19698147
5085823
9666657
19950935
20544323
21007041
29017012
18046918
13840078
28497647
7146548
20592600
19641603
18117722
3696131
13077316
19586823
13422200
26879697
5863423
8248887
11277782
25596475
12659655
2075595
19214266
575111
10128899
22101608
14929211
22373018
21356291
7397584
6356469
28007728
6704097
28606826
10556252
16905405
26146332
25564406
22976912
1925332
7181303
27346331
4820950
10254535
18091310
8430728
16866940
10227429
7644608
6574947
21713797
2497366
10895160
11405199
20183412
2813846
10182703
4242579
5818896
238100
12725452
28812887
24777806
25361130
18791935
18647760
17404130
19479476
19159157
17399474
8504135
486137
2756331
28160733
19992307
2288214
8658188
29932204
21106742
27395339
11088243
25516914
29469839
15436777
5521393
14964001
3757200
4166440
1106463
569432
14070243
13325947
2987153
26377075
372076
3318090
2989374
1220898
21847717
22348463
1520941
10203823
23289248
28724054
9822438
24285122
20669842
12146639
506841
8957509
7856511
16463485
20265176
6736544
29974252
26597255
1681283
793117
26638602
11631354
15971390
5601101
18064848
23676565
5372018
22665958
2644968
22141932
17524672
17209167
18086704
9213113
28444025
28700033
26938480
909174
7416032
19011023
11088872
3469395
15944121
27725770
6371162
25395210
16847283
27845839
21218707
9267868
28684394
20208213
27000609
26460375
1657883
20711764
29630049
26915710
17557839
10189516
12795123
1148198
7755851
19340224
3954534
6026160
26974617
18007501
21374617
3938720
2756539
22661099
12369717
23285328
12127918
2223934
23308247
15359411
19588090
932396
24505102
15990510
29930209
21418854
17171915
10663718
22965129
22040456
11765083
6556183
17644856
5394393
26296650
9611022
1162432
9262959
11467153
12252151
2498859
16209462
20924440
11937255
21086404
9516586
6563248
10685371
23847510
14306885
18789171
24186915
11719713
27006576
3886657
12742040
2822051
26251880
25989700
25399245
10854558
6941801
8040510
14868617
9879656
2985447
14096297
25782599
22155104
19266412
16445045
28831325
12290174
1427209
23007409
16330000
25695832
27202102
2084232
17696669
17222630
20146492
1833890
6232527
17535150
21813050
24348651
15966707
5216310
7804220
28061507
25915845
650278
26389749
8256525
28255793
19088695
15767904
10566656
12495407
6881566
22575643
4209896
20433325
9197422
17107612
1252722
8465483
18401346
6181174
14431812
11051548
15398671
8193979
9484468
12753102
11096182
4991867
15759760
17160349
7716430
27272448
6566495
14389561
20459502
14541394
17234818
23145880
419535
9351953
12255961
9874894
11982701
26966367
10341504
14739221
20527811
10021191
23567744
10832881
2624931
7715983
29321534
1235200
15392705
15568048
6391794
3704706
21731136
11985277
22961581
9193335
23211083
2139607
3309848
8543251
15585543
29000128
7451004
12939621
12095935
3668805
26118885
15788836
21927371
27417659
24265841
15029468
28536324
5362711
15259399
9949126
12703230
2117790
15374540
26340561
26666337
4186195
10613905
20524998
111816
23636841
1486236
14976309
10917327
27873575
28128085
8341524
16171147
594669
8578313
16708700
14942752
1134038
27202108
3621308
13844975
1527529
8419212
20636319
7911669
21678883
28462936
28920330
9816950
17361284
27272507
3268063
24041489
9331912
22712687
9312172
14375630
4808040
29897657
9916736
27742017
5686184
12847804
12789534
10785251
17107466
29388502
2792061
8507601
7017329
27340686
3215354
19513249
5749093
7674160
27404193
22611865
3293335
23040012
14518292
3821968
20656389
26618659
23327924
13584292
5742322
28790995
10458349
5933132
9369965
24361677
261725
9353155
4360170
16019376
20476859
12495488
817517
9297931
6619055
25300955
24936474
26895900
12956517
24789355
22021858
9143980
23620583
27111712
15331526
28535966
19144764
5590764
16668521
15297923
25285750
2881673
29746482
12227018
12142478
13437593
10861456
1048080
24181303
29191105
19913692
13942820
3768623
6887075
14272416
7443783
6951675
12669866
7418613
16832957
8382455
22987114
29191484
14873167
9223986
25692589
10798533
2636248
18110330
19867573
26845838
3965784
8374918
10003746
1386247
1127950
29193982
5897768
27067714
8986074
14508059
22492652
19430521
22182368
5128874
10248021
11561791
26306190
8702253
5398783
29134594
22930907
22951687
1146958
29120081
5545338
27300837
3392572
9949058
23700341
16816389
24598858
11373432
26653122
2856534
9283112
8833107
11811285
25369592
23429089
22633330
18263315
10961212
3510110
17346895
6457818
23757402
9190285
22038263
27926887
4514999
22327256
29162512
10709676
18447713
9796626
13946692
2925067
11022129
25249623
28014035
26841285
29203786
4903610
1531431
476215
18691404
26778404
5045130
23753905
21204139
2529084
9840078
17453835
27784318
16824679
14000131
23967674
14435335
21042688
14222490
27832986
16259666
23985973
27273714
12160025
18090351
26752522
28198366
4431164
4965763
8399194
9888543
22947304
8070928
18662288
27625392
10698413
26907800
21867463
23200412
16098738
23882723
3776219
25392201
11083861
24893543
1944944
28510075
6066277
4058213
10428105
9427078
18972535
13961021
28226092
8535753
9140180
3041575
24800183
853442
20633231
22564049
3395115
5806323
19458682
29290996
3401533
25566526
8676182
14630725
11426797
18059668
4273715
9097358
29402706
12051668
12310672
3554974
6694817
22918829
10730030
13284495
21599452
20294319
22682640
15754203
5928222
3406441
13747576
19640236
10005857
17698470
2089115
8720885
15803293
28320094
7908606
11192167
5914039
15698014
6068317
17588045
14606084
17326132
25800777
9082534
11848504
29195751
14753831
10467598
11465278
2839657
20533275
26535944
22989638
9759872
5166577
3770470
5120946
7924546
6162031
6757443
17667135
21665295
14112608
22776673
22471680
11015205
726477
18345460
24863903
25814609
16922309
1383366
25114850
9141239
12892006
15248167
8677226
13615524
6222477
3339036
11660109
9776457
2080993
4024513
14221754
574565
899373
15492411
26542164
2060809
12855216
26298260
23400357
15618122
12975981
29247958
13895018
3335378
13833614
13319874
16355760
16081436
22757609
4469538
19060383
22036956
3503431
2894292
14763756
29046041
15997288
12611105
8719856
13592837
22745760
1618014
17138001
7173890
29110212
18721320
22818188
14923417
13835367
19900281
10909757
26094663
24797706
18713984
28587151
4243702
11918152
10618705
13652540
4593278
20127788
4559810
5972676
9116794
2151478
26270123
5113332
54470
3137600
22233845
21777625
26546981
14965138
3426419
29412770
12664903
15040046
27970760
8230156
14030522
3686239
28818225
28693068
18469808
21333673
1383674
15945663
21427087
1097124
10204288
23424432
17174678
5163582
28589710
20225693
624053
27470288
17569576
25479565
20091577
23094151
11915237
29497059
27031805
14703322
11891350
8233003
22879103
19286204
15436536
3403121
1487605
28061007
8574846
23878597
12168203
18586053
19910364
13666570
28033038
16046417
1230188
25739627
1194161
3293374
12019467
10803543
25183033
19968861
3104890
28876216
8150348
1624579
13586177
5975218
13897917
2811312
19863303
24611142
11863382
19093355
2783180
19966141
17215018
13374491
8990414
7234206
18969913
10541853
2694444
26220799
27733546
18366834
23902132
14326189
2680489
20523565
2328290
25852075
15825098
27739479
28714725
3455887
1317952
14052724
9083607
9925709
5257763
7860441
13656784
19040871
2764860
12407228
23224791
7710612
2620000
4454442
27348226
17888357
12358230
21299999
22828512
24083956
28661071
18787386
29903679
4781902
13721535
11141679
18151823
24082911
17930119
6557421
18780537
6433293
5263110
11440988
7437702
20796876
16028947
3309889
14783523
9337920
7852190
19668412
29627224
13997441
14262820
22035507
21674707
547205
9531991
6355781
25018694
27600162
6313806
5662461
23867811
21473899
8588514
15032358
4007658
24969270
18309686
21693237
25023849
26639895
12535481
3976757
29299449
28654126
4737767
26012883
14198870
21623028
5332797
18345038
25439256
16093052
4134711
14702647
2829881
25458471
2882111
5009344
20846412
24191766
2002771
16423504
22131519
4331470
9368689
8400705
3556523
28403370
6508833
26100255
24705486
17758155
29062373
28781676
26463270
3120170
2556862
7707859
22397528
29488004
5849099
24780109
13809176
604436
29087631
23661850
17417115
21978764
26652133
27596899
29392218
28150256
5957131
10379557
26902901
5515196
16054129
7049984
7412618
27221461
23790758
19119066
19605766
14747359
21530910
6510484
28623466
11735892
4838614
13359441
21545959
27767613
24551868
12570795
29605678
10048609
21034237
19498435
373769
6239965
15885275
11919702
1933389
8574432
422989
28283300
25615893
16221977
29833554
14150679
2063358
18913837
7862429
24753694
29458293
28013932
6357186
16912867
28212737
19270677
28205407
21101696
22592281
24165662
4577874
28294446
19614942
1295539
17920850
19779645
2566884
24725462
5010732
12821657
21834658
10677406
23455493
15033661
26468038
13422687
25546161
2637129
16353741
16863741
7616158
5058817
7568522
22387595
9014333
22932832
26339737
14099798
234515
21651276
28613302
19604155
8611558
7528392
8515729
4988081
28504674
11002490
19502528
29117242
22309040
3042157
6141849
16379982
13627253
8788614
15879370
21074275
10172494
10725184
10330314
4051277
18929007
2607689
27031281
15658708
4993249
10169685
28560194
24542062
1889327
7754394
1697324
2803997
424376
7234055
21989551
2478283
11578959
4446305
14127364
21428755
19352508
16610823
26460045
14987827
19289122
1657216
17522705
22424531
27795518
11822741
25983560
14978557
8620951
21974255
20665843
18656393
6630708
25126299
18261707
1718828
24354256
29408744
16299243
6937334
26435799
25729612
18430004
12592334
3533447
11062124
15431095
12411710
22374376
4042031
17206626
1755457
23321384
17924421
19008843
19505444
4714451
21277920
21952796
11310188
15606389
13634453
11007341
11124584
28163893
20233614
24413197
10619653
7678875
5873730
28106333
21447746
4274278
5666052
22445127
22878739
6705891
27959000
29526961
1841764
795753
9940999
18117184
28448188
68568
948133
17629614
2388290
20182893
1837226
585981
3607252
17101490
19325332
20805962
5147325
12224914
200189
6216785
3529426
18715539
6572083
23464724
11288474
235550
24245149
1135451
15931298
21483636
9759884
22407052
14617610
25889222
15901998
23035614
2018483
9046636
18520007
23367658
4414432
25830963
3698661
5413818
22731895
25613197
14060312
20518360
24080611
1426199
15098676
11958393
5042130
4556496
17069405
2728385
28435620
29379766
20830163
26863750
18785691
27439559
15241875
9923515
24289512
9685986
23984186
27470826
14696089
6451077
12566779
29948114
17220295
9007174
17107564
13063543
3718606
21220361
12807490
26909867
16347703
12073889
8332842
27409628
7348012
14205023
13624231
1058649
26724401
17890595
23430673
9264264
19315279
1737816
20919652
1400044
24745087
3731574
21422282
14910457
17502408
7935123
24723244
11364602
7505648
17169076
9564893
18209138
10243082
12821800
1794673
15987050
14011759
25621666
26223588
16132550
13483212
12141992
10245472
3830625
3060254
13228158
22177297
4568485
23460265
19260432
8226998
14548725
14099169
4001470
4369775
21401282
25323857
29590163
7656850
4534179
3347680
22997732
18935370
19235511
22680830
16607956
2256129
19144970
13910197
21004458
7547310
15777345
8335491
1843542
18155703
10481760
25161949
14380495
12988845
14132974
5811809
11932565
1131070
5268768
6238281
7814062
2586438
14773431
11971077
9239620
20857616
23335520
13897266
17659477
17585353
14386032
28642543
28944599
1675806
6330531
14365887
26925423
14995584
16216517
2803032
21943415
19452321
10360197
236572
23948393
3722977
21943543
17555236
17860202
8100202
29080259
311240
15423710
9778659
11410871
8650106
7777071
10415447
7308840
25403424
258908
2357417
16778995
1647298
959626
25949691
14291527
26203705
27188556
10348884
15631643
22376297
14100271
21381458
4100714
13209933
4813717
10056426
9490157
14109846
3420319
13104812
324993
26984105
28951956
4421751
29200849
19777567
19801437
23356718
10986618
4802922
21864740
23957623
20107105
28592572
320342
8482395
1210572
13003060
10962707
10791821
16734380
26774624
8275627
9747846
10040677
5877075
19319489
14055191
11141141
7679117
27856168
17520359
13342893
2522907
3406195
18255916
23952716
1110931
9964226
6006405
13900411
24256354
4323341
576780
21691302
23269499
26411797
29513423
18442795
4986363
13151571
3416182
17733279
11490584
29255527
28535494
21220217
23743745
26359498
2337723
6912385
4308549
10314389
29170607
24813376
22457897
5207510
20972870
1182115
1040874
28491124
12641403
14240977
5959380
22669322
390564
13699050
1725819
11298255
17096782
2091843
6418376
27181133
4980218
18940333
4094660
18267757
14537810
22182937
27012219
3224768
26375368
3159504
18534166
7316929
23311339
16075138
16728157
2600301
15225580
25274390
9412684
1858786
17995134
28169573
19623539
18597681
7447858
18188420
74290
3133021
29690201
28789141
21776007
21395648
16524627
17647829
1435100
9627271
12047896
17946125
29877525
17319109
29551282
7911685
636514
3736729
6139950
448925
24569592
1693949
17967319
21871144
26866399
22501113
18750370
24552146
8444405
28845893
2491230
25463798
24110258
9212281
26556839
13292959
6752804
25666212
16523790
17772753
4075757
28149761
2099319
10855236
16712532
598150
21816140
24871573
10322217
28009011
3483756
13186887
22956387
14746194
28955398
20646491
20900612
26195895
2327155
14316389
24561806
14755358
16460524
26726533
10570272
4749625
579021
606889
66955
6490988
11005977
8959447
28374205
19240179
883682
13194059
7689012
11931922
19893151
14388475
27194109
26557226
14649237
13703322
21672838
28304669
28951487
22404938
13956219
24504266
28776333
27426193
19386768
7786688
17633725
17576838
29134076
22108024
29756165
15059710
25621718
27758088
2298019
29056899
12668386
23486989
4750734
18107238
21402521
16869263
17336085
9936583
22097945
7263963
19457441
2898757
20963651
773581
21802462
21636167
29492598
15651543
3730038
9965732
2160561
29551778
14699748
1534661
26016141
2416368
14073576
21156187
10446962
21478996
27344316
7293125
6014326
4099925
20868139
6528478
6897541
1378001
10172045
24383225
26018436
29092105
10551149
11689229
15202521
14911000
13760873
23317843
17618695
8295621
11032907
20576252
22108375
20072535
29203296
6966109
21273845
16643494
16552198
15756586
10208406
6650700
14779346
18636063
17059013
20249760
27742726
1852577
22510600
23465136
15173849
27597005
29970026
15977504
25604015
3123065
17103477
6004567
3230259
820971
2791515
26357950
14800405
11913286
2029453
25408048
3121772
21591544
20047279
18020141
27426598
8750837
20485683
29909718
5631016
24151591
26605580
1096769
12573462
27490090
23020506
26861689
16629928
12004465
11711346
17892947
14870656
9841491
22816110
17607504
18061196
14266742
25919514
28770516
15679582
22701625
10823947
14850220
18954486
22860482
22458536
22942509
5307271
24722375
21015480
13158286
257957
16802551
29206664
3738299
17225855
12011619
19332694
12296363
21695844
13082431
19268697
16183010
28013728
15267049
12562347
15107963
25915848
28122542
13422101
25088836
16835485
27068343
5305804
13599668
19469622
20213578
19696609
23426232
10290779
6225111
9218990
197325
27446594
23395909
1701218
6745445
21015698
20324598
25154545
9156346
28741559
22080825
16749178
4561779
7169304
15868751
7620290
6145233
27682133
13582622
13581244
2158889
25738172
21549017
24858678
150509
2772081
29064809
20551299
26688364
3732518
26605203
24546259
25474674
1434595
1869518
5549671
17992894
17052203
7767105
15832691
2021583
28850519
11316905
25714266
28467746
14310775
28667910
22439003
23619479
29068020
3970293
226820
21430577
782983
557114
17919085
3044444
481571
651799
25143484
11361772
27785915
12427715
15477597
19762804
879936
26020402
25575636
10165873
9206078
12890871
13733046
21265408
29809211
4132361
8463684
11803060
23559213
3073298
12727837
27579050
4824378
14753746
25496287
2074674
16819556
660707
14990002
26408870
21368636
23371946
22000432
7347374
7086764
26323225
4011013
7000693
4637800
2332172
27278556
3639272
18968959
12556570
10267042
29636603
6838888
25920538
11339105
5411672
445464
2631592
5227964
18064789
19994616
23380540
17636250
10591138
13883891
7448749
3159319
564816
182279
26201646
671294
13971000
13537855
12928858
4171374
26581758
18029717
15349770
2015232
26203943
20081767
28680126
25236335
14952163
13851245
12560630
19908596
14844970
8032440
21396703
15236530
10893158
16114927
22338365
16267972
7380384
4868517
3757390
5171903
22000013
12454891
22020115
25949475
11375698
744685
13998121
6722139
13419723
1668489
18764578
22918578
17126298
22909235
19118763
28600554
3541995
131733
29122158
19037770
12398641
2143738
17542478
21748717
18865128
9218698
29620175
25324394
27216085
7336249
26289945
931198
4378328
17867708
10625312
4734538
20409442
29070094
20561178
8902957
7237444
24953301
5702582
3733715
27028171
17323716
9927544
20570623
13373416
19560362
18245479
2466217
13779489
17970648
18457788
3257099
25701003
20372888
589424
22994973
27870740
16770622
15878924
26887303
7597791
7622141
27853047
28203446
21274913
15643966
10618951
16288179
4021870
14920337
15931665
7959403
13261417
15582907
16177751
10957183
7600790
24024048
7823592
28027223
21969461
28890154
25942542
5680851
14371312
11590159
28645051
11370748
19505039
24245001
1043056
25310534
29975325
3903736
11919357
14370116
653501
22301866
12911302
4934283
15421244
5464695
13185888
797691
11188255
11270687
14000781
17940802
7083412
22758527
28627212
105084
27019724
26223069
3617699
13434147
797811
26821947
24799618
9026359
9261229
13509274
26773774
9119408
28207182
16652505
22716102
9201523
10771472
7542283
12695844
13373002
15296919
6430076
21800597
2974425
21874112
19755730
5925202
27992249
4540905
14817138
28009690
14703882
15188460
22517994
25405643
23295937
24056520
8728792
28517032
11405077
9835479
693109
3510060
28712455
21293799
26537114
23787726
26031574
17023845
10678718
10063373
12586057
14564181
653048
322154
8138287
9149575
9215846
10485233
9147123
21089519
26912181
22295522
28905240
18781991
8801221
29028107
2318190
20634665
25408685
22788582
13747763
2166045
14047592
10381436
26441
9254454
15735620
11190059
17200544
27300509
8408472
13809337
16174484
2867566
205853
12978782
26263303
9076344
398795
25414542
23205522
113062
755890
19592434
25804504
17185923
5551038
11763203
20603497
25210734
14299355
20332007
6701
20742547
29819786
29155161
27401180
14910736
17962189
3399644
12018529
29452164
985304
21580892
8054167
3890106
26474026
2486917
28682998
25520103
17122625
17703045
10218064
12427719
9122708
5340751
21950821
21269638
26219418
24846084
10784348
25692370
10389763
233019
14147617
11424079
21887578
12356534
2535170
21728989
27633012
28401172
27667832
22131643
13746782
27467562
489813
696346
7021878
7948765
8082285
24409865
26640305
7451807
22675671
11293316
2314816
4389157
15947978
10437866
23686294
26486091
12018531
11284071
13013814
12283505
6030101
17672999
24706082
26598465
27997918
4655227
18721278
7692762
15078969
12153368
29863901
7442171
7166036
24528011
8529956
23024100
23080452
9103551
691318
19392676
11987358
2543502
9780324
2448974
5531403
29075356
24758514
13812367
9500600
10793803
1444828
17927079
24784202
9054129
15711684
29990208
10507757
6569801
14787103
11591790
17271674
6355859
29283427
1335454
3386378
13697673
205427
7763282
71898
10963339
11725899
29133243
3638480
20071356
259695
15899177
26413135
8072657
20884116
5560090
17262424
26676203
3595908
23601948
10934852
15956949
10808848
19890962
22150040
25413034
29827699
22779467
18767477
16372123
26249050
11510474
28512341
12288932
14965926
18998277
13775066
18463527
9271513
21124565
14006442
24631887
15834081
28751726
6248529
3598464
20683449
9296583
6490372
21077496
22762376
19457881
6586387
13412232
8804083
941431
8178012
913235
20098719
12365002
7511651
5887591
4556463
18345352
12081006
2486639
3253151
2149974
2242524
1610954
11637599
3490913
19907157
9576603
14751007
27445202
1497803
7164544
18457846
20262728
4329599
10075305
25461694
26508828
8982167
6739495
28745684
18737802
1532843
12352673
5602120
26309183
15297961
22595652
9688801
8730006
10397722
7392918
2820153
18969122
25176173
25397963
873328
23469807
29547878
3009479
386045
7178339
14551786
5642929
19970006
23513857
6744086
1181508
18947193
25473693
25511364
16632730
26862379
681966
28341062
27719000
28048993
22051409
21097858
19946351
10119651
3904866
24439670
29169193
28439636
20791269
9959701
4352748
17216080
23318623
14340528
8409616
9569261
9222043
4752415
26382307
2400014
20921766
26396562
17369376
147030
29886464
4685710
24060600
11171678
27244377
24851250
29705357
13910303
19206169
17217625
739025
15260091
7753728
1057990
23401337
14486207
14708724
15584266
6175651
25453746
12598200
4189529
21845557
29563304
21229093
19062984
7291223
22735990
22174511
9206670
17246281
24848163
9414019
24295711
5144927
16019624
8319366
13123143
22618066
20286542
27204029
22246303
18145313
18652923
4895586
6251367
13314064
7103548
5857298
8971727
7034173
22865246
3196715
27747353
28393381
5756345
13978573
24921554
29789551
12836028
22959926
23387804
29984131
8213212
16721134
16138295
29133149
4732739
8400115
9311360
11460007
8710086
15245125
14995506
17644917
16356883
23389486
23248405
21460231
2480323
2240950
3334860
11575219
6581330
28145698
8277881
15769929
16109343
4650690
27977363
24556108
7761779
6518489
15080953
24212200
19293674
9068791
21169062
23072691
6300823
8588545
8349853
834446
28760119
28170847
1084906
8966536
20774215
219118
5284587
11995200
2592165
28107875
1882192
21412933
15869318
27681588
285933
372692
22409600
29554220
21446442
21257492
22044968
1346129
9617187
19996057
7969891
8612819
22702319
13261903
29609680
13360557
646819
14557175
11560972
14898504
4653603
15497018
442721
2605393
2619525
20199014
5003128
25277830
28376152
11939976
1522860
2370217
1888190
21784788
11087249
4020153
23322455
614980
27322605
2538387
19673979
7400822
10954423
28548484
18948719
6178515
10340192
18871657
12704352
18496285
12840564
29314170
22244058
14377238
6333918
4580561
10382960
19208587
24147857
29470094
7164366
8008303
7779956
25239005
8985780
28399017
18697497
20209451
16593906
8012181
870731
18792507
6533184
2482923
11882347
27614848
23286452
14510176
14474298
28529425
6196442
20654778
1221624
2877916
20390622
13140708
19305487
22200843
11723556
23352945
22951866
4049605
22974790
25779034
4513939
1461796
27725103
18926542
25803449
8109405
22183693
3104749
18499028
11816285
16684869
11504180
26029527
26545194
20035055
11370590
5220768
18667371
18731785
23134507
25498717
2970349
14402809
26956711
23842539
20768139
28135945
18770102
10444927
15342831
17394799
21256898
15374309
5812457
11412269
8779468
1610819
20843229
8151973
11836133
2017482
8970354
8928869
7644908
26352149
12463847
5330960
6767617
25242362
27959565
19225634
1667279
2597424
25573607
23436185
458034
15453396
18210878
11617061
24937926
19824866
12966615
27207854
26089108
1054213
8545260
10937919
1322079
18983878
26165469
26563420
15754408
19392276
3461719
5487115
11573665
22936117
5293459
16846104
23739844
17113421
4154932
12553711
28788801
3726475
29080016
5081841
1911571
12437785
8671661
5220036
20937391
23844692
2440066
20629531
8767443
6311471
10434405
13809238
4059559
15631588
28393858
23305654
27709435
18143050
24603427
786303
22316114
23196298
23867341
2957085
8641352
19897566
22709093
12969521
20636132
13089016
27394937
23250949
26213637
6454564
10521134
6416073
5669231
7151628
16233532
13177121
10705448
4061907
2730684
27526086
9482919
4001944
12472173
1973011
10257691
9185544
26601956
22621074
13981545
21220159
24285600
6725245
3128454
16723919
3595434
21055309
20692222
21105754
18310042
28378292
26687473
19440835
3544218
20016699
19244750
13452251
22383687
29796315
16130859
23684476
5148795
4301290
14135394
15146399
896370
14482837
9436082
23908458
17248232
29529109
4323698
92384
1149776
18564385
371215
12183322
18287741
25730085
15854972
15217353
12416179
10261788
3128794
29620323
22040683
4066373
27728001
19259194
24886516
2399236
18961986
11685017
19665726
20023831
12749635
7466586
6271246
9816609
25751283
843982
26073145
15549807
4173823
19393047
23319170
21364816
8720763
10275563
14505410
6669534
16396868
25231575
6923291
13536001
2474655
25700971
24174177
18048237
19103799
4894149
25077545
28498433
12293793
8526259
1070186
8629398
10367674
18718368
18528701
28455847
17532389
13643625
10956783
19120495
4727396
7587189
20668942
29847778
28609799
8545467
4419314
25630457
857677
18079393
27691207
29681524
5064974
7106991
11950354
12640416
3112890
19610544
11947253
13760513
4300226
12677758
26589273
22427835
16501618
4206801
381899
9017127
24928285
17693207
29830679
1916970
13373747
21514956
620012
7404398
7957253
67083
1769547
4091784
4093978
29290940
24430548
5370649
15906176
25386266
4317204
333825
27545987
22993487
24358563
11013037
23617444
4411484
27477320
13968597
725683
1821922
13560847
10345542
12876643
25283488
9126929
22148283
17128919
13903370
15803021
9773847
29991656
28975758
16858690
2130215
12341759
13452658
23625051
11574133
15882479
25608883
23407766
9504630
17721489
4448323
27272745
20809216
7015470
13237083
8975856
3552784
5744155
27465516
26536449
20185860
15986291
27133512
635495
14119298
11543336
13298870
8954896
1568358
10513461
23026433
938588
14452102
1963702
25858244
4275413
1531783
11071825
2330672
21697978
3232209
494768
27844808
2554442
13777961
17081449
20957076
2428430
4289302
29414590
29743050
418017
15864542
27199850
22023790
15986098
12778978
11272575
29898345
25275598
16938258
7731006
26500555
22045873
23091231
2052984
20282928
14259006
24585148
27944049
1238589
17020097
7685985
15523020
29383563
18286603
20969672
2818270
16866006
3539798
24124794
27290245
28200103
23844587
12063552
17814535
21132704
18703809
23432355
19993453
11033926
25114223
18992500
24567003
19173127
1826111
27388390
23868713
2424883
10682714
4687056
7447482
3605468
21954401
10181979
29973820
20528966
10326108
1979263
25611734
10817910
23199854
15815409
16373528
27131217
3497929
2753350
20894264
25955802
15811886
18101048
26313461
11478620
21555908
5818058
21088251
24119145
8209095
1315411
16804721
23781854
13542000
20296780
13286589
12627998
19336609
4315660
9494448
15213358
7140876
18194936
16163334
19509245
4534737
13211522
24805965
13492378
29172466
18189545
19149651
19173758
7608502
15046626
9015024
5043839
2244817
27125742
27949632
19657725
25612748
4996905
20400515
1814826
27519925
17057913
26072914
6987658
15301240
16927864
25387969
29376178
10501459
2812351
12285454
17748438
18794794
17825957
9068494
20924465
24932216
7852404
23089273
9802932
23756301
17272798
17235446
9574440
3008612
14673589
9890705
14300757
28097774
4167297
16320275
27350542
24350538
7056198
16316025
18556659
7043223
15686887
17658505
23863764
23415073
17121018
3927039
21227029
24642922
29067136
13370023
23418418
12762339
20262851
11561614
29181331
22215733
19757287
15109851
23233010
15960989
9215389
19542970
28048197
16978928
26830727
14548655
26321561
22179646
24215310
23434575
17927316
13877044
23470957
29827073
13527956
2178880
17330553
9919196
14610971
14113372
20857708
5805931
5203770
6248861
3098901
7259325
16985607
8658198
22577960
29712064
8291844
11997058
8056422
12128661
5376729
17336515
5382795
1486678
4845378
23429981
4089686
4571013
21234572
16615474
6281793
17927996
324354
509861
9877904
24526172
17557799
15856389
18075287
14483848
16420532
8060043
16020019
7016206
11909504
18767277
25134431
17296399
22394097
18319065
21381559
10206594
19321960
15149838
15192586
14007203
17265445
29260440
16273991
22854608
17551598
8023347
4292803
9983353
25983385
26291300
25230545
1601950
6270229
9861409
19307206
26819072
14481870
6308430
23408954
24441611
2002100
5267898
3180244
6489115
8041026
14696148
15075083
16869727
6402950
29179611
14768451
8852758
25154738
1060020
24010924
3789863
24181173
24279337
19916141
10580901
12525816
4358614
13375359
9031881
21677906
10126588
9679922
24832356
3137884
7972865
26684873
29617989
637843
1829651
17107359
15397585
27344625
18643757
19402831
12501540
18811793
22196443
10333560
35591
16435557
18156830
19263830
16521422
14822263
24343169
23519613
27799856
14827258
5763059
4462023
28012844
2852899
26709362
6306705
24650026
17815546
13242090
9226205
3381775
12433329
24187570
18615633
15006499
6975642
9694629
21338795
12604226
3207056
12602754
21934643
26029724
16570549
9339221
26972043
13461357
12929221
7076709
14875164
24617858
21762404
14664411
10609767
24117900
8776216
10627984
3473485
15198868
2859721
19822392
27600591
16055292
27342644
20337930
4737268
26749998
18784199
16861920
18165948
9509820
26714634
4519182
26481471
21249337
16107476
10096954
22408326
6497853
7475720
27476924
2676925
15636940
19337463
12529731
693158
2377364
29689701
29616463
17680247
27803274
11453307
6090682
27409747
13784723
10333194
6998699
13023158
16023394
385797
2916977
235425
15848035
27345474
18731388
28315636
10694773
24779429
4627837
28724644
13681488
14674752
29623226
8400394
28384912
9419394
18500730
25360303
12674737
28038902
10048305
22775145
27212019
25944272
13118886
13329265
12056023
4451984
2844038
15597490
8949697
20982089
8513459
24458174
18629401
22464951
28613163
21452082
21862218
25253865
5670391
27544676
8884621
14617966
14885102
6472673
5333380
18109699
25874545
8566178
4996255
14855705
5535433
25744880
1453321
25670924
7394896
22467727
21532785
12184193
13151545
21078246
19853933
3411846
2221488
14334241
15624727
17413458
6985129
5110220
3993349
20888554
24193387
5906679
12320194
20211458
21983353
5000494
12662553
6425367
9968302
1614797
29559195
19489211
20118176
26064842
7288885
21901896
22255012
7977767
21506521
21459516
21687034
2114792
20619867
21999079
1766385
20284589
14699136
21424663
12347548
8179652
27507450
14524522
8364853
18764452
29155645
3462240
19744476
18984909
19755848
21720278
18124441
4101848
20364106
5847503
23350720
5047189
8234350
19751190
27301697
5013707
5340322
10536842
26230741
14411368
11069926
828407
29743805
20708027
4897943
29127261
12244541
25347960
17137999
15214348
13662076
15120295
25875918
14682775
21631328
3431018
22459838
17680845
25800994
2067339
26860189
1376910
2233580
19221671
2121512
28731866
29090444
11846845
20526432
1198573
1739488
16975108
10259643
19287561
8767829
27576200
15836999
13962020
4148523
24073163
3232340
13249349
5202534
7256796
13630598
19453411
13255287
28385148
14489513
8040204
29047229
7709001
13503056
8482217
20103674
28979747
16965360
308347
5034802
17456033
7778035
21148312
18447982
3431388
10129462
17758657
15709810
24399343
12589384
27293084
22673988
22105603
25559617
27840319
18883921
2102128
14992300
27058876
13179866
14848086
20314814
13527367
4980934
25909525
3989928
29809780
3050056
26371636
12637487
5189860
9826658
22492451
2575562
10570989
20259812
5252050
16619649
24211708
21110882
24421466
1354893
7748362
17562538
11751100
26137468
22987206
26230132
15063298
9964776
29016525
6449136
8218539
22948373
21352611
14381505
13322880
9753880
10012281
81225
6057155
15001833
23552163
21335959
23246582
19764190
4633508
15024429
24655725
411884
26744700
27031088
24645498
4044908
2181753
524846
20941545
11946314
12015094
13008334
7819104
17144267
22769760
12054550
27921622
27727961
11479546
571361
17605368
8993492
1029719
28116586
14000514
9622469
17111258
27628025
17550066
8386852
22062270
22941086
23607871
16299328
23687992
29839143
13779519
20448965
19909586
7516677
26037176
19236954
21315206
27148355
24138768
2706339
18075548
6009556
13140841
24660647
22757893
14864856
12461674
21501901
14016993
598277
11127864
5778412
18351595
9716620
26980604
3013019
25452814
20340805
19769339
18849945
4114932
12594011
6036714
15790255
26835154
13470009
6467311
191865
28763864
17217352
10176915
5148202
29133525
19910983
6640045
13818496
2937186
22996048
12237107
27141177
6224870
6964269
8352256
1355743
2267467
7852576
24967466
27727355
5090805
26714842
3292117
26623368
15994608
15269291
20697702
24201786
11595499
10179756
482243
7262230
24698823
19139139
23276052
6092063
13621366
2584033
27765549
7311742
24449298
22576163
27297084
8718006
16064914
20220745
11062112
11162645
9340733
6486588
832766
5403504
26051841
16673982
9132822
18597169
15121811
4112228
14165098
20904583
13335161
18851364
11848419
28790411
463828
18016559
7270782
24989740
17213498
3811863
25248741
15948706
15242818
12050269
25351390
8426436
17974649
25431881
7837326
22045722
17289042
18304478
8012775
20007745
20483884
7150378
21275306
13960557
13503437
27294786
25160043
19642949
20955414
12071625
13832992
4252828
15930139
10829310
16947565
21616118
9615516
14211815
14570971
29382004
28437352
11294292
21205650
12629984
2829690
3740474
7024053
13418163
24159029
22821534
5411302
29334814
28666797
24919596
5870081
14321070
2562410
5531244
20212392
10748317
10242338
5196393
11429378
289922
4038415
13596238
28876264
28280394
19214922
6125995
3289513
4384604
21661383
19405034
28443976
14702591
5078863
24321485
19266382
6236031
8593232
8999652
23860233
17478091
6031603
12160358
18139682
12087578
21819340
11353474
7562810
4662079
13320694
7982838
3387890
22857351
8464600
28441970
12427801
20962285
1434095
24447304
13794461
29500656
26402952
24472684
17087385
20610267
29332452
22060488
7436198
18197762
10448346
17977539
18784964
4077192
28068505
18360387
14755945
19877281
16706285
15802384
17068699
15385754
29625045
16407226
17409659
15997959
27856978
21676206
8214216
13843101
16694649
9268639
18638090
29302890
9120672
10537891
16238263
18719332
1851502
6673723
24926020
24176283
5262625
25333691
21647627
15057274
4634107
21046725
11771149
26947036
14693060
6948574
13658535
40804
10826688
20336058
11628052
2561537
285205
26850380
3660085
12105648
14163520
2936336
10875544
22459989
29977204
4813354
22672934
16921409
27401020
14233421
21192601
2297771
4669762
29668557
891408
9023342
3738625
10607967
15250156
13749929
12769167
27506957
3955441
25662541
24017856
18924473
27321673
1232125
3017213
16081697
19872538
10885228
9716058
6660856
17446725
864887
6495779
17383391
5437902
24127722
22527922
19396184
7258387
25968875
11123478
3104201
14760511
27861874
6226718
29444805
11651178
14978804
8928821
16412005
20671758
12794447
1607465
16016291
17689590
19127413
15047368
27534617
4899391
6611657
3299571
25200369
25091910
3632697
23031861
21652866
29396692
16680210
14027008
27660674
15880826
19359255
27812905
13513893
21962674
9070981
12773658
4074716
12965382
17674524
21237389
24756907
9519656
3676336
27662534
7281210
10021460
24739962
11016725
26889760
25784860
1931055
1406946
13487724
12461993
18772125
15234251
18499161
24557696
4593539
19245410
6153447
26188206
27157868
4694887
773395
7187128
16856175
18525796
18039746
24722377
5510959
16137122
25433501
26207144
6402872
24026200
15323105
21288461
10734727
23244151
8432938
15133864
21690841
14170689
10294683
28034418
14376423
2671673
12112631
23429184
4527624
10083873
4648232
19100769
22774720
3355745
8084209
3911775
10610647
25409063
7254023
3517191
10455658
20893042
7674950
4110234
4477973
27355043
21909025
18356544
2002267
11984214
4638996
22401751
20421874
27304209
12469194
21414607
22924269
20794611
13452298
18865961
25739032
12739214
19800600
5057535
29662234
28160594
1586259
5800961
28235500
14324757
1582405
2395138
196157
11714761
27914465
19811020
10231140
19899272
12306933
29541628
21604671
13762001
21399905
13554564
28962580
3219192
7637195
17319241
13904929
25503757
27240290
11608656
12398981
6940690
18720184
27061832
26580404
8528360
21935375
21456101
26652181
29206746
24353929
8384479
12406343
16466371
16686420
4833297
5668273
8078829
28338870
860755
14498289
8639777
15753022
18263903
4517123
7150553
10543427
10821557
19721065
13616977
17740572
29839834
22946161
9352120
27250435
13170566
13311068
24156436
6152876
10761941
25368593
16374819
12331852
5527902
2248622
5462997
11927475
17243689
6986064
29830995
21294215
5964486
21328572
9210888
24073504
17092549
10247830
10468934
49425
18969046
20877411
19160886
14311106
10044381
10044940
9843011
1711250
18416513
5344529
15449596
22453771
6782794
19487758
12412414
1643750
22548494
7833972
29411610
12976905
20425342
13563573
18356895
26717432
2083734
25652796
25887766
17215984
19536974
27390541
24664118
16970042
17810225
25106915
23021987
14885217
6853537
9859915
20351639
20897003
4675299
6608922
27167041
22071164
1118441
11960637
23277261
16884199
18996131
15329385
19362521
24046175
27205807
3004750
20285699
20715950
17406665
17634264
27162047
29021964
22082829
21734523
83723
10344256
16233527
6893550
4106224
16033355
18290560
10163416
909602
25508378
11842445
13860208
1647809
21227238
25308306
6094271
10837752
20435876
6932905
26394193
6185798
10708060
25665734
19340312
651521
9168640
13773365
28028803
23687469
5948900
26474362
26068004
730782
14685086
4394961
26858898
14252454
19555640
26486973
18399068
11422407
14480888
11540836
26376252
641197
27281073
28534767
24490568
20417078
14654648
12922264
16198515
13701118
27533418
14769862
29810905
10267206
82920
28599305
6963273
26779480
24223544
20191131
28405672
3940552
17389627
3277929
25591033
23683868
3616614
11079818
7711577
19607120
4343218
26889977
5218066
19049471
2428042
10753473
7923316
17608807
5596606
29482055
23264177
21844025
7942250
5754542
10559612
16484935
13690603
17260834
1526851
7758017
7338211
27836134
21000554
8902210
18024973
14473223
24643777
1520801
18651704
11872188
28933153
7573318
9820124
11458746
12332036
21657030
18187488
1680748
25876815
28577452
15308618
29766844
24893450
8627289
3167598
11516940
25931978
16741317
17923380
20888207
20784090
3842521
13182594
7908955
20182399
27200273
6736708
11460946
12124805
25118195
20839545
20459513
26457757
17079319
5401813
788266
18848723
6380194
10315985
15552174
22685999
9667267
16994251
27245997
29794709
4182738
25046753
11759393
4284604
16891699
1226197
20635772
12853407
21625917
6313598
13517831
1941874
426241
19932662
13000705
24171482
9651454
5537485
28252184
15246005
16178516
14406799
22677941
22329461
26941940
6178854
2386100
3138105
11660007
5874034
21218978
24834906
20034521
11237570
28478408
28683865
26247064
9343254
19646865
20970581
15755663
6990732
15459181
25746580
27844645
4634788
3107785
24638419
11109906
10777725
27586181
26464676
4591933
3760260
6420991
14426710
15323399
19834860
7515996
16259250
317716
6020219
24786320
17386620
5295563
23831064
5452383
13624424
14953336
19047751
8783386
9359632
20734016
7493533
1002968
18326434
1189267
25879723
23734663
16357738
23671026
20735271
6295955
18183174
28478317
28421364
5128975
2349281
13890200
15783889
29068608
6238455
10583646
10198693
27069796
22895095
9514694
2809451
23741740
18256198
8395722
23797882
19892105
1843835
8370002
7671086
13565525
28121792
946281
28067338
24401816
9901284
28608906
6620487
23182190
22557508
16307681
3325172
3761254
22618035
3608303
7268881
7278109
20582820
25533514
14917707
3603407
24565780
17381027
7077293
18262665
4341615
17813701
21163807
1276898
28931771
21680836
27484373
17395933
13928411
11440231
21452607
22164034
28490256
6468230
8660893
2707220
28894039
69982
26602668
3377495
2455816
9502530
20231543
20533197
11480366
23315489
18545173
10795022
13024605
6924369
8446359
5141111
19932088
19719185
23130213
12100256
4548167
8950150
22823445
13940865
23487778
11754008
11980284
17260428
24010127
12891733
28174842
21345864
24952338
5621636
13152899
6169578
9330672
14963436
21175890
23237572
11139079
21077189
1919407
20341875
3216148
25909910
23888385
18786109
23072603
16795311
4577855
18677846
9371066
8580554
16578522
11722601
27677838
19119405
4993812
7997053
31258
19817302
13153994
3786572
7430892
9720500
15837954
13430185
5420483
18501474
24002249
9122479
10620537
20116374
26260476
24114869
13884484
8808283
190197
5370437
24801287
1371992
1294716
8707543
20736768
24128904
21647003
23142350
23899305
14901734
5503536
7772336
7210506
3544568
14380167
16482558
574843
661014
12218042
29473664
4983278
2675224
11038031
9235395
11812714
25805325
15382359
27742612
11495869
12258492
22660960
26079391
17647735
12175062
10137026
12823177
21741288
17189548
3535177
20696557
4285119
19434138
5965962
14754199
16258299
25970991
21695228
6304819
17367000
22749274
17423115
29328884
1636278
26178265
546592
24215733
3774150
26833045
28650324
16761519
29797963
24370045
3480174
1433812
6643265
4927690
9283669
5728387
10645402
2256361
25090938
14527469
9644955
23513853
12851163
7227610
9830523
18855791
29486884
23273981
24261095
5500708
21146282
6482850
24987570
321853
3570638
6485493
1749327
5730648
241394
8869575
5069007
9856946
17380151
10490577
7828408
337539
3891066
17478589
26290119
11118111
17979457
19763757
8749323
26492561
21897914
26840545
17602780
21217738
4920620
13704715
1363016
4897433
7422538
7392687
13215814
26582662
26014564
19100729
28193136
28250001
27371153
2231986
23358852
23327449
3198281
13767702
19741931
22152805
6889857
27528836
7007085
8890396
9268583
22581411
10631056
28722838
26848162
16813978
22121870
1077020
24728050
8046563
15803010
14776636
25031390
24072931
12294058
948853
6735359
4424594
13317709
18874913
26416725
2160414
15208438
20680373
26863357
28753110
18838647
25507909
19185979
13191320
28973492
5798404
17272219
27283655
15460292
26673679
51249
28821605
24246365
22420007
22290746
8742400
16621357
17574814
2313450
4983408
29033561
21298750
22853063
29747071
5241539
29329505
29184907
13922170
12710163
2752332
17080690
29500584
27254477
9207478
7348842
7947183
1770637
16314972
28139727
21280618
14886988
3187307
17611275
24592467
27367449
10060467
12831883
3922601
27210082
5730635
26088038
3591776
19143253
12477314
5830180
7376762
16133064
21679582
27298023
13836028
6074890
8638364
16254636
29015220
27389576
24060987
27617364
10665683
7194732
11546343
15667667
29545172
25742510
23593948
7577569
21070804
5212136
12106071
20933971
11423584
1398021
24547078
567640
23193067
18622168
1464572
19989751
5345458
18535784
18307143
967335
12559331
17239189
18083986
13671471
15862487
26145725
3449493
24406392
11023167
16520125
14575703
19072100
29231088
2669908
10853964
1224144
18812545
10011586
22869488
14139848
20054249
8562255
51749
4791225
12254154
9645863
5483732
18911437
3084994
5601944
1320889
3947300
21675648
3177861
783360
3274729
18517675
27111103
25222121
1817892
27531005
25855176
5423354
27126708
13118004
20101128
7884276
8527996
2301388
12071831
5253403
14291719
11879600
6732528
7424684
4401116
4606015
1571323
1730874
14008183
16213733
13435620
29205488
22917863
28983562
22755881
19591418
5231623
20676416
16329194
18953680
27163873
17117188
8126160
7487180
1431741
4551655
485991
27766365
22059359
420401
3646588
23491034
20726607
24432180
11503886
19625746
10635712
8662081
18832331
12803402
5653488
17876023
8893105
26663441
2493340
15373562
21933679
19500376
15578831
29848330
9181995
7123494
29005242
28385171
2417917
12107177
7210681
16541822
11540704
23899034
10136996
8352031
21782495
19951994
28998405
1912793
15503210
4045316
18791650
4742277
12237860
15442774
6517403
9742942
10419828
4243467
27481101
8468280
4432512
15877002
29180269
13809161
18725500
14133281
1888008
15891745
19531650
6337267
12205549
25407541
14414988
12075205
24755021
7742663
11898831
4917127
16091488
1611196
17022202
15692503
24460657
7849346
1955041
5387887
10634043
6246639
23298496
7414194
19109558
15108208
21309926
24093052
15365744
22287659
2484854
14801768
17067932
5382489
583527
10831791
10057763
23159246
16120355
1499550
28848666
21264322
13748370
4615845
21848274
20891019
21131123
589828
23221274
19809714
5821694
3022169
18360159
20883781
19552357
28083310
4587141
15713307
4454158
15001941
16404658
256000
23083642
232178
4208300
22076128
29424265
10717513
804976
17017652
3859327
2870847
2652927
18168512
27308624
13818972
19013114
23443881
20029297
22194070
8482820
10436487
16033170
18751073
23464198
3197576
7277916
28522156
10556981
14124493
27781253
28019136
24819737
24279629
14549383
18193675
5933352
15476051
6333473
23650392
29962743
15934305
20823508
22821874
27554137
23769680
11664396
25839752
24122462
19441588
13816211
14926835
7333782
25736161
27157114
15406058
23748745
26124222
22109238
8313000
9396810
13528884
6673420
15198832
21100612
11470997
1681214
26986888
280807
3302676
25277716
4768729
22809741
11355619
20508688
26294693
16949465
21905679
1475800
8175201
24964646
9430637
12028886
19331387
16289451
13025265
20351913
17458275
10395396
2217306
10673501
13023799
3449181
17107015
275641
3669166
4579661
17890810
24329090
28275518
10915247
24523563
14154124
6655471
17021748
19135634
29654968
8249497
15494085
25431512
8357296
6446459
23889975
17812925
27731168
14462561
26398989
829803
21238602
21470307
14803895
8939016
6067519
15676246
22893311
27716129
6858462
12761483
1199824
9560951
24827540
8887212
16902043
23947907
10172310
22801889
27658909
7720967
29510086
7061638
18587628
687649
2141657
26885052
1970506
6877327
15302441
8623142
9175907
20124104
4355312
6827348
14890116
8610424
11403968
18010512
26880952
11966470
9877527
22305079
16842098
22664136
16655585
16267086
15720990
19029545
13507478
28087408
22556194
1984407
13524779
20078408
26236834
26533441
7706844
29811703
7517033
11955030
25298239
22186621
14848408
20999453
27564981
46934
14479365
18944588
12911350
24260201
2968606
11172757
27451954
17290309
483485
23877653
27766576
5286699
29795374
22549136
12082960
6554334
19567617
10865661
16465737
7021426
25802363
25604502
11353713
18885675
4623753
27921161
16930138
24612533
21455728
25454920
7827543
27845655
2494295
7148494
21333216
8890440
7972716
21292274
2453636
1203648
10892875
19785810
5895157
8832500
3096892
27715682
5883396
19460375
22583915
2905815
12571212
17882968
262448
1362865
4108407
2096041
9958911
24673162
14094947
29283614
5310627
21237004
9471161
1338263
18397294
16550942
5019731
16003175
16450046
24513569
1321422
24220611
16293851
591603
16031321
13782354
29715337
629113
27481794
734421
21784520
4106819
22280804
24219600
2946221
3176464
5647636
13486580
9525750
27403657
1110500
25318351
328908
17660289
3693145
27505478
25915344
19720058
14325846
17740340
10632041
8452511
20865949
11848472
23028096
13657226
17272901
26611900
2811431
25752644
29079049
22695431
29143744
18748807
17049752
20617674
1127381
18487657
13448627
9326106
7519492
25873796
2990870
19836412
3186103
14753514
7644838
13689562
17468828
20159028
25663418
24279686
28523716
11290511
20682288
3847064
2020614
2980568
7392420
10388430
15700185
25752217
1358102
16255071
1016157
990852
19936092
8405085
26386149
9868443
26482216
3814674
16109264
16433623
20790161
8202140
9091278
8740281
14777206
8033047
18510027
17105397
2638468
19933797
24816766
27561364
16201293
20096786
23922168
6277296
6547544
16239180
11725024
17321535
18024431
7776929
15041090
3017707
28641780
2900234
14211105
10787914
10344112
28174783
24077834
954690
13556397
7420957
14941739
8196753
10227553
2244693
26849803
21904187
12369909
14853700
5774961
3338129
6405554
17709934
826451
14653061
5086894
12239249
10892107
5847382
28247549
15814839
1496988
12563493
11216093
20444309
27466024
24214103
5684717
16671425
24214228
22105844
11509439
26392874
16065072
18735623
2176379
12664667
7873154
16316903
5964192
22255821
2181710
17882056
26368743
20262461
7817462
18473932
21053100
4785199
7773829
16243283
14275568
22650716
7584332
10695624
14966493
655513
14359920
7968151
29318126
10896520
8799725
5762222
15794365
2179916
18033785
13070700
8882370
12756984
3383863
6968024
26056324
18911461
25171538
19371019
25993767
11788943
3689511
21279190
26887242
12055166
10189034
25056118
3402287
16813552
10292652
27360301
26901120
3014788
3000188
20173111
19269200
6483958
4537656
13897125
21689891
9638110
3463623
3459272
11310950
1262836
18524217
9148006
1540688
11884962
12724428
29518035
17318185
24232910
23745670
12071649
17713709
20448411
4345362
21800016
15468258
12675734
16500772
25369035
12998596
26162900
8731886
16720873
5687704
10893148
7255485
1759672
2012008
8378029
18060894
3882414
13713490
190767
14659442
18722083
7962407
23237313
21594241
12105238
27228695
16559966
71059
13071015
5548277
14879184
22514951
1956778
10324963
25586820
13781905
20766987
6265662
14882811
18882051
28092788
10364819
2823619
15439602
2697325
25003938
9560117
6229261
26105154
5876908
5013819
6059346
264545
10861370
955569
2234455
23433811
1154066
24259035
6611765
12964794
615268
27656055
9425522
26006131
2921245
7928304
623414
4816520
21223550
23903248
28017606
28025748
9543949
15319364
616743
12469019
18863327
10950399
4210475
5987355
19788226
1603049
18797032
13617342
13300357
26471817
12876890
25436987
11463140
14363459
18961631
23290734
16707650
189701
26745878
26320999
15829370
12289668
17516359
16453142
28394487
24819034
10236754
22444099
23714109
19899411
11428460
14973694
4173915
10671930
20549329
13581447
255118
25520746
21556268
14777483
10852039
21981789
23772146
29439215
7045322
28328892
11381620
10839855
27354627
3366678
12390513
20979057
27463970
13715696
18531708
15761389
27158410
10396281
25512625
19705048
27239622
6263184
15096967
4327378
23545912
27356127
5296806
24467075
25679831
28872726
3486814
26740608
3570312
23312317
429199
22587418
27070919
6464528
2803408
4215984
13522129
6355614
16394699
13581243
6383389
22570204
24685680
29622102
1098926
8331164
14353380
19434468
12133845
2931905
12994897
6126704
8250480
19314470
3128912
13575604
3167525
16448378
22254764
22883536
6011938
14039434
23354473
16689224
1414571
284571
21324585
14957710
20357731
12527954
11095848
10225775
3197340
6782909
7779142
1610297
20433664
14560699
25656694
26062068
11039964
19836090
28946105
17084332
9181047
16735542
1275673
3582329
26635980
23196123
4365398
84274
22857161
73395
775394
938322
11592553
5777402
4594799
14430873
12464546
7688445
188783
15958969
20772044
10221532
15288110
22151321
12360134
10363386
19728225
17442017
23529690
14206603
4022892
26234185
14605067
17915880
5116850
4689261
8161826
4240247
11238829
14854816
9343627
15383107
2072906
8127954
1027181
16308112
27578227
10577874
28819309
4088158
10464679
11420169
21855815
18311930
29227715
2877330
27786986
22387265
5242142
9668981
23599858
14392138
17420865
29192899
74521
6661466
676221
18428568
1598933
6817532
3518736
22801134
883381
16850836
5849950
16916466
25660757
24783857
13964414
533367
17601128
9943575
313410
27749174
14042942
24290591
27894710
29470019
15356240
18171582
24054854
23547015
3537529
8295163
11419228
3680179
11212689
12201007
14115179
17478209
28168406
11795203
29679889
8419271
20982052
7913642
28229909
16764471
16931413
11538151
23105913
12746608
8794857
8331335
16968951
495508
21933607
996024
7452476
15103924
10452439
1629620
8039725
21001642
5302249
16289133
20090042
23438991
11127190
10047071
9723132
8047013
28607994
2764329
28154611
2550948
10201247
6365440
22159175
6799770
11630555
3776719
9558850
28351957
10401271
16005167
20145604
15683624
22587011
5672200
12585665
25902543
11972562
9278928
9523138
7971768
28274908
8992525
29582968
12966944
9531837
13134
21709678
17670077
29372949
6825390
11986610
26601622
4368839
27645032
6574367
20186663
10686313
11485484
5158792
3108566
4939110
22892648
9313570
3718310
52241
29869841
8399030
1371512
9073974
5150966
21016054
27981925
12891683
28800482
16730521
18825781
28902005
29251210
19784363
3790751
28084850
26996426
6183026
27161811
1267563
1451788
18192708
12304943
27080860
6732107
13937458
19192520
11233638
6637969
9677610
11443254
13525772
14536236
24651243
5641813
17078721
8239655
29326141
8214401
5849442
6004086
22027703
28571328
590209
21330321
27956648
10596590
17474669
8654636
1391435
13761611
9269700
16328587
20558672
3344714
20550675
28941311
1642830
29319551
9114489
17556994
13421893
14524600
12244551
7239822
5778142
19088219
700921
11096769
13462779
9305167
13348355
13437894
23632225
528920
10154084
14494433
24979716
24111791
10506711
21920563
4687027
8439674
25129323
11974454
27920845
569976
25309275
25740146
26090627
20688170
23257671
28286401
24443449
19052096
16184820
2428557
12168343
12557602
6852123
20335093
11985720
5415649
25894075
26144204
7654862
27143975
22116473
26078110
11872525
3512171
3815160
27490531
25783134
5749433
24707754
19546094
624504
13609598
10409506
26487079
11109703
5172002
20746724
5406448
4885796
21049160
24304556
14826826
27075889
5788790
4409403
23594655
11871537
564551
22666765
842871
558129
19725342
27190441
18740532
2567723
3567964
179151
10735721
20382724
4201736
15332422
15768806
2747890
9871358
25428530
22157744
20545183
7867535
17622535
8622497
15804248
19864895
19281304
26880649
3156514
16140428
17557878
17124744
10201393
25859654
28858112
15424353
29225785
1028474
28185737
17386442
18154986
28578218
15611813
13138737
13624535
23990890
17902608
12849753
20317360
9013135
29929403
13289810
15913732
202569
3297163
17205440
2694015
25297000
20116114
18034805
28495698
18228595
18063251
29518836
12888759
23073957
23149242
24596701
1485231
12911822
29478221
7250547
1232453
1409466
4432299
24039565
6965101
9104932
26484726
11382608
9872208
8970558
5035906
11950278
1447905
17308133
9658857
20648229
20584496
29630498
21283352
5166612
17799314
14918824
1068465
2428572
567747
4736932
16895916
19723707
2913389
12838483
15982603
14051592
4684316
3655347
14622546
5478151
11759549
3378122
5681011
8713077
19716412
16583524
8822475
1750184
12295128
16941510
10924094
21129132
11480650
8144280
6061660
27770668
7954647
26838999
23705279
6706153
19290762
28907760
7410802
17879207
16479052
2416204
22451939
27431348
28844666
8576810
9079573
20766866
573273
26327617
29668510
16290246
16900958
15396588
22189459
19986470
27022050
25258492
7194197
5152935
11503731
1196451
28228663
20786040
328270
2201257
13879821
14099465
6181793
10018609
826031
20450010
21171933
3913034
22698124
4983115
23711407
21408333
16717188
1097047
28949396
6303705
28808322
20295548
9340834
22235756
18000996
9157783
211293
6881414
8459115
7419782
14387818
29967822
15311122
22519224
11127312
9203556
24892431
8523712
29972650
10420218
3204151
26278208
7856226
12389201
23161696
18276740
13652052
9177775
991379
18684663
27131475
8144059
16371540
24824626
23393098
17224224
13322881
1226457
12338650
11610142
19322728
27575825
825097
16853483
17045664
9160261
18569245
1220400
15351623
4239247
5838841
1275927
28601424
29443939
22586626
14883461
22138030
5710638
15463703
16906474
19574595
23857231
8581053
4304706
864301
25160613
24468694
20874715
16363404
3405071
24642077
20036441
22803549
7001961
1812035
12304539
24783496
19923917
8683013
12752415
2387992
9865941
739643
6434273
25190615
10012133
6647322
6455638
21833542
23968193
19890236
22327670
21785782
5264607
7028386
7447516
26612002
1028305
15271317
7188730
29887155
11135774
20670388
24587521
29359087
16463280
23385951
9562517
21062742
2084956
19203876
18172683
8312861
8336845
14449675
8440457
1089236
29209722
10488292
18091081
1480410
20928470
22428711
24038345
1205983
9726072
4346759
16049182
26447620
4125827
7390611
5302471
23693128
9528370
26773819
24730644
15583399
6573283
4824209
21395068
26104371
4002778
8562434
6755478
7405809
20106939
25235251
29167179
17437284
2288064
29897296
1325029
15040469
486472
23986728
2985600
3956877
20379355
23761416
12318938
1053632
16596549
17758039
5973501
17076213
24579123
22052592
29999216
17294888
1315380
29512895
14702527
4085483
4811616
26097448
18065681
21478159
3251908
19034542
8735474
13585020
18098556
25271301
17907704
27249547
11400941
18348241
14429980
28991507
14831143
20922116
25679233
12667679
25928780
8944439
25991426
17653562
28632379
14227777
18748705
6882118
25537847
29630333
2072899
3273599
2783408
14089314
7516570
29766774
29710562
20521412
3578025
6420743
14043948
19182481
4635602
17445129
7000276
24676972
1535791
11034805
8895660
11773456
22066280
16965362
21157081
14172422
19438150
11312771
9477161
3192525
12104932
10660684
19998282
20124299
12610620
22976386
14104174
1358445
17616508
7666924
8765597
21583424
23916000
1439796
7490314
23812386
15325837
7123487
16181087
60447
29448992
13875462
11694540
3248716
10021633
14599615
10356067
16935143
17004551
2718596
19886982
22996884
16837744
10584958
26007708
919244
13165211
7259018
26848136
9568733
4187307
10688021
25164293
8279129
8730496
25314506
19922068
18882550
19128891
18517291
8385763
28000277
23080718
24440074
14395133
12985881
22771799
9236790
21173985
20393518
18938922
13206750
17765237
4040038
565905
19391519
614514
17525085
3178551
27798696
25057878
17706417
19890597
14364293
6844799
27822389
10759965
10168952
15938540
24368310
6495383
4456294
13860467
9116906
21335135
26885124
3230725
25104357
16407739
11901688
10594346
20787025
29369815
19108676
3302321
28709113
109106
22551057
23531035
16871938
592811
20466822
16819351
21819709
16498877
3176962
19552668
26629321
29003358
10342563
1978998
6187276
212726
23855503
5633506
17043246
165478
5328442
13985572
2880512
8585019
8660575
28834157
4886601
7527491
9802098
17063693
12514180
23882091
1232485
29086090
10850329
28534140
4225660
8389668
1634540
19642630
26343173
29371642
12671988
25699420
19508999
9749973
25143026
7148017
25823973
10991201
17110274
14177501
5060161
7971060
1231403
24001713
20232677
20213215
29262232
4451349
25264570
20122863
20616511
7616395
17023924
11638257
13048747
4550151
25785277
7182974
25678677
23938310
1796732
12166689
20016643
12150554
11161599
1609665
8915102
5125084
3229505
23398885
18104822
7119712
7346253
27206891
18496290
7343066
26928006
28441912
2670923
17407767
14056208
27071362
17728748
24044967
18517382
13075507
15105008
4943045
12902091
26445197
20370612
27951188
3137120
29733083
10204743
7907884
9408165
25600707
17010130
4452406
11548959
27977608
26600277
7541668
19182854
25849904
3020585
19561442
27970694
14178862
20770042
9377778
16579547
29175243
26201239
21181105
13271464
6643582
4833498
777566
26403825
11892916
13297794
6208585
4701482
13657595
21532652
29207158
11228254
11173659
1444703
26036857
26789809
27116942
22629985
4994356
17660478
5848587
20649619
13277794
7839836
26417687
28080594
10407550
18632164
24491968
15040923
4487671
10805709
25120673
6940137
4935514
5801134
13302158
10900800
17232979
3128900
2299360
1718697
25347763
8784540
8900770
3064012
6582940
24855688
4063105
9415088
25186378
17189886
13568250
12323033
18421707
15874619
29136016
27424695
10289517
12133708
19306273
250755
12816014
6404312
4416531
26361483
19974324
14391377
13352294
23000496
600329
11618656
3398530
18588701
23677910
10603423
7180425
15865057
6202693
542816
8444569
5363878
10947284
9837235
27486803
19069732
20198357
29632106
24769155
17740159
25573151
20033254
14705473
14770835
19234258
7366584
22829396
11707810
26847753
9119286
18194064
24653481
28594419
11224305
25404035
11149830
15299902
18625360
14996138
26556137
25520930
21105544
28134431
17605950
21057723
4380562
543703
26981349
3632378
11000752
26447823
15282808
9077340
5415452
9875443
27399047
18938659
17110679
2984239
22513156
25797385
28559517
6419520
29072411
14537302
3506758
8565582
10886113
23674683
22595126
2477189
21298779
20948400
502547
25161699
7392052
12471770
25473147
18986659
14294722
17895867
16603580
26370239
20921139
12603861
25149896
23732620
14719053
5041405
1191912
15213732
21954193
14222662
16262475
14433458
13126496
7843681
20442471
6540426
21127135
15651204
2751163
15813420
19681453
20358489
4840117
19115758
12136731
16000284
5547834
11386696
21887068
7520557
24515535
17166765
1883323
26822947
17608427
16374001
13012765
16117349
21550196
23083676
28928041
22995360
24315411
17707608
12512287
21717534
13421443
3436657
11336573
5242380
9252212
28032379
28831106
29150390
24100824
27347007
8199855
15430348
11886684
11834804
13472461
1088295
22126025
3987390
24846054
1018834
13206772
27155384
26139074
997302
271988
11266466
24348401
16287852
20094860
3780131
26497198
9461581
13180247
25062644
28951638
19089034
11824918
13296044
818112
8395039
23617869
21980734
14480963
24172301
57192
27192514
14727096
29475211
471576
21638820
184573
28700492
24226226
1045805
20255110
4996686
21517807
22546127
13163026
23008918
372040
5217047
26717093
16498718
19729708
2735036
581788
16888549
24308162
7438660
26832416
596454
3660614
15464181
18861293
24081930
20715820
3826632
18829576
19152387
18915786
15338413
24846070
27080114
20506275
2280016
18901912
7839833
13074853
2047488
24198237
9802438
16776286
24110137
14382151
6080250
9568675
21844626
5344721
14480700
27994883
28352689
5128960
2509372
28917611
23982175
9400604
13318703
23709103
27718905
5720040
20772355
11558746
13280642
1204235
6231487
27628576
18622406
27738102
18221524
9761898
20073463
29456835
6818699
8807572
8062238
22482724
4367561
3607777
27004217
8615009
9544457
6146261
25254788
11770388
28924240
1403194
15900493
18101355
19148785
19785937
27847312
6058369
9956254
8279043
15325482
20792705
15244615
20538155
688803
22322302
23055013
1912474
13841880
26157437
20543051
22149514
2332119
11301499
1063705
8855962
25601302
12733367
12143475
2931061
16289056
8953769
997673
20704484
13293167
24311482
26705697
14855231
4865508
17644988
3389959
8229977
29873669
11502768
21936318
24335238
4451596
5340676
11440402
4336311
16417964
742698
22241388
27645309
12541793
25278689
15998352
15328668
29859577
12035092
773503
20603591
3143238
1319862
12483210
25589565
17140964
17386685
13373363
4920133
28981935
17793058
2666739
12018441
15415293
6357717
24235634
20477903
10738381
14117365
14402095
11057491
17293262
2581377
13913246
14662689
186217
20541486
6932552
6789401
25550649
11403178
12270579
27039165
7459717
18291410
22871440
17241445
2870474
2849864
9718712
17046783
11964248
16702093
2158170
19882797
26962255
169320
27307899
26790601
24337650
6282139
12034544
21638001
9356192
8997260
19069298
6891884
25496372
11577104
12116456
18269555
17666056
23785919
5398531
435548
15359111
5446020
24432046
10766695
19334262
24080532
26591317
26311940
8608909
11972867
1752047
9378764
5530431
14065947
827591
8199823
10436978
16305498
29253859
18797890
14672286
6035235
23320558
18643550
4262604
29214201
23333189
5217669
15910875
15926427
15292174
15449733
20861818
8098585
24040731
19530117
25314904
20636482
5571971
6562716
13345294
1639437
15866172
25913339
18255038
8156478
29202289
8076636
6411293
422244
18032174
4001713
7946212
5762752
9769322
22973938
6884312
10646254
16117205
20667567
2413846
14377788
1826150
11392467
641242
21985323
8882627
28655912
27926067
14182619
4041636
16338930
22938843
17131767
15110151
11412821
23883703
6070413
25203033
6281694
14801595
7354396
11965686
3516824
43946
15772725
15479781
28308278
8917016
22286055
25572942
18983482
10232840
17035409
21653584
3037552
1795168
12892425
12941754
19563980
19400357
15733342
29628324
16237095
14630587
22259279
25662689
4032652
15034807
29456488
28375888
14114857
3468009
28159644
11224945
25838194
7768184
19309576
22053865
105086
21446320
12244153
18055729
17425432
25799567
15962658
4230623
6252847
28193094
17197233
11151336
25121180
12168781
26764557
22181048
7818966
24939502
19854312
15907112
14160871
6335486
7686719
2816253
20393659
6114442
7834263
1298805
15778017
11832113
8572272
671829
13464110
12456367
16664645
27580252
10955954
24194909
11872586
22799311
21404433
21443570
24181318
23453112
21106894
9063468
22685461
20822910
17975851
11754330
20876893
17207180
25394451
26563779
11874750
10818423
8577730
11709111
7485896
7580939
11881548
8813733
6635072
1995318
6071673
6016911
619493
880132
24762808
1400893
19434227
9443371
1220946
8903285
28455997
16729049
22360046
20189211
21224465
22909078
9500276
3453149
6913277
20912858
17736852
24696644
4295200
4391948
21844354
21410220
29763905
28012340
11750066
4926423
16818559
18272367
22270435
16814634
5215680
5044620
19834352
17679814
10289808
4299104
25032737
25600114
3449482
20923143
15383926
29137850
23799535
3941316
1068217
4001122
1318097
5942753
15033002
29587641
14953532
17506107
26308310
1131813
24943419
3151919
4317508
19470418
1440865
4019644
27053316
12897024
8345274
29625724
13312228
11522429
16102958
28505997
25699414
25781376
29265851
9760958
4415041
6081462
13218385
9805658
13299792
644519
2394320
21918616
706577
29050965
24466517
19593054
11880324
24080229
3886593
9053310
1910401
14151099
17062879
24147501
487489
29650363
29698130
11300517
22523678
2096512
11511298
29837802
21120346
3933237
5485633
27809895
24565300
11217674
28822307
6440682
6349957
3688813
3261845
16572424
1897729
27762650
9008795
5775837
17814956
4539069
14206790
6180147
6727729
11310031
24252530
14431994
24073040
23296651
15285763
18459494
24691677
17068655
16001175
27380417
14259468
23352080
14968209
29916550
11387763
11203466
18057822
28241769
22448354
12207289
18523041
23004066
26685262
28038740
12303915
13109178
25995782
16495190
5858271
15570861
20027516
7877546
17472237
26625708
17093284
29093043
2056346
3454536
7558627
15734560
13254030
18065631
3053306
22919905
4924325
6405051
25755279
4680093
29341761
9631497
27788209
4364920
24164356
235622
5259975
8626221
19831267
12147907
27575809
6852539
14470664
23421237
1457147
2474688
16516886
6308918
900427
5702776
18650722
13069994
3942781
11868941
10240630
5148838
2107247
10679277
25602210
22958082
4862200
18499610
952688
23669861
28268127
19601404
16803955
19726610
18161361
477456
4208217
23112140
17630670
13850715
27869014
2640306
27833930
25497227
9954762
18117932
21905818
29537140
25000809
13275176
21994828
59778
26906487
15739318
2141410
11838432
26087253
5490620
23308685
10515120
20187426
29547254
24091863
7089026
13549260
10823903
13787144
29600145
19520846
14693049
23743462
931003
17805995
5205111
16703504
21223931
6323191
10802632
17698450
23380096
15443712
25269932
151905
1915756
5519828
13004182
8213048
11046667
16623796
11780176
26455384
10829172
26353442
18715734
20362177
4823571
27393437
2899950
22490836
7832471
26593527
27351809
17106262
2618841
21300681
23758486
21783207
23432741
6808046
5900209
5481625
11056929
19153065
12722602
9639357
26938140
12474708
6523584
5187579
20433575
16663615
11876809
9806049
18139297
20365986
29700352
25807936
2486163
15685925
21612574
20154501
5419126
17974070
17269042
11486105
29536221
9979997
10780737
7709174
16692040
9150506
8097169
6840493
16225603
28752478
168006
19593542
7441374
11129182
9251180
7349546
9570678
27287399
10656089
24237980
6724495
12245173
27957224
29538634
19235886
6385831
2479539
22623758
24318690
28492323
8097792
4722490
6826836
4423870
12114740
16399166
25853474
24975740
12433474
14844731
23508739
10987575
4494467
12541120
16024521
11142613
20637384
10280710
8277339
29501756
26160395
16008146
4457264
6881229
5900552
8473271
10868276
4491712
16467821
20608784
27501934
18192385
2743212
28086178
23818098
27672120
10229797
23529988
24288285
16330354
6722664
29294988
29443644
11864984
13948749
2356046
1509071
21329514
9809367
17124095
25355700
25879828
17001332
4537365
10817096
4226718
12316905
19296502
8494180
20061106
13815705
21555501
4894910
26166251
11042852
28709400
26983027
27270799
29646715
14481529
11865366
23486307
18347065
25571218
26233514
27862406
19809973
22850379
13544327
17054098
21206076
19712992
11178967
221983
3325152
26006319
15294130
17650685
13897745
14554641
27857875
24133041
23025580
13286183
28299529
26760482
18917905
16617161
19951911
4129683
9384014
14306865
2666249
6579654
18409532
29034141
15811356
26826510
23184927
20757335
14613810
9341085
24062932
16531613
18416971
23686867
14111483
23230746
2048300
5547008
27696319
5780920
29163347
16699887
4097359
18673194
10729748
25848240
24803817
13297346
18634926
22584074
26948765
19050715
13581120
5112157
24687930
5385614
25636638
10724894
6748517
12639429
26894670
16147041
3768511
13801898
11677269
24377060
6403104
28177921
14299492
14129052
15780372
19814337
5180986
23306380
20791277
18663825
91406
16171070
14116977
8261347
3993750
18559776
29821244
16078493
4910147
27920593
9470279
1955944
27769647
2658837
27655824
26280181
1979662
21388617
28616731
29219944
26960631
14503275
27308440
23845627
25040239
29726800
5852483
15052790
1474664
21493161
3311407
9828277
3723796
25644406
11413864
18944684
370409
13769538
15099444
19355720
16109630
25032704
4675434
7861626
15511057
21870669
4436127
14775541
21779151
8083658
1474923
7563289
12293226
28257697
10038211
5225373
1676725
11752680
8253799
9438468
22951095
27027798
14919698
29496667
700708
7355488
15477057
11219979
23092952
25130541
16987850
4498662
14619161
8572127
19397455
24567417
27744380
28698744
7380125
13455995
15117025
9543576
18265771
12795166
19339655
28253441
3579100
21786258
24061250
10210083
2979823
10683653
25021360
25024759
19834745
16477780
457441
3677918
12876452
3056059
3553196
6229920
10050607
27198677
18978173
1691125
3593488
18129367
14975300
21124042
6128778
3941787
6093796
28465667
17679505
9655101
21324474
2765849
13898041
11417925
18606598
21133397
17654802
23145312
8038203
8623939
9497401
267573
23070879
21141106
7165834
11902983
19284100
12640746
21334628
14506491
22672617
20052380
3058438
8353925
4220662
19512962
6110991
29397181
22559757
29191412
5460722
25572481
7728110
22798034
12126409
16878210
26298365
20242967
22695720
8352342
2580006
20645580
12846756
14205221
14959064
14481079
15441213
11642269
15775939
27818114
22268875
18603496
7642389
26505743
9226906
3549954
2123287
23795120
11779718
790927
16114387
4247310
7537283
28171998
10054477
12606312
6627976
13512002
1529644
12681780
21676444
12458801
6520478
3181219
21674622
23442699
6135889
9600962
4368786
13099886
16248480
23032727
17348997
234466
16022598
7448715
2289156
13407490
26853372
12305603
12303999
6659598
25345405
15496272
5751334
4700629
19803787
2464779
11970841
5426380
11368976
22379111
21455720
18348237
11717048
24383439
21304889
21534965
24623412
22849975
25927494
11424382
18199470
26002968
27264925
11835425
7631951
21398504
18312339
6903713
1393410
17737207
24664782
5856212
27063057
23152281
29553973
14504492
3223353
26794090
23084948
1842973
17562616
15632944
18812630
8236691
5348779
1322235
2644303
23203293
14265924
8237105
28848497
21963226
18992353
14224485
26729153
23144649
3146385
23057404
23010813
4115633
19642195
23714795
27508264
10602115
15358524
6690946
4058235
10543663
20673543
5194742
23284195
28432455
27450380
2959628
3073730
22229495
20561914
14307757
14251426
11864969
25976193
17839095
29295829
17443337
14542039
22307395
27116914
29577102
4399299
2572346
4126712
17506447
28591119
117869
12189695
21857892
274262
22020603
29543600
18756897
7793766
23267051
16762973
6387463
19792511
24498755
527059
18361113
20414071
12299145
9081246
21886227
766955
21040091
8524206
4945115
18345699
15319003
18181804
20895844
24327889
5020223
9573411
24325475
12094070
22682618
2668077
26761401
18048618
28104129
2740751
16366151
3893706
20723668
16220330
28694449
12588219
27427189
16528380
29164065
29123402
8675158
20187257
8648536
23554900
1447323
27928849
1910104
29645422
15959662
26001866
11417319
9696089
4261765
728141
8047815
1115476
22250135
15246441
23259051
26494044
6796947
18941822
75355
6182599
7258103
8384450
16507938
16114582
15987669
16708124
24906354
19409958
18454999
10982679
9580456
7908928
12972560
20995217
16025973
7653181
25357859
18309732
10826362
12270961
14757678
10942712
26591232
22961554
22807741
9406634
12659647
21619324
788962
18978755
17020009
4756603
26349039
29723575
4398164
18653783
17682347
21699789
3919852
26789590
18735961
2055231
25447808
1326889
19511195
12782424
14362871
6747023
8455512
19702579
12688079
5334643
18154320
735037
16373849
4377122
21399567
23456557
11090123
22448502
24732142
22280742
10908376
11021151
13822886
576563
28403586
24251131
23074376
2712189
23549822
7953057
11742381
6368413
28122511
15686981
23103272
18907022
5098268
8046107
21952443
2064642
28946551
20979403
1225557
20550885
23123334
20502303
20351642
14069312
11645300
11300804
19054291
17300551
19015455
2926766
21468530
25209889
9098613
3598359
23062071
28605199
23053418
12385336
22981141
29678490
18939003
21005525
11388185
27679553
25997562
17457476
8349910
28013159
18930234
487653
14776029
20298548
3990179
10931413
26539650
10472265
2418852
4590849
18617974
14136608
15471691
12849152
2303862
14076670
6967965
12199866
20301001
20140124
6759686
1472459
16864429
9047166
16006449
6840877
15065409
25684923
18491517
2012502
24285088
5387614
18903691
6355151
403801
18128016
24992021
2201595
1237826
24973560
4787250
1654217
1422077
28317787
26590740
8414569
26223749
14917570
26978761
27115091
8867612
25211686
7630088
1335032
22841820
24753313
10816657
20918541
2737582
10882823
15989788
18193114
3480887
19269036
21488221
16864414
23507906
4171296
29854564
26530112
17917007
568162
24732788
3461741
17806710
3739323
7039851
15042089
26459683
22682895
29623320
18307717
24011427
15505101
26468706
18918254
7251185
11894266
12477336
25253185
8719753
15940723
4738676
10456521
20927019
5067615
24198647
22051664
1004422
19007626
10055459
6058705
29647605
10601086
26240683
8919439
478386
18449993
16455763
19824001
20279545
7961949
5352333
11474976
805957
9232641
28471232
5750894
22460944
16157455
22383154
17668846
12443281
10387977
5501215
16199756
24635768
20953276
14465155
10349207
29569939
22740069
17161778
9871387
8626043
10809739
9385654
7495606
22225795
17548298
24418346
23172295
16211274
26212836
4509752
2173773
6063656
20270676
12814875
7396328
24329080
17770544
24594451
19590345
3018806
18974749
13864928
12770388
11178114
5076746
23166343
6271388
10069082
7257426
24214034
15572469
25354562
14205689
13607170
449482
4633911
21431017
13942555
5527759
8376247
20146685
23530846
26193930
24531146
410166
13876097
11030900
5186799
3618982
2262476
12627871
22078842
12948299
6850855
23716043
29056621
13020800
1872827
11552207
3039079
10349571
18537710
7626007
9724513
25614353
19930613
13902585
17357638
20128545
20643218
1013319
16799747
26197539
19765305
1193323
21096296
9383691
15422617
23008815
24033219
13642069
11884576
8966881
16383327
16019395
13521070
13952724
6418387
28665359
25696157
11000499
5057793
9775517
24134822
20386200
14653250
27992372
20498860
13721292
1202906
22072402
7826887
17844939
10787808
5412079
3046289
11279907
18567953
12976703
4241686
1867247
23109600
11734387
21061713
21008601
2346615
8988453
22825079
25863530
25894539
1769979
8413138
23658776
29281976
25215947
18608216
433634
27884143
26544578
22975417
15905639
4426795
18253840
20309013
3367469
19925529
17980488
2349557
18288657
14463842
26806213
27954372
4513388
622830
3464542
939939
29930127
14105580
20435373
27621947
2429941
3832552
27930858
25898803
2044176
26576802
6621639
5837872
12659242
9469425
23686266
20366369
28289600
14018495
24229183
14403359
17671164
24463266
1896485
23604902
10653323
4665068
26394790
1534028
24332202
25331708
13530379
3553249
704898
16058056
7698343
10307249
13835286
11605300
10259516
13788628
24037229
3418953
1686339
11779237
12714375
12811673
18751052
22623164
24354898
23138202
13051085
11865943
1441912
22273267
17529890
6877304
5549143
3580296
12356202
5187689
449488
7481811
7348903
7509448
16248879
7083334
8769107
1700864
27735765
16794749
27220789
17833838
24922526
2431382
21932922
23557689
25082247
11226230
8045033
15110938
8932385
22480549
1400945
13479723
15916764
29648330
2467667
26668837
21429255
27600118
13653323
9772489
7344885
7001622
17543521
3696039
13364864
23542509
5431250
25113004
22590143
311940
11596819
16742239
12658671
13475704
14733928
13073267
20399835
22385016
25450541
6767692
13380225
26555917
20266401
3897243
5292256
23487224
10742662
3923429
29300366
3536707
24962794
14293157
14142408
20265358
12816543
29197722
27086972
13566523
5492526
21549795
12796034
19870655
8878326
15707562
6684725
19253571
13710187
23033436
14455310
2103593
16045640
436559
7906416
29857797
5995257
12613472
5703950
20152481
7270618
20384017
25288171
14893405
18681869
19964048
2640357
4016099
12723543
20771378
22256330
22431908
1231891
2416219
27166801
21431555
15746809
3250103
21345671
3414345
1100231
16409121
21463486
2028222
18502600
17581020
10678091
17671560
12785906
437569
29167243
18713760
24307712
25331552
28091865
13735338
28933713
10637009
23562465
10109135
4032722
10712091
23237989
13506618
14743420
3919888
2371215
22559100
2093984
21210576
26037388
14052613
25492791
16871449
11009559
10460718
6281164
15889528
17995674
139331
11340314
28784510
6869874
4775738
28418100
23949391
20354860
14027458
26970617
15253834
20550515
1760643
1553949
18678040
2392881
27744195
15941752
26836539
2196914
10609883
25499529
29623037
13487290
11488967
5696202
21255969
1053282
13008921
23733958
24956120
21829280
23588384
23555757
27346904
11212021
15641193
2322446
1846291
17586332
29206215
16566893
4388141
106840
22727748
4183587
7798908
10561847
4235220
821113
6444531
3716351
21848231
28550644
3962208
13215223
16010980
24752212
20014585
19808334
18287707
29483496
27046045
27335496
3179212
11263820
11493134
10333699
14857385
14375252
7493609
26341556
11148105
19095872
17633209
6402548
20257448
9851441
17496288
749732
17164585
6137617
12691846
7598853
8831763
1652845
14504027
4163580
28414248
29297809
7783972
12210673
14033356
26311079
9356140
16836674
23167694
8917094
10439826
4143336
27059466
1699682
24482886
20354466
16102572
6681122
4427566
26811340
18126638
3300576
22243730
25404327
16089502
10569489
17667567
22128314
2143489
21660451
1740134
23071484
14100797
17505250
15571511
16588825
14839434
664825
29609316
4351
21463249
17828235
870466
17323672
6948953
5885481
4852559
22200874
18781649
2726520
21414061
1891569
10540552
719573
19814342
21622330
13924287
26630813
23487024
12533654
16188842
29092728
13472578
29621128
22887956
15540322
7170028
24021246
85348
6272789
4838253
20336996
21568704
14045782
28149817
23066003
7980092
16139656
18461434
20993072
4910377
26200187
27377824
1796558
17977225
23216291
4162694
5137479
27718462
10731431
15362129
21931306
13644740
26301002
8120635
9673071
6237788
23166184
16284864
17152674
23560444
25103879
20677181
20163614
20984666
11501499
29762459
4677755
4792571
25602902
13250455
9542793
10969138
29631738
25915561
17817067
4768678
9189178
20774872
13156791
29338914
24003943
29499829
6267688
16044484
12913034
10237324
6479008
27053265
11157605
19117309
22238876
22466248
29002285
8758654
14108376
69525
5672456
13716771
18735126
7538268
7009565
2830407
684255
1175885
7145580
8288901
6230135
6766920
14279712
29613716
12745023
29962087
3490886
12921089
28683486
18618626
21086917
10026124
13724360
14804190
17866198
17316971
7092929
14330137
22772825
852461
10526987
29198765
11228904
27050485
14699256
11720303
28460822
25420286
21760852
29068127
19853293
28572093
821064
18071117
10309800
19335402
809946
14000946
6584714
25207170
8336506
7647363
2981614
13422111
8940982
26104517
5303401
22964220
11119706
25280835
26318553
4541078
18995244
5434895
27203697
20433888
7270425
22726631
4624483
19210004
5885551
2596500
19029227
7055859
29815948
19337855
19730549
14084582
12412197
9280766
21802631
19719213
27055136
3769241
892389
20172807
978500
13292144
6780914
28932181
5076170
20599008
24551553
26292214
28399569
29610576
6516014
1259984
19310906
8419402
2431748
13512076
10272592
4462028
25893703
23653498
18491102
2847173
19721083
2544172
7178912
16997340
27719243
27487399
1929372
35317
800011
1314144
26317639
12392112
7561877
3815672
14657570
7446693
17600384
28222784
2049449
12561912
4788072
28444599
25115660
9565808
10393780
8716243
26485163
17484786
26437634
11292293
22214166
24676486
29438528
15248087
16372687
22962078
8032933
29327554
5248411
25618417
10291985
7844907
22298017
10762914
18333648
17811943
3957829
14557547
9324983
18792458
24243677
11252821
12597688
26478502
789298
3182040
5633661
10522310
21766276
15534350
29061596
23754878
2850060
16916206
16854392
26266405
25688943
13491194
14743482
2242763
22900206
6913053
19256005
17031879
16862609
5280432
16731549
26860053
22135267
23062276
1419126
12538032
19948890
25183968
11000669
946031
15631339
15102267
11960128
25911105
18352793
24983802
17082310
10205015
2927722
591631
20061374
5951124
2932546
22282640
25796031
14926705
10527666
1033273
24223249
3357516
23060924
862192
1159884
25809899
11150915
2833444
23210066
5797036
3279716
27236822
22868316
2995951
1937443
28205032
8243563
16968643
25206658
2200155
28262878
16283241
5398619
7225043
22597782
27259983
10128744
23181182
5897824
11712136
29260992
127769
2350684
12790142
27182808
19497488
9695119
24726267
1408378
25607500
4759986
2905309
11997926
18419782
11528581
4863736
25042121
28138909
7005718
19095125
18070382
29336608
12659325
8032032
346610
26729638
7878367
8295349
17093940
14299651
779714
27373474
5299843
11943391
13316524
7210731
5957097
22168040
29072646
27328807
11266869
16743549
26655169
11504362
29503724
21635272
19395489
6686655
13752665
9599843
17432635
1344638
1364565
24594747
25017405
1270265
8283692
8045175
23542854
29509523
24779966
2763996
23442408
23466401
18750515
9738390
2554469
23928433
473135
12643038
2681563
8898810
16926518
9440999
12614120
6755601
20107780
9943289
29555267
8875552
29524629
16956261
1102656
15583348
5502424
13826282
15980246
23658700
2543196
5090575
11285169
1158341
10895291
8463626
16501624
25662404
9609066
27902524
8506360
24530789
29386255
6760231
2679886
28694058
6611703
13998948
25178446
24334365
21924536
10013144
13752197
1036893
18741981
10941109
7847509
21211376
16534313
5964122
3593887
11182682
19706146
18608451
21443373
23912767
26166841
15468063
29326298
6133677
13193167
3827918
28604259
28674003
16045095
9340008
25903329
7211663
16196691
18331181
1163765
10322962
16656389
906201
29589745
1715752
20624092
25976097
14759112
20232869
20715178
26612274
467851
2070904
13860633
622547
18730587
587913
16793431
2314010
23255054
16658966
25951622
18782745
28832299
29026524
6134047
8593144
12278426
13158812
19407980
15363063
14475932
29002492
11149278
17450996
25044304
7720603
29808477
20982417
22672881
5796795
12607730
4213334
1260824
5626375
16066100
23920246
14000815
29240904
23247716
2838153
24028300
2062891
9652279
5130701
16579896
2654428
23677222
2982653
23828286
1564826
10462430
10383118
19206230
14883839
26619571
21271052
9601292
13565126
20164234
2516947
28866151
12048855
11575929
25523865
12022717
5831806
5847613
23185850
23633604
26834221
22459671
16609291
23589188
26637370
11871507
1589528
5122771
10363484
21106213
11365406
18502937
26457440
25316473
28665182
4870589
11820850
27495472
15463650
10838626
16809214
24783856
2539983
27728984
20757989
7232506
29823664
22008702
17399348
83868
633165
6114271
18846827
22536688
23051179
13581242
2896253
26707282
19532290
22189160
17326866
6271967
25590876
13758125
22782560
5811945
13183838
16393961
15782108
14898933
19761246
22666064
8929006
8565171
3758355
25566366
6771910
9025667
651487
3464906
23050759
21382188
26857956
17919110
15365773
22178569
24998357
7030461
29665321
4488654
23976485
26151357
17219616
29131239
1419079
8616437
24803184
19143150
17710156
13565096
11956458
23535472
19699148
4186970
8994251
2679388
10597591
25841910
6267232
19611717
9970458
6972056
4438799
1902785
29375579
13492701
25891758
28505635
27866312
23223160
11432381
17421811
9283706
28535987
3797542
1572758
19515435
29671384
5367424
8953068
11335572
20273364
7738856
11315233
24321663
12077782
24258056
4741554
24612609
367859
28718478
20990865
6146938
17434093
1417740
13878777
14083972
21474687
8423201
23553075
17359704
11072209
7041586
14877187
21714284
2302650
1701286
12059629
3572357
5977906
3621827
21558906
24488013
27444503
2233903
17553480
16720481
11594240
21202251
1585519
6062988
20679143
8054623
4281540
18825524
5213161
23924220
10152085
11499409
18189874
15712966
28539456
3880814
28225873
534799
17134948
505096
16558609
23992578
17714624
25448317
2351567
25952376
22995307
14779513
22570589
14338378
2302753
2014426
14384140
28018115
21869104
25516676
6897119
2543759
2828243
4866047
3490307
27263055
1963478
23201328
13277032
27479564
1436611
8167769
2041145
15790530
19025323
19119381
13429181
4575800
15443035
10888459
14491322
29258206
13789792
17511809
16661205
8877001
5072131
13358110
306859
20017548
17318433
11054193
4422178
12943126
10829594
27875880
23936279
2987847
10294255
14866424
24100084
2471563
12665895
5298511
10777376
601299
8683610
5180349
29244920
24885917
24877065
29168604
11675734
2884231
14249317
8621501
10267184
8595965
1177579
1735973
14655
10216036
29189669
3104326
22671825
700802
4316103
29582497
10710257
13026568
20648245
5231973
3932212
20703696
17751184
4511070
11092252
14687498
15241971
29512873
8408112
20629624
758772
19527172
729833
4338261
5885593
18385115
16815679
22882796
23993294
15559869
4291873
24402679
1393513
19532070
19455275
22596439
29339837
5882551
7975596
6334403
7936180
25255961
10350718
2810728
24771374
8262608
12933833
7572589
4039187
7664200
7640261
28677001
459157
27890156
18070612
7064080
16225240
27930021
4340591
16690726
3515211
29863622
28470350
20616317
13080043
14298489
25031013
27728891
9623422
19082734
23810001
14366048
2496308
15527905
23620133
2326986
18495805
1790560
29606169
15521979
345174
3546694
15384226
5352821
17482201
22659217
22530161
11509510
17318253
15825060
11927665
29168215
28288990
391077
8887731
5890511
19337135
797564
7413649
28583137
20438136
19556815
10894267
21620166
9170221
17468180
25100819
19767879
4921965
1372531
21766136
28804178
5714573
27701772
4903089
22058064
26938011
10721878
22314688
7502677
5744099
26389925
6576357
22228279
22350829
14495475
25950413
25762098
28578173
20945386
16547304
28475172
1114324
26803873
1496069
19089744
19589908
3743958
21587905
5889874
28268194
1855051
4361302
20845862
21810290
7297850
4154727
903088
2084850
7437156
20787537
8467859
2864232
21430003
17311952
10077141
13450718
8447985
27601498
14740359
9505373
5169254
14327637
13736236
17152591
27230427
14621765
1529667
10932787
2555994
13821736
29356536
12614712
15570076
3244417
13212249
17271024
13401140
2315792
20068909
6147256
28392434
13016509
23322082
9836114
24414167
2073966
29191216
2031812
18862030
28730160
5343867
11516468
24358261
12939777
23138981
14267890
29538710
28028383
13993908
25805023
10957023
521002
7362244
12516638
4120350
9834329
20449642
13091390
10299129
22696947
4396530
6629547
11978867
27716065
5516618
11498957
23015896
10316188
16229557
25010086
15185993
24052535
10466965
9834355
3391135
16868078
9952742
4345786
10345574
17877141
24264407
23420865
23336096
748147
29954937
27246818
25376645
3829276
15534184
23470744
98006
16854943
17853937
7629458
12729494
29495917
2412862
10769631
11604383
1921137
3385645
3545523
13481043
5850002
15558330
17819698
17992658
27528249
2095722
7904657
23905762
29878989
13083208
9609668
23963368
7779304
8681105
18378039
4302854
23300296
20937720
9803688
18441482
25393568
4202781
17845301
888992
29047844
8188130
18259515
29709263
16671561
15060790
14397681
24235649
17783969
580883
27232622
22736832
21631785
25285326
15305953
4394420
13280193
21459416
26183326
14552810
1137993
23593122
1419747
24613980
29065070
2441419
7475593
19250714
19487028
7662378
27333394
2287862
6205006
933965
24261193
9066205
4167688
16479223
16980289
27210400
12688333
20199606
26023790
20482512
28634782
957820
16605790
5140063
6175473
13740791
17009360
22539261
12379839
26527805
826941
3789367
23393092
4321901
15493975
2212625
22460140
2136466
327116
18585816
26196911
22065171
17198321
25244951
12364035
29776962
19260010
10199871
26965890
3028508
3710521
11269099
4049712
24416450
15273064
2899767
23774975
21325193
28943327
26171347
14523520
22224665
4407938
27298955
12224111
25937375
4559966
8758036
16805136
19127692
3676758
7160785
24947783
23023016
3321710
28274277
9135020
18036511
17695067
14959668
3012919
8342607
3528780
4381684
27500360
8725928
17661606
5800729
25571773
27529385
24274412
14984103
28377183
29235436
2802589
15959009
5797880
1587761
23501231
28831268
7944562
25474247
9962319
13270371
14346098
13649330
16198637
12121599
11495504
16240295
14082064
11501542
4646160
25774204
29569132
16945067
27033299
4624719
4728710
18262306
10591757
14495394
12981878
11182282
29223602
15406340
14549406
2512563
22932068
10767833
14831430
19674988
8782207
17140998
5282735
15689612
14146959
2061303
24164443
1760433
4211413
1682826
20949260
9556554
2470126
1099245
18373501
25438367
24265576
7934296
21806122
9701679
12041039
26008797
27583097
25112326
20820872
9870227
20479870
11629347
279204
6598609
20251178
11914041
872464
11681203
24117882
16087684
18595343
26181846
13495876
9009814
3881249
8870304
28068327
14527691
3119027
25592329
11460328
6427778
7727364
24723756
24433967
21128725
4938908
3666875
11829978
14521050
15247985
7272431
24343796
4534599
27178222
13519025
16974505
22847431
13476479
22211956
11586629
22275954
17416297
8568496
24627939
17595513
4670156
18278773
21324948
2282195
26874124
13531091
8277306
22521161
6918186
15460584
24997308
27935318
29599531
9698632
23421859
21378804
12820579
2357477
10699704
24827878
520848
12418483
14068246
12609088
13777401
18102521
27218020
25417598
19294083
754383
24543797
12834804
18183389
29162720
523272
561214
27884430
23447756
25530759
7569907
19783912
15061722
7486699
19625090
10432360
8888557
18387009
23011750
29634309
15210051
522587
23238141
5933862
11225189
8346930
7082937
14252785
12053210
19010566
27470899
11255606
1801104
6215370
25926837
4282242
22739455
9772414
8110804
24104871
27634844
2326721
3119675
25133961
20676317
14482240
11582367
10514856
27695100
21691723
3372407
21772078
13864660
6483338
11742481
24107926
25375934
29807275
7437380
17620116
18413059
20468286
9740486
5322707
11182729
28150520
18436468
26849332
28024435
21611353
23131309
5323692
5294258
14130712
12268051
17635129
19790029
12658337
24423385
7380133
4591227
20090191
29076553
24838771
22400477
5339969
23623077
13406959
22587717
27701119
23452654
19082131
3115609
25885232
26311450
23146204
19869485
4600653
17525557
4936182
26561812
24236199
2326820
14224930
26714844
21058187
851901
12671664
7639058
165165
15294679
6615869
29210212
15414231
9738128
3069501
21073684
24259938
1031418
125474
29827586
27728659
13825771
17732022
24755874
29448400
16839548
19597302
27575821
10137421
16830785
26685810
25794721
23472700
16001931
6476340
27093737
6523007
23128378
10692887
16989909
22993930
10908609
8178999
16386823
4243306
28928250
25835534
6248624
2426496
11223474
18129486
17024122
10137318
18612125
1667409
8215392
21296128
20014189
11582851
3092710
9234337
23586275
3109922
23680063
5990410
27256727
1301258
26921272
20894125
28077503
18989345
12243331
6307556
28724295
11661873
25482592
15928904
792453
15472826
24947703
25450065
17045428
3669933
4450986
29637811
21014063
7054247
17247159
3974531
15936028
15866414
17267599
28845241
3845760
9044867
23212297
26100989
10182449
19037126
22605917
24493191
18597503
3011849
25680681
14568492
15471576
11927918
9826843
19048506
16027106
5118367
26417557
5202909
18950953
16029903
4812785
14306952
3256310
20336497
12677572
14798017
28930143
17338510
22131162
2929954
5829911
16570771
11052813
12277830
1953096
7061939
15080098
29547538
21905684
13032981
20475317
21571722
16691364
3734608
29066075
20448914
6739514
15237489
24064698
22179951
1624774
7934192
744988
1442690
27964012
28316193
6398114
1468967
3020682
26147988
12721068
16265235
25891003
7965585
10713833
5892761
10127928
3940093
23104137
12787866
29190694
15710774
26886205
7918448
3896917
28691687
26372474
20929415
18246717
27689371
19372
18494885
19279122
18224770
28076775
12125838
21773351
8407332
23173766
12395629
22682887
18894728
1688753
13515018
17543710
5642971
23295156
1398534
8419518
8784536
19049409
25128127
15714653
19312743
9902255
9326917
27239068
23853369
18884701
20998459
7503956
25967236
27099141
22564866
28300511
27678129
13469047
29892880
1093383
20112796
19327460
5322592
23774582
8521264
25801776
25702364
9964969
19147533
12263826
19442353
22640529
19470101
25971446
7744563
9074365
17878116
8736436
6426901
5139914
4724891
18780934
17503271
11157950
16541287
20138825
23945089
7476819
23182420
10741616
20190648
18339151
13631171
10774101
23273189
31011
15319967
13293731
3338246
25710364
27887333
11313799
2946689
27633411
2764341
26774692
22817143
25586691
8073167
27783933
9431586
5723795
16202331
12498476
26787164
2728011
8203129
645284
9722193
29878092
27262707
11096984
2558684
6060382
4787323
24495597
26819673
19199624
17362222
15857088
9154179
10899709
9766274
29346255
27837809
15515981
9758545
23239563
20425578
8457726
21978769
8168438
6333119
20514359
48040
16145891
6972793
24997864
4328152
11199085
21032000
1822755
15776114
13930024
471200
886904
11239033
22178393
4573463
13534051
5736837
27538794
7287063
17691969
15841645
23044453
1360824
3150757
11517184
22738905
28960959
21601324
15241233
23350579
16966347
1267626
19917992
21523313
3200953
2961080
10909488
23833960
7311394
16008628
15106505
1115688
29646721
27462265
19989619
6997241
24233484
12381203
23506063
13463935
5292764
15103599
3476510
9729788
6303939
9394297
2393859
3025393
13995150
14429301
13011154
27035196
22248122
21139763
2306138
20801352
8254031
8700873
20709028
11243907
8948535
23223810
28375404
7888656
3314542
15107178
26847548
23343286
19798384
13961009
19872267
20172031
26057228
16229838
12178877
3197980
22804605
8461530
26319891
456932
14296942
1249380
281828
14392236
16279533
9860680
28811773
15889650
20322697
15703232
12316423
27225335
999345
24631215
25122346
29606809
27772493
18499070
24753819
21211149
22060733
1278125
17043407
10642401
29486864
8549418
25828366
1881378
21237370
5877765
7882369
18442004
21127470
16890784
1892235
4810454
26192190
12765356
10265213
10439849
14907512
24236878
7172447
20946597
14750896
22083784
4301614
10167571
27908837
6281914
28159458
714393
2909035
18014183
93272
20168976
19776165
3463141
15172457
17871127
26306318
18116275
11940684
15171526
3321038
2536397
20946837
3255049
1588800
1832635
24427370
27992927
18676286
16040794
2363729
4590022
28748026
6542807
18911439
17327156
19427976
20738511
480705
8925357
20680002
2067215
19136825
22117843
11360669
25222834
15045028
24109867
1838940
7890378
19037135
683525
11908055
26705848
15500381
26298567
3682203
12229531
15734452
29226312
7849829
28888557
7370078
16488263
137803
10331074
23572430
6859549
17346904
20400626
2758686
23269259
2183361
21484177
14920088
21166354
17686636
233836
27396783
17672920
4245671
15638015
14998681
14369897
2122643
26614579
1721349
13830122
15834715
18914060
8246188
22175537
22648902
24392431
8596101
27237693
14014411
2278254
2623105
12217421
19708908
3746285
13621521
19669225
13830900
16776472
11226238
3026456
22193202
9714227
8492962
1838113
15189488
393260
5978827
10428667
10939199
13824266
5823196
18760254
5827640
22104679
11711227
23584976
6303923
22992167
26097318
4934617
26848389
5239367
28377345
21266423
22464739
12300319
10528134
23840059
16306072
16683616
7094581
1140926
6415203
684022
5013923
24554025
8431683
14315959
27553537
19838287
15183457
3368392
995926
17919401
2791334
24423539
29533900
1512920
6023708
28737578
9719402
8270123
23075865
3715361
17906394
9968499
7269232
29439574
9961019
14908959
14120744
28594228
14289880
20482071
1977152
19726475
22535480
6132019
6245575
11235518
14098292
9155073
19987944
1009115
13063424
21137152
18765533
29452249
1117514
13074354
24151065
19239167
25569379
27054812
21777738
20219389
8141686
4526628
26040995
29901426
17431171
10471437
865334
21703211
4285185
14932894
23735809
17261100
19883795
5062909
23194317
6875073
8484963
13495839
16015164
20935349
14383202
18966389
13583673
17763263
7987570
29416128
4505336
7089341
26205845
14794032
18825945
23749886
25070614
28168654
20575861
23483744
9792127
5857276
14655103
28981071
29137464
3006873
24010484
15650039
29914323
16174311
2777995
26291620
10491873
18517113
18631502
29919552
18968406
12878591
10669989
11623529
5157674
28402073
23557359
21857091
15543068
11697007
24021018
11764786
13239467
9280855
22814769
27221156
10407886
4704736
32783
21258711
15972128
6934016
17257579
18840945
28624382
25386808
24880426
2715312
13250828
13825268
14164206
9448425
1961986
26355250
10408795
19077822
24860060
3586654
24954252
13627611
17414935
5526078
14465610
12145133
14129333
15677677
27428438
27083978
25742573
21918732
2318196
2030417
12587822
1426619
14329600
22703399
13480655
20392087
8147841
14142330
3504666
4757330
6306848
287100
22007380
25894838
19410720
13407269
18109244
6341603
6741779
2619941
2320869
13226910
28716989
12324941
10279057
8394130
29718091
525586
2406367
24377104
3916887
17546672
5759849
29055490
10912744
7473070
10720137
11679726
22793493
28919970
26095531
19452110
18872680
18239701
11731063
15091982
11438342
10281102
11087255
686576
9734085
7016047
13651142
22183746
13807043
4037288
14528457
17711503
25283172
12173446
3134169
3128596
19671689
17588466
13714458
10589562
14427335
13568479
16677715
8440741
20748825
3062387
26599247
25587824
13594721
29834099
2166099
23049173
5775362
11409613
26136070
27799936
26130377
21661406
6827334
16722602
5887257
3935544
17156366
12028474
13435637
27465276
17962115
23634753
4957770
1537808
29830052
27935575
7102699
6602422
11608104
10493114
23952135
17974770
22113350
23051489
2874129
7087160
26134930
3606113
16649353
14348647
13473134
23102895
26967820
8636009
8245785
24691938
25602577
9606199
22037516
26327999
27275455
24176767
12605586
29756395
5536801
28447547
27982006
21303352
6893878
15877302
20121221
10592750
23241233
5304271
16728140
7860895
1914297
4932570
21479733
3923380
7160059
10495906
976839
27196623
4481091
21207401
11662753
7747112
4941408
2840554
9766407
4073238
14724374
1111852
17520190
21299406
17984476
18060130
7455543
29296837
20702296
25447008
247074
6234108
11015882
11734985
10595210
19894783
15866297
28002658
29858566
13575678
26308026
10316113
2707198
21724390
7291051
24518323
4371772
19339907
643019
3539429
12982151
3449384
18339009
8858656
3070686
4957177
24542479
29486442
14561064
6906280
21942092
26632845
6915994
23909384
2241654
12699320
4697467
16583803
20076181
23952994
22234585
14535052
15716243
17966831
17117001
20128483
12147780
22143770
28117909
18428085
27160328
13275170
3197035
25769428
2311280
12041698
4368811
13634174
1028588
4965287
13331845
17087053
17164429
5175612
4723183
9584217
1104897
8188725
6640261
21253329
23176375
12844690
19577996
7403137
26608799
15523450
8361308
26834014
6792926
18991866
24301891
18025642
10640313
2758259
701470
4013302
6447023
10878750
27368858
12440291
5310075
7100926
26669251
20548295
21787180
27081199
3683391
12683271
27670936
19182970
16998356
18911969
6170896
12781326
2166199
8055196
15194266
8873563
4156302
16731467
3710769
640722
307553
22442234
4673108
27885454
19072097
22679381
26993519
13365479
7178383
24825268
2599615
29066661
10067983
10809813
20779190
2806683
21325283
27884798
893751
15004177
1766183
27587904
18471998
2962295
12969839
4479834
16937043
8677733
16692293
27235450
25509916
11609719
16951268
13768334
17475044
17994336
225051
17026386
23678268
16332799
12999187
17086373
24930878
29592668
24535674
13392115
20746917
26753283
5893696
21016759
26064597
22169676
1991773
24922960
105783
3076736
17311042
9602066
22621842
260305
17926545
25391755
9409686
19083946
22706942
10179844
5096677
13017556
29445529
19120349
15189186
15718191
11268828
7859524
3402953
1077744
8411590
27041628
29178155
10547904
27864287
14768932
28859273
10431610
15408867
3084303
24368158
29501324
28910838
18494209
16709657
29345244
26896566
7937197
7827712
17835522
29262121
16704114
23790975
5480207
22038183
2084128
9038839
28940930
22947714
8806021
20455149
8680001
18925398
13449442
24546040
10987332
16505550
11185665
21568553
28410851
24615608
22003901
22096480
19580820
15550469
16882021
13387942
21480800
12460389
11657060
686319
13170189
4776688
5233493
26236441
5479100
4257873
11138767
25784290
15906838
24396945
25006026
7359041
5329642
12100788
27787879
18291598
18270857
4032407
25072218
4958628
19598260
24464655
16084190
21299515
7199198
10950815
2076153
8186778
25226057
16281735
25601022
15575593
4582130
9186045
7814043
28126411
6047778
13152025
1169039
19805989
9035076
11578957
20771627
7977404
12187835
14155939
924555
6010899
5359500
26226004
6937696
18046703
21955317
10476038
24315827
25267925
20990718
673454
4679452
15576080
13717667
20585866
15903763
26121661
1552437
18950771
3627316
1577737
3203798
19273605
12908019
24525568
29122793
9485259
7914518
6778542
16092391
28866711
5277181
20957934
26804721
23715335
11935524
15306826
27572296
27536318
15503260
28405555
8448719
24799348
21530170
26594239
14672640
23578515
23396932
15845918
5750729
20713812
2804327
26702279
7942117
3359548
3982711
23396271
9148451
3297844
1034418
24633608
23037222
23740967
26913939
23768565
26520304
22615377
23253709
2729611
3418235
22382986
24150844
28281807
25599116
13564231
27220333
6389444
15826694
9270189
22129986
14693876
21987826
27930828
25000945
7204817
9437282
6084206
18476322
3291514
5201930
25031587
26044039
14050109
26893510
6740243
21704754
24644761
13426287
23006920
14347349
14995585
4044153
24355319
17743525
11195083
3995280
4041332
27182255
16857874
21762944
12098870
2476805
1674941
8225764
22299797
23533532
25937329
25968439
13370568
3059251
22170162
16356068
29444105
12428529
20015194
3141574
9996141
11275029
2118277
19428662
9146504
7303678
12328771
29218132
11065241
5329974
26456105
12788119
9141385
24807113
3938036
20694854
3433449
15311936
22647429
15466132
3978673
26792114
11988757
21544706
22276047
22751487
19007285
9203455
7006277
21467293
15489877
3024258
6219090
1130134
24054358
12320820
22487118
21810736
3364627
22404300
27860234
14073728
26283340
3555145
19788480
25461471
230664
25428945
14818685
17869614
3944039
594428
9330365
23109930
22727529
12252179
22103977
720921
16147841
15030297
2649674
25600074
9567165
19877198
18636447
2364425
12043672
25302999
19881661
1380691
24683763
1314730
21049238
18285223
25103673
7519723
4349075
227655
20294986
23731383
21588789
19968655
19672141
5601794
25328384
3988551
4753519
1205093
15286930
5421530
5201927
2374980
25556418
24536759
18427292
19815050
3571393
27443082
21835532
3814202
13236307
5499192
10329746
10910393
24494726
18278709
24910977
10783049
6981912
6777575
21487810
27357969
7014071
6395386
1305351
5989706
14561894
18398344
10496399
1891994
11559636
3344884
17921579
8471032
20942996
7209686
14426522
11946630
13225909
22316953
4145375
5923489
16442786
5179498
26173463
4573262
20890524
4572629
19648207
21662264
2754899
15731824
5227818
14718490
7752032
6026535
25898883
16250208
11969321
26878697
145568
22572556
11205258
27084148
6680408
27922812
19420667
17418014
26510201
17127695
24938555
13906306
7788542
20819422
27132336
14984181
28388751
22794212
8316048
8765350
12597853
5502814
27806955
25385186
1569138
399029
426359
11375109
18746879
18139877
11795472
23415606
12175396
899581
26051163
10054581
8138018
20899086
23148802
24868367
25058600
27253071
21486051
6668533
16979069
4701179
25966256
4140286
19126884
15450422
22810246
2888668
5108397
7217052
18414283
14607902
6470020
10211355
23120259
20250645
29501069
11995286
10386564
17485401
29381723
20960114
19436521
516400
19751043
25557680
379671
9714982
21823781
26317639
19411128
25080181
26463800
11288973
16810975
25917173
7042896
23799750
1893872
3073580
5953606
5941758
12570112
2985481
13802157
24423643
27339998
9599656
3189997
3799639
19076521
15586461
17022329
29085539
27076212
19100834
21032704
904276
10593159
26465603
19128444
17000832
9370265
26046623
21344978
24555406
18298533
3174264
23174772
25653325
12651981
22347948
14908266
6396705
16304038
2101595
25963448
7170337
28574736
14078959
6640332
1352584
26768770
28035498
25402460
6163471
26753313
9041337
22929389
1267073
5496138
6790335
13873041
18604715
17918358
10651827
12384165
16275441
18011921
4768118
8876214
2616722
16881752
15761210
19483613
1111765
15006032
24614449
28057363
21329579
29471475
2451690
29147339
8695032
18855619
15836105
15634807
27110819
23836785
10307611
3216299
6356847
16557129
4303370
25183180
20927427
14969279
29823764
7438974
20818653
21362776
19436805
19246030
10025989
24975116
9625262
2368019
16133801
6344453
19666760
3826546
29908778
21894032
28141472
26779963
18316801
29381604
27082871
6542099
12968174
17659459
16830784
12044831
23690087
15459910
13499033
14654011
7586119
15620514
5865083
11784301
20648774
16927626
23702500
18178463
14212357
7275119
21403157
23427532
996876
25542193
20949727
7372095
21897006
24819076
23972164
4681211
11566197
4750244
3846876
2170437
26676895
5349681
8884227
25609489
722995
26745294
6665766
21545505
16294953
21748187
1902779
786264
17025994
20628522
23638823
11050993
10861794
14488438
20977793
13540949
25425600
248540
16918142
5791315
10451337
11863399
9611970
15648241
26613579
3857123
27451243
4109579
2273952
21758906
17217131
2589932
13271790
485961
3951180
3117763
26495409
1104311
17932404
25874150
29382773
26182205
27404524
17589900
27383764
29421198
7595338
1446920
11619212
10931691
16369010
29251429
10774247
16922491
27424043
16981393
9378398
12613924
525013
7975547
28147692
19885800
27233993
13653741
21887434
17799169
29655897
3237808
20357477
642909
19731234
2926065
8241031
4953180
7890774
11144596
26833875
8927581
24324277
17523547
23369953
13289585
26976771
16092316
15840266
7382829
23175210
10456546
10289484
29306369
9472482
1655459
6170657
18671919
4451919
20420096
24138895
14331350
505499
23022234
13088007
15026657
26859939
19530647
21751606
12423759
6949488
18196763
14846644
29486739
21597401
29033030
18819881
25595315
16905679
6882559
25833151
1908284
20645882
1516458
18346876
10966210
21078582
9138473
5461682
7450873
17632785
5516044
20905731
19944519
18644260
1871004
28404888
21603630
12421524
24519234
24240366
17016915
21423847
3919574
13748802
15731084
29380938
20952099
23506252
10988571
11392025
20589313
6802077
16655740
17526800
27968705
28465738
714554
22423335
22919673
26541796
401268
5677876
27112586
25135054
20790998
22790529
529540
21368221
19881672
14675162
18207602
1073056
23831874
6627794
705987
27328604
29706156
19626378
9580470
22208969
4829897
15701307
10377207
8003790
11677475
24223827
4766839
17784428
17742810
16267573
5600319
27063724
3787114
29687778
16369287
4280204
28113263
8632144
9985455
20995619
24760327
24287032
16329951
21841924
11593649
9675852
3459551
25487460
10759204
20500781
11842116
10084836
11926349
7255752
28020822
5989362
7124254
3821188
29739865
20805629
9393929
9923633
4145998
22242337
21568724
4698913
22746377
27462726
1179237
6671941
332341
1684047
26196116
26437360
21340651
3635880
22053171
8245992
13556673
22992157
9226443
17908970
12691011
3842500
11805559
23098239
18454
16642191
25985569
2259533
11489625
3430303
23434003
22475112
3658833
11387834
13423564
13813595
2571314
12759406
8179878
21475650
1247410
4385036
16014919
3000421
27925785
11895348
19856142
9310088
8025876
13493238
1506255
18011927
23795000
23986987
14500238
28406712
24497394
8685966
25669934
18480606
18052987
17061352
25050538
20343899
6887101
14628499
26010422
28197596
23760121
6901342
22729114
9776643
3429220
19823392
1121548
18827526
25469626
25857285
13567392
17421438
20717010
12727357
13256640
18485113
12167605
29434201
13001337
25286619
24146339
24923564
18836250
23371974
27044942
9582854
3099509
24178924
22589976
12277512
23954833
12824518
7621475
18546332
3693749
15617517
22735995
28872591
20369061
18013006
6027363
19776888
7071430
2135181
29892512
19822121
528645
6794323
1138107
23293386
14464878
1486658
21525352
15600011
7558018
11454607
216191
16335690
29255705
15633135
19596414
29377563
5900764
9379343
7931475
28664530
6995642
22992780
25714220
26815648
14136205
23121434
14043927
212904
2376867
10462817
13849331
473512
18344213
4652559
14758050
26039397
16599468
2989831
24710998
16093719
5124028
5960791
646714
25205790
9068522
461807
8155353
17534789
23515917
3743474
15783518
14789818
14697476
28639306
9878737
12565905
22926624
14150361
19523080
12488177
23746262
9454783
29370193
14836575
23743337
27204673
28082198
24691332
18806736
28722243
29927760
19600261
29430
23303799
14927075
15956245
29741981
16214538
10646547
11329324
27033380
5209712
11806730
25966632
4088041
22760200
223503
6224970
8535444
920132
27757955
23035546
10395910
20304296
4417778
11983961
14194805
22660356
19114282
3370889
17230462
12812650
11600149
7403740
3687424
28228983
5137057
3764270
4136237
9893077
22517254
8564824
19658839
29078388
4415241
26995532
19553412
926342
10604362
9730067
19077388
117587
22553407
27442425
22746989
6954753
19634526
10368892
11554947
7554344
18741445
15238091
12431829
23641889
12671905
1639659
28369996
2891718
15133313
19292366
29263945
20405427
9986823
11627602
14933903
6542103
29620656
3488178
2188419
7782000
15494796
21322174
21585802
6106198
23024322
8962869
19206956
13286
16192658
14508551
7339511
16341247
15778209
22410556
9191877
27284001
27678886
22634609
23353530
18591611
14219628
4406689
16049559
315253
29406610
4302832
20797159
15706826
15682950
16878711
20069299
9458181
22678639
7604212
16307556
9613345
7211087
27922276
4972570
10776292
21796012
14301851
23934955
4278186
881400
2937632
24851871
25408247
14736534
20833252
12783889
19338504
26576299
1450710
1910771
588295
17654421
23811701
5096368
26064354
1729323
1702478
6412178
12037622
7694648
29325674
1843405
7398687
29997829
644036
26557673
26244222
27798972
23337247
26641162
28016815
10540142
20947979
27803642
19902470
23287010
17869394
4411303
2814715
2549205
21519441
27812835
20008321
10874174
11835279
19269321
12022693
26384921
827448
12409403
25401731
24148360
13251321
1285017
15618988
17797757
21722547
5869781
16560876
6981156
13478798
233688
27355119
14392444
14665985
29250811
26648190
17212781
12542759
12582305
14439683
24927258
6793864
19095300
29632267
18058632
6110599
11529686
19969512
20689841
1616938
24293290
17385016
29198476
28417681
2201179
1176540
12156380
5162558
1305319
26379686
9126495
17826432
882899
5279565
6109072
25444882
14294044
9479431
24054298
24354225
13591562
8692558
19194867
18894135
1525481
15643846
6917609
300058
7269959
4970536
18089537
14497154
2522070
12759546
6478196
22698752
5960484
16153433
3410751
21798644
15177013
21320951
5482745
8402587
26262331
15131388
12662543
19899257
2246356
4795910
21781490
7382068
28682976
28754877
12404878
14453513
4372789
13727245
20090539
28972072
8695255
25691665
18878623
21271976
6541395
12819808
23482285
9505163
16133943
5168421
28320142
6482503
19516677
2196340
25180915
10791725
16864569
15873327
10262874
23239819
1708015
15380339
10756244
3026687
19563450
5784706
10215613
28450649
10149855
18027672
21610823
981105
28725151
6724070
21057594
1490213
299076
15681864
22359471
19055582
1009714
28399359
26612393
102269
17708306
7615617
2828124
9627833
26445536
15950056
13101624
22590532
24745019
29553329
28489304
20783754
27378430
23363530
25978441
2268865
1519089
3440720
13123143
19452887
8465297
16050595
10897460
20798025
4339086
20052785
4907099
23634893
28863671
20283079
12532497
11523789
19374815
23923857
16953336
14005669
11267378
18649706
28494709
13793246
14164371
14967798
8736673
22143861
11527111
20617130
9125817
29643044
17647524
6442549
22739128
24979284
3223363
12545871
22621299
16636951
18689753
10910015
9479722
18937186
11541434
14766573
14066670
22840405
5387443
20342176
19813626
17451173
15069963
8646452
26519910
3245780
17568202
10722052
23569906
8382829
17831641
26317884
24125680
23018040
6650034
15296034
14326974
11075125
16913795
5468040
20024179
15216847
1807020
24419382
223688
26432907
28769350
5493973
21162526
3395352
2463050
11325960
20103748
19872709
12472026
2394906
14093457
3090374
22670469
28088410
11588701
1355012
13579222
23077186
8385551
26046372
15385325
9778941
9060934
15666594
29738545
2817466
22042166
29474438
26534767
12207698
644849
2696086
14730108
18916946
9567057
21701951
5583009
20575992
3294767
4544538
5212794
23496579
15761327
14939637
11573604
24877318
11377349
8078408
21623298
5398333
4604128
13491334
5263710
25307937
23347094
3775860
9128973
27948137
27662568
21811355
11712068
20281330
15487475
2835886
18080562
24445373
28812808
2221408
8736715
16607861
16919867
21756103
19426396
5823850
22545912
29374096
767418
6555381
7961284
25397234
25490378
10106498
10332575
6004999
15725321
19504284
17328904
4024804
2549520
6418044
21902571
7033217
23910288
5971089
7795964
29415153
14654451
25406503
7597329
10087801
3831135
1305170
18612713
20578858
22954993
23889413
10783711
1251047
5726935
15462561
9874277
13088821
4630697
5985844
19856912
5183218
26290589
1337118
1689740
9978823
9154207
27727859
10444652
13595588
14931785
22412728
8062878
24157964
26718505
19798111
10044659
1463240
28674403
15585382
6936283
11240434
29809119
15983870
5962858
13681901
1156371
27093835
12004505
24545268
24494881
19757512
10717930
2286795
1148192
13033899
3859708
8028441
6729509
11675604
6425436
15098119
10920879
27023322
27853211
27536949
2819004
14617058
25611331
23288476
19458317
17238481
22884618
4046667
1074428
15590871
28528187
15315308
9231987
13233358
9849442
18405180
16640271
25600995
27888387
13428872
11846435
16177170
15240553
29620130
23338376
5598248
11068764
26922102
5768949
15384633
26214512
8440241
17224050
5893539
26697143
2994218
19790173
26887554
10009728
24313277
28673659
11067169
11512730
8741186
21127808
10867665
2995147
2461510
11468027
15358459
11409256
8690443
7981191
258032
29477962
15718605
1600678
12503933
23542358
18898852
4090094
24795194
12517452
28073525
18000005
27154981
29570125
22439707
3229564
21088420
4431200
15761689
10664569
23071438
23268466
974744
5547985
11108532
6441839
28271399
25819299
24722235
19617120
1579558
5099735
2665536
26550147
6657349
24490144
4642544
18779071
5439543
21128321
6978504
19486101
24480294
23723709
5540972
7966791
16295678
15615486
21836060
17944062
11954848
20101031
28323412
22543914
1816523
23431064
17723584
25257636
23545669
15299252
14056808
12935457
11892525
1617484
2000595
6969392
4194853
10636518
8182865
6352331
4047861
15298880
25231149
6823600
2156951
3767314
16635572
17356584
2804826
22829236
29577361
18483988
12489557
625247
4912671
25801263
14117365
26580621
17822675
18990203
7905041
20746134
17739385
11960358
20862816
16687548
14488607
27106308
1535924
4501724
10642052
5195804
2539652
3136639
7119072
2846409
1076351
18664173
7458803
9865107
24516655
22398795
27332887
17655796
6659080
17151765
18347694
17140462
21001946
27582002
27541353
27442920
19868457
18400781
13632592
1733089
19824212
20016382
4376050
14520306
26018177
719172
9916346
22990099
14249964
11545613
14512312
7611867
12229844
20630022
29710319
1319999
18505991
9357088
12370525
9876583
15676688
16422981
27536706
26627878
27733451
4643905
15767306
20202745
4339169
29763477
3631738
9548020
5885063
17013434
15860819
19078938
4278102
5913302
22395328
22963020
6373094
11223843
2709871
27555109
14155147
3579194
4170365
19259063
5760022
19200982
22344123
7307465
28311658
17143314
9793474
822931
5519702
23323919
16866171
19841763
2871334
23697072
12884487
11601882
11979086
4064204
17367623
24048982
4967478
7633734
8196914
6290824
2328347
10365137
17622682
14191149
15373215
10348318
7056569
12590966
13036173
10972953
20664103
21602884
22663955
22945798
8348993
15864328
29277740
3868229
3177761
22445917
25746032
29631941
3363513
25932909
11509184
14285178
19394327
13900359
12897545
17448496
23944950
16605865
16108228
29630237
9292485
26925924
3550745
932399
14841931
24163037
29453249
26148774
11465123
23743664
12361246
3217586
23027067
16561212
21239927
10770770
12278677
9222700
3239079
3430736
11772443
3087180
28462940
24571642
13651187
616491
29339382
14061218
19275093
24372244
21892006
10949927
25410718
19483219
23317626
8033368
11565432
1411353
22383197
17159688
5675764
21765606
24819167
4934180
14479384
6077640
17218164
3248572
1027310
28708290
29898926
17270621
26687935
18102076
476164
19157094
8436964
1701015
29742860
1613479
15977344
13261537
2357419
19970041
28923953
9376605
7527383
14508841
17893209
7980025
21573977
19410536
28126692
7593811
18536537
15911982
4491514
13520676
8095670
7019492
11298784
3142064
2811268
13735111
8442188
15988140
2897616
17116328
14911676
15263715
15033791
25621820
1837211
19831272
3027727
16344235
12319704
22315515
6025225
16252615
22962727
15036959
21567877
5470523
17886304
23263424
8705061
17243504
11587544
25886942
17699304
5247414
11273897
18037479
15669134
13243162
12846442
9762583
18250890
19227877
27879316
1243720
253437
1512836
22303509
16696997
23470596
2758020
14658274
12306892
18081202
13236743
22239952
56123
19483810
20644610
18793251
7046607
18481081
24396765
13405534
24747538
10563696
22424171
1863876
6226354
28072379
29887340
21332395
27158231
24852114
22031865
4106258
5220763
11926230
11350605
600031
2657120
4703528
26025185
3520891
12115888
11377013
18768724
26179165
12891555
24952662
24146592
18540661
27301922
19599314
11881501
5811837
25422124
28638099
21487376
23019759
19478394
7939409
18450554
5706740
19535605
16536915
12642617
18091740
22886325
6933075
17514878
22774836
4013224
6587850
9743811
14167990
24975075
24041999
7070901
24467591
12565610
8822631
20432477
5066570
21952990
21675236
11731630
26773368
26031346
5523112
11836706
8899674
4416236
18637496
14801232
28000005
19794904
13339596
8346678
7416045
11724948
15853673
14318129
2441395
10301181
21832781
25230105
833115
17343892
25680333
7112963
7253416
26794405
24266318
8085914
7425461
24231314
5509892
5979217
26731909
23024951
18862280
23104808
5922925
28177118
11538246
19142485
2781551
26918765
10180625
21151757
28758044
5495551
23141613
29890297
10631047
13821602
4925867
17907732
19743742
27323799
25927616
26796420
8509451
13820144
5742629
6574375
13914566
28553020
18586380
4095810
9943067
2328021
27492097
28669986
5353837
29974203
3251960
5668805
19655848
28574601
7368991
28383479
3041938
29671587
29461055
25405425
29990159
29842978
11518640
10195973
6065904
29920037
4206796
29128430
14741718
16180729
1022512
855585
19504523
12960865
26738349
23200011
12868999
16006385
5276213
6795558
26228989
23877321
22549736
12735075
4926147
23197493
4135097
9603575
9946500
4048115
23056591
9378260
21990772
3508223
11045739
14118521
18153460
18702570
1226364
19151741
1469497
21334107
23507065
6821948
21200225
16657665
5847804
2996950
10386144
5567076
3571196
15113530
27491760
8025891
14506710
29808324
17489794
3922950
10421313
19804612
4528526
2459921
26022108
4594387
17474301
25444314
11351686
9591574
6364314
10913477
11340827
27883993
28761627
23667642
25867084
12745237
27052104
29376550
4194573
15911788
23036801
9720903
14945590
19337844
6331431
5881481
8611030
8535017
19583342
1530224
2925279
10683299
8291257
28752155
12552714
6274084
17229639
13612817
15443289
17443661
27860448
28618311
14429427
18532755
21410217
25018830
14307797
3834480
8450638
13527467
18390728
7461342
8578311
22955639
29947594
2178845
13232297
18039327
1599167
29610339
11459375
26850857
8654936
7450712
4889161
28482183
21546022
7418724
26037748
23173449
26677178
4497035
16810217
26259827
13493353
24856630
25911014
23442727
28924750
16369956
17150229
18827194
4092
13501350
10770517
18299754
241526
9197760
15439810
24307482
5124396
18325339
4789033
9217223
15713593
10127522
8025546
21866845
29351413
13157550
196113
1390164
20872825
21517351
9314472
26522234
18144017
17982627
2385066
28964524
8059883
4271541
20812222
7804994
17255609
20645318
7116165
16812768
7533381
11512555
23058365
2906832
1439049
5032533
16509750
28827111
27993821
1199611
28855493
1925022
25813544
11759935
19155411
9718884
725521
15577476
14150042
14240697
13666083
17800881
8567444
3067094
3143523
1483203
9784670
20473860
28269001
27514273
3449441
22827246
24532968
21260782
28416155
7191134
13421747
14363000
9895115
23736863
22465158
19088704
18969059
29100062
16585929
4116310
16288910
14789904
13452296
397634
4263262
21210678
1039197
2677400
6142738
21489118
15450247
1106299
22256476
15807219
14339590
24944670
22147605
3164918
11173080
20377473
16531994
10631056
24042017
12379392
12378780
13845859
8315058
25570362
22386732
26155459
15654194
26743805
18096221
5111677
23167677
29387109
8071962
17609312
15275596
7016873
24918723
13294502
19017831
13399417
25344632
24430084
20294741
8751622
12530306
3520622
15620819
2369641
722079
19682857
28913576
24040563
134365
22335406
4129326
17069913
21152558
19726357
20863890
9543298
5827620
13775228
5421124
24916106
566229
2049766
14126061
1206195
1796336
14918230
22905290
28951449
22973207
9709217
26453836
2031945
6659919
28817504
4424878
25919913
1199642
22831458
27552871
13416585
14119511
7844796
2012176
29394148
17626188
501606
19199568
14926615
16849486
14312006
20633704
22277204
17723758
7201671
17914653
24031301
10744320
15074913
20051501
29037194
1565042
7228356
16731986
7364315
25424706
18266619
28776484
15545924
18006449
20204497
25014735
2063261
7384439
19830648
21237431
9337954
6911090
24901040
8147958
19367366
12622294
12885453
20365700
14138692
21929146
23612073
7475631
9143964
14329393
377174
16149042
9273388
4791640
29630875
3579635
9228088
20226774
26804069
28162336
6979241
5730572
24538063
20051075
1104008
18992097
8259707
7917643
14058591
25255205
17076222
11404281
10141519
8212209
22112890
5981016
22927134
11138544
9047069
29142660
15942894
29507725
7307677
6176724
4909718
3718975
7184303
16851004
4580091
6158414
22806978
5378749
25235698
20301912
354351
8563549
4740481
27355754
26283207
14447493
25735233
15362048
1289578
17170907
1812214
12206743
13578390
26253780
16391521
17550395
16646839
20753833
21421861
3287504
22237604
9729957
6291632
29313405
18627843
27732505
24098298
24072440
2397257
1629879
21273595
11932476
22202691
19546610
14770442
12781782
7082487
26815310
5610550
3033007
19105302
4121982
25715917
3305663
26224477
6471273
12468703
8711484
2097635
2501212
17632198
3021108
21735030
27070658
11307726
17090292
21487271
25499112
29292389
5702027
27312428
80635
26237817
10822332
24982514
22463722
9809168
17584298
27622492
7025910
27444615
19583195
23704401
19399412
22322145
22468300
29372940
26247476
6715994
14201581
1023964
17168836
28313404
25147775
3298153
7291084
13256106
29763117
24292958
4697957
26816372
10433612
18222323
24823101
28693361
15415276
13894640
22217483
25215045
3734504
23079812
23559582
22043074
3708531
18573463
1589046
10533972
10355574
7383172
25900784
10460570
4821605
22555003
4139341
22870973
12868697
18994772
3958913
15178761
9534505
15313970
17854730
1799125
12802068
19017471
21626825
14302832
3366076
26723599
15264383
28509667
13159812
5063378
28946821
6848061
23857413
25278764
25564941
18035845
1895055
10513638
19639279
21386136
27885131
7596442
17381254
3046274
19810797
19024565
3543040
18598971
13622010
2908511
20332123
28364896
19289314
19224833
25939961
4695087
5232884
20848164
26863839
17171352
24613682
4653293
9957461
9420468
8679894
18559477
28888349
17352592
8892698
13251755
2908798
1803653
25507011
28937953
12476416
10000552
28255890
8287211
13202920
6196963
11014441
19826653
6156959
27171819
160057
10774337
28905222
16515608
19944233
3053910
2300747
24225204
4173843
25889529
8074754
15342840
23321541
23686674
15751469
7243807
27941433
16185228
1615597
21494414
7207637
561983
13880316
7827851
944720
16869006
16230221
14860573
844445
7574814
17017465
25347973
6096107
25022577
5248509
24273895
27399915
12679206
16784234
19475829
12874155
27784938
11841853
24122903
26274739
1431966
4813326
15709106
315939
17270452
7199626
12083154
3183065
14325966
15257532
4621608
10148870
12001421
9165987
7528262
9613340
20137566
6696637
10274204
23493287
2368961
26456160
14567319
23172283
22474933
24228640
5711043
13168931
13850052
21270481
2793856
7596648
21258579
16398414
23127341
16070590
17491939
1403929
15666985
11946321
14735018
16068075
152906
4807748
15316508
24078770
8729140
516898
19964790
4394932
26179858
24158416
5599069
12145870
18273117
8944470
5904454
387098
1603907
25853359
15091993
13653892
22878450
20454172
22383840
13436361
16913721
1118675
9217652
19478941
26166271
6128913
6053477
21030069
8217807
13859630
19336126
967323
2006375
5313822
6440605
27667195
9372945
764585
16151223
29742524
19075662
761623
7130311
28300331
5693257
11468058
24928316
5882187
9390583
910812
20708873
29976033
13181547
21591121
26632285
3213817
17675459
3603699
17457685
6144002
29716242
22824597
2430037
7933422
1956591
6285488
7774978
27424634
17815939
5833646
29768743
23936592
10245674
21598784
25513192
1440399
25290061
12077487
17647055
9993569
27431455
10903340
20792162
20880504
26754568
3910621
10120545
3636762
13526218
4353334
13380445
17309708
23675453
16745264
26438372
22691563
20377503
3290673
23334303
8965720
9027633
9523893
1180261
29342021
12510666
28632738
8914512
28228233
16074309
11510026
14900675
16748720
21710523
27125801
22404360
2032148
10280287
16127160
18274011
12106724
16761322
1957592
134693
16765911
16862830
22313956
17678724
25386340
11926447
9899554
17467336
15731018
16191625
6439601
17564525
11727780
3410541
7719023
2321946
8318450
5833778
18244464
11028599
8886092
18904150
26098014
14446776
24529961
26185176
404580
10882135
5942994
24684308
3314014
825037
24647375
13747729
22258823
14050571
5261445
6591319
16616894
18838155
15768706
17108766
14268332
2569716
29273422
16902122
11952118
14372795
16915218
11992013
18683805
18801094
28635160
16455293
16139525
10332619
4121649
24643721
15975350
11871955
1775273
534790
17220439
6626672
27639270
14573322
17338311
922634
17573505
20846951
10501128
27728009
3421494
16535679
4231540
4272645
24485315
14643836
5538625
20533268
25006043
23111104
6940965
18930370
4755887
28500414
2941545
15887127
19038827
14616085
27287140
16848100
3835325
16411579
23599485
5827045
4256699
7082316
4951251
25219509
26693245
4089172
27854725
5902028
25568993
25190592
5262888
19671222
21900445
12066014
20638883
4654490
6580678
29648370
1088057
15264969
4958955
7987792
250547
24487043
7169703
6628442
16634903
25520674
21612392
847399
26756127
17627643
20674064
18359196
17041462
16958339
18696639
27013212
6450768
11985026
27812650
20317067
14984534
3874640
26997044
8013170
1773385
26197740
179803
21563397
12461141
8871413
6749722
15067867
12230247
17591526
17397706
12090671
19203739
27057212
16703228
26354428
16948047
3314718
8344608
26216074
3915790
18665784
25064739
24127777
9867048
15615105
21114204
19749333
134750
10290449
2010136
22643774
8707922
17583818
18263382
6051978
9685804
3936458
9213445
983920
13565974
21937231
19341520
9315462
12923732
2558286
5867173
27873174
16104945
7536230
16504515
11305609
21289238
17209851
23708504
17486794
19256950
11079189
256440
25451707
19558892
8872749
10145050
29018707
7917015
3755096
2094169
1186130
16970595
5955342
4120990
12281145
2452260
1850043
11087225
7318300
1016833
3611656
19811107
13264923
2054790
20490145
1855842
11043453
24461624
6350827
7599387
26674068
2570873
16808793
10363932
4740368
7732086
11083773
10420978
7433650
16984253
3129919
1280070
3934039
26953966
6873304
6652693
12402332
28685038
9382443
22004735
19677654
521066
11007288
20229848
21848410
14017909
15963749
25782535
22318604
3579127
19122678
8873425
18962063
21739352
11253080
5517830
10075063
14993693
26843569
4649195
8601745
25968872
1700533
15087713
13028816
23581139
19029993
3715657
4422594
15478996
16917374
23323054
11669615
11838358
29641122
6241904
25691423
21462393
26041563
5638325
8286093
27738469
27736430
25133248
27239046
9234963
21108786
8541739
26033605
26611572
22682133
4026764
2329367
234303
17606880
8602229
11046989
18698840
24220161
25618390
731272
926642
19130855
14024810
28351208
7950218
8674362
17193193
20356741
387046
1038356
25521532
8628256
17763988
19719845
26533043
28344156
3222964
17522855
21616274
3264644
29500070
26009367
10652057
27576359
565921
1750493
16961619
28816689
25936609
7710430
1828351
28725268
8423679
5475656
16285954
24185488
19961373
10950654
5902648
18588299
11313221
28177424
6184812
21747192
3707457
28469777
22380968
25335240
2165300
12964690
24424208
29336430
5804984
16072709
25943128
19667794
16527927
16000263
2115278
17349995
19474295
12462458
11656384
12909338
13536427
17429708
27801402
19013115
6550582
19821124
13285815
15809743
1350136
21241907
11010183
12183707
12813891
29782068
3655020
26824214
14663579
14044663
1205182
12891281
29223339
19930662
6858164
15498787
12834607
2208788
21531237
20628528
20757893
17146865
26848298
5258091
23017174
16157440
2287027
26041958
24451425
8780966
2317661
15236577
20955413
15145299
11857518
7749367
27635253
10527533
2313704
15864687
15071815
13189693
4207106
26719373
4982081
28827830
17876389
7595503
9110163
19234005
28305617
24003946
2039465
24681119
19686595
114344
23290114
16575632
20275153
20945088
21046219
6753976
5654553
3394897
16468928
22641277
3509938
9349418
10581906
17795860
3869716
22423053
7356842
25290073
16133759
20511384
29016258
12791156
28972459
20810311
21527943
7154164
21347754
5746623
9650051
7712634
3967190
19813565
11749513
21677470
13584162
16815421
23663729
24510432
13383256
6877197
5589671
26964358
11568047
17553890
9972050
29424828
25352422
21503692
29124851
5272736
6629321
21033530
23858177
23817159
10448826
22802848
23180194
5326427
20510159
3183868
6165510
22226025
1236711
16683022
14331969
10944227
28296464
10978494
8165311
4597481
17224439
11128726
8750210
6477130
21476087
3266523
6938204
20325001
7625782
29874181
20981017
23743732
689439
10597312
22752491
19932873
18653103
2680801
12555821
9682678
20788040
12417636
5310234
23416758
23152597
25682364
5991887
2269085
16956115
3615588
14682966
23129857
7787408
6799615
10835378
17257125
17750904
28342511
14101284
2580479
8838795
17339374
8783834
21818245
28703228
19062515
5511218
26726001
13774612
17479195
562374
1771604
14242794
3905652
10525033
9620191
17701625
19583944
28879377
28573216
6975098
5913951
7108449
23549366
15727868
25060412
12710514
26831705
12174594
15770014
23273391
28154770
11194939
16174767
5447320
29977088
9636082
14246192
29030601
27312379
15053322
7923614
11367365
10307182
26776245
22659258
12134666
8642103
14002309
23104976
27959920
26947531
18777177
8135523
6608949
583667
475436
2763485
3168677
21927807
3824913
16445540
1176721
19530363
12666740
29507393
7288864
27270438
29467522
4941123
15832744
19107436
12818335
26958557
21257496
4213600
19028329
13080850
2906949
21713307
6641801
28656316
15052003
15199538
28948425
3878871
16119331
24676484
7735974
24674000
5751847
10409181
6740542
29797073
20465079
18930325
11147885
26058253
13823882
971926
29159973
20859069
7039045
28151234
19236339
6292718
10100974
6976761
11024761
1056355
3773152
8457647
8186267
20507215
2744020
6350889
24696290
27209805
25167029
25096030
16899018
18641171
17259326
6407507
26774981
16333804
17131032
27192838
3866283
21920000
9648960
21424397
13599063
29447615
1701164
26091715
15491437
12658063
1302790
22158734
21418178
29012963
24490836
2638403
9444147
19448874
2869106
20667399
28976718
26655783
8158364
825543
14957137
20907776
5524117
8739
12188678
6222815
22604536
13656927
5901927
5510652
4948670
21695293
3973920
3479194
1967195
26934133
28764039
21025105
29061109
9046551
10707789
24273024
5418420
9993236
22561735
666153
21678373
9911670
14878731
11765230
18685860
4120856
19886358
28357092
20361213
23462670
11261534
8570601
11941788
24602359
4339584
28947877
237767
8548763
21985443
11708172
27362749
17044728
623779
8023707
26113819
4943955
23394564
26276924
2699859
6086204
10723861
6827565
20935076
3099677
5359298
4581613
22594345
4816580
9538362
12217025
20440668
26108706
7735292
9008925
25006549
19234225
2486281
24748922
8626177
27336232
23857794
3141893
8030564
19122513
12641652
2979499
9791560
28629778
24135367
6381940
16006524
13664770
15009063
6825123
1075776
27221818
7085818
5701038
10640098
11006837
3790249
9929511
1428569
11876019
25599256
1330485
16184488
11053392
1451065
11412427
16263182
19134787
14326326
28222339
15754772
18742783
16457110
17632935
25716022
25875242
2825408
26981518
6991072
25537650
21046929
14884778
11417427
4276202
8738682
8514317
5989521
7834019
8968181
22918374
20790336
13700468
8108549
29096621
7357639
12394266
15511538
19231753
16283670
16576217
7798938
1048900
27134306
1690365
9237536
2962623
5692028
16100763
25288465
27386608
14292602
268124
28882675
15521948
25312793
13270296
28753585
2576602
25930028
4935761
8664586
20784693
24289863
22563759
22431739
9727446
19820881
12986365
28171666
3017138
22278778
29438564
2749616
29798847
23024367
1525564
25618940
5857519
5985570
11664039
21574733
921373
5355829
19633540
12031251
8510174
5373530
18543057
16892262
11317132
21361731
11912242
1197719
12479884
25370156
159393
23079734
7214961
5279165
14709130
29394675
27798201
23810375
9024549
1302304
25732867
12783728
17225360
19540779
5512
15335447
5704383
23735886
20466951
7876753
15604010
23178394
124593
9677056
29546128
29329714
11931424
22374866
2033784
16732433
17644906
7053806
7581773
3941526
8195940
10102950
7672735
15564787
18959111
14797305
19700519
3781880
25051474
6034089
12377115
17808700
14333642
2707555
4227272
5355544
23269268
12350127
17645167
2772400
19754883
3886216
5251197
2880062
4582625
22397944
28893612
14960306
27535163
21316261
20281511
29036454
1340536
109746
16131863
4665009
27464171
4947374
19740634
3844019
3214281
3685954
3531262
26723301
3940152
5713960
27796860
15994124
12105396
14180345
23940280
16247964
28996482
28038638
21445004
20331080
10333771
21098981
15383888
11084537
25021226
8355201
24980332
10606391
17496567
13016424
26210760
5603232
13940252
19075093
24002441
2173975
26090462
1433012
21670273
14415954
13952461
7717569
25766916
15720344
20537482
15315982
7053506
25599049
23155440
19482907
14327094
20087059
23000514
28566039
10801439
22697336
17894772
1719503
15471233
22098592
24471100
8545250
920154
27279435
22501930
19485508
320513
24598648
566098
3524275
16617345
24939676
11298328
3780146
16855776
11481348
23864370
17015158
23919648
15901198
19171014
22619958
28861819
26056356
29840755
22929326
9554331
21150872
3375009
1389299
17537307
7046854
11447431
1891976
4994166
4996057
26569146
1556574
17582250
15513339
8951355
28338344
23334076
6825286
2554447
1524278
9239194
23472190
15655838
10132785
5827191
21887562
7509560
10152684
20613137
7534978
14923087
23017139
5006564
27104744
8208759
17675093
25059866
7708769
24711869
29559716
16313509
27657561
28536964
14655500
27138632
1446164
12635204
21142830
2569749
24381005
3320455
121429
18358760
20304116
3488460
2563255
25631312
19862072
27236753
23405114
22601930
9400117
10184115
5880009
7837811
17060159
18101732
26893904
2105915
25643379
18696128
10836360
23334732
1315452
4029335
12634087
14416980
26677846
28386504
603973
22887648
14336083
26678605
6663210
11769960
18569106
369653
712772
26153255
197555
9389737
3844176
19713930
29780743
22060828
1229845
29619316
8486868
18304047
14255806
25967581
27198374
13865933
1732885
1623134
15902292
9730176
9738115
4086788
7826009
22898845
13685747
17363860
14578872
13631968
4308144
13619168
4753004
6081859
20800058
15894404
14962599
14605745
24423417
5998724
4065734
22543250
152096
25913198
10013589
28111139
15429317
235377
7763040
18745130
10122603
20387181
5071719
2877646
20747599
27222463
1900088
23407831
8174053
21763119
13572534
14328553
23147909
175203
5348394
28376739
23702760
26098275
5049547
13110023
977330
24885816
22266347
1376371
21703783
4266856
5276281
11507296
24962236
28763139
21599139
18049384
13960537
13643281
27638249
28723484
29528460
17205761
21814633
18652110
28817012
15793702
14044590
13933506
24919852
4307690
24138679
7540274
25411078
15507644
13171825
11558572
7152786
12123959
5688284
8738194
4602314
19385952
29013568
13071637
27269111
10898542
23143975
16903487
11451896
11567913
14983258
26259820
12069462
20018448
29771809
6009324
15819586
23948277
22211315
1642301
3891388
11281385
17048194
12306403
5959518
12999515
16598206
7220870
5021052
10414121
6662068
21990291
20397730
23793281
28047588
21274839
2063588
1943826
8269484
5177344
28937677
20084563
26993067
20792612
22413912
14591435
6109741
2528985
26562692
25737262
2439890
6353539
14966693
4299527
24748093
23299098
24190341
11734293
10736475
18457838
4107827
12844859
18187428
25908413
18413473
531058
26304356
4745380
3608255
21739330
28134894
25475842
20583070
29626778
1904488
9815583
15954122
1428263
28841841
28338690
4669788
5420242
20971683
27190484
14670865
21076196
497165
15325199
2434710
3941040
24283707
27977852
13593576
7328293
23511443
11698467
19758025
22378092
27584480
8406101
19678370
20100450
27017219
4269400
3257566
10573001
11322408
26479474
20611170
1913764
8737124
23779943
14881526
15813301
25139965
18037893
10428455
10177535
15372357
12805719
28436058
876197
5158045
6873492
25785587
27573535
10175105
14060487
7100237
26598654
24097973
9354641
11692141
22168875
15421922
22257503
12832422
28787678
27297776
17052609
29691755
2672574
6074186
4494169
20417515
11797718
15985611
20056473
1052754
24811908
23864875
7549880
6781406
21580005
16355266
969000
16307315
20586882
3093224
17057325
2508358
29482203
12836126
27678680
26828519
21828931
11528417
28934894
4690800
13665463
20305458
24862201
9927236
27625542
6951747
21746135
3065258
25108966
11179079
14763957
12311103
19155859
21310873
18854158
584378
13352864
24930541
6438228
28070162
2528677
15921867
14348245
8735193
5651428
27752948
26924171
15195654
23067058
27580010
16703035
26467156
3300849
21877515
23936369
1265855
29567928
2805473
17137818
6581286
24843542
4491523
4465188
4124966
6514038
5513764
23079626
17233912
26617139
25601259
14524329
17440073
29734807
22813771
7520361
24415365
19076493
15561187
2307560
10320071
27398804
17081318
28029059
16144281
7067985
25913945
7556046
14348923
11609674
5885908
19393888
27482045
13710102
8765138
19257969
22536081
9396111
10860256
16648588
22105941
5269329
4215149
20932738
2554650
6698165
24675368
11664684
21574158
16680531
19471853
10719963
27257740
21627321
12345002
22439796
4701581
4903358
20130769
4084089
10768633
25205816
26138095
21965624
11692092
5383385
3770829
20997362
26184741
26350092
6450841
18697543
5034638
28572649
7466482
20352598
751148
15036140
5827545
3727103
15909908
21640461
28019402
11597155
27008257
26318111
5216266
10986694
8364109
25758907
26701396
17000089
2485170
6046874
1972290
24799983
19353841
13138573
18035510
6009111
1260269
9016184
12632868
22126709
4450407
11348144
26935783
8467939
14093095
23955097
8312308
7812849
208479
2352256
14748876
17539738
17063309
6521456
25417724
5171916
17148893
15460104
9650306
7986481
18329144
6738403
22262495
9238109
17479411
22696448
21879502
6565579
14922269
20737410
22918352
2972906
16484713
7525400
27694546
17514834
25005333
9050866
22389342
23328291
18372805
18794523
19350909
24828112
14629114
7848179
2782625
23068272
6311445
6695072
21968728
27345626
11654256
1162345
15429254
2818940
11473020
10261685
6934016
6839233
28536833
12140764
14314200
23109514
7775053
1228959
13342004
7815922
14268393
12101547
27730261
21029277
18627735
6261574
7833630
15837244
20909039
14079251
25362848
21923689
18675133
21910035
14207833
22577375
24747515
24848383
11900238
13902496
14408801
27827173
720374
24319047
12567319
15590282
2683948
19174425
14211930
25561043
14383255
2608078
9563057
20142276
10947844
15696416
19926949
24100412
6635797
16963927
17733449
8513886
9180458
12012996
13417276
26503876
6432867
12720489
24507555
7855746
19014368
29772499
23803555
15516691
10062861
16899501
2263649
2475777
680481
3283534
8478273
29998842
21907405
5424924
20660275
29175230
17109789
15592313
6646159
13222085
18853484
8953950
5846337
20096556
16266360
8178646
17759715
27539631
12819196
2663581
21309985
9441315
12392130
2305441
16331679
4454704
14346980
27981266
4271157
20524533
25375004
10334093
29454766
18582811
13824001
27224889
20568006
27082494
18806558
29869098
10727345
8422219
3914700
24453252
26693455
4301190
3098347
9017340
4466572
9647507
7922618
3753580
19191070
14888886
18315617
2461011
29433061
7432909
7812756
25235881
19072512
22983629
19961656
10229666
22672945
5091928
796443
23600730
11325313
19495475
18280515
19771867
6507311
8537116
22884094
29694400
7901138
7663551
1761128
12248650
18270125
11465232
16970524
27226934
9600169
27859840
25368092
5040144
14934917
6512790
384824
26448236
29962862
24756224
24082888
7685701
19118447
21000491
2987994
2606072
1167538
14227952
19172324
6304315
2254894
24711093
20668277
23955824
22479518
24232184
2761723
5642138
18781929
28389701
16343523
13324296
10844508
2596555
7782080
27487051
20426506
26298607
18561844
8135393
3728976
19488333
9882157
483597
5267702
19311539
10427271
10040921
3647188
9762138
1763120
28424444
4466737
27595214
29511677
7168759
20284252
20464486
14308926
5657053
19316303
19917934
19675229
1789431
16411440
27167753
10214070
28667258
28438271
10520216
22781405
19211179
21913156
11141908
24659459
15552033
14790777
2125124
7188330
26517383
6212790
21050043
10371497
6055505
4424105
27942152
14383752
24007031
15365718
20595727
577347
9063987
26667744
9627167
10756827
28014954
27689978
9402224
27085871
27820768
21934354
16320775
7181570
23618159
4658935
13187282
21118867
12275686
10783022
8127668
8042613
21169907
9457016
25680600
2251317
4795334
12152220
20643933
5290073
20399074
24095929
21122217
21108257
14262439
11113672
23567221
13562284
23133414
20892530
19418109
13819853
20043133
24640771
87569
29135009
7969763
26441336
2445034
19061664
20400196
8290984
7339484
29436407
8776700
14973263
407586
20975971
19922488
4367338
29867244
5696966
5024576
22579268
27665557
20085848
23088620
18662433
10534196
23827113
10116425
16801405
12952169
9778561
29795226
23083760
1988604
6964198
11158082
17456374
4439864
7892015
12389347
18070203
11001624
22251924
21603537
18406356
9542576
216812
19876537
17971999
13065938
19049605
8885353
5033885
15327643
3083737
1447557
26842682
6464115
10479066
1432705
8978896
12571579
2503730
3773663
21211336
9789793
7931157
21026848
18557287
17308044
13292689
4352362
2477271
23215780
6337522
15373029
23366991
14275345
9505433
13883339
11844319
18853894
12132433
4947571
59420
8061887
12226023
23966701
11999254
11651478
3378210
11198055
562770
26643566
29286954
24707965
9157942
17893336
891224
1500965
11247995
1372538
18191789
6840381
24646202
4827363
11320537
23210573
8942129
20899039
22607938
24749728
2894354
24678628
15682891
13239675
12656385
6352617
13797228
4350007
18441598
17846734
12960797
11339173
10000686
16135912
18373328
16072369
2178903
17137725
10483731
24785500
15642675
25823422
19665941
16913174
22836147
14543647
17218484
24527807
100906
10845663
28857200
456115
13656308
4892954
5220931
14159856
22253297
23416657
13407013
2331024
13418110
27372031
10042969
3540425
19831963
962856
4701356
25435461
14325072
18121736
20481812
29281092
12822639
8377098
25660687
5599880
2477406
10131240
18048502
810560
28676836
12490240
10569063
643768
4148375
20605997
8095320
19492110
14031561
18879727
1475857
610713
8729541
18673973
13854866
24323281
12128874
20544235
16320762
17631539
11868285
16564983
21060475
26437194
22025511
10163986
1297918
7025165
775811
1206949
6595519
20214416
24392715
26196556
28562497
5834410
25672250
12323183
7291000
20010449
23566180
25278659
385364
6729797
14149141
28261409
5396589
22943559
19245858
3507167
16338412
14385254
14814937
2591649
29346728
2076707
255948
8836153
26366875
19971566
11491663
25534309
25608828
17220637
14913333
8047972
17390284
22320247
19800589
19472942
17070509
23930017
28768391
19556054
26888528
3709196
5558310
8682632
15477406
28430352
10145511
10309486
13027193
9380492
18250395
14558268
20360048
763491
18494406
10128162
4556368
16015150
23899704
6702610
10910311
484502
1210256
11107198
5475425
26888131
12661807
23513197
25087223
16978292
24424590
3560431
27714868
28455303
14766918
1582738
14631484
19593900
8412037
15512605
21572557
24210601
25828443
8232948
25145764
9283059
21904601
15105946
17513063
19994327
6486694
372064
17550840
5981949
10803253
17480570
23509529
16253222
602709
11014837
24375619
6523143
8676100
28478352
2983996
4675750
22825611
13294423
18678354
4529409
23264975
24382993
2473413
8656174
29440740
6792227
6526764
24004011
9833686
5440065
22316238
23633777
17632968
26585896
19115814
8188743
15004992
11404472
17902592
24375954
19621852
29957757
8889436
9221041
26329595
23519727
17630789
7312626
11077293
793994
13601723
23896154
16536494
17816306
7075566
27834911
26089805
4883520
28560229
21007857
11987457
15781763
23718036
20940053
26541133
7579222
6366486
13543396
17784662
19226923
2930369
21983273
8449172
18193438
18588254
24928966
22241425
26107270
23459053
9080770
18739983
29901970
9613025
12990842
24590397
20668816
1268293
2589882
7856003
23418148
14297966
19932805
29017280
7906531
13086022
11428718
558764
27065554
18824873
18396913
17354565
19740440
26803449
1977023
9879225
1625176
6497112
19848576
9357541
1930077
13677511
13358641
16296932
304325
1458065
18228777
26700743
20796431
10297412
20861869
25288813
15950434
3984166
16029253
22066255
23272499
13571880
24495289
15607679
8226122
16533123
18396923
12528134
15944853
28075910
19191497
7016482
26230199
23702556
28400562
18367417
18029457
26122687
14194685
18891323
26362294
3086167
20706691
9367619
4444296
21694422
20497815
11277206
16238659
24250055
8281658
27105401
21583517
22743738
9887219
1409114
3563685
975049
25928756
24657141
14256340
17751969
21054950
18213144
17987331
13681899
18880756
15368699
17933996
23474905
11262042
11656575
15593303
8123766
16520493
18180866
18710490
9819828
23949056
14430475
19928722
26878986
11543503
8463948
28380396
15100373
5256836
19080239
26563365
18749965
28686144
24411646
23234169
13970937
27615315
7826548
11608305
4916936
22812159
20204075
25100478
26267444
20974809
29145588
25478804
15409708
22207298
14656160
17152051
3012320
22141523
2646977
17442540
14978434
5268282
10270948
26091863
19569785
28276482
15886861
25175040
19826454
5189397
27372644
24800465
7600273
2516380
17845529
10154606
8076480
9686693
12381007
11487593
26912726
15254215
12324027
25244390
25936458
19088537
20339059
9460215
24024507
17588514
8724389
29250630
29619971
27349990
683149
14850748
13162869
27364993
10241343
16664357
25715111
13388665
23321448
3793927
26221200
7551411
28723151
2337959
27788929
10862139
8603282
896576
10089153
16914949
840919
11442703
7397072
18017382
18266640
11658127
7579771
19879380
21966318
7055229
29171706
8124394
15617297
11092979
22439870
16044258
27579109
10566577
11896698
28174263
11249355
28863871
3171850
23999925
14062008
22622691
9495248
13412754
17553
14257357
23462487
29914559
3079043
16485482
22628450
20943183
5945768
6837806
12009136
16445942
10956969
14784460
9004541
2715065
18246863
18056464
21042613
19124652
13134504
7320241
21423202
2588602
18784436
7004867
7223581
1976696
25617459
15992808
263568
23108454
24391685
20669692
3652801
22590108
14542725
10055615
5678445
25842373
24532801
28882328
24078620
9567012
14776698
3972131
11093230
5299626
5584601
354247
22938802
1251716
19922257
7414801
5905296
4252768
28761997
1666105
2961904
15857186
23608296
4708692
21318262
1164885
18821491
1643231
16449524
4385669
7896125
22884473
24285779
9443678
11208311
21270828
26810442
14696465
798717
25866048
23633861
4265688
5385928
10276237
27254557
14830042
10414503
14580316
11828858
511740
13480435
9467125
23090070
16914588
26921467
7890509
6030751
18082668
22083842
4737419
23339798
28186950
2732372
29302417
996888
17848872
25021309
11406829
6073092
2712059
3855699
8965813
9842893
10667139
12498562
1139831
19175536
98637
3550205
27036092
26956299
5421430
1084800
21670711
28584410
8883864
1547927
6933983
15922389
12743217
20122501
28232085
26538614
14078668
26132796
6961635
11148421
12012123
14496287
27456843
21742378
29568015
12385185
27478117
26046070
3528285
19455520
21842595
24276438
21837277
19924836
28020642
23774928
23512850
27040998
22645225
15229876
9668186
15679592
14400931
17267797
12776518
14322065
22061485
24594863
6804168
15126800
27900446
2319073
6684717
24370335
12599399
10613670
10009708
18073748
4556917
26827037
6341968
9151278
1871896
27861847
26563795
364553
23186552
18580856
23510773
12579565
21703381
19329063
28939728
6459505
17212171
991935
10258993
14385695
29141201
5926392
17327355
15122103
24471867
18562725
19466769
12204850
9236131
16417032
28791303
15162939
27257304
4890684
12969135
11018217
20985982
16187637
21097168
2074055
9475942
18865009
28723301
18538561
26972926
16919037
20015842
6839343
13137752
7481892
266185
18614016
13716618
3485170
27634650
29927307
16259806
7840753
9159710
9822919
17654323
16282664
9490818
22874732
4210990
17298039
19574954
6279142
8914742
130871
288068
2571344
19165427
12264976
24495040
26462333
28585307
21434262
17411987
637407
9035231
17818779
26796060
7484575
2403651
10009090
19705840
14735617
11991524
19755530
12924676
20237470
14827375
28345791
23015298
13015849
28277473
14207643
6400956
11962910
11986653
4074555
17451266
897041
12984697
12651300
568635
19364254
11699072
23337417
2432154
3676963
352906
19985592
2671637
3792009
9925199
26324583
15171330
17203461
21776499
22331808
630659
27377220
2001303
22454185
19965609
11956615
11900622
13576065
25029459
22829024
27976184
28296715
27111810
22756624
15784511
27402960
8475061
21326619
11576572
8674530
13301349
4018948
7824902
24230102
28331262
9485698
9262302
5048155
29698172
4261316
14834486
5231125
15409603
21593134
13871577
10829874
18675526
1057228
15834249
8954923
5604379
7782277
1540295
12014682
26864985
4806967
14398119
2171789
28865077
27920023
26854360
17992631
28566695
24358069
17102269
3209024
27694243
5428418
15812700
21807499
8915570
15772856
15606760
22616285
23522441
22734503
21974299
9967876
18402119
13951566
28368980
2116524
25897179
9715389
5291827
11051115
23254102
16204645
24979678
1951147
1515524
7419653
285091
10633453
1365549
4800560
20316491
259869
14314664
7272435
17234061
19740529
10177661
9590357
27557791
19164162
3667294
1716913
6377704
10410907
4057812
8457696
17797957
19679693
23227815
1404938
7823050
9809855
10241777
29125736
26002946
9823006
17765576
20257177
28082459
9619960
25658979
19518696
23475584
20023802
26559211
4890580
12575272
17312137
26449274
15732536
29881843
3112204
16786087
9698213
16668995
24264772
20583917
19935853
7978310
10729003
20924422
3941597
23879825
23740412
7746468
12219575
21786410
6984361
5594394
27132511
1597076
11188866
21985386
12257050
437702
1661766
940713
24416563
23512172
23708817
19411235
20460700
14278280
10876960
19116737
28680739
24038520
10341321
28640981
25630887
27133034
2985404
21700779
29496957
29046533
4650946
24758941
23940120
27691569
13524555
6993259
29332114
4646604
5466621
21033585
24109792
4148888
12246685
2141130
17543922
3998810
809958
8666842
17972521
5226139
4765499
11719300
22945229
25692660
29703063
19469921
12734353
10509154
25218007
4219023
5551274
20776750
11054994
5994156
3960862
24075878
16839697
14497220
29254077
26314986
19898605
6270379
29411668
28909181
29810480
23819466
3037507
8239758
29972679
16230009
17775532
26562114
5773794
21467057
19059603
11421896
28355686
25953219
26415710
20797195
17200442
5635976
20389858
27757411
11309987
6442924
6211059
8348342
27414567
12831138
14506940
12974455
21903347
28012494
3755839
26088089
1249971
27857400
13276048
11476652
420362
23745414
23421753
22953648
8104600
9745968
5815994
21238130
26109264
22197066
15639090
1974393
11857111
8341452
8641466
19988942
26250250
23965671
8631707
4092060
24627926
20111556
14662156
8218237
6756332
28340038
26655928
19753522
15654521
27801945
18031428
3294316
24916584
24832803
16400360
1385641
13616980
4331760
9545007
5279218
22230970
13764179
21252528
6368441
5571713
13843189
20323503
16478568
16726020
1214153
4725975
19043742
9480860
29445564
25446518
20991532
14144965
8705175
21829372
18079918
21470582
15167601
4383894
15251043
13151897
23088157
20917271
21773739
12814908
13518368
21288062
10761906
81341
28033301
14602027
649386
1340005
9056772
4893782
15544561
2759769
28671383
25321367
10813192
16264083
20355169
15325849
29103952
25451556
26096540
21188866
22610949
17541238
16171779
824496
2833036
25089307
27382238
12988734
10614617
2663883
17873525
11888142
8577305
4340508
23367199
26417441
21371634
27410007
16404453
20965089
28280122
28319502
5527042
21800628
12853832
27194577
6324650
18060032
14721050
17821825
9214554
6320118
20428500
10582409
15773266
3402128
27979280
29373497
10556971
3931294
23688920
12598482
9826483
16595156
14558633
21315326
24842158
3616484
2369129
9786823
1087392
16968236
15238808
3450754
23977216
25363054
9514229
5298659
25459362
2233379
8422790
22159660
18503991
18809105
13414634
23855191
11135048
22633406
9179205
23360522
1127941
11215812
25162996
4032956
13619242
3187629
19187633
11938571
10266761
21936229
4270103
12225093
21291439
17259255
3724168
22106161
28244006
21511259
29616678
17521396
22406226
21804171
26554642
25994185
10211457
12873463
7417835
24036189
29449048
19927240
29646542
28443339
27968013
27102649
7500628
6014595
6881290
16946233
2816366
11023377
2849504
29525925
26064641
5484690
19684740
26778061
26379774
21167502
2923420
26407372
29304622
5169982
21235432
26472296
20263012
11223700
343146
5839350
20969908
18501438
2235841
28489255
13693497
5364919
27410101
27852329
4026159
5367820
15092755
1887445
11187217
27175402
13351188
29512364
3506199
9463114
3585409
24191945
26823186
6637262
14604490
24279245
12870787
21615704
22756363
15696136
22162364
11916216
11184354
27190610
1782460
10531043
16629185
13466873
13888638
361965
12001484
28629043
15830853
12257501
8184938
4807559
7306872
26028659
13890111
9365671
22709983
23188309
26440829
11884535
28627709
17998370
13923843
5296082
2681958
19320051
12282584
13381195
9572600
13860284
11916975
15922607
29593011
27669145
4097961
6435426
20353202
29840305
15004723
21211401
4459897
15451591
29813302
11282966
11578361
15991710
27658089
2723036
24448814
1488246
528583
11135041
7236464
14582705
28434829
6997784
25370606
19410166
21553509
7416242
25860097
3010924
9180338
24056515
4896454
5721325
26994959
20871353
1287429
16534232
28033613
18731348
22290764
9754043
13645236
22792366
8744886
1348640
10668688
22662686
12476835
159294
23601067
8569364
20455913
23532297
12152992
19570525
6992538
21314265
16873954
3057637
24863425
21145577
8415949
21237145
6803500
27373319
6093690
6785938
4932974
1220348
11095481
25113395
4804017
8843098
2179704
26576793
26261891
23686980
12801187
2943964
21920270
28114243
24473570
9520930
28649911
17545058
3218626
10464138
23530555
3134454
18217268
29591847
6120626
19471854
18458976
14838236
28766361
21929920
16472698
18558602
24534479
25517348
26974664
15739176
4753888
16846242
1306537
27771664
470523
29822086
5318756
11348098
28820726
9313760
6112126
2764457
13868166
25621673
7888605
5111847
17772577
1326134
7547392
24983547
6525511
3731385
26320662
14328983
24671462
17018447
4500008
17336804
8442984
4239938
18191812
28252387
26644015
11808740
27008713
3565005
6740226
7314317
7242155
26976861
16966473
2975003
8715854
16497590
6389002
4684669
15709344
11920527
18394801
18248789
26947442
24429275
10213458
16559157
17702743
27329447
11653241
20339698
2060254
24731573
21530440
14802025
16072784
20222043
13100772
26887662
14381780
8125640
14724866
24106850
16607296
17161165
10660068
20975702
27905538
28282168
3095294
29878700
28507399
29461122
25545521
10096041
6018020
4170520
20472595
18436562
19388762
13916738
15831811
7814436
3475866
25021854
24497172
20867037
23430836
16288387
17165332
29320269
22442014
1429123
1874617
6438281
5864200
3394673
16748579
14666715
17702412
26331668
159277
2033481
20631304
27034739
22070376
11819092
23591562
7825907
27997516
22770662
7373673
6648676
22741620
23162562
7812720
4373959
19541043
2121800
18736656
3422291
19665110
11425500
5617570
23887057
8487228
24269288
25623783
27363228
11736750
15246747
95403
24212173
25325794
20057655
20034237
4919512
21129481
5189761
29502793
26808296
26264787
13762618
9724820
7650758
24932305
29652546
8973160
18555813
19904515
25566241
9203182
2220029
12172081
320525
11820868
8942143
9353148
19265068
24750178
5030930
23594748
10279568
5832862
12340583
15301009
22164032
21754234
2881315
548476
8696077
21067316
20380933
275808
8098719
2876990
9905869
9011278
8408467
6894751
3971947
4250912
18509962
8962856
19004476
15432900
7013062
6146168
25506714
20449671
22898544
16959934
19976451
18751756
6287646
25525787
8761474
10094820
28971585
4199649
27286283
20241419
26864750
8132677
16413994
878411
20461593
21839714
3901287
9539302
14247420
24418667
18163129
9283683
27836874
3126430
5764858
6960236
10017089
1485679
23438164
28032685
21462273
12379146
28536731
29745574
11885726
1609577
25669566
29018926
881679
1397534
5663403
15184494
24059841
12555936
3402319
18524726
7905124
26908337
18957723
16320601
1480255
5130878
25713522
10836871
23635581
14213327
13449877
29981854
21930674
17174599
23543886
27897470
9466047
27224174
20939396
4329986
10365253
22821828
3558662
27598133
2032173
29639307
11941338
16576913
9485899
17416484
22430399
28269359
24950181
13640703
19835402
18798270
20149290
17035910
23215090
4987965
9827263
6724371
23072940
27156122
19846884
17931455
23253760
16477278
12641193
18319801
16320665
380329
11708121
6143386
9920704
21751871
27454355
14264012
5590359
24986863
20755519
3436302
16113147
4395591
19002130
26769847
5067240
1768910
29915544
27763369
21930307
12505659
12769238
4990941
3632073
11806418
25379237
5447191
5155059
11528571
4464599
16335129
12507130
16193783
5937725
18454956
9573367
1991709
6428003
12624117
26001389
1293476
11413760
20654757
26220545
20355443
6677163
19685876
20831804
1747943
14962506
20798292
17294726
7373995
5554936
28361964
6558983
16139864
20021896
26912849
24897954
9488603
20985632
15145420
8266660
20272018
20587730
11146332
1054976
18601503
758348
7859309
20018713
6619171
21155202
3510350
20029302
7009928
28138265
9094451
3027870
22417467
11363357
14632475
3044689
7429183
17216663
15824812
28610960
17301865
18475526
2062361
26703794
6288343
11076257
1696003
784686
2345602
22471803
14845805
21317514
21203654
9848105
18820169
18271549
7128240
20488784
226177
17783145
20897687
23411897
21881715
294578
28407709
11505797
8221420
3864954
11095152
3034812
11524365
7967788
20297116
27123222
4534239
5792622
26543620
23703873
24542605
22287962
19178857
6481457
2105327
11480882
21499511
7586418
24357829
19386866
6865596
27831560
15738829
6111087
11091252
2836751
11923389
26861271
27672742
17791283
12963997
6842832
29930802
3281603
17588779
23257630
22928102
14573654
1200568
11445492
7582564
1659590
7233616
3401250
21246311
10116443
8847860
17282447
4373343
8574585
26601727
10208656
27868421
19973095
28428157
18818181
12873744
16430832
10111324
23278070
19387646
28516916
2187061
20140550
21416950
1213523
759003
22020078
2252343
5902051
12619629
20406348
19917655
12913461
11115071
11556765
10939396
12147315
1427891
28908488
18730602
22318142
25521669
550103
20003368
1132808
8660012
21947522
13884342
17982508
27366301
21581572
5327723
12055499
5588829
26542826
22983894
16519447
22940435
3145687
24021887
22648022
27822259
6467712
27853392
15473686
29616287
955657
15701600
3416881
23134388
1724333
24248726
9133969
2532234
3822168
5869058
19317658
14927904
28347576
8825294
11439359
15267939
3207591
11280987
5311888
1890639
16030566
15839586
27333513
9008642
22322781
248159
29566554
20054398
29933348
18999305
18002369
8519540
8923459
23306758
3469426
3185557
21033475
3631117
13338244
2674062
7127633
15568476
6668243
20857240
13384384
15518423
26998815
19740814
6122252
721472
27853763
12013410
8118466
4023870
9772377
28684463
18586581
4712262
13960639
23129770
24120331
15072827
6630364
26707303
15850986
21405557
749808
23764403
10435217
13722200
23724921
15069032
17530616
10551299
11761349
13868773
19834467
15322539
27979048
16789015
27632970
27313169
7085916
26809568
16767673
10017592
17549537
16208859
20393588
17233787
10246079
26495163
20638116
27118962
20114891
23000193
2828672
25202355
26959997
27571105
7292898
28025837
8117139
28921606
10429328
8857854
21695730
28130432
19321609
8034668
9663621
25438657
8032136
8738886
23544771
11344650
24162411
18676603
15678697
1997240
29870887
5217387
20309536
6444273
12662667
14066826
3513635
16973198
29675260
28254414
19481598
14776520
13859600
23038581
7672953
11055262
27753102
18100681
832252
26824454
3462453
7949002
10505556
3329096
24473189
9251662
321482
2426540
28893091
25734237
29633943
20049463
19405760
4866153
12767503
26833851
29114161
7220400
1079479
13042965
645625
20688378
19503528
21238245
20637813
23977302
27604288
5949461
28481075
16460142
10374293
22949063
14542673
29502144
13722012
7330551
7364402
22330948
29766787
25493387
13923660
5119910
20352440
22198925
28538057
9670364
1798200
15882642
23364674
25597502
29461086
14279070
30041
19965459
5268719
11658530
4147045
12009897
3390091
14054884
29996872
7993289
7115526
26713115
8767646
25021426
4457874
17443372
14347799
11347596
11194514
21553529
11721579
12139607
12617140
1386615
14914045
17965183
20066658
21584715
12096519
11430661
28079906
11099689
15288332
8481298
25227280
17985196
1226027
7269875
9582301
11427877
2036167
20855261
18567711
16574147
22864782
12453183
10830628
7877054
11690592
22300911
27742215
13711059
791207
511234
15359713
15517264
26064887
16248191
4811140
3692945
18310064
2053453
16567999
13283501
23234278
29903505
13653320
7888508
19839662
15896851
21709974
27923078
1642821
2921144
5327738
15882793
27322922
22694549
1865302
3119834
23709384
28979001
1526304
17984566
22364550
18025311
9303608
2009036
4068530
12653705
28298454
12248270
20506211
26082062
7331208
16533983
12168132
25692466
6238819
15274171
5681925
24339597
26436455
17022327
17974704
8114830
26484682
81641
21735604
11080143
4480472
17027559
16573884
25677839
11523736
22686591
5167217
12891159
82216
4051107
11651604
3654110
27284442
11671201
4251190
17240918
25819997
5997985
20006633
10555676
20326266
14303135
13127921
22475244
12247663
17210670
9861934
19773975
18099453
8548149
6161183
3482181
26004722
27473140
634952
21777463
24354860
29497721
28798018
10193206
8205716
21245930
14776750
23548194
15218145
18938132
15643180
3803523
14749227
4620200
20596828
15884474
2492790
27755251
17062602
26540228
18698106
25875703
23862193
455065
17825195
16472874
19835223
2484684
19704509
24803180
28483663
26682152
13313037
29473673
7038002
28534091
29380172
16266919
28629424
10402636
11559660
13064847
23744612
24674957
21258598
19690400
9234212
25844761
10262363
16165031
2165719
12757677
6008597
10297729
26259328
13287431
2740481
23551003
24920277
24094052
1205194
23261747
22208902
24181251
19630254
28497379
5240932
4043127
16566226
18451787
16892993
18055140
5961588
18013569
10090798
5144941
12707278
24026354
22903763
28245777
16469601
16659318
21415082
8722379
2346157
12608893
28129058
2807205
10552786
22271637
26339290
26278332
27053773
4599450
1329778
11235774
20101873
1614506
18375997
17057515
4305711
6746106
3490018
17709974
10194447
25191062
29457447
1002352
13206790
20166490
20639669
26074445
5838127
6472005
26595572
24114618
29900395
27921962
9941058
7818092
26555642
20746829
25447660
29813981
27922737
8572144
17740260
5341747
25174235
20208387
27513636
7467309
3617884
28150840
6719476
328294
12708027
9684239
8945652
1969500
1103487
7945440
19261911
3265820
5549265
18437390
7001044
29291620
19013514
22102106
28095517
9448040
18343809
26825273
5731891
5865026
26146129
18431305
15948469
24425892
28066648
15597054
29634498
19334818
6920160
20848677
230590
24450720
10006646
18076644
6351627
11920403
22112249
26692157
15682668
3265675
3731737
22347945
19076124
10715151
19646247
25890784
7222894
28682533
7555489
12798835
3120037
21290401
26731862
25815708
1518538
20861434
17839857
15473756
22460642
15761332
3677872
3195848
884612
27561886
28514723
9161627
4200351
23268998
1737647
1192742
9002677
3543977
13461352
23839941
922171
19731252
4359617
13608735
27806815
25454599
7776988
10305380
25773991
22606008
24604024
20809099
11292880
11065292
15685386
9614081
20279570
3961893
8300939
4345686
21247481
1354648
12468229
1941591
14417927
4957712
26007048
26845074
14352291
18859997
11856901
18700232
22744533
4454800
13819733
11175178
13358762
26547659
29161607
27411025
14739604
26066718
28757684
16005542
29154898
2609072
6393575
18808562
2658937
4439127
4243348
1962179
14691956
26982907
4563345
25914524
1429384
24801882
11337290
9264756
15087493
22168303
14773437
5963562
26177620
26392754
23279365
16806505
28600283
20474746
24964598
23770882
26952438
28879264
4434339
21159573
13184628
5454878
3456019
12427642
13109104
7029673
3539082
7369214
27966578
16469986
4702298
1618398
14850393
5023695
8251349
29654657
18552743
29760576
8645646
4198907
15488443
10142882
11077807
15592493
1060912
14182713
19480367
10552017
25632898
28896850
10220964
17306973
5464476
26776696
10280818
26585469
8647
2187302
22800818
17043386
3465799
27680219
21767897
693817
21244426
6538454
9890921
4538122
19623214
13961900
13968586
10241546
3115456
19651518
2554343
8587659
26942354
5463189
29972537
27656522
19751395
6553822
10670650
28116662
12903956
3891560
27323848
14019751
26335829
20784902
28536106
29538316
25895853
6003785
28093000
22625459
20746948
23955228
14892694
17630259
6409497
24629504
15245782
25593314
18043606
26131026
11663962
10900878
3713856
11224672
8707633
22270305
12504060
17741346
12042565
20981235
25099494
12922177
25053738
29927560
19896772
20318798
14598179
38328
6121667
16419848
27011379
29864599
24889747
6808430
7372533
12157788
29126424
3766023
12294351
21726666
6661773
25302793
26176550
25797090
3114623
15553116
21343111
8178707
5900389
9636731
14542582
9883303
27064236
5428766
7767154
19157233
24570952
15659512
18070691
10350198
18877405
16704947
22676458
24572737
27086164
8806253
4476609
17396241
1694383
5372620
29816700
13339516
26358080
29006615
22617901
8148027
6977564
11111147
2250236
26807474
28280830
1354087
2840577
11843199
3922906
17022872
12018994
7113997
477061
17641829
26305964
20503154
15149086
14814186
198274
6542816
12788006
8351467
16032942
14104750
8665563
12214664
11366285
22418290
1800975
7192951
21859292
16952896
20892389
24801182
15869972
28709335
12494992
27515367
7662003
26848294
12315961
27644292
7298961
5772121
13474292
26840813
6067470
10736059
8209804
19264231
26766301
8972996
2027081
20962318
9350571
27128206
20601454
20070498
6037897
15992296
1723849
26392749
15137094
29104219
5483485
21251805
28672551
13386227
15285934
2904449
17899543
25916128
11592858
21397773
1740963
27506094
13447760
20049637
20272232
28493108
16958636
5224240
302087
21293027
4674020
9068032
26860502
15874004
20288317
7417206
23828433
16982390
4091829
13414884
18632877
9354224
14024772
23414675
10999025
4840621
15715716
28039859
4903312
2242039
1681267
5764062
21360796
25980778
19998358
27664100
26217806
23777345
18901459
24051383
15138047
20780014
11755064
17930760
7663299
4369006
20587658
23667037
24011607
25719383
9089970
6903116
13105365
1555124
26812079
14708257
24421162
9487263
3119014
16579320
25698085
27362084
29633091
14216791
26105407
10627347
23687178
18961499
1418126
21811832
16436961
6341867
6681760
27937318
28457404
17326878
28293965
27389134
27575544
22818643
13354074
25848687
21753701
1632478
9036097
20632724
837597
21386147
23493191
14316786
1292805
7104567
15442780
17588165
27539004
23968417
188235
12510235
16035647
22980516
1599152
19421889
4755029
13670785
23526637
18440000
10259377
27996514
17485598
26281431
11951999
26466017
444213
21010406
28332547
14810285
25399328
141961
27133667
5237962
2023348
17232290
29967686
29885165
12922572
17729149
25918893
19322463
25984889
24084246
4896252
9046311
3282372
8505506
15678813
20657727
14494710
26174658
16509192
5014735
25663204
4733812
19208419
19134772
23268542
18648014
2383830
14894717
7600775
18034601
16681766
25160077
11671837
25772173
12254635
23366813
16748568
18905025
21411345
29937486
20197790
18227712
19636305
9503523
240891
28989527
20231481
21353160
5063482
4253314
15903380
6192301
21104387
18354802
20515517
7789857
5484517
13430015
2323184
5290536
1699459
17951720
5482629
19468503
27018306
27549211
28027182
8692641
21180214
1770163
7690835
9330336
27554517
4318901
26965366
26554968
19763098
19485180
27373667
11114267
15627109
10075179
21134026
860883
14826139
3794662
3511259
16679884
5156918
29754024
4732202
29477342
16762961
11013110
22313399
27254178
12553595
26558443
5392256
19683276
10369120
17021543
28589609
9261801
9820313
18889378
8895527
22595925
20569248
4861170
8803514
22788151
4652959
23630522
11598904
692333
17860000
10601946
11985226
23790355
2300619
21733065
6256386
12360872
304626
4565444
535240
14497043
15852158
22778880
25571013
12342958
25091325
19698859
16990358
8155667
1827560
14113703
1338267
29506022
25711010
16312375
23857762
5964947
24282768
26307546
116687
10515955
5498310
7220731
10175691
29825011
27128942
29983641
4525747
24556129
4130753
13509718
10400642
12873456
16234376
2877399
22278657
8999896
27713307
12462203
20967612
12527950
10033695
2858291
6197866
19876834
18273885
26779083
13352670
27738344
1194310
28110775
3743350
16068581
4359251
11032959
5687753
5054182
5402048
8861444
12263559
12308221
12116773
10524703
17785603
450289
29931424
6917697
12790287
1229631
4362185
3923085
4719814
11859545
15872097
26328577
6775374
23203427
9836026
15069977
6326645
13767895
28461383
22827841
28363404
14970717
3736929
2412796
20074695
11976994
29132639
25486895
18332682
6571096
9824324
7806536
3164536
8619837
13572131
12366268
26118257
19313263
1320694
1526008
12177460
17057786
339342
20305893
13696088
2148874
12574807
753927
19626542
15265130
26667703
12820366
1534638
4878613
14940554
20386974
6855529
1958413
11930061
10157425
10933523
1424966
17601309
7719772
9560185
10529874
11277751
27728553
24634053
7247029
11032359
3025809
19243709
29994294
19935496
28543804
27688652
28365698
936579
1535128
26028027
797919
7128048
24568285
11281100
2992375
23985602
2826035
25912357
11551404
341696
3721139
27480309
17675742
6423053
20518926
1544728
3522949
17303763
11141147
11021115
5212588
23705114
14843546
12159805
6239615
5129838
3885342
6367
16246146
27527135
7701030
9745081
22396679
3070875
9820357
24042563
2236548
2341430
23160502
9790552
28027690
23041315
12607975
16561438
3359960
26804256
1354141
9718121
14378904
5170423
17450412
5887564
15867507
16688095
1669752
13741115
2617055
14105359
5781163
27489553
3070459
8746889
27215649
19384330
16024335
9023903
8837088
7322166
818611
19786837
24702929
7965046
28306347
24316426
19536130
9421561
4155007
5598753
29676236
8747382
8031223
21380534
3795324
12390936
23663490
27102736
9492
5413497
9334410
13438895
23210791
29504459
16690717
1945050
25235401
26874991
5046225
4403958
2489584
4753583
29370828
24980005
16350390
6369116
7910056
6482182
7083879
28292410
8387799
17803293
11116233
721985
9002881
12556888
20914955
5293068
5965362
23857459
1174505
28418860
17678788
17877973
27570782
13386318
22698268
29064926
20312998
6838639
12958561
29846612
10497495
12608645
5465468
14080847
19941731
13719378
29141567
7825573
11489538
4422665
16331217
18947745
3292881
5595750
1258599
26348898
5726275
16677129
16653974
3259185
18579935
27924027
5714459
13934762
18248699
21431633
4823427
23860725
20424409
6628958
21276021
15488389
20620177
22237374
27604536
1322346
10178382
26419461
27548181
9542180
66930
16523698
12838805
9403105
13934811
16930220
5945920
17217414
10288901
19315550
6445126
10369384
9681870
18666109
16329306
28714884
14409421
23020251
20393107
17280305
27874488
29957150
25435057
20277673
10168579
4363182
12184925
10587373
16421647
3795597
3046992
6350534
4529078
3583849
831964
27086276
28250621
17245824
17462823
14677109
756853
16216417
12497040
19156811
25170151
19201311
17407759
24063697
2102168
11887244
4648687
16019644
12450882
8877598
2520407
12109788
2109634
23869684
10113664
3845058
28308316
11444154
14564043
14609400
21842716
3264879
21756270
3752950
6893527
733443
19847876
18047377
14009819
26823298
19834365
23340050
6868105
11051158
19329312
29151871
14285316
18070955
5798395
28127514
2442422
3458882
28928846
4295717
21417134
20513903
14405452
1447374
26133454
9640938
11426113
19877155
12657873
25862708
24044210
8297771
29655365
23357061
5367649
14661634
27838436
21761568
18367970
29650408
18538457
5733240
12516178
28886784
4174873
3145072
11507908
3476569
26757192
24302231
4098469
7172970
1786060
20505627
9056640
1474676
2761857
1581688
22897508
18029994
26697355
16529683
4839135
6980332
14442975
18829826
19255005
29357623
10484825
3074784
3088093
5882081
6638064
11007526
4609531
5929525
833835
26196990
29437009
19264574
51374
20991363
17136636
9553260
11337397
26097159
18417304
13220520
1025829
13297139
1464420
16062353
12282300
2556570
10480520
3738232
17694972
23292735
19558460
16895625
18754658
14224437
4984036
6229306
29560431
21753742
11769815
26023012
6709944
20774150
1539056
21901287
1197540
24497387
21727415
18587725
15292404
9429077
1062004
5150987
6850775
16508084
24709086
199445
13119715
24751561
6476749
12312316
25415603
420671
16701483
26987725
13458681
27909817
3208868
27465481
3655160
1412753
8693013
4215778
5260593
8746897
11795300
22536016
12503723
26581463
1247215
20251039
13426947
3026829
19832315
16392993
24269585
18278983
6971066
28338196
3843422
7215362
25939641
5716570
8204955
3421499
7131232
9561854
6545730
9565485
15022316
8382275
2608527
29914493
15142013
7319347
565845
11981521
10353470
19061255
17127303
6129544
23297189
6003614
6257213
26887628
23086852
28699725
18270268
26936333
28913097
12889251
24367573
24341872
27944892
21370700
2059659
14680551
12176980
27686704
27994155
8013539
1851279
26461415
2873718
27393720
17835904
24399475
25703100
18197730
19602106
22401011
5034646
5680090
1903721
11208538
24774469
13766451
10826363
28332435
27995873
3098399
26382732
29775642
9410019
26843557
20475342
16966768
21141915
4761166
2843889
5120471
27169933
16475046
26785195
12118550
4393737
16656186
26459633
15159801
25820489
16370163
15157341
29558544
18512570
17361927
25557557
12907384
22830979
29392428
3975259
3281337
29930475
28750539
7176612
24889796
27787400
12122423
3703115
24741141
13829437
14407382
8132620
11213451
20303876
9809125
17163912
28378396
3871527
21209130
25151829
7536676
13515042
27452481
1470196
7401461
12962916
205374
6755720
27026045
27420435
4344876
23242269
389198
4285743
1296574
15000654
10539363
28660571
14883323
24311611
7739321
14091696
10470937
7662302
27079563
5096531
29835516
5730622
26984923
14141343
22015
29382269
8128547
28608965
17289455
9052028
21160134
7713141
6676127
1011611
29335203
18021326
26629259
22714617
14120854
11638759
20685002
2975800
23116599
10540859
2597
11187763
28313623
11535356
16925443
16955368
8589427
14301129
15859729
25303051
11662990
3884807
26885933
28615757
3500373
8649057
26918919
10722165
18605930
5669745
22791665
7041938
24388047
15297103
18142792
21998634
11523194
24876026
2709810
11054456
23721198
19733542
4837596
29496486
4658823
11563916
28672285
25782094
26504646
27952020
23426603
1631323
19812056
22204013
24794557
24561712
18363745
7062155
7300469
24262202
27442514
26242431
5701225
27397286
20724160
8313798
7852989
21902251
2079585
16118069
24945576
3439451
24219746
3934416
20163485
2236622
18749581
17153328
23637816
3151163
2290841
28620863
6167264
2399221
7582472
12606840
5240654
6389468
7409162
22578298
22327158
20526999
20937488
27758818
18716991
28892383
13004663
27517659
11817863
14316071
20652542
21855326
12688027
1617680
5671832
25521922
22832176
24900706
23499560
3646123
17673813
26406028
10371797
10176902
13128876
7771937
12280041
8075168
8945923
22469986
19454448
2752701
16750722
16503329
10036682
11135565
4509440
17183042
15605703
13227829
20426922
2237801
28201693
21548820
18669318
4189069
14161886
3504698
15563549
24420368
1442698
28244527
24251713
14773531
12781560
3540952
19835574
17859076
28987314
20591010
18555768
21023750
8356477
23619364
2648161
12003378
7388385
29310838
20320424
11049625
23589185
714385
5005231
25658828
4597921
24112291
2687448
8364764
1818721
20536431
13557056
1575705
17475987
8462003
25059263
9757710
868580
16793524
20913694
5388164
2658871
29349106
17294700
28864924
22412651
29734680
18990926
18548266
23129359
23687030
20016441
25052899
16027387
26001889
25510255
24364151
11764570
4106770
27153596
10553008
994196
16395458
29691416
23934505
337878
1580359
17236331
3241392
13158202
22703771
25296445
5578566
11776229
12979142
16453013
21980867
17985336
27419886
19919247
3509085
17301596
12127910
9551335
10200083
18376653
14036560
28458621
19560961
15523188
4590136
15694369
10278754
1233879
22904345
17913516
12989018
20086908
22067434
17901503
8417526
23122753
21874297
16364139
15861573
25146753
9674781
16189031
14951318
23802022
3523514
18105123
2233057
25730468
21609303
9292713
23922884
23606460
25260946
4565149
5187912
6506984
9609396
9551635
20579037
17249875
19940710
10252209
17936041
17555455
28360185
16415711
28026118
18128636
28562827
21745854
15605559
8097534
2587223
21032198
5435840
24810914
19451180
20147538
25058566
24154320
983769
2723315
12345681
15288380
2085959
11052441
14465920
23255611
24603900
24898502
10392765
20810163
4616472
24202162
13400323
12636372
17974240
26065478
2948982
14398548
16228789
3196563
24633252
19386726
19797337
6922207
8365064
27791824
1737644
2238592
23543079
8123881
4766604
21837590
13582100
29220729
8501277
27909027
10006854
4637566
6324990
26588726
13801141
23517500
14137502
23326255
17176386
26379216
16888239
978588
4673294
16688072
22988031
735125
21608444
1775679
19803758
7783239
22722362
715739
8147851
20311196
703575
14238054
8847188
13194370
21367908
20734077
149802
23814209
1748334
28120139
2798982
810629
28472721
23840252
4637232
3421960
17461668
13609941
16311155
2529331
8278306
21448715
26336040
25187927
18207812
22797724
26713925
22399396
16641363
6121266
24242054
3330216
9245314
17724966
24493708
5841182
22942382
4441896
16130233
2676585
45139
25024068
3554800
14519628
29073117
17385968
22306692
25568490
20501839
13845137
7194371
8840369
15811694
12774419
14064080
19756824
3890000
12556476
10067737
15181021
20436596
11702703
27617760
27496918
23649894
29788238
7624337
12610885
1539064
27871520
14052320
29563896
10790505
12133895
26134135
19297095
5008893
17310800
26384863
18183297
16263280
16045371
28454453
26389571
9394770
19921811
24084456
8764472
5901459
4916242
22646003
7119124
18281850
3640639
1336525
29489613
3461045
29804024
27623042
5603865
27981731
7739853
8615361
13740855
9015774
14691102
13148105
19412854
28063701
29151203
11009833
9295710
521855
14529898
5769887
20516828
21534739
28363324
15322111
23815716
966916
18790083
2211092
28711654
11354370
3214155
8581367
7349500
18009240
19249491
11476158
17179542
27973485
5574800
21902548
111367
9614355
7186002
22886623
29917378
9043186
26681979
25553689
19661482
17798012
23692084
26868279
21973208
24646434
16526902
20813492
27558438
22833363
1441165
14899396
17994424
4674517
19079818
7847015
28379642
28799637
10549045
8385319
793367
4852359
21328530
9636535
25022963
28184523
16781302
9606622
24800140
27789660
29077775
5824599
19323228
11983525
15520999
6620878
4505244
18031846
3978654
26825942
3200503
146279
21454572
16806622
22189546
12483663
23468435
9362866
8928155
21599083
14810004
9627058
28562303
25024067
23043729
499109
21919867
21699709
18617903
18238014
10420941
9442393
10236773
17593994
1004621
12651487
5318559
15543869
2395617
7694938
26873903
3772974
18791897
20827554
22923357
2918707
13046734
10391091
21651793
25061274
4059593
12035465
20901991
14768947
25054080
7013197
25014072
18208752
2768367
16589215
23319562
13210403
21440825
11941382
15422424
20230884
18281461
10452847
252235
27889922
25373727
11829558
2454778
13615276
8193297
9686873
8948645
6276589
18537715
25245927
22173529
18207042
14927482
9362703
11222
18740277
19669741
7270767
17890654
5802452
29726747
6797392
23785764
17195162
1717984
13740717
3461881
3373538
4901328
16007183
2526694
26925753
28815549
10119670
22192611
7198677
1742426
26696010
355179
23912427
21076710
758577
6157149
19570592
814751
21332711
29363587
3549195
17945716
28788077
19611603
26443778
18560731
21769341
18076857
26096443
15243197
21405089
24768436
23617499
15225910
28660708
20216660
3889372
9965291
6768566
16770692
23794588
24415016
9813222
6263860
23376196
14171610
27209800
26532926
13052105
1876817
4680791
10298564
12757905
27423140
20694110
28662133
50272
13329181
23258864
14203054
29352174
1819333
12478051
20698651
8542994
19075071
5731391
10633524
261142
9541748
12083335
10347120
5488849
15610572
28091030
24750708
21983929
24794552
12221871
9167867
21415961
29686847
10480568
3222315
18583360
3213094
6849101
15886657
8697513
19994471
6434342
11909700
17726433
1675042
26523761
4355143
18756116
5731029
6579192
10642374
3117911
22595561
18464811
24127217
7784444
138772
8845124
20950437
7899823
12967522
22290901
6498282
18331604
26190500
8288790
25758668
4353435
22815376
25028177
18797972
10846314
27706041
18068119
25758212
4529859
23142395
12996143
15931143
17071531
16086271
1805733
18999023
23229555
9818724
23629039
7386016
9673820
22336739
22810713
27731852
19363663
3439334
8102665
20681991
27200472
28696064
28529544
10256739
418499
26353869
24181903
21197137
18756678
17332318
25062170
2224497
17965646
11812988
24785828
26905196
10146952
20034555
694449
23372060
23415943
19789576
22993239
22676986
14951603
22030154
10140632
20190966
21248344
1411545
26080566
1208600
17842725
25564060
22922835
10563914
13364620
29723881
21949252
16804380
2133599
2619049
12367136
10883487
7487266
76578
1982993
18973709
23739147
4724517
7597401
5494826
25806779
4518126
9438311
9301268
9927717
12107647
10366863
9910963
21876760
19728209
8294744
9906660
18195284
25573500
15342319
1195490
11152647
14608766
26187226
17163752
13086961
25909053
4621224
7064082
644292
14776509
19458456
25689597
17700007
11470936
9441940
2025029
17187059
4532895
6996537
2602199
29139272
15737346
2176162
1430460
17566306
14451223
23582971
11154682
8661030
16109030
14429522
12325580
22038302
6747744
7247663
6113716
25839866
17478712
2483687
18309705
15917385
12843250
10932772
429707
12759343
11417339
13372355
13273904
3844610
22339461
15476635
20260277
24562840
21999897
1959911
5638227
10347582
22293369
24666734
28307882
28339867
24936227
20622157
26768319
925960
14861374
24122006
14198257
17788679
11302600
29062725
9953227
28905718
17198387
18011734
26197892
11781266
28937452
14115706
4334105
4664323
5883912
17653543
23050880
26476686
15950807
5440910
6025909
25435857
23755353
8057007
21415597
13983275
21476960
25057539
11212264
20503941
23574655
9547934
24657067
8702261
19993343
19322371
24560542
21487761
17651965
21730325
27273483
12526793
6759729
3039579
28086313
5098560
20255681
15184027
13833005
13569456
27505474
24357288
28264286
29883725
25900994
313998
16319109
6222757
19541669
3810409
27883245
380978
14598664
4172350
16681518
22140887
10199372
23283490
15811810
27151628
25595107
7135474
18117530
24582149
21799310
12465597
28094853
23106890
20904459
25216701
19821164
1652268
17340393
3814535
10274073
14203748
18269782
7371443
12610229
23414708
5948390
17011827
28698251
26365261
27008376
28617106
2285844
23043367
17301214
26203584
27877810
20233764
5887145
5210803
8526223
9688661
24150930
15287305
20466150
7331365
29145537
5832476
16275671
15138241
29270119
29265409
29437452
27253267
20902961
13882895
13259344
12774475
10660990
16220536
5240340
26583990
10930298
18858509
27805744
6493718
18455759
20573950
11408122
9349778
26269133
711083
3855225
815230
9050104
25593194
17432579
25813878
10959029
22498789
10635847
1834478
16769597
9348942
12715923
21271231
13901297
19243779
3455338
16618939
4017710
26783622
17953194
8881968
24802224
29213719
10165109
18566382
13151233
27828336
22935650
2458484
21039447
12906870
18312481
2164889
7854294
8272021
26849262
1278429
1692297
29896047
13007572
483078
23654368
961555
5967987
22978403
23887757
19291183
23283572
1981356
18201769
19701092
18744895
9769092
7764041
7375718
6166037
7506956
6821266
4490412
17001278
21990342
14556673
27087676
22528622
25089648
28295756
28293693
372504
11797834
28074838
6121829
2863444
12822722
13750709
11025099
2646014
27382268
6861708
4415298
26064461
24866906
1585078
23740331
19976863
8999822
10833258
29920297
20957139
16104396
16648227
23298537
9307651
4608036
10881614
8502599
15499084
4027406
23690689
16071318
28802805
11971083
26916733
2583887
28860935
26016269
3154090
16174353
28877350
9815628
26433048
8011570
25750409
15406741
3507327
12324935
22973768
16130611
7094154
20461465
22555967
16916258
1044111
20987847
17649067
1774252
18209583
11406719
3243765
4356223
22258361
18638741
17616750
12164526
27768677
17780512
28842091
26848215
14024324
27270031
28976289
11057162
4514551
27441088
3081430
28444625
24807657
24284412
9426777
29076997
15152877
4677035
27721689
19583706
20432443
27017546
1105260
12687954
2670824
6681332
13340846
4250321
14367031
26785602
13504090
2121579
6626811
20836088
27230630
15723616
26623432
218697
14897745
9328232
11178760
6183669
22599626
6001056
3816153
29745082
7835479
21071660
8407551
25272208
12884071
28663499
26683274
22984475
25987256
23904650
21388622
118572
26995531
25414896
25039004
18326255
6418237
3594314
21462214
4009290
691436
23228751
19480835
17890579
27057117
9388984
19653293
27258746
13241562
1519904
14914273
3990804
24374945
23747569
7834447
8416396
4209975
4317867
26686176
23431985
15924723
19523776
28964860
20122527
14689881
24727348
6774994
20114499
21298535
1035389
24509037
1426226
14134120
20614386
14179713
19839113
21089919
26029582
5270629
14605407
22378089
23965207
27159180
10465848
1369413
14685369
14917035
2097692
23822838
23145953
16249838
4615131
25030850
25984446
23736791
7767045
25498560
29159656
18794976
1805503
3278557
257837
28316121
2144008
2603957
8922582
21173756
19795190
27991001
10097807
15496913
9767498
3019164
22732572
12605377
8943608
24862725
24379376
22787908
15574350
22423066
29004955
25145311
27985336
4246919
13859200
4775241
15820272
20713366
2182007
10010647
17092710
21726989
29518818
1035457
24555536
10775654
3400593
24419252
16667503
23747166
8472481
16085945
2652129
20982006
4137885
3694751
14959443
7315384
1628152
13001673
2998845
9858245
23448786
4965391
29175790
550191
13298958
17453461
19991162
15800524
9641488
8284213
3986684
19469246
18576025
7471303
11478405
27033463
2406146
17394671
11443155
6775457
18922848
7550647
27175983
27159634
28469023
26262528
9896487
20148563
23331850
21567560
7643236
13823681
29689575
27976092
927980
10394761
22267133
17605736
27343211
194156
24369744
9089650
10504910
4296141
6424546
23066566
21634412
4941186
23666040
13151842
20710854
8376532
28396130
487008
24131232
16180954
28212794
8762772
11225364
8217514
6661561
16894351
14238354
24073177
19623196
4091037
4034905
12488300
3440228
6431526
28459063
1468675
8769589
9351157
10357050
2117147
4761959
22740623
8402881
5752031
15742737
19526014
21898004
11154285
2478053
3692622
28005464
26959442
21388515
14615989
13761479
24766853
11312565
21687699
26482371
14804248
1049189
18279585
24330790
21704709
3144873
29980912
17322474
14018667
6375645
6276014
6411642
11338280
5585513
15658344
29396222
4726794
14421854
22766005
28533549
7948623
18869568
26027279
5432569
17514833
8445292
20893020
12744160
28859537
13109879
13212597
10467674
13018281
11623728
23500781
13509811
23173322
194062
6351452
1312794
2892133
445266
17384591
1524451
5483477
1308521
5051928
26635615
16590579
11957492
2443554
6300955
10960529
5501721
5171593
10434944
20292281
8318922
11373369
2120147
10070399
14973253
5190654
18275166
4313361
29891411
18088999
6037216
26354445
13447655
29007481
14587091
14897514
10330095
18725981
28402619
15469697
1929695
16191601
14860584
18933579
12282527
5989219
12428506
14662897
8400523
10509441
9730058
19685886
1472864
20313188
8479976
7292018
7850144
29589763
16868442
20481387
888197
4765722
1790048
26857846
15155876
24736758
22406902
11094822
14655366
29579491
13434034
22500629
10747789
467407
1309869
20027786
10873234
7430911
5456682
6679381
28667514
28601696
22766766
21112667
17360195
5517030
13754209
29682674
18538128
19941240
22536363
23523356
11125439
7439838
17908205
2724365
8224616
8684866
13353086
26204343
6818746
655760
23859766
20223365
24181733
28779070
353397
24509044
20040099
25503601
12728805
14152515
29020838
18635045
10895423
4921875
3491925
25609768
3819928
6823249
29600524
16776445
926239
25446966
13237986
15560491
3136300
9887390
4312569
24838039
15117084
12906139
14480638
17175079
17239742
8836237
6973803
24450048
4354110
5220677
11643498
15780576
28833733
20899244
18347848
14423894
14928765
14783350
12683529
19910343
13085668
21184231
661243
14894804
27729554
15946262
12261701
18931088
4560507
15736263
15320652
19232336
8113916
9114543
20285732
22585636
805843
3457392
24807687
26326771
6300473
15980057
9803518
12371219
15910335
5540691
1254924
8918174
18250545
22435879
20544239
15178116
4618003
14039864
8976440
5617413
10831702
836982
6674477
14080090
14068261
7222050
20365096
14229917
24223000
16370561
22807143
17042613
19804501
2232128
6997089
26415419
10993706
5767152
27228434
4737541
17995758
10554973
13210138
18201558
4229550
4278983
20199565
17835008
3392877
13540407
19049265
12198253
28850264
13991642
25429942
18886527
1413236
19692561
7050796
15639769
17003418
17523934
15437216
25913573
14253862
9048511
15364070
15295549
27972008
19227546
1971723
4970630
26040468
1369509
13992332
1545306
23954721
8062462
8280059
18631551
9117458
3838033
4705824
26997852
18070059
20791651
11821322
27620590
6778189
18299610
25295424
22641331
23371249
4441632
26782438
22941934
20532296
23643036
16423521
4440824
9244349
14415118
8515718
29361449
5089079
19439808
17673919
2793452
21895155
2932170
10402402
15777063
2834759
4447345
21268475
13991296
20752779
16158490
3796000
14852850
11779773
12009169
5134434
26423243
6200333
21354092
9944030
3400842
13225332
315173
3901907
15938777
9210218
26358983
5770864
13512200
21488789
13327484
9766875
4390119
9138036
29757014
20690713
9542676
6202779
15934338
16293283
21565343
7054024
29974306
414561
6944622
1425136
22004556
3212512
16266244
21592599
29757439
2913281
7353669
18278971
20519078
28415224
7153610
21105421
24305698
3523929
12280522
28994073
17246053
2949596
27586731
1138129
1031761
26086874
29668743
9379377
5378050
26500729
19327070
6208898
23583284
24440364
20889338
209267
2268087
4573641
11313190
29858099
12732738
22437363
6376169
15580983
26761312
29877956
5610719
10776057
23550332
10929753
574596
7238380
1672282
1863012
15662402
22043492
23105766
6925290
24560765
24890872
2669426
6024898
5670664
14022362
14627372
23750559
3895531
25480478
13666514
22792788
6642138
8391362
16363751
2125586
4674816
4551768
5979296
26891882
25867847
14219394
11753509
5396297
10111613
25615298
3817805
11776511
4071244
23781893
27359452
28940108
12790447
9517166
14889355
28816899
22798996
21277290
5245007
10412262
18615647
27495226
4772321
24380566
29234618
27737166
4291724
11057728
2257777
2479059
16303383
4023146
4933981
791753
27357690
590711
14127241
21423603
5446084
1612671
26038859
21972019
21431851
3047020
8185746
993691
2173634
2780086
9713484
489005
27214850
11064771
28306283
25348127
5396283
19585457
27897900
22444532
1379548
9381692
15580541
25025876
10757725
18107375
25679889
20612757
10691020
17010432
16612355
8957740
29934314
14117051
1750641
3810056
20020060
19719010
28012674
20931166
29127742
10181329
6713872
8424304
17284823
9419135
21630377
7636150
8494182
1605253
15152178
25186026
28158747
15726537
25769937
21544972
8519993
19069305
19075686
8529788
27191443
24868866
20123857
7776114
14484697
9652680
18571101
12621677
13736686
17367012
12067046
16815994
22094947
5406148
12729870
21449552
14244365
18625975
12727053
23277871
25121577
28861248
27910426
15136809
21409050
22293378
5317076
10908064
20203457
15990364
5598392
18134761
17512704
15366322
22129999
6433644
1622609
25866604
25325980
22272706
21756395
20990572
28935080
12547883
19492666
16994054
5190351
15762765
4703682
808852
14737671
5887428
28914256
17796282
8401565
25219718
10617349
13383844
3007583
438489
14198312
26117
10420480
24482982
5822457
8016262
20699725
23641933
23627153
20546583
16775510
21635201
4350318
11404261
12709948
29988988
22819229
24603847
5268421
22321166
24045645
21191809
26327503
25643126
29847947
20880347
19447711
5623911
15522895
15566227
25023881
12691767
5173282
12008662
8323272
2446999
14676571
1721005
12047993
26418825
15685275
6958193
11672681
27549135
4901501
20098741
8027261
17299332
18504110
18445259
21340347
20000573
23559786
20048624
12631794
5938538
11781698
13132751
19401519
21001846
4942654
25122878
6926251
19001905
10534768
21117848
5176308
1719487
27828019
2898920
20028836
16006704
13987573
5215091
29906557
3317171
12613032
11223355
23988693
7474700
12394174
3304900
13729288
5455966
10251903
18628898
4000815
28695805
14198930
22237093
25713038
28366998
19312755
25830251
16110860
18257366
5071469
25592092
16652875
18594926
11778289
16507584
15817734
1865447
29329584
5386675
17012297
13607560
27155591
1545422
22892422
15338176
28898564
6430256
11006631
4564335
28745230
14478995
18890461
9303303
12803690
12534692
14417392
15796476
12608810
4993372
17645377
16920392
17570695
14847329
2761004
16650192
5781590
26081614
29345902
10831173
9324356
1411665
12806313
29836956
25886657
26452319
11391669
14481136
1511123
19913540
26306658
12144881
27811041
21173064
18787338
5009304
9013570
20318909
27239558
21934540
21983261
26990289
13329036
2102468
25263252
22288982
24779955
13671150
2121302
3210714
9853850
11965242
15905067
12002008
6300615
13015859
897650
9312359
3509205
27488652
11584979
19369382
841130
9489550
13761289
18562272
14027326
16287164
27908204
5442723
26286178
9297350
22203769
23140234
15627085
26796193
1275923
15719652
9168690
26191414
11020999
17734553
26054402
730010
24172017
28122414
19132835
14298375
656369
23309816
13519091
13385537
4326680
11590549
20955628
15459039
9793674
11364632
29581772
5764102
10878813
501343
17202731
1563719
2130577
9653983
21971567
27096740
2988858
15827322
23845725
10871536
5689466
13597692
22429641
950899
2987418
18050216
4545117
23991105
10784109
13344325
22157953
24014253
20114058
10189332
23798606
11496853
9102074
24881126
22927279
17166127
26888299
15981245
14555320
17946143
15569432
12335615
19685768
7189985
11035581
24144343
1264167
12187472
19117520
21541492
11506538
1628192
23265252
22372035
4569440
18664902
20582612
2531930
6133711
21430714
15547028
26054026
17062648
5878960
25215458
29363429
12937559
4953985
14503733
24417845
26154440
1366158
24699433
4006204
21654559
25822815
26583117
3537445
12586421
17774266
28416873
3319630
4851733
4938181
25856899
5529060
16169376
14721981
17916179
1212798
18984524
22428384
8315976
21183883
24438017
11515219
18932650
28022611
3214969
13549380
19360434
21735032
15054616
10102798
1686092
21527816
20334873
9767247
21112231
13444358
15141852
9982484
21703280
1146348
737589
5760741
14173301
3792822
17063521
26647139
3610311
3216402
6910232
5984456
544707
13510391
5296455
29780106
5636744
4921691
12000116
2456079
29693933
26682734
7763685
18331672
6548637
21445093
20212101
9158616
13777244
7321859
8691724
23492841
20720798
6500341
14419368
24092328
26989811
18956804
28889976
1661634
29330499
21016025
2828519
16823697
22128224
12278733
14805956
28051139
15913430
20257028
12292114
26273794
8876370
7590499
19860580
11750534
13336158
6359047
811278
18729388
17294647
6880158
19673368
12751688
28715121
3188881
3058829
26737323
26497273
6556926
3867789
16255404
16156050
7703080
7041562
18417188
19363299
2809381
26351360
28854799
2953912
19185597
18425617
12345909
599106
15533540
19409
16586321
3277427
29045028
16238518
24575706
26052785
18571964
5512458
21005150
19917011
21513283
13227053
15480835
3840541
3589446
25122325
29499122
22005080
14566422
2265490
22352833
26802182
20672335
11801196
18173642
10451948
27583473
14156417
70274
20216094
27108775
2355513
4730870
8100291
25471927
27059958
255452
1511692
3663419
24286752
8090600
4804482
21929725
1601515
9784781
25820519
22130204
24168504
8988542
16190663
25726663
9073089
29266635
25172732
7382802
16753510
12815937
7987137
27446034
25406533
913707
17799558
6457979
422681
23651531
7612301
7657061
2572281
20388740
7945643
29401010
5366359
544708
10480646
16585923
13129204
12094525
1408762
23001707
14191688
3083311
16016374
2033084
12792573
1391738
21748592
9252550
5800923
10016004
28491629
562369
16172043
22343921
28757218
19640840
28656897
19676004
24247646
10077669
18953542
28021176
663504
23792866
20757754
26097570
2443715
20950395
6717525
4367970
13085803
12377440
22176942
22949604
1861956
9300220
25492044
8807573
16182878
7679787
8086372
27354411
14073335
7421186
11373795
14625207
24919064
731963
17801924
23959035
8470664
3427199
10981524
16698104
19301125
12088590
1190630
5006847
5528837
29951664
8665039
12018287
4966775
14747013
279992
2339460
12437604
834601
7716189
13055804
12573706
12877430
8882929
22991743
4370532
27719763
29052875
23727764
28174141
29951529
11477004
16858828
11610033
8229275
28620830
4637445
21972291
17747224
28046950
6435140
21534561
19678594
15600659
20437870
14556614
4265955
23029905
2908688
20000110
5087652
12691240
19755661
11004905
23059020
11744141
12061832
99708
7966204
11305463
9149966
12829754
23456812
13904359
23331242
19095796
17817499
17934889
7671020
20577271
6774017
24439538
10370804
21908297
24247302
20538609
29634902
20168579
28700066
7811794
3575211
14472238
89545
20997205
7831859
26395162
16472674
18760340
18471233
7671599
10230464
15071635
10908689
28264119
28656501
17382227
11824966
6470203
23913280
22054803
28671237
29302009
29165438
8354813
15547760
24386726
17505956
13023878
2162005
29685223
21524779
12665853
14894770
23746399
21999035
19343718
16359831
3281033
19084624
8915552
28242924
9368318
8367504
18774770
6401901
29585039
27888937
14849168
22175546
29086932
27190336
8237591
19849462
1845437
27526964
16942805
28206812
21855019
19834491
1749133
21788891
734330
396020
5369077
27839157
8826897
23181728
12439430
21546459
8222839
10734914
14642740
19689397
18274718
8765885
4151135
5635733
15277725
25379350
23609362
6164220
3925101
5089815
12996960
2553091
15581062
19679313
21709951
24565814
19951240
3700503
26585
4444892
15779333
26606890
21792834
21186928
7682926
25664041
22360726
8408226
5587414
8803902
12852991
9216236
9168671
14824151
2093978
27835119
24954173
201460
989645
29478620
23053944
7145707
18309907
25586440
2879840
29781819
3215056
5455330
25285928
24204699
24425980
19351893
19553619
20392344
2127471
17715883
11586879
6703721
22689162
26947996
24074282
14182411
393934
24988796
21987055
25754821
983469
7842509
5506055
28355681
13860481
5935235
23990087
19504806
12936998
6485788
17266771
19653855
9220556
26975075
27641625
16388228
20567320
1514463
2735872
19628389
24141089
990619
9575640
19374457
6059543
3967025
9006146
3773771
11692566
8082727
26582650
22340880
24181657
9354433
11793687
23588910
10742369
19366456
13408887
22502594
20884577
25691666
25025068
12838227
10815210
7315385
26063936
13955617
3260037
14390843
18877682
4173362
110484
15214324
21549125
28495052
18024110
19665968
3773412
19582798
20164828
8197844
20239837
2546114
911757
5756323
8149866
14352787
24074142
11778099
10524380
18196153
21628723
29979865
2519833
1692755
11541130
28918473
27538323
16467240
23349085
2759784
16294366
19154734
26876948
21200631
23957546
23834116
4675514
21810594
25951623
20429293
19378750
24776651
22834810
25166831
23580026
14652479
9435443
267884
10228935
3540231
28355030
21524483
5360057
8059041
27676266
22559426
26964154
1234680
9345960
20641814
25259845
26159493
23518398
15457996
12808258
8062855
28797202
4229682
9870835
10417916
5169452
3589761
19884983
16986149
13712136
2603417
26199289
3308308
29709173
24281735
21921992
16746963
6100143
27322404
16319488
253556
26020896
1171735
12655001
25483068
12315194
27300640
17006901
25419950
20411545
13024116
2660861
8523586
17079291
17504428
22908187
7894282
29415891
25836852
24708012
14549201
13907722
4983076
9163229
21009170
20504680
12174069
17038828
25652273
4002102
14736334
25913052
16718126
11461118
4621762
25988841
26842476
10858254
304636
29315353
13141579
3271602
20234853
25587785
26811084
4154207
17890173
10674836
22584101
1115778
28101515
18958500
16374843
27438017
19054477
23729192
775600
21395695
10905758
28580145
7195073
5883335
8140330
21299859
28811151
9172325
6427673
466987
4628331
7229679
27858298
9445663
27111497
622019
6765622
621480
25379988
2653788
27010067
8133104
4601669
5013724
22270282
6650642
22278698
17438069
12612069
8438512
14227526
28345358
10575441
18045241
27864103
25349901
27872752
17039743
10479537
15412298
963252
12709848
8332990
2201125
24409845
29663786
16903810
4560986
14994406
4073018
17726983
4281369
27715223
21511127
15349327
24964988
5530130
27026474
19419764
17050704
19237943
9581714
18942477
17258518
5617245
14760369
19648944
4880266
6922490
15925291
14443824
18990965
193715
21031547
9554720
13079408
1541827
14190745
28068869
17589485
8086258
27780413
19897054
25325942
1690050
24055546
10050718
4744755
6212616
7898619
23755231
10730201
26951184
3154065
23517009
2875580
26459244
10055970
26002081
28695000
1322578
25045497
16919624
27076076
23600870
21893911
4385279
1808911
4262982
22910679
21429189
10952259
23972018
17576220
14636979
11137080
23176022
194451
6952239
29504357
18421975
353438
25727395
242888
7020319
207741
28604786
29608078
15033826
12672265
9586643
10214914
20344547
12247456
13117254
16929721
19499533
8605310
23300029
12219094
11003575
25076196
13386796
8864345
3581906
13730780
5227324
5368857
10534067
28677319
14742830
18454659
22943192
19028211
12868811
26892076
18632580
13124699
16666672
14742917
10249015
4384636
2164920
21142406
272721
11004039
9856160
25986842
21276850
21126149
26736466
6021111
18523936
25102413
24721227
1572908
14125750
9937778
11922294
7734175
2290106
1675778
27156388
11406292
12331408
9594521
18019631
9886970
17523000
27129538
25435797
27845166
23363800
4122873
10246299
17155781
9065787
7553331
28482412
21799407
8224179
16405753
16306190
12576877
15779400
25505617
16133065
9562837
19837496
11024771
9825631
18788228
1754072
16447681
26232501
17673051
16638957
22661278
27228228
17216550
7839353
25033244
29940072
19944160
1768320
23891844
28380005
28069319
25573224
12696324
26589093
15822579
6462933
21711812
22826716
17304917
7029310
8688108
19834341
9740440
14075289
23648769
17605854
22030373
21119270
20975353
12048356
3846372
7122128
20088864
9314249
8132028
10784262
904631
1792897
16379975
1435931
11482469
26303949
17591075
18993025
9611782
7609284
487216
11654605
10384433
8336444
15792034
17386740
27935499
29829398
13158366
2197632
24558803
5868935
16890145
16302350
11768150
2577501
5002662
19673396
26806340
9012546
17072745
17576398
15677970
2259082
22742795
4571154
23280105
13100012
27293970
19551501
11283111
19425038
17080126
5584383
15985172
23861965
1858775
8792028
3812877
27673753
26265272
3042951
28833794
25998156
29984947
17422108
2203852
27418
2626224
23664517
23341020
27773261
561964
12878846
9611015
19374193
11911720
20805902
10941260
21411209
3665804
9147449
6711612
14797840
8237354
16898290
23330310
19174920
13645057
24274242
17737534
16301615
22845076
28358576
5431550
21711122
6362945
22080938
21217409
7195528
15584675
18455982
10086972
26084564
21654340
22379322
21433250
18358375
2293431
2721167
13091038
2460257
898475
4488943
12340450
9326860
29925790
17051984
5832481
5277903
20207608
16493206
15227045
28618044
19360366
6930166
13995931
14467091
5553311
18760380
22291321
22619477
21039114
10692178
25594229
28958274
4488781
29080382
13577289
14314054
3037344
19403987
17528352
20262868
12154050
12412043
20946414
16945807
6469575
19988653
22704956
25990464
24651835
24045411
18802779
29291903
22145000
16602154
11184301
22445496
22724654
22910813
19037861
22006755
15330831
24366725
7132279
3724502
5096125
12792710
26607886
6200203
10029287
23136002
16216585
670270
13922676
24556937
1759083
27449627
23908107
2724015
22086621
22782255
15531039
15498921
3254637
13930459
27556844
4841330
13962133
26497612
22116764
2807423
5719261
3549172
24970925
13527654
27248364
26150920
5457283
19597432
4782771
19093332
23402534
14239249
26426867
1637783
18120858
21702821
26699924
16599197
14516860
15257750
25632877
11124415
19922688
18906233
25226050
4652906
7738121
7442960
3499619
14982518
17402667
17072664
21861889
18339389
24581653
15890487
20413676
17546339
19366413
17888134
17635340
1862334
29087572
10252298
613279
16640475
15930028
21282560
28363014
28395675
29295933
5025735
2624908
2688992
583195
28078959
17592495
14794551
18676390
5127007
29817688
13670205
19049140
5063918
19803824
24996728
6401855
24926008
11458121
9871558
2614199
1793063
15101941
6243516
29817757
11288930
12236745
7133909
13075002
16973776
17681298
14274067
12241217
28602243
27841015
7927427
12442221
24351754
28207852
10512442
9485849
24358958
24941599
26289208
6179941
11580635
5326030
11124387
14657786
5247868
20068473
6448933
3841867
1507832
25096442
9712078
28499693
13576374
14110501
20263010
11003366
5772556
12221476
6634472
28070271
6535703
17167933
21949884
18297797
3181057
21081734
7098406
17000414
15660875
19220232
11085690
15660402
8232601
17123948
10095139
1557785
11422577
27007407
17549518
28285538
22595506
16154230
16922655
13315063
8787334
9174208
25319357
1557967
10825181
9939233
17589458
18586971
1391692
13622052
11876429
14435430
12297498
12104765
2297076
9385722
25245576
4040516
21316547
2956570
6462094
1595896
1517216
6538600
17417896
18790335
14513760
23608620
24343586
16738823
8625467
21661006
28665274
1771832
10472005
2812590
29433955
24472046
26584794
23743213
23349696
23556596
2493694
6638429
1206146
7815848
22481909
4415172
12961543
10293117
27112534
7355764
10144263
25613047
29867031
24304614
12425754
22156237
10023342
6127410
7233434
26113174
20487877
15108512
23427389
27505061
26612494
2915932
3560065
16563820
7489234
19982393
11154967
22007914
24910286
12699498
9953299
16903243
10830893
18192279
20469303
18959403
17888221
15873989
18672031
9870063
12784542
20927259
4972287
682938
2621135
22720853
24326955
13808139
5870782
8580845
8833798
13247179
10528500
25078261
10461874
10615102
4227799
27864857
8934046
15090757
16481228
21551034
20888948
2607977
25118741
9777795
19306103
2696163
16191596
27971440
27958324
29917896
12700238
12916588
8756666
6749758
25363620
2043974
15952168
3247100
7990655
13356358
2143957
7946392
11984577
18375279
25915272
6911661
17238675
9464791
17304854
14980427
8626840
2925716
5803375
19880670
13651873
27893671
10685098
3943951
21656453
25378154
1487719
3305543
23392997
9874601
2179545
5986937
4518677
2970618
4355464
19831908
18888857
15082635
5636540
1074060
3292610
26139018
25430978
20093627
6515742
27604193
5573862
21903315
3001194
7973185
15455066
10075014
4093804
29199843
16813317
23523213
17194363
22583034
5808019
26885807
2858000
28077224
23312292
17370789
25461758
19719193
19110566
612377
6026671
10230219
1691206
3775795
7016117
7600480
29118975
6332842
19763131
695581
3785642
23181764
13863209
16432504
24654315
7586222
22707813
6439346
12998865
20640590
28465083
6954994
6805416
17462422
19105429
23733416
25909958
24823923
2066346
7170207
26877025
23974345
1777743
16684521
28640537
14375290
28601598
25531080
2487890
11752780
17669476
6205649
7447330
13560666
26015204
7976461
23233866
18224043
12581536
13017482
13165014
23996297
5766518
5978642
7820814
28988712
23764066
6585052
20862279
16402362
15891206
24674847
4374533
10241911
7843539
12064198
517764
25766094
23270352
6058356
26155199
23354824
2015733
19521212
9273334
4936003
23476802
7794575
18302927
4156736
80081
402890
12691734
3832099
17844066
26738515
17711561
5820112
25115427
20775983
23575875
3260893
5405323
10737243
26969616
18068204
21629416
12993419
15044853
20110493
3052213
25309301
20086160
8076346
19016258
18219687
7962319
14375835
5828334
15162010
7800582
6583679
13317613
8944109
4634153
12664178
14527374
29804340
4179072
613626
27155822
15983394
28236521
6644719
20498102
10845132
9673227
16122466
29594315
6907479
21740391
27840566
20844998
28796226
27717470
19844755
10671129
17913092
3242268
6324742
29128240
1696897
28936621
23068818
19264826
26408695
8225095
2212260
10119365
15167423
24015156
5361004
25736867
7821725
22818439
22641070
29824082
11985122
242855
26146739
10853092
20972820
25291789
21616343
20018624
4674618
28213710
23916503
11450864
11771880
18815535
4643741
17855186
2532326
11958550
9505865
22430896
16290221
27569396
29750240
14095397
7471514
5143717
12212682
26757112
25213047
11925148
14778168
25401111
23955380
8215896
20550887
7767346
16556540
11318720
24535560
13980538
2491153
21358773
17781498
16175111
24811192
6691827
4213353
61922
26715409
22206193
11015233
22829398
5492466
123623
22723527
18890842
29123892
29476159
23025559
27751513
6747073
16915348
20806117
26596294
24389813
2077682
12285457
21155964
15527889
14589340
26004830
23068539
18058403
23369829
27103305
25025719
8802170
1624049
17927230
9737384
27746044
20579827
19393466
2741296
13985325
5423290
5634600
23669210
25659217
14472835
24183691
22285087
14113139
14466890
2583282
10077511
20444497
28686667
4704815
23264537
28339530
11928706
13937605
24169724
5921530
22246745
12722632
12401265
3562110
21076242
7770536
9917495
2229276
11055811
29331982
19692989
23698147
1120304
27782428
20858465
15432948
2459059
1873790
25339391
5435122
27857166
9444345
28203838
17227081
10834853
21181739
10450070
15049730
2019303
20942753
28862747
29765328
16177517
18978007
18404045
3559879
26330803
14567338
8862137
18469396
21679763
17167072
13142507
2967204
11253664
16551076
4228302
2731012
11953541
5409826
21487129
24975691
10172009
5722590
10280472
24497226
15778494
1488445
9045531
25057542
25898794
21856981
27586590
21591607
5483635
7178073
21282288
10235853
7715165
9411259
16776427
10016184
8588045
18094167
8245789
25148541
13851921
16578260
11295330
10192425
4654420
27142385
18848869
15775249
14373655
27097803
28709812
11368987
2421255
12130352
26787138
20984369
1338670
13304388
4302866
17100618
25252495
19412195
533041
17489361
25682133
13768405
22945903
20798789
317329
3377709
973244
7880510
14071931
6076612
6285060
16184866
11219492
22588346
26272181
27446736
3171027
21273277
23266936
2575742
29393265
16770562
18310228
21413770
23163895
6002108
15678776
10819210
15614739
20881078
16914239
215337
22254494
24643856
6809343
2770243
23567765
3629493
12464262
4433707
12843152
16871589
10885489
11294585
15933000
312129
18481630
17941809
14850506
29233988
10514312
28351528
24013247
20998498
20902853
17646985
11700192
27605743
29417668
27847195
27531651
13201406
29877654
14853879
117205
6086467
1432540
23977224
24837741
14896435
2855082
222613
20849080
23505773
16314133
24167537
24946739
20768906
29682260
14491250
6632541
15345085
10432570
28496889
7462367
20653015
16785304
4475545
21958453
9367397
21319902
25268284
26525335
687026
22830082
24408794
10027620
3741902
19223197
22912050
191543
9548985
1893211
26034779
21799319
20953115
28137599
13581994
28398451
27554963
25676682
2679362
7362389
8141806
18840782
20199050
29117210
12693075
29873885
759182
25013150
5913281
10083354
27991579
5404733
15419277
15211905
22285930
20856235
22710618
18144189
5703445
20744871
16554553
781390
180540
558076
12697533
29205005
2587889
5660956
10429416
1738918
25377863
6076489
16050522
8738577
2101759
20042376
10126912
5608728
27985048
12369269
16369574
1048993
19490088
8921975
6859069
28384441
11246401
28324893
5409132
9751718
14370910
20893329
13543556
23195388
7992740
7189195
22011995
27553526
6952980
29599102
25897804
1144572
590556
11540325
10247750
10282508
7090062
29000015
15058491
3745314
27715995
21601223
28140420
12347405
23385874
26044529
17112854
1277403
12541219
15192513
15084863
25708336
5158234
27815326
29041149
4430118
29375550
1469381
15355640
27878421
15982653
19951843
28730564
25136499
11639967
19350694
2812828
1676846
10658847
4294181
28991064
9459700
7662481
7982598
18976362
15287066
21137587
14661136
7816038
28980585
958581
1943101
28735816
22848286
17153939
24860655
2931494
7612262
24052419
15469237
14550888
28735080
7882215
20565563
3535344
27515691
4583973
17689291
642247
8993155
19864198
26709796
12893413
13242223
4662551
14764554
6877454
1821406
9430965
24021646
13466923
18607486
18079796
17435614
25634987
11617450
15590193
16920734
3923467
12047369
17554692
28601630
28488241
4819792
2636267
25669690
26009340
27198598
19430927
23322555
24618225
10556834
16211499
13731526
1194745
8982480
17302637
5940285
19676299
15961373
7367377
5357927
5919010
16353680
22599142
2924362
23291109
1710722
20323591
27587598
8221259
29456354
1712127
12994017
18310971
724903
8224537
19522238
5819246
19433482
8927382
20594759
17119556
16089627
26088387
27152417
23151637
1190414
8698019
19112703
6559593
25952532
18536022
3941918
22780312
26824208
15806764
757903
23818464
24271343
3485287
8472508
24466181
6979360
24284275
1513216
15091024
4205590
4316516
22530598
28026239
27646573
20249959
8873277
13174235
15936695
7721206
417248
23918464
11646821
2500801
26994376
13241016
27844560
17906588
19659192
11313357
29665939
25225751
18052971
16162479
18921032
18016196
11909781
26600089
2236250
2069826
9849067
4841770
21604876
23730572
1343946
3905915
22474862
19400078
19109154
18344785
5190408
25160082
5599605
29066493
14004584
27522659
8081392
12672527
7795497
6305730
9491074
29244808
17604628
28233635
2582107
16315341
15499039
17372899
4778577
28141357
28890674
29271597
2491567
7122263
1209014
10797039
27822193
5564184
8904074
1869127
13704768
14984977
14676089
19547590
15305268
10024379
27742493
10401931
24927584
23506362
27618119
15459579
23980157
13816956
25980402
15007006
3662084
6254952
19768161
28520708
16499844
13239626
7277279
17286859
7467319
461491
8340163
9450808
23279424
29598498
19017636
9060445
23779055
4055969
2601485
12542697
16336537
18304180
18172785
14489141
7165375
16741716
7833870
11428289
8498312
17228032
20540174
23289129
23960765
4454554
18082099
6236679
239933
15584719
11371411
26658840
28340332
11253243
10035519
27588244
26316759
29737126
23785843
12035699
29439775
20826365
29335937
1018710
1031720
17404001
18841835
6330537
25757514
18621517
8286496
11819740
17538871
16316425
8295643
12915342
29519435
20253611
27426532
16083551
24627926
28520225
20531411
5333163
12994276
21069220
8945491
23792930
27694362
29972737
15628634
10476178
24655925
18515556
14960825
15697817
29237550
16856090
27661071
2308810
26730171
22152170
15167755
5532457
3482611
28238232
15171212
17752745
21098615
25001240
23395789
12776047
24679104
23450089
15852880
5121160
11967663
26753769
9101039
10866117
7259609
6467964
20286037
4489370
25320762
14976519
16528921
29720886
3903766
1226973
1361177
10119184
29684108
23016687
18158926
25712699
21280686
24482248
5387614
6887054
8917684
28357270
17505879
18801754
19222945
11519193
5034762
9563139
17424527
25456905
8185335
18080095
26493899
5283564
21384213
18712527
11544693
22991262
6846109
6474129
7711041
2174169
1907415
28354941
23872795
28337669
8375331
14410407
24137859
12997004
19736651
5295578
25610063
28008222
25424723
18762789
17763094
433179
8637925
2023773
23973702
21416896
28593638
16834708
1438041
20751517
7107191
10409626
15171152
25014465
25764976
214489
19041265
24620452
18121469
26027780
666731
5483409
27086814
14428339
26382271
22169405
10559642
13654169
15030033
17971816
9319991
9105444
6500276
19682543
8930453
8040831
28337645
5099697
29985799
5007279
21982741
11711076
24692033
8745564
28281864
21818863
14708100
27795356
26232235
9540329
9109138
5476479
6919302
15847450
11076622
17831556
666255
14690604
28352612
14057611
13548457
22245758
23397068
28443090
14219314
18629229
24591278
13473363
7770002
28976507
11575076
10020650
18815152
18423767
21971270
4375729
7069819
2704030
370418
6428697
5339244
13686397
20604017
28611695
23014714
22653784
2375822
22063736
8048757
26194613
23812441
24800459
24363684
29667366
23741573
4788900
24383823
2436097
2815103
21310860
26563564
29125278
1979146
10128222
19405221
27804164
13303359
3561013
27816882
18104889
1202511
21244973
4248919
20515370
18030105
25809538
545080
27562513
11637136
16028059
20141168
10721218
24063198
17454371
5660399
16326225
29153752
17668904
17327603
9621082
1325028
9576544
29889082
13589017
610863
9510917
22308786
3886752
9071114
12861215
26261211
849976
19778331
21421127
6997790
4141643
25695677
15940793
11289436
23326592
22085728
1938747
5256479
2563925
16385522
891343
8085239
7499828
14510700
27553736
5565476
26439048
3033936
18723268
28911318
20111821
7640365
7593346
18378169
7923764
16115000
13296488
3076743
28495518
4037119
12351091
10655764
10699767
14278672
15238774
9099921
29974797
7557551
4715942
12707887
20258423
21307646
26326482
25025017
15457298
19898305
11947278
12008841
10919157
27655040
19511462
12930079
14440710
8425150
24126662
25477890
4629259
12833031
9375628
15526988
29245474
5520034
8226850
7382473
20160451
3331830
23659013
22476461
14183793
11531169
12951740
14590810
19393100
29993077
8836564
3633535
9912267
4637652
18236910
11241296
1198747
13937717
8003208
28418900
3065541
6704258
15107845
28451306
12278989
28553858
11521610
21496897
25315205
19566664
25246050
17450370
27791113
24007564
20945631
15800664
29117297
18449815
9138878
1127590
25589094
7005979
17005077
24749279
6928428
13109807
14258899
26321134
20347114
21921580
29095212
11604910
11229426
3732379
9251784
6296752
13332141
28344840
23568487
20073440
7081638
13694914
18592451
22016548
20074632
21439578
25468446
4625278
21308280
19645538
5674276
18889214
18614528
26982669
3713865
19886969
4255552
10942287
6050172
12908234
19007915
6601982
5957670
11227234
22122006
16105118
10110558
8632158
29264372
12546423
8367126
21936646
4970477
1295204
6451377
29868092
8198219
10297535
12956921
28778108
10651359
15487919
5428872
11266376
6813510
21474985
19631023
20439738
3826351
577923
13392276
26571217
22274289
16387767
27722611
12733858
4750624
2855278
7417015
15000202
3319614
1445302
29651188
7744502
17629332
6706696
3460276
11867727
17036954
28362141
11802760
28599197
12872942
12737062
29755084
18268962
5480688
13719594
11784904
9748458
18646336
13502488
10314718
23860949
10343522
6995082
27942676
12415794
14853991
2410583
18425426
21597887
15777196
2321315
5669565
21955606
29431420
4395173
23407827
21229100
10199196
15196633
17969141
13237701
22814197
5804871
12323809
8927784
10401803
6579383
3454329
26507229
27918180
2590941
12054466
25863966
8200566
4244213
8864017
20178859
20019729
23716009
19138143
4196816
8682582
12685061
10425613
27336556
26945536
7415297
22944837
1452916
9202833
18066364
23457454
1094464
3108268
1445226
24041085
4873181
12872745
14462441
23320001
2883070
11097959
8423745
16217920
3313176
24655509
396859
8245328
24407515
6056916
22843760
1083773
2497762
12243917
22914367
19433620
20049787
14831538
17376258
26983049
5194761
5437338
5733455
29249506
18625853
29067905
940935
19815053
27505880
16502891
955292
26312161
9371178
16495838
5038376
18446635
19259455
8524293
21329020
15364723
13030989
14651677
28711061
11009636
25969210
21080502
3942946
22409198
9571194
2907574
22709874
3237534
4355787
2375742
28366076
22966730
13415181
7941826
5451141
13573648
8789921
5813126
7086570
21364709
538700
22600234
23324673
17832220
27678948
22896049
27986044
23121976
13354901
22435988
4104563
18410920
21348013
6295591
6231190
20264629
16787323
28439284
16000422
10421740
22272915
27317294
26340887
25060483
20414961
10871965
23432577
24514083
10717733
5791778
27471682
17171633
24767362
9901057
13332945
6575832
7195611
3431365
10249381
17137756
25856519
9845581
20590067
26568341
1437747
11668905
24666369
5036540
25294586
1383414
7855364
3177012
20138992
29412801
1779503
14390464
4093347
13575996
722616
23759366
11646508
8247447
25487047
23664591
25550785
7921253
20684198
27475699
23017983
19407546
10993760
19845566
29682311
26856756
16084259
101939
23826152
11383058
23055618
17978921
25558282
15444985
22424989
22110043
7693539
22734909
1622442
8955921
18741947
1895407
8972073
7242266
26746067
10581725
27091243
27054924
1111575
19405968
7216323
14635351
5471626
19940723
13806578
6105544
11306266
29101743
15108241
3283757
9521055
5134914
28114509
28909351
5230601
10737161
25855631
4639502
15587489
4639818
7568974
5864642
12781766
2958384
9876697
8518219
24916678
2795259
25671120
17009142
15261677
7679473
19083510
29288279
14427437
1671889
2301611
9008734
24344504
6395515
27148839
5619793
10220463
14261900
19432389
20662187
5206301
15402719
7193170
27052031
25866236
20585165
14246118
25371604
23177024
15823854
20617548
8322688
5933562
13776892
5099241
6112907
15323403
9853469
6753415
20678243
20471272
14024290
27803743
8705033
10810901
4966013
29466058
7572795
12064905
13791466
1962299
4718301
15484912
7261576
12833450
24783315
24242761
15239473
14217326
3419402
1450087
24132370
5350710
21107075
2477141
8779966
19862613
29358527
3878054
27523940
21803356
27622627
26877771
2867236
7763931
27179786
3522974
4829306
11263209
11843236
18810262
15952185
29625442
6485433
3240085
14584950
14884740
3198616
316649
4818316
11443521
11267120
29520986
19067174
27604880
2655115
23873440
11014046
12288968
734883
20305990
3235508
6485326
14236990
9585365
2766340
24684812
16694436
29190910
17124445
18877607
23647677
10820058
10585217
1978531
18597754
29718389
11705235
3498483
804533
15879771
26406119
28315596
27945228
15360070
11827049
21117865
2223743
6986140
11517669
8627553
24189474
22203042
20353774
19463902
2329191
22913323
9568672
21143986
22048465
11309355
6334157
8809143
17998792
2071366
9313175
18126307
29689934
12896473
2550980
13873978
25073311
1687636
6820856
18451303
15392850
18344098
26334008
16467542
24443846
3568958
763478
25106768
22295321
10270338
14153887
1526477
7381688
9977234
11675570
20330591
20205367
26033602
553308
22841736
5313245
9786641
2195119
19402781
27831730
21569466
24541446
24180020
23631418
2192599
8752896
21626288
24594086
4625427
16577965
29385688
20975197
20063474
22488808
14538701
26211976
4659548
14302492
15410909
16948410
26139379
19051401
23172773
6318021
25985804
13082018
25351615
10078520
14957345
16557486
13159636
28563244
9657824
4220606
10715617
18614018
18704460
14009443
28643929
126380
26205775
5883055
2526444
25820540
9188280
26887915
8495418
22538504
6938759
2715434
20757250
17347593
25888428
16819396
20335601
22978234
15486285
23066526
12983474
29635472
4786518
23228854
19453797
19129943
10500843
12711426
12498263
13054955
18812102
28844539
5798027
21136409
11192840
28342931
22654232
10682334
7207894
20240620
14948260
23722926
23137711
21600266
16939236
5920661
26353314
9503672
14673333
17783424
14429509
273293
18006366
23968025
24841152
2191449
9350747
8441331
12246173
18976458
27990410
2718268
9619923
24094219
26228138
3725570
9048621
14007948
6177964
13983885
4031476
13142099
19504764
3355977
11925752
26179369
19841021
21980775
13928667
14380420
19281320
16695398
28251013
11079174
22225368
29083964
26797941
19674028
9281601
14258172
1965822
21029970
8787720
206831
20782877
26328529
18961714
25419435
1900229
25605453
5608209
27569190
20629393
25256328
27242336
24203252
14343822
28965252
1382887
22666391
2698532
16366709
22301317
17738399
2767164
14310513
10758293
12498780
7625331
19858127
18058246
3331263
6580193
7132140
17018188
23526278
5338939
25497832
5860811
2546868
19859135
3148250
23348682
23471773
18614999
1823283
22883937
4603839
21495526
15652206
654832
22067775
16120070
26561550
22092930
12733719
24044939
18120402
20097524
23056794
6758429
137072
9023529
20050024
28020588
24553245
9659108
18123874
19728424
2062113
3483554
9921617
22272864
1004869
9737635
23015929
29593957
5771111
25525319
4777050
5856609
13613761
4579088
8781100
2703651
14069040
2797977
14216230
28949795
27051998
18204770
6194864
5767541
701568
18244776
25391426
14024069
7385111
13838508
6789404
15504807
18225928
4853370
20547829
14669548
6147826
1771220
14487296
19842832
1268165
21137043
14769333
5580478
22282009
3112509
5135765
14885066
19380343
7112060
5059100
114373
24617348
10141073
27023020
4426412
3462512
2914618
20764227
12703933
24092898
27672937
1757113
29937417
2613579
18796544
339857
14534663
23813766
13196270
11252076
1211922
27799938
3758795
28963805
17319349
9654820
6967947
658364
28500028
18488197
11600980
18209662
21347088
1398060
16489232
18224804
5104509
26495168
5124512
15092845
8171740
17412349
275575
25889935
15440997
8394762
8749285
6496662
11421040
28892840
1779293
2430867
10941893
16447208
7563405
21073350
15542745
14000660
21045769
24268573
23460115
1157944
17303893
3774677
15214900
5027562
9605616
27496908
1200580
10166720
26607522
16961821
29537704
3516192
25058662
5923286
27070982
8125335
1236767
28711253
9589628
16846065
3038043
28100372
5573140
9777457
17824679
12845181
24633446
18226209
8123952
13733395
21523523
11651381
10660057
15446718
23424081
14515577
15645939
16568333
1895948
20266171
21221757
18687284
18250011
3727420
13263311
11830065
16309343
19000739
24935988
19376334
26339856
17502850
5063853
12236709
23617832
18317886
3421661
21288170
27563350
13318507
22906730
8547617
9675632
14636728
18169054
27495210
1829054
16499230
25147492
16545770
18422396
15537026
23810911
25548522
26429059
11644228
10999818
6178353
3211049
8443525
11707556
25513595
3835694
8725218
13400142
6664285
18302617
11389600
20587904
21718438
14139103
24274241
1412524
21231554
9247239
22238570
25846123
14094628
18672277
9902338
9874704
10807095
17562594
27641769
19717051
9058368
21890350
6416316
19390510
23804563
18979072
28646024
28859271
29608160
10335706
8869693
25790364
10307572
28285239
13757816
10640442
2715238
5681926
14379765
4917711
22599451
20069714
26150192
322699
7794301
7997107
7420099
26733112
20316637
15229990
5035675
27194650
19666281
17167028
4641048
13858381
8197459
5171963
10667315
627835
25556059
17623053
22055542
15998778
5175658
18673162
22536633
27966292
17371730
25114659
18162774
23581421
20921168
25409498
15020276
2526334
19158746
26271154
23703838
24911041
4002157
10686962
20261525
20282299
2070576
1820836
11774766
28599118
27949113
9606169
16345466
6391520
18752593
22761074
23543823
29861571
21718302
1192994
19154412
6840975
14465507
1836893
396035
27656077
8841501
6197111
18762502
10871330
22166260
9941372
6734326
10452682
8219511
19497049
22164860
29379319
14454383
25006091
4347812
11452613
16051298
18727433
2046052
22970206
3928176
7208181
23814591
8916714
18396553
10011578
8622323
27960934
20296375
19462467
26961470
27514074
11784279
25199279
4224435
10305395
17519340
15446092
21680651
24278450
5148030
13928982
20849541
21005243
28355154
7694557
27221960
14920823
12452816
17736399
16714031
7115652
2903109
14444675
25778092
327679
16703702
21788247
20339044
29402269
3392628
3875883
6629353
4044130
2694665
1516417
14160860
29090627
5297272
23485251
14622880
24168059
14462753
2470089
5730033
27775035
274788
8020064
4677509
4975442
2755878
2875275
28675292
20891174
2257170
28239750
29674317
3108635
8117879
27950701
22896634
2452519
1607726
15266042
23070083
6348848
6358912
20898979
10220929
20477460
19364554
1241799
26654448
16349472
23826674
2313538
5306410
3517244
28510433
4196655
24697194
11910256
2334081
20329353
13055132
16996389
9734339
27660357
19293646
17920292
13501502
1033526
25867975
18151472
12973749
24278702
24101010
7913681
3938116
5916819
15826520
2804390
7857706
7432945
24032702
15240602
11585349
18060602
21438558
2055481
8654753
20340205
2559978
11508660
14271928
8094403
14636273
15925921
28181586
12784197
19177804
6233374
29753334
6825824
22771823
27914708
3638796
21471559
3004080
22973019
16509644
29743537
20666516
8939744
1222378
2893827
8423030
1984784
21252068
17736120
12354465
21615842
2228733
12345259
8583080
11494571
20188241
4464440
26275302
12426190
23703188
17936600
26415414
7296916
5383210
3960176
23396341
7828248
13065721
22895834
946822
6110802
25665175
2162103
520317
8441862
26663242
12049930
28403564
22981479
25205154
9729061
19137958
26053562
23860657
17841392
7680008
20883125
13803685
14137365
2409796
16490489
18858901
10569328
1007771
25097703
13066489
19651148
18889065
4030703
9789590
17051148
20165101
50319
11196495
18002321
11461460
25495884
23964577
16391
4222296
17461846
29672158
20191231
22556377
6548576
23933447
278190
4852382
12847924
6224093
5758931
25686657
8861668
17981165
17000851
17980835
23560628
4512234
29002947
1445473
9117170
24368726
25178726
27240853
19382709
24629091
5907316
17349112
14354472
6852193
17394533
3627731
13568269
17703295
18921664
15897852
7966291
27226541
8765151
3491680
14126439
20474012
9725085
17945079
18977598
21889634
26299965
13976559
6070815
8300441
6029600
9195550
3773779
19847996
5095020
26946607
1301366
23566053
18411075
21385571
3638502
19248014
18990656
25258383
20978074
20303200
25091563
11174318
14512397
470592
21614912
16834613
20890295
16320112
9387396
2439518
1189979
3536015
29590990
20635465
13469176
26798627
7189931
28841769
11656004
27211774
15298536
15080133
11693069
13630740
18199188
27579945
9553209
17981717
29476242
2939324
9767750
1470658
9935059
13295835
23502737
20184078
25701540
1287722
1362172
23669170
5606183
4380842
6667791
24071777
6967945
5643175
2865753
24891574
23709704
1500783
11701122
11628268
2805227
19283121
20220379
24229936
9332683
7847645
13322032
29193448
6472536
12432110
29093604
4005717
16577745
23836631
15778032
20770493
19181253
22547262
20514749
2254162
7249833
5484
8510356
18311192
16568557
18704705
22661773
1618168
13860303
6818194
10067259
20396008
19402030
14027434
1691339
24465992
19666739
23967220
7859746
26190818
2688740
16982979
27831919
7099454
1075099
1451611
6303500
14523918
9445562
17177223
16813822
23849412
29354209
13273745
20725076
4045119
10102366
6919613
1903575
12782290
29738907
8787560
24055840
18539467
17170118
24327500
11783316
9325465
9407610
20463016
24655925
18293787
7425035
28097441
14603037
14768535
15964878
11194202
9966617
6388572
16250326
16972541
24744800
5443470
29968856
2249054
5815302
28398733
12402270
6108999
24939124
14910026
29050397
9972720
27482707
21111421
20760181
29377795
17117602
18033382
24266317
11678592
16948290
5608030
11720635
7302511
6583376
12964498
2496026
1982777
5493665
22610574
26120252
2655183
10279914
21434892
28947931
5172728
22270972
27753988
17703082
5237969
11116135
15829033
28245161
23626025
28759329
29344537
24687153
15139044
10901929
19085467
29446740
12198294
27023656
17003862
4945767
18721834
6250579
20135783
15254545
23944752
19857243
15205473
1353465
22543127
8725237
21444100
17304406
25942483
27749969
28973021
10670761
18910022
25386341
11067816
4591029
24820362
22163704
9345529
394913
13250995
5633126
27240022
1903793
9112701
18671399
8108924
5495061
2243837
15753933
24240686
915677
20971854
9718347
23249021
10368975
16343218
10400439
1857805
15650690
6314636
28497881
229920
3369991
7111554
10831985
18919413
29176073
3257163
25936751
24739996
5064025
14366214
5077085
4025054
3461146
4672795
13376316
3415216
7770399
12519140
7132813
23491429
10376516
23392891
21178547
15366005
5907409
5732402
17233247
6889583
23060107
11677010
5226192
6228447
15346633
20295934
12390716
21693361
21929692
11407335
16363715
11983426
17702419
16829505
23897452
5501205
24236540
13396502
14810553
7819885
9847605
2013143
23343817
28561611
8221705
9395059
2304871
11792218
18297249
18732454
29803159
1401131
17421984
28504881
7236171
5261471
2699671
12798053
26913115
2816925
19897584
7301934
11506423
444676
13656727
1626074
19663307
8760285
14183891
21807624
14841545
20913587
6709040
587796
9764586
9735224
18993017
28736466
18874977
11610828
25346696
872964
7860178
25487219
18858481
4744271
20789742
25240482
13797290
29093798
17997619
27077356
28094859
13172102
22790996
25547911
20322048
25035615
15016452
23340378
25689407
10198778
23894762
11477635
17599093
17883237
26854841
24952923
24781578
4037010
18685210
10100873
25274834
15745157
29286068
21990770
7246582
1502785
28105531
24819755
17695931
2991009
10819387
3463519
18373291
8120756
12983448
24700627
7620140
28495960
29254526
17927716
27655579
20487311
7448293
29976860
29599178
28904105
10731177
11658496
1956257
27114913
27205589
22610651
18446074
25645805
12817536
29897671
8467936
27389932
10729566
3542786
20788694
23809140
17223966
13528361
25190234
24027437
28559216
21027688
23863466
25059694
2877793
24611285
6784788
2770001
25930454
3970730
8034756
19319414
11506627
17806225
24897859
28498922
28877028
14412541
10158644
627002
12732331
25980705
11684485
11864182
15678358
9716419
8506577
23093281
29679708
7019890
16750950
16746661
21089436
2167730
23919109
26899462
25822029
11793931
20545008
13515137
17027360
15298321
64999
23117656
12947614
7729113
22752116
29308648
711530
27123070
18609000
8551105
21017516
12098607
8233583
9331858
28600433
26568073
3529953
11706851
5792884
28149404
25792176
11380248
28008703
3504924
24115262
6028555
17275490
23553292
11994076
15947383
17364923
24908838
18247373
1699693
18308966
22732232
3542769
19231585
24644663
10529056
16368117
7731403
13647794
12262964
29946458
8119573
7008527
1650594
5340074
15807269
17502485
23020909
6338496
17761773
22736493
6304659
28102925
10351717
21162381
16173766
1942174
20359063
4307338
24770781
21258151
21143193
22419459
5812063
11027328
7995169
4487844
19964714
3142322
10991418
18616472
25928148
4962336
29379658
3622940
19689532
17138877
4061651
8941452
5313274
10046646
28845155
19481286
8676250
3169587
24149164
7918902
28056469
1147472
14306374
4886797
16439008
23493023
1001684
15543106
19074823
2337795
8642258
24764438
16148083
20714398
2413344
27184658
6978719
21767056
20484354
3672809
14803254
5420721
16830634
13914484
21140800
1354521
5765851
3456122
26327027
15639725
13449544
26900312
17246168
9789300
22752940
24152113
19588849
20267389
9058880
14984374
13149883
9138839
11866404
14572349
5637779
9092379
22046675
9971087
262722
16223113
29627877
17926469
24729983
8321164
8245516
24819415
13442759
26758050
18027310
14117753
27716885
24423560
26242818
20706179
13463648
29557713
20546821
26919027
27413639
25901158
28581094
5974711
17182407
20155489
15069376
19876463
11694198
27686724
4657103
26845355
11333471
11394535
21540857
2128576
8888665
11159888
373333
18711282
21094021
421190
4280903
14592360
3324901
16061486
24077907
24125543
16172473
7921640
1292092
6374573
23294922
26049113
24481544
9955096
17476829
29453795
17421236
1094826
2978679
3822870
17489956
7441801
10921947
9656387
8970657
25022305
27343823
9278726
11072480
22220764
8520763
20282748
26467412
14540080
11944579
10708380
19291171
20407614
11979346
19141443
3762584
19544284
19596043
16694796
11029355
3160456
18435585
16286874
11553470
10631373
2653149
21562056
21306109
1743617
22049029
162808
20310231
325744
14108737
3867312
15037526
20574134
908736
17317712
7045563
6130178
5320556
17328133
26248703
26290620
11008468
19879692
21480554
15211257
18095140
12102561
12841947
3670532
6224812
1194709
17024622
5404718
12719195
24325473
12784786
5312537
23694572
21680578
1465175
8455553
3608132
18926216
2203992
22266006
27977725
26414232
21616115
11692262
14798988
23720489
15265012
9582610
9467238
5853009
26244095
22235678
7836014
21192079
7199858
20841300
86464
2924653
9658869
8881931
24391986
6726341
22991042
18499552
16112885
400781
20137083
21623595
15069369
16645491
10749459
14996133
16501742
15516759
15570976
18080747
11847702
19664376
18949090
27014752
24967359
25675916
26097276
20860509
4239315
876648
17897139
15044427
25990438
7879284
16985451
22095772
2378042
27124366
26626528
746998
22338380
17057597
15599458
22724732
9416382
22117631
9067465
7992955
27883149
15882260
25907839
28497243
16884466
7110854
7379604
22492379
12131807
18081413
9887111
19094910
24023103
13927049
7515943
24625003
14447470
17782613
345371
2981583
26157086
192104
8043588
16283172
23110076
15899192
21663795
14488473
21491527
24019433
5453759
9575983
20847760
19819749
27835772
2546580
15790411
12431825
24422022
22781813
13242269
9372010
1754499
19156278
12331954
2562875
19749799
11506551
17526473
13584388
23890577
4840870
26884431
3408834
15101613
8759973
11770487
26715723
7328187
16146652
25925012
21789436
23784229
27606847
11382243
19656853
18550271
4425285
16986414
15660179
1219470
22536472
12311633
16761481
26858578
15286005
11420266
21315514
15337691
6295955
5243240
29442802
22280704
14234325
28695361
3863370
22953888
2143339
2843538
1981176
8772291
14133549
20228537
24002415
7523058
23409518
9578180
14923671
20361469
29071509
7567890
21663553
15977943
6208959
25625612
10272883
14805685
124094
21340176
12828565
27410554
13463813
19554425
5558680
1112632
25175475
4659982
5407244
1039116
29738126
1834044
26235645
18117602
19965928
25678067
8160186
4150371
18163885
20325448
3773524
13760386
26259325
16625715
13798924
25987943
3345247
19564257
2680291
2984238
16661117
25538176
711664
25812764
19140290
937197
28271054
3268730
1974348
22683791
24120411
27955230
27124079
21727578
5512437
28444958
19173905
5487000
26306583
23954251
21527179
25537967
18935228
11678807
26712734
4858752
695565
13556948
13498773
14894687
12865496
22296092
12841784
3192987
14561996
24119383
13932295
18205185
7488854
11063514
15871592
15700474
13409072
1791580
27929525
26742834
8328893
2755146
23037388
1401557
486681
13774039
2918310
12705170
6583075
21614523
17184075
9150004
25327816
16727357
22174485
1706107
16277413
3576087
13046975
15253351
3903062
25558868
27978097
22198420
1326635
18021672
22051566
6233725
18206325
26765087
7677161
8946540
19235361
4162008
9173739
23572994
6302645
29530717
19846930
8481395
9715648
5021362
4421510
8395028
11028536
8824207
2058006
19705503
15597389
25420881
19456063
28787760
18865319
13154079
9725974
12471609
11736118
29274490
15179187
27499038
15403488
27707758
2419691
28793629
7463903
7411054
4368703
19248763
18273201
7795337
18700194
14661815
11146473
25674368
11495232
3370713
1441937
8828690
29860288
13444505
21045019
29134970
2879499
13717931
6634761
25481085
7963621
15772504
14286919
6635201
7516291
1223879
10592352
5011850
262221
17960284
22470119
27311538
29622359
4582652
6904419
28907299
13858038
21430393
16205407
270632
5680953
11198521
57713
14154682
3060819
1546056
862659
7373408
15735597
2989646
28259110
1867841
27015073
18828986
12792517
15369022
23680494
28317438
4744681
22479440
20469621
24818944
26684167
9018378
17193552
27989028
14717821
26620186
3659416
13594517
3134013
4355155
5219089
8397559
24617370
8273403
6070847
3066558
9733718
29604202
727438
27688268
17174067
15607570
2353049
17366849
15998760
21035457
22925031
24469082
11764059
27915620
17071522
15217223
5844490
5298716
3503947
27609988
4626682
14393354
3778883
20359245
18232525
18533667
15112482
19403403
25880228
29316926
1694129
4276989
20152668
8793117
676059
11179138
25390646
259705
16548117
13416822
29465802
17798057
11089512
25930289
12702044
28221677
14424962
14039192
15444284
28653578
16673914
25710628
954262
23663217
19523287
10886892
4123648
2327401
17076925
29456921
21942609
6749058
6307647
24009206
29552127
18904467
5827399
13948021
7889208
25162380
21430498
15716132
13012215
5096338
11539620
12895814
28108424
19240105
5797412
1180475
27997184
5760747
26623316
6674903
9377508
10023716
10276316
25254047
15671544
13522737
10673404
28821549
22418795
27449429
26764391
13694216
29142596
13289443
8012467
10104580
21715678
21141725
15377507
6486228
16257431
9100617
18245059
779851
28968308
16535180
20493053
29414371
942203
101583
20454329
21269719
10328684
6333796
19953045
29506285
10895044
29853696
7800928
2601981
28853089
19785665
18171176
24157300
10351478
5982713
23240951
16900885
4972472
29758857
14446022
9827876
11431703
14539715
23746491
1517143
8316321
7426197
8645382
11135939
2247559
1158826
25489588
14160309
25323201
929168
8782999
28947637
21342807
28494233
13404794
14313041
15045712
11618299
14830133
11638772
29208682
23663114
19120343
1885681
11426923
24171620
45311
19987775
25121922
27626135
6574809
12276070
18448638
3225782
2724088
12132936
13727929
4950040
1076879
18815202
788374
2019025
16099579
9895660
9126540
14340124
19011654
7190964
24895585
23041733
18377090
2722739
19351968
4484151
6754171
2100492
25698705
24000479
15419586
20314619
3151264
4656879
27575179
13723678
23327594
10667737
20139745
3980645
23036356
28168614
2026840
18840613
889551
28100576
11893782
3705365
14020137
29128236
322173
22306508
9856144
25325261
22519400
28862237
9617335
4701799
14973889
9590611
4325690
13146738
15411817
16190604
3283281
6329619
13104729
5552431
18072430
29875525
11359263
16928024
14758818
18256496
28052139
4586728
16974451
18715750
11850891
6075197
6833856
16437768
5340731
22345692
10372184
16406954
12292014
8385272
12343321
495384
4638421
9511844
26005248
28238584
19752139
6963349
23320054
12737810
2939898
3908135
8202536
21533514
12354209
5838636
8096249
4863785
13012350
25648414
21464247
17207775
22787747
21091254
15316207
10583501
1032690
2838011
23681726
28081591
19898206
18245881
13032631
11571768
23201354
26755086
16393300
9399974
5338029
27674915
19402860
7424939
13343794
13019448
27483022
23963934
19279806
14161823
16386735
21349197
27164809
927155
9465395
635800
7239367
20835890
3215761
17312182
5419917
22582847
16666894
21288239
21858004
19613389
52653
14253561
5241400
5998584
24755244
6961375
12418286
6038286
5083208
9475488
23545139
22163682
8999810
11577959
8270530
25801564
23626950
25697770
3927018
5405573
11793667
25707268
12507951
1537602
16109116
26399056
1910324
26579482
4211846
14901986
27875356
16152423
24562243
22758056
1524865
6962525
18015114
14685762
7244916
6662003
29553381
9164335
12984702
27914781
11053979
12370377
7299843
26937074
27370137
19022589
18873284
13220337
11263667
8047880
818588
4997027
28265198
7122574
25624641
25650523
24017360
11792515
26904269
5295540
12932864
8988362
7070950
23206681
360826
22724610
27585874
13704723
26985127
3165336
14171928
14149792
6922468
8982867
24142695
8731974
24138711
15084661
6060922
20186083
3371351
14890131
19738416
15571411
15539351
28739087
23411160
11055992
17597765
25985523
26754908
6395523
13680815
14519568
10782866
29568449
14738036
13398222
12425264
24786930
13317106
21406451
7465249
9104735
13084351
14985464
8450856
22146214
12026253
4263002
19954061
8560836
16176326
19467746
13074553
25080497
26481771
25859637
74001
12016211
28378496
25560562
6014711
4204691
13894373
4035673
3255055
12285813
8623272
19658518
17489679
3924367
8138242
22539158
3159861
21163272
13868141
12052854
2023936
29182009
7874504
21672035
245091
26937341
4302173
18453549
7191657
18453134
1195102
2380004
20247579
25579755
12442718
6596684
20817153
1928812
2308885
25150259
29526975
11679902
7039854
2164584
19023966
17024670
6602970
12370200
8778041
22656620
15502977
17932332
14182621
23471460
2024121
26115050
3343260
21464485
18925655
14881508
24778107
950417
26065005
18484047
545559
15988466
7197673
24277181
28614632
23760392
14762701
8359784
21736392
303445
7382748
15707697
12679594
16929101
9296511
9992386
5119486
18808465
6214688
22198988
4303961
12926410
25954250
25739999
22213860
20025301
5540024
18976163
4519083
19462483
11321601
7757490
5752124
21302047
17756766
29573819
22215526
17193913
20755998
15484736
5079956
54977
12098689
12199784
25338773
27422356
7252110
24678022
3869381
21567861
19721378
22420472
19028750
16577191
15438798
11063950
22498916
29150503
18866599
20153375
5929077
1190751
22207649
11543159
27946802
20492203
2499872
15883930
21349410
24571145
207164
15731122
29434537
24890097
2789376
28408006
14545496
20965158
16258247
28778086
3718159
16940263
23906555
16779092
6202883
21588855
2329720
257903
21561130
21662648
24202061
20664750
5096133
7391683
21080230
28769031
11358370
3684689
12562093
24092361
6072083
16791902
26072913
3634787
2424510
16773545
6711319
25761809
20059983
5680464
5697633
21039764
10549556
2739392
11658275
28121916
11374109
24555070
12917064
25596233
11427232
20474746
21502267
2211572
7444390
12496701
23653331
12234995
10021261
29173677
27875437
4504201
16268114
15813078
28084349
16502
24339273
23829030
5154534
3615896
16572332
11917803
13563770
25253622
19378932
15572246
23066203
26340660
392428
4236687
17118473
10068644
21731015
12167329
27841993
19940402
29496622
26557824
23938380
18075433
25747049
12134242
23294206
13344659
29226022
17640480
24023473
29077955
9375541
6541715
16087603
18245064
11268606
20913224
19369990
8898327
14500275
26413292
26528646
29739634
13151234
1920819
24833994
8836912
22248412
15491177
12385022
9609736
4855590
24034501
26932823
6278816
21933126
25519582
2513610
26749731
22419266
14967564
28799466
13968102
17834609
2454306
22860841
4471639
28597551
9139384
6158392
15144490
19284817
21994236
1049432
10268570
6588275
1647531
28062799
24309072
26688447
11081499
19141883
22541626
13081399
11775805
4105051
20882117
4936340
4631405
24280884
21637811
10818005
24025122
20784741
9660725
25139042
29105286
16767683
17396087
15500595
20178594
24024299
11941534
27658724
27824060
40588
1659789
18253656
25107899
14263161
25193323
12169568
845596
3975348
14587280
552884
4773421
9749060
7359598
12613697
972364
1403630
582911
368998
19454323
24933925
21941723
9821409
25174328
24524022
17476505
27244110
22899785
2240734
8202125
17380302
3909422
23891515
14903359
2653800
18553164
16127661
5288114
28421623
14120736
13206196
29759262
3557825
16808515
29097277
8728167
28818399
10114748
12200212
21025810
29003458
25791429
888854
19221111
1703719
18873552
14888033
26108738
11270643
7147817
18316473
9676429
3625309
15588094
22656550
1712584
22624471
14729957
4803506
16099734
4489416
27258611
23362027
18835220
17442385
12370198
20757919
15072630
1926428
14118532
14810179
20143761
29582000
17335108
9258696
3762397
8325227
18611029
6878088
21299558
5808278
3690087
16010825
28968319
29744229
5455953
29881306
2270062
26527449
11484362
16236344
16367690
9016434
29611056
965387
7960892
16826232
18677535
14894059
28050659
19572644
29010018
21646952
29298720
5997196
3566289
4772939
14043468
10938027
25164146
28409723
29448206
24458341
24220995
5592581
18368496
283540
2707690
4692399
6201004
21374892
8520181
3363403
14409713
4698394
22932415
802005
2721214
25196797
25356241
9449854
28858940
15447687
5236341
15523585
7399937
3788360
11645911
8860274
27670363
8740640
16839336
7124082
20876949
7042538
17816555
3597818
17376667
17153256
6227851
26504550
1337823
8106481
23169307
10095041
15944085
14579814
28119305
23008505
3077345
21055562
11900106
15554212
14006780
20054386
25021613
25770007
11710513
9163262
4805646
22052855
2973420
16503677
28815035
28176741
6030729
24538106
21485203
27150477
15496300
22101422
11765400
7755426
19076375
22378988
4644622
6512652
20887587
16826127
3539233
1650383
12889463
27226612
12505605
13315275
7612746
13614894
16340744
26186923
4990086
1127215
14838830
23971209
16221781
23963831
12962785
2577895
19185362
9051904
22245199
17881391
14280694
6542590
12286101
4554750
4074549
7572582
139708
9387790
7669865
18209143
27150589
3702250
18912448
20919843
7524521
18158567
21026574
20290797
12777805
19918014
11909809
24583382
5497484
18127816
4702302
19820039
19578583
20977491
10185543
22425823
20676503
10421044
23462567
13979971
10404298
923768
5708413
28330874
3665627
27169810
5178104
9888841
8898949
13474233
10873176
22615708
17982201
5793023
16973115
7827532
13585441
29339118
8832896
11669790
23309370
12929536
15385560
12892491
12079010
29827203
22011430
13536124
25278432
29071403
23654658
27971565
13431215
7328326
7307624
26165396
24037119
12466276
24859823
7659541
17629705
19995023
24677784
28060862
8206541
8891174
13233426
917793
10693911
13109323
19009294
9809064
27104447
9817533
20331574
17769378
23543905
1005089
7815070
18959523
18892167
18898788
25830078
26468133
15796564
6960120
20957159
9052250
5233702
15761810
1615807
809942
23430956
23446081
6553384
29407294
16112386
14764236
2953011
26514754
29224761
27443227
13934523
18214815
2988053
15167463
1476454
27666615
21829862
15334440
11211980
19168955
2654320
4879289
21490168
4927424
15058009
173876
14016270
13534766
3431901
9773893
14767637
8024515
16056739
1388317
10282523
3288096
21538775
17609772
6508336
22858336
10097426
9344576
5701259
27309853
9258783
29666103
1278007
4553537
9842947
29663829
8725789
24540415
21048106
17145149
23188999
6018433
20799191
3177128
13699614
7606950
6351364
26178570
12324871
29636693
16222310
1675635
25025876
14897294
27731749
21990297
10537607
17691634
3568866
22615918
14202743
24633866
16675321
21315542
25801799
2820263
8342172
19954252
13353941
23201599
1166345
15917226
100413
4799708
3193241
8900013
24930716
23106974
20796479
22053497
12004516
23698838
22055284
29231327
1301895
10903396
25261314
21825573
25550766
10405431
2802607
13628356
3837468
21645564
20298279
8063339
13027090
16932709
15131982
16740292
28894081
3642079
27106368
13258648
27141230
27847947
3498475
22752303
22274535
11839681
12186901
9016870
25396164
15275123
9204666
17467800
10924538
1514394
7868895
7168260
22740100
14795220
3161529
16076665
27943574
15180301
2851955
8861480
54509
8042915
241299
22366258
9923453
14116816
6915411
27247896
19227355
26685932
13703084
15381397
28591782
9185185
29441358
23284053
5997185
27235588
11765437
10903967
21930482
8776506
29009254
416734
11108910
26997497
22441438
14705047
8679091
11266050
17677570
15371943
8636795
27468644
11239958
10793439
17509158
4516646
1325541
3968302
15720427
24228384
9174477
4449986
12653598
7037077
9816936
2290858
8965628
8146874
11185559
21521679
1848999
5095665
6698473
18862372
26905422
14820426
913226
6783070
12169960
13536037
27635360
11211833
8072051
23748054
25032440
28576932
14343890
28571191
24468783
11787768
5429888
18731874
7464784
21113471
6357500
20168206
11551708
6392596
23831080
4858479
19546860
24317367
29060698
16698780
3229315
6260373
2995068
17501534
18458955
7370328
25191550
17103616
10683036
5933458
18408097
15151075
11990861
3334662
7182342
20553398
11721775
23398967
504544
17319732
23169623
22951753
6418271
3765844
3716726
16259017
26350631
23182458
19547573
24450885
23759297
5798952
13308357
14060727
9280583
1054804
12782682
17986475
19489759
25152213
12467565
12492902
5153511
14531334
26733644
20581298
5297454
17911481
18031644
24187449
1793298
27963759
17687387
3851610
21207185
11700464
17516153
9743441
1575036
19043399
5897589
10928666
15124930
19384824
18198007
23781043
9650436
4813672
17047321
25914273
19504639
21475614
6124675
28787291
15503491
17182183
19407162
25019862
22302440
12128060
5188790
25822259
27901152
16622922
23007074
5988719
2505136
11873747
7856844
25587380
26812560
10160288
11780592
3820287
11508495
24120377
26926403
13977313
25217340
26941426
20207990
26294722
10945285
11203255
11340779
22810321
5216318
21709800
28192641
11502942
18209300
20313119
18024816
3517037
9416141
20490430
24000191
5021184
14497126
8695470
18603068
6166882
9481360
11691330
13796141
15239653
17699366
17570769
2172865
2956172
18710582
25790654
4109631
7261000
4071290
4732460
11775505
10661089
18742040
318209
5194785
9732866
26174779
20275511
1043548
27855202
4409521
2232055
5689551
2126481
9081399
4988286
3420951
2629099
22461703
23144623
24816763
12441987
19296355
18364348
2576323
27607161
1054491
4722844
16483974
6279502
28577023
12180082
20006162
25665223
9281498
25923485
1904552
22200642
27267909
12262173
5768853
27453669
13053062
26737646
6478914
20841107
26291756
15789020
29750234
29636786
14552511
10068558
19835543
21217783
15123117
14553912
12617424
14229850
10590236
22063243
22603727
13247174
859525
19107603
8022241
27816470
29564183
9572450
438135
29381393
16324484
6992303
18095623
10847943
15469453
9384884
1714321
27427929
29447828
1927485
22972842
29739843
18757009
3208588
25521247
12169052
28649532
27225352
20854872
20708540
15852759
3647189
24171919
10811557
5382612
2512602
15375002
26947087
4162270
10897311
2929410
14717022
22996779
7869608
20383949
21750405
20848056
5891621
5878904
24749375
15413958
24936389
7926964
13564620
6510404
2719930
184553
22206051
18168239
12643973
19462677
24005190
980557
5562257
25221366
22792259
1595822
292360
13043483
21523217
18205171
28329062
4135763
15482313
8283573
5159396
2288643
20533607
22820637
26339419
22569477
23916723
8046057
28356745
25874402
13752357
728718
2853618
3689697
22997737
3379829
3368990
10654695
29762810
22067863
3130879
16504873
24554773
6313843
15966993
2673942
26760981
2840002
362232
14864656
12850742
15749254
12765444
7807681
11335523
19713658
23074963
6455064
5885619
18615999
13718158
19671060
14095953
8294441
18138495
26991064
9728265
5703786
18725537
19141921
28181758
21643030
24527492
19426365
24761936
22580687
7618452
24972916
27637975
9557668
17041481
14874886
13398177
9337938
21282883
9739880
22282806
20980111
21285876
11012004
12369073
19778370
1898148
20664375
9235903
21225096
21580253
26254146
26361498
17631677
7922343
10251337
15811987
21905399
4052166
18817457
21110829
688574
1201413
21783344
16233510
10856599
19050483
16660805
5348728
29645527
20226554
29157772
23215027
27924836
26424793
5856450
3093214
9893486
1292930
20658203
7879947
26942841
18858202
18089463
13116861
26831945
5205931
6211234
5105247
18196541
14814506
4288355
9071218
12252097
21300942
8078759
14635157
5080512
7515966
5397743
10860858
3866874
6342818
19732671
14944107
6980313
10211596
4501055
3842516
25839262
4000857
15655170
17439533
20090463
20013038
13588534
21468531
27912227
12169543
20912839
6698650
28739854
154986
9403104
7598596
26271260
6055246
9595485
27962882
2554744
24767839
14662658
5900296
26070474
8770447
14119071
28171856
9024704
12818642
5344065
9415903
26170311
9432522
20255246
20870778
1095513
24630158
18246398
28074186
23969371
14586815
4110894
6856608
8007574
27799922
18777737
21166848
20705054
7665734
10305417
13259536
22896399
5638776
11521298
17360166
567702
4841225
10813358
28661655
19253422
21349829
7499439
17548381
27546566
21462818
25661724
2463809
25883089
20604278
21935703
3179385
12458130
23706515
13814284
13779219
8844557
26656480
8445868
4429267
8118818
26431422
13506967
14698443
22105817
9879921
18388636
7723367
2650150
27698527
620835
26201697
24778817
2021957
27528966
11170821
16542020
28200565
3837986
13753152
21131649
21784803
830538
11173957
5269350
3375634
1982741
14303839
22164901
2633578
15107504
454141
13068715
20247972
5436
8535426
24928965
20145534
18969723
28787804
10551228
430012
2566282
21095082
15768135
25883365
20395193
13909480
26661026
27559417
5639334
25084087
28391287
25001935
26854156
4485388
485402
5746151
20161271
27878778
20627064
8219596
25825733
15060230
28581100
1076099
24254469
21158076
15013019
15720324
191081
7195116
19204492
10301215
4023455
26063274
29998331
4890995
29296133
15176224
6338770
7603730
6219681
21386194
16462437
24176261
10166164
7239779
5257426
15601239
4269469
23010459
27555353
19982386
24974597
29500727
187
5902379
15631266
9512794
13411718
7193114
16274300
23391795
27362146
15205686
24510896
18272252
26167570
23280270
3928440
5534902
26444983
22559916
16543761
17568456
27291355
10111733
18016636
3588878
26496267
18105086
23249776
20719474
12641966
9292690
3831060
18958916
24268071
14304663
20267243
12365900
9797187
27639680
3651907
23882749
2952571
11872970
340271
23182215
11267245
16323609
2739541
853624
18015479
4973892
11080697
27843762
18810076
1083782
14283684
17108849
1906579
5819844
16656673
9303855
13300618
19461009
11467347
17938405
24570627
15904671
19423312
18327527
22785273
27744412
694228
16022404
4248301
9276109
15117315
12550877
27057141
5438127
2926788
12061665
24287162
21653286
21507282
1901116
24037899
12380115
23043836
26454305
22823934
3868334
2699920
15403088
26306062
20159428
1268509
13129555
4138491
18135972
10686007
4618904
5423896
8679563
20140481
20397986
27289620
6189146
19650650
13588841
26127220
26495488
29186188
12111050
20581488
28867399
11530871
1401657
2101371
15379157
90743
27715642
1289196
2787846
25974868
15240661
15315229
5082858
29178155
7206137
8249810
11082189
17477426
477193
9946363
2877612
11557846
25026401
16710551
15895607
8432750
5441333
28957447
26331737
29443717
2749014
28716470
118819
21795855
9268294
14725009
22511971
17316702
27483502
18943530
9925109
17826255
21953143
26057674
2636958
23539309
2879045
2399511
17523214
12642030
6178366
3853905
24997600
28480106
1832031
26316897
27702832
16253621
25548184
749158
12468479
17945368
9678414
10796544
19442256
1160340
2898757
16509585
9730590
25852840
636278
26883997
15285295
20496673
21072674
1785544
20934975
21503252
22519339
13954314
25655568
18352090
10495233
8123745
27459605
23701352
10502686
28248787
12074851
24522580
28688686
23839755
29152810
21907742
1539541
29696861
626729
18901667
16658875
20372930
22980775
20951400
13519474
28887427
28690754
12414551
20510140
16348412
21832077
1881727
22516876
25027468
16298948
19100869
13723131
21396709
29856982
24574028
23316882
19280663
22512760
9581993
24330001
15377649
14467999
23394199
18636522
7919944
29413739
19792256
1246896
25734393
6635743
21833085
20172290
27397155
21912883
11568693
27730072
3629147
26632381
4594928
1724157
17486552
10475754
29068387
3078818
9368491
7754216
10108273
547708
4012426
8635816
18717909
23122501
26712719
1298791
6963156
8689372
1525361
10512458
28009782
789826
427708
5481097
21685191
9719126
5193104
1285025
22632526
26366734
10635208
4517806
18387500
13592240
3476186
14502281
5262189
24648630
2088487
2662115
11768533
8740913
5831432
29853880
2613971
5609095
29602657
7666094
14485628
5093881
14299134
23746777
18269682
19012024
26725141
7873956
14668113
18146503
10613662
2608723
11234288
12033607
28944686
17229123
15906588
18037265
10157791
15736838
24412115
11908388
14014061
24458683
28818999
14987049
26228536
11144075
5482677
19796859
12542391
16911414
20436303
19305456
13632046
2739157
24481925
12967308
19767983
18965259
96162
20877459
693424
13469237
13579173
20255338
26986692
28833356
1162743
25576382
28559286
10578167
12182133
2072594
6448052
23026632
26021176
29784070
2326379
29449955
9578072
4506596
3382344
29996342
1045356
24754189
28223304
8590910
11100916
23988470
17233318
17962860
14360981
29489540
11987609
20178522
23131305
15727258
26416584
9152738
21278891
20056333
17493598
20119001
6793489
22493281
5407222
17969652
5630607
1894472
20321227
21050720
14333273
1346090
27159054
8303360
2262009
11650134
4881315
3946118
12763551
26937634
14342875
6322789
4925989
485751
23095580
19139303
28316242
25119239
10376774
3618019
21716254
29368639
23655466
20822609
25863278
23165126
162874
2711058
14084696
5758028
10028517
4515581
12411469
4351615
22865510
23153326
1168706
27149498
29383239
21778624
91558
12239712
4718359
12500883
16028201
1898100
26250590
23316594
3405992
27690658
7285402
27247378
1766612
11682880
8682519
6068869
28286867
29897134
28083370
13535456
11403489
6971580
24271655
19914958
19488740
9621109
24201222
12239205
27562500
26690125
21225268
24787264
28272483
26096146
5126935
9060612
5742612
5964262
11031083
12638539
23062034
24738746
26804849
1949343
10667483
11587525
15064426
28335407
24708898
25742670
17046442
10264790
9843943
19919871
16916421
3018191
9503622
29271927
22267647
3561399
15422662
10288159
5473845
16526394
17952798
4333213
16440553
16966048
17104985
16669439
1095942
9087857
25029362
1119317
29845050
4027527
8377066
5418957
6087936
14797102
14443579
20245739
3217180
23856034
19721834
19874009
25013451
292955
16193382
9392388
19673299
14954043
186194
7289287
4274624
6874510
24927834
2393655
29227175
21071925
22980215
26323435
20212034
3668623
16591412
4210588
13833551
15388251
3729307
5510638
16251795
1877226
14846383
29211665
13853394
2978736
5917385
6378468
11566290
17882022
15767582
11169097
21299833
20333117
14270017
27801694
26480714
2591456
16189514
568654
26140622
21075617
20683966
2979969
5405519
12098964
27558243
17273004
21941081
29655253
11862660
15625956
16319703
28036986
1003123
5211604
29743087
8946640
29255452
20500952
28074587
17245690
29292460
28059543
27363897
17518572
2767374
13748018
16636818
25727586
16648175
25478422
14047315
16358485
27011562
18817287
7033676
18644688
19243922
20323423
24470559
20513125
8269271
7933632
16462755
980452
1443528
5444077
28548593
10350415
19878926
5227568
5006059
4928182
4460243
4603583
12853471
29185529
13341344
28669075
25335473
8460224
24775962
21951386
2748011
10280467
11424065
5548489
15939074
6611507
12287155
24023988
19625824
10219836
18260683
7975437
28448011
2309761
9894593
7761794
26473957
8914434
12622298
2366049
29006819
1326146
11934523
19861062
27561653
21362655
759848
29522200
23637618
4958312
17694970
267834
29121592
22258781
14135227
7543282
3307972
13929987
22965709
27290904
25591272
12003558
12645935
17034536
23786647
15601195
7126581
27126926
25143924
23416603
24557600
7610343
12647916
19964526
25866849
4214924
16647230
7456083
20752500
18416007
8784090
25668676
22823932
27686351
9969093
3585613
6210304
29610528
16594693
9816799
805094
18437176
13740223
3259395
8813313
22995879
19823825
11250987
4208138
23592620
12926413
23202648
20092367
21283452
14875797
11398993
21778516
28145359
381038
19525935
18129695
25676561
8678569
26318510
5740734
24711365
14693638
27353241
15826491
20778323
12185558
26769461
5133411
14817196
2023200
2625751
21494514
2155313
265916
15285047
20179120
6843431
1717658
21409542
5625212
6883673
26528474
6031765
16019947
27747029
1039366
16905481
23418768
9081311
13566864
19359749
24165814
5940991
12895230
11472127
3525062
7149452
10976215
26820355
23439721
15594714
13701480
21577265
28799203
26181211
20867769
23259437
13427065
4947463
1879600
8282588
17433202
10468960
5069437
9000149
17978942
20738846
22520117
9452920
18817468
4297569
20302889
15309024
11948881
4236988
8925408
16639479
23877647
1437835
21539058
29204831
12305483
8457249
11692969
14212581
1756417
28584263
634349
24131319
16790759
6474453
13031351
20133454
6475913
10981075
19089913
20713644
7183490
6022722
28037245
23129163
10065136
7496498
8733221
12481975
29014623
27566793
15445418
8695489
3253003
3366088
25656208
16656988
21167415
420218
17281943
13565139
18310721
27434664
14093130
19620713
26019225
29341390
25703311
24853280
26065343
4355087
23513413
9121087
3419429
8948260
28200808
28478665
662627
21088547
19910417
19544975
23187166
14487406
1777394
17579188
18824794
24003708
16526219
8304422
21021426
15612048
16531695
22116313
14374153
28514559
21242813
23156424
23253987
16077141
8193998
18792093
17898037
9231102
14693940
29507301
20758233
9917734
12123348
7609037
8987503
18470626
28685106
12226325
5464970
20371869
25311910
12167970
16360895
17910476
4488456
12178966
25389758
19226174
28182666
12173959
1336465
24836883
29743748
16183146
27216811
24933885
21686438
16642226
8348310
2795201
28533335
24181480
13305820
29329534
8795409
5428187
3071178
22110254
28653521
14252120
16642575
4488479
19291227
14332077
10623126
25571943
16484067
15988297
28933826
19374406
16980841
4482540
983828
1357201
21523706
22813412
2069069
16881255
22520334
8602039
13862467
12325340
3739119
24771197
6679560
24719893
21599451
29734592
9212850
25585820
17847845
9760210
25799494
2492304
27182488
27358330
18854430
10696409
8284414
19040903
11378621
12683524
23816831
4678214
21337061
12939070
28848632
7705526
14140656
28679532
2619151
2769708
13481182
26092325
1171770
26565104
25582196
13193389
7142968
22043655
10913152
984623
22479325
9819103
7941318
19346400
13269508
24687556
18615051
520047
2577886
3661051
20659991
22448344
5491269
21034872
8094325
14783800
6499865
25156754
6057787
16216838
13056088
26202919
4667823
1003078
7473541
25715856
7989348
27028825
19448665
28995250
4989139
24772977
3429805
14470209
3896443
12018568
23583205
28756961
2124118
11052617
20809145
9891298
26686331
7554292
10850905
21740719
11295988
8984979
11577678
23630224
21397988
9914518
16968790
27772346
201937
26140265
26044792
6294443
22000860
6401700
20847858
16122938
26110281
27735341
2984608
15737160
17850647
13353741
1128101
691726
14915222
22128248
24667258
27534111
787027
26439431
17020284
16992822
10634473
20124795
22996846
6133137
24999371
10941664
29172003
4686551
28012119
10832216
681889
28768107
24364086
23062975
24705196
5841343
21899438
3582059
19182660
24665270
25965363
16268987
6234462
17798050
1950542
5940874
13777912
17483965
19150462
12882015
11735884
18817536
12464885
3547422
5052714
19191613
21240190
24490870
1901563
7133942
3564228
13786686
28610554
26998309
565509
19542050
21250954
15544419
15526600
10329888
8329745
12826797
5791837
3674630
27901095
12690311
9336446
22239824
8572098
11329281
27513419
14751050
23944742
22032533
10623879
3569407
3828477
16718318
14715297
5832659
25688610
301838
6732631
16596772
26877735
13182418
746712
16449933
7400382
6085240
1590861
4458048
24131627
9246637
29880996
675529
27889869
10909993
19584190
19095237
18711990
22876420
24789605
11514240
21776870
29383878
12580653
25247565
10252055
8166654
21835540
25552118
12895105
20038280
29550311
13530776
10135176
1007469
5283331
18028514
27211684
5138789
26101645
23147974
900278
5435029
24637246
3785142
7814187
18616516
7595994
2057095
13286788
27679514
15803771
23342032
27433726
10515593
27009890
11509830
4338432
29328306
12718164
17854754
25345274
17984679
18951448
2789231
15742519
12151540
22728568
17563105
4030986
14296701
6191572
2698728
29213304
27852894
4770401
25825844
21908271
9459291
13232684
26928250
18186667
9458693
16358625
5995063
27755924
11455228
13362609
14071764
18328208
25959420
25208819
2821679
11603412
29526417
23425384
18986255
24923409
6201861
25629120
27658826
6059755
22175942
10748950
15365899
18289572
1272225
10162209
1036171
27948604
4206349
21973990
7891504
11776905
15875545
18967359
7276532
17616250
16979043
12091345
21114042
2103688
6054200
7290282
8086290
17265605
3173082
27174261
11825119
7904175
548436
29318895
8052993
29625071
13060749
22872499
14770109
11972711
24477205
10928880
21626831
19630719
27039037
26017555
9079880
21349171
11972050
6470621
26038244
14870155
3061927
18102074
9455948
23152212
24508778
16079207
19117214
11564829
21452463
26662784
5204889
13743720
6310782
5577349
6223280
14733165
10837005
6184756
7426788
8617339
8714164
21500076
17342270
11747214
1890989
5964549
9831089
19690917
25320332
5430299
27905378
20227336
18878618
19198853
13306340
21885008
26355055
4902199
17667847
22468581
2882717
21520618
5668584
22105511
17518685
910411
27686170
13877150
8471243
10819462
9594840
11598438
13757016
1047154
3838503
7592010
29727321
84711
20711137
16472299
18555226
29585096
24690001
935657
20084659
22774242
29979920
19238655
28405810
11692920
2146010
21012918
29264823
10295035
9970647
17463082
3939699
25498952
10579877
13381983
27032475
29382668
11365929
29264566
8256901
15715619
15451476
7753440
19226097
17148914
24142122
202495
4938425
20252126
13196930
24793047
23635920
14851906
8258247
20231589
16166941
6298983
5907204
12404965
4951027
22083650
7511169
21341588
18212252
15215513
27346489
24085348
16887848
2343950
1217744
9106903
1662203
1645666
10040221
20245310
1175358
2924718
25753623
11373047
1914301
21710621
25979314
23475638
17682665
22875466
20146748
28020227
10166151
20182486
2760799
22049733
15014311
13021796
23562877
10667699
11401761
8961387
14851236
7784555
28309814
27445217
16243549
4905844
6594328
26599244
19488915
24299706
21248047
1915697
15863522
2246187
3501472
29065180
28661455
26654516
18367213
15627989
26388569
24144598
1216544
4535545
24200756
16192865
1189118
16920307
12752243
18748973
8970264
18436632
16519277
10207150
427137
29909823
2724890
29809810
17086937
8755170
28540651
18087133
14012189
13618426
26355648
7307051
14886419
6799471
12608381
25613179
9261137
18296066
9192065
5220164
16478270
14768340
27409325
4555711
11125058
11837759
11506675
2509680
17176783
29039571
23541317
21532094
25359479
6213378
12162275
14794063
7087378
21321479
14261980
20125434
15156456
2606416
4928977
12637089
28109065
11341276
9415597
12504738
6029641
21880114
3899204
25202164
28898849
26603349
25533338
2383935
10497921
557106
28471612
16512473
2699966
2243418
10903448
20427437
14788455
8196297
1962359
15855563
4654592
12054953
11601640
5934216
28529984
2006240
19032571
8870630
21595432
20990814
16163526
3589658
9079502
5759645
25552216
10384048
1944647
28677996
9226073
29605556
26795313
13036883
8174212
25848869
10087092
4236468
20042117
23935080
11232270
11905094
10963677
14841529
23535336
7452428
13224639
7449066
15370277
17931372
13203939
7005392
12537329
17659702
9929014
25276714
24135518
7876894
24750259
13881244
3939765
20150549
12557266
4850502
24855043
9473290
10939828
22874394
27002912
19541541
22661986
2184577
27438542
10094787
5713051
9340572
597150
24568373
3986427
2371444
21170799
23675614
27230603
15947360
28299475
15498750
26499337
21197667
7506785
7487554
16459694
14456525
9313292
18362910
9919070
16223387
16477655
16330998
21108717
17361936
22864492
23251656
14252763
18218199
21132936
19447474
2215276
21268568
6684357
17978344
25697667
22509276
7302594
25427899
19238014
20602890
14115722
19016862
19216800
5327508
20748238
7972007
19106232
272748
10108184
18495724
25656894
20497674
2599481
8166337
11203581
12760980
1088364
18426529
27700438
12123917
10048795
12173862
17575532
12185129
11990660
8061679
14734050
29720436
11093569
2317596
8841030
14758839
10985190
2246572
21727350
7728789
11948346
28628810
18802096
24483612
20000963
20440904
4358411
27351264
28977129
17478198
9750115
2799888
19196202
23849364
12653904
11858853
783368
6974165
14170123
10547568
22896282
26264725
27963774
24754846
11289225
15309220
501782
8280111
2092991
21893555
27726194
7827881
5507661
9570347
5558389
10031573
13111122
5458201
23728634
7103435
22153946
15211192
19878138
9778451
21308413
15822402
25488651
9181043
16943143
18549429
8901911
28244272
14194856
2099738
6328513
3149645
13913957
10914613
1264452
20477007
14988823
8738946
17079650
135553
19428651
17118594
4310387
16375526
8185372
13623597
9754476
25458795
12076213
11723297
17366356
184497
2504310
5135765
13544851
215071
14613578
27629039
9361740
28091142
24552238
4921262
16815441
20039369
1121777
631794
189485
16502701
26227724
24353943
21799782
12348345
14043895
10340089
15219552
19585405
12295405
25252812
4080400
26492737
17230610
15317266
21816067
24283246
13512149
22081095
18076835
12360773
12142986
1572650
9997187
23480847
29247655
3300511
6256455
27066301
7297726
3305111
10838513
25539804
18309666
6601081
14909565
11106976
26194184
7418962
9869634
26109249
67020
4788606
21518058
17660632
28021875
18978098
24283786
18699788
22566253
15234764
11488030
29004225
27439025
15126287
22298353
19545156
3429901
837250
4772134
5029856
13315023
4847559
21439993
26830802
9809581
1739758
26801144
19774962
24086138
3733330
18487266
17779122
15796505
23962570
6559091
17912321
7626971
232077
27200799
12406758
1809569
7123977
27878845
191377
3065947
24953619
11822350
25973664
725433
14101333
12829897
22550865
7875189
14132198
10945903
25652463
17028409
13500377
10748030
537110
17996623
24886850
7739559
10693271
25083769
2953926
18222584
20508584
10522876
8120568
675168
23886750
26527388
14810713
20852239
170532
10130544
21675035
2781809
4936337
13532122
23417458
16499262
19262208
6165755
8981945
28655654
320916
16759729
22955685
27296302
20380474
28433286
16871402
19830894
7626142
8235176
29999863
7210265
13673323
7744280
12036930
28859712
21102816
19521074
21685884
28648342
3043187
19025270
11446871
23663562
4351541
27096665
20169253
26812061
25177046
25045974
28013910
17641857
27285734
13723661
26668607
9278267
11466574
10474418
10783864
29937899
18292607
19362013
25561965
27885811
3808281
29390375
9834728
21730399
2282062
12905397
14661526
15606637
17909934
2903876
18058674
19027661
11779936
6661789
2069344
18238456
15496685
3889430
24305763
24862612
23343074
25608356
694196
27221694
7181821
3030222
15169085
11687756
21827413
2692204
9142554
20731890
1811346
15165988
9328395
12741267
23886676
7568025
1744768
28028220
27840489
18173306
17851767
26117810
21413362
19075650
20930547
18761452
23360065
26881712
16036129
6004237
1687230
7229641
23514891
28241385
2507132
29666899
22259028
21685823
24925663
23536916
17485224
5052779
29305268
1230793
1350800
6872021
971089
19118533
10543257
23729214
19222096
13506783
1861662
25948005
6034943
6805266
25434634
7815520
6580453
6357469
27044843
11456589
227360
20033209
21103904
36606
1830241
27372425
22449461
2175675
12438298
5751974
1029321
15949961
3940218
15763509
26227571
2051352
22232484
13217063
16069272
13652633
9998634
6722700
10422216
25523641
437742
19035062
26861113
20452004
3415686
3054147
4847641
22194439
29849895
6141302
24123555
4731676
21273085
28352650
22762784
19566184
11945756
6566812
24978112
28268494
24129817
23752858
6408834
2403425
5215912
11664438
13898334
8303401
29909613
7715901
1257279
14509697
19491090
15209019
4426029
16912617
6547197
22738840
759405
12370762
19957515
11441588
4534982
7991635
29516330
17007865
24997050
21405644
12737117
8898896
27350908
16813358
26211709
14449809
14610722
22871107
18840004
27613445
18563049
1755160
12127001
17166061
28428109
16784499
11858767
15846129
10954078
11597594
24305708
21079455
29983116
27688808
28441954
3395336
19401182
27450754
1629034
15996888
19676425
9368356
7785983
13009427
21858739
16446431
20398310
1463764
24369762
6685656
8929463
10556950
10819248
14706289
22944420
16950828
1551521
7695376
544988
9607730
15801229
7438074
2238081
11267438
16000451
2562282
29493504
682428
11396551
22834647
15836935
6814865
25872870
13340068
1274140
1923954
7385178
11168383
8507409
19114298
15362301
5971557
14189681
10030992
27064928
8186769
7356292
6828922
29948888
1937349
18137379
25356948
9529738
21307316
2877592
6166598
25550302
2003793
16100368
13218001
3281899
10536338
19579862
16762970
11728468
27768055
7580310
3347395
18481909
17230126
24287983
2502751
19141862
9316444
27082110
22752920
25067051
6227131
2224951
21298663
14432260
19956529
15335469
12602814
15300676
14794487
12288300
21250106
17413140
4392405
28958494
7169728
25033483
2660185
3091110
22385798
762796
27609751
3315996
6648550
23134412
20292783
5613497
26834270
2400016
27898122
18134126
7509230
18497979
14691564
25021225
15585170
4571574
19215859
11358958
4835506
29268258
26658251
22244707
24682582
21706048
394186
17869126
25258420
5072203
7772804
8011540
29451310
9286532
8315072
28412338
21868537
10899839
11020383
20418836
11672778
22690153
29143448
1114788
11675611
25873102
6499993
15023116
1182608
10236117
26687852
11188342
2161337
28955943
26485668
27752863
5925614
2483520
20672945
12052941
11956465
23622438
4910992
17403477
26776064
14652109
18223216
3104134
23417162
4428308
8708446
25726830
20642484
3446247
27404017
29039545
22830049
7963383
27732753
4682410
8768752
17510377
1623516
17214977
25666964
11381683
25438648
522804
8478901
12337356
18198464
29595634
13938678
24960145
6704240
2463047
21331302
9628435
28480730
19397641
234284
1013279
6851239
20967043
20972929
15822494
19581900
6715299
381121
2176085
10123620
28712707
16917408
4127966
13136268
27198937
11269527
5399930
21299757
6187137
24890977
13758368
336727
11379831
18642172
9928773
20570176
1574959
20356946
22824269
7038829
7235672
7170570
14384816
25504861
486938
22066139
5835660
26452418
28855124
11382203
27054383
7450848
29477166
16181913
17234811
5148959
9405689
6120310
8224393
11280547
25779982
16038537
13379827
12686672
19698621
1401429
2700090
29111931
7172777
24027412
13113764
14241695
28341032
12268741
450397
3622896
3932541
5720528
26336351
993832
27125724
21496665
6158675
26526583
5212461
22894770
20016552
8448814
575519
9005641
13665538
14969610
29741676
23674909
24687754
4569292
7421549
6053911
22644163
12961585
8570078
8907754
27997647
6964007
20845441
5511212
20249956
971584
4216794
11250999
26663732
17621289
23273256
25529743
15542193
9940365
6821126
26849743
59291
17906884
1860482
16590779
4209097
9971212
25080332
8491466
45615
29643201
582877
9274426
23073120
576369
8019949
10135432
23104426
16935780
6000720
24091295
20321980
9557420
15623178
29061855
21035307
27812135
10296777
6208924
3606898
9885713
20615036
27593660
21826
29133742
23766578
10350731
225329
15736950
14533771
15242327
2984708
12410779
13660051
18022139
22737077
27974051
9328773
18707460
12639748
2732260
12771742
15611773
28350061
13499154
15220177
2363933
13041482
1076970
21771313
13874512
5805079
6146516
18026944
1192953
24827849
10475228
24483165
20365642
1960414
29522683
11609532
18994219
8410423
15691158
13842824
4591374
11222099
28014154
21893593
17663682
19270565
15100022
20848917
24446511
16849007
7447532
16065350
13614240
12491194
2917182
17405738
29917284
1133389
24188186
8353359
22096116
674852
22934609
16880774
1129772
5555041
17738233
5379580
28319670
8011958
9965609
4929078
13110216
23353142
23443133
793460
24329493
3814908
25773237
16763692
16337751
1864824
221857
11714720
28018543
5067445
5440698
13059594
28973176
13487715
12579817
27017706
11031787
13514872
20978451
20209254
29140297
4673003
7644795
7697827
18041825
15728947
5095745
29069469
5854993
24083501
8435965
18870053
22983342
20193583
12048553
27703338
25275472
16634381
12075270
8906801
24896649
801091
24154887
10767664
28145611
20458878
9065073
6606444
7168235
17733326
1005026
5448656
1029930
613515
19616603
27484148
20981074
4157435
19018200
6344240
777293
5302669
21516295
3163896
6508538
27364760
22714281
6646203
5443682
176092
6381453
17250584
2106825
24876200
18746958
15411566
20634705
5885355
20750292
4571009
21306429
13154529
18526761
4822673
2874282
8956406
8720684
3744614
18922245
26407562
19333860
8355030
2025041
21531899
10549289
17875146
7847729
8960423
22751483
11170028
1113666
20233929
7641768
7367114
280168
4562756
217140
28691619
1306976
17225846
21920350
8259807
18609849
11916676
5510713
14806064
20064030
14059692
19588994
24683400
26159046
5724905
4038278
19582918
457119
20842743
23985400
3795149
15542067
12028777
9480559
6659778
14579616
16832797
21789346
3514017
11368257
29434386
11855013
27044063
19474042
28690057
6494920
26665509
10317027
14818537
10644323
8212954
14262595
26832377
12880604
20821988
26961154
10239498
8205301
25064316
10222753
8647777
11752005
9896692
20895135
2915916
27093916
13268426
13635766
13446798
28939616
15816698
27312718
18393698
15756920
1059590
23001496
21064514
20471631
2423299
28962337
4695636
9429674
129065
4471207
6137228
24254875
7073946
18597933
1479726
14114724
15825144
15343927
2419929
19027657
19394659
16737987
9082328
21642830
5826928
24851217
18900182
12738936
21745952
24994582
26681956
10136232
10775217
12603086
17114215
17755667
20406277
10485011
20177957
25924526
25645666
6610405
26346271
28505604
10727098
23344220
7261694
29816021
3752934
18107883
18866870
22253002
12459222
16739566
12034735
15235659
3203061
23414354
3527590
18676762
17583389
18536166
9639676
7912838
19293738
7946814
22388775
1478946
26367565
8764964
6310219
25691687
28396841
23858800
27314238
7235009
26660742
28202117
16448116
29207133
6011379
29040244
4308937
2839424
11738973
8354922
13559069
15666381
16193220
10143109
3733544
25685589
11805488
18348663
10703089
22296030
9569150
581980
5890031
9226182
9934375
16441886
2978087
6139865
968891
14635725
3541232
20037124
16599571
22276545
7635607
19282378
22219493
18550770
22416788
5024015
3342081
21945564
13977375
11533382
29669441
14212273
28243921
18269774
8005846
24527268
12329515
19455081
8962707
23872230
11426095
14294406
13050012
2632194
21099347
9891076
21550804
12003888
24636403
27160974
19921688
22864511
10795391
9816858
17794813
27952739
25749060
24081965
27405025
8826688
3172404
19384932
10299218
23436425
19349668
3662921
8024936
27460833
5499439
26247231
2898549
16947801
25206679
7675079
23132066
6467481
28835457
239834
1576680
23289545
1334404
20234095
9301765
11862296
5016197
27845856
26510789
29649990
4308179
16204309
29100672
16310884
27461517
13918614
19933021
16294751
23007901
27294947
3028709
21028797
15004686
18608594
18635866
5410706
5927326
22535921
28869169
12622997
28711124
3744997
596393
2299184
22793411
10237372
12277959
4985069
8165774
13151442
27881182
15355316
10680204
2342956
18530712
15725878
4014835
3893331
12074427
18912918
25191060
12383319
8349514
6632595
4098343
91678
29831045
24700427
12503738
9711474
1013973
7236043
20613092
21670788
21445781
10662449
11429251
21620750
11498701
8290573
19138464
2254207
240362
13503986
9962703
4627354
20487192
14757313
5817852
12744494
20721142
21767491
25229072
24688869
19343409
2665466
1581837
15790200
23568061
10182761
4949107
26982432
9046246
27741989
1496694
19587960
23820601
7191510
10157329
18305382
16460429
2321053
18441540
25353421
3960520
18876807
13610017
5172443
2834361
18819043
21389807
894155
9799470
24243591
13563468
5719856
9990523
29476984
17580568
9588731
12480650
14037726
11479518
741345
18517831
25735952
4867320
17659665
26246060
26207762
13654401
9121761
22046570
13825292
25628790
4348738
25446367
4213710
24348170
27600192
2819862
476715
21084416
6288056
18030955
1683248
27560388
3059104
24980466
3800150
17967681
15413436
12515616
883348
5880811
25848625
13911686
21485338
28340532
23528794
16797682
4630869
25458448
8429474
28844147
23444677
17140213
10611485
13393023
475333
20487430
14872503
15341754
203923
11213925
16173276
24013635
18530751
29364578
9102595
27542945
6492701
15717941
15848546
28050599
12462840
11269222
22924950
3798574
18002027
9816005
25488483
21452848
16087949
5590120
3189957
2571851
27072078
7860847
2246059
3378072
7188235
10025347
29378741
14677512
24165620
14962399
867187
16213186
16518683
28510841
9665821
2395277
1947334
26665770
22087624
21313812
12849211
7268505
11751541
10724798
4827926
20581275
27499033
14406691
10778637
13719398
22857755
17977551
15014796
11776456
28746949
13745730
1936147
10057640
26242657
16118628
26111711
1230548
12534851
26925949
15146935
6499655
27529338
25676777
25480246
15957463
16962751
24981791
23145974
26144092
17539896
14781397
12901923
18303258
24136823
17124438
27930182
3136719
16641987
18657379
5766609
23745567
16407359
10833578
27842621
25493919
29575915
25503388
26992556
16456115
12808659
304643
8374597
16027614
12193471
17395219
4333913
18895638
19516426
22966290
4747627
21864951
2513828
24979743
27206857
3951470
26526162
19906236
9131567
10253352
22163469
2102717
9648422
12350755
16196899
29747027
23015140
27874863
23020237
23776596
5160656
15255298
2473739
5194429
27983048
10465310
29694365
28292975
29422259
21001404
21691476
29223157
14881937
2976102
4834480
20355548
21786871
24840782
15726400
12164013
29772677
3050566
594230
25269725
19107381
16328300
16244221
25508543
19095037
24774760
26050971
8042517
20022894
13253822
12403321
15901786
6333443
29240780
21492686
5560987
12536332
11110760
3965006
28631048
2993341
18859293
672226
22341870
11387756
29840182
18826214
6151484
27891024
20846880
9932805
18417293
5021344
925959
19732587
21749112
14269484
13934109
4544623
429522
13278806
16583979
96387
981596
17025016
10140884
25866507
19438332
20862960
7183886
25511285
16035942
6118173
10936347
70245
23203351
4560361
7867864
1627964
18966296
27744017
27037490
7792220
21851203
5753489
18553321
7252734
25313382
6141467
11369285
16891498
9557012
19554039
2622742
21929309
6691828
17236284
13963998
14027521
3106813
6768995
26084163
20037502
1726077
23572507
4097896
12971164
12458605
16485817
24210395
29825644
5485280
15960577
4557105
8472639
5506377
11395144
7553168
5746647
18049154
14509333
7851360
1277936
11294885
22642779
10515770
26440971
27794433
25982522
20089578
16808501
7585412
27537347
15874827
10190706
28943036
16813029
20726312
20386217
2125058
17918015
24000872
14919534
16207626
23758316
14324472
20511846
3008827
9520128
11205194
5799344
2156109
3408653
25563746
9478627
14463089
10126599
14799076
29016302
9692911
29736079
6463715
11864925
15707951
12572178
720693
4745644
25312488
18620262
11173172
26407861
4677983
6635488
27235211
8551705
29019135
14683913
26596689
22527254
8001304
28920848
11992929
28687631
21170252
17979378
11655917
21015090
5432595
544570
13197141
16027206
721201
4570361
28248167
21715173
1456315
28784988
14984215
2594308
15640043
11443451
21526482
13614637
12777573
17078553
10248165
6085948
14387035
521217
18417833
11444247
26433758
4094633
3501244
3073892
8316358
4789447
8552854
18198595
13378573
28856371
21440025
20316764
4404779
14459226
23291493
6423871
24047216
16173704
3480961
20380205
7508591
23670658
4515545
27760915
18829102
28715449
4867143
7172625
27540491
19169699
8722420
4393107
10652541
24706977
8208326
3276173
238088
17322600
2348570
24691283
14710447
22800149
12173505
8714795
5016776
20795169
3518385
16720577
23243876
18346704
9767510
18239712
4438695
21405135
5326527
24621649
4902167
23129477
28063063
7396352
18314816
1649447
2883551
26711518
13733746
21890230
524036
42814
19060390
14110873
18539783
12730883
17590298
29649334
10981262
14403589
8080238
7049413
15456358
17523822
4784447
19603959
20385211
28443482
8226178
7537441
16651372
18185012
18403350
25760971
16194792
25383492
13980744
3170902
19923862
22196222
4358258
6969108
4260627
24686413
8586231
21021192
15081681
5738383
8070584
4022861
29700124
27594078
9231249
8019987
14070479
26751472
3784994
3170525
1151328
6691531
15030880
19702331
1315082
20808612
19987015
19755196
28833104
6093045
18894550
3467766
7829144
15424225
21963132
2799777
1671194
15295307
25456635
25909110
19306657
13743547
4652756
8221779
14185288
19801992
22301225
3046725
5644876
10599095
261730
23243229
443179
7873215
2595696
23529760
22585997
11419984
14393138
19396689
16204750
20929313
11300507
4997047
8171241
83455
4894254
9706165
11123426
17853648
18833816
7413920
20364164
13247133
10917135
25259388
10532964
5081916
28761406
13278417
5196632
15387875
1185290
3457410
28052402
20732960
18897287
5535966
7136727
6795564
18813492
5784853
14117099
23054247
4836314
3664033
10950215
9101570
2498817
23513023
8953803
3944605
21766963
11725952
15744685
17820123
28508656
8171115
13320916
25052718
17533385
17134298
19746557
26969191
311542
104453
27575371
1196895
17951089
29341966
2046131
28096621
15952738
23553382
7852903
19703627
23052227
17985390
7700921
25179836
3333721
1026303
27971438
29531100
27304012
12087616
19917623
17425157
15296338
9347553
8407877
28761765
28797939
11915278
21329960
4674667
10408665
13569055
13155906
18176964
8380234
6374402
22377131
23893299
3215549
6251511
735551
13670768
1693252
16692997
8739826
12185214
27667418
13721818
27559789
18728155
4941741
6075418
21825269
17723952
5283491
5056659
18200677
8112340
29825667
24424180
19048796
29076455
28765467
11223368
1470730
117767
27513283
416538
23553127
5166590
14802981
24006646
3758652
3378415
27558113
23173645
3410856
4788729
25669000
3405835
14139935
3481799
3174597
19739938
17413206
9199291
14694284
22605331
17890850
23013078
3706709
23499401
11032637
3803002
19529908
28612475
16213050
26837818
15847643
18842293
28555192
26797037
3476014
26124817
28008277
28054812
21464590
25459323
22987421
10587550
29798480
8666722
19588237
16110920
13851413
18599292
18489293
12250788
4940373
20909808
19678750
4225281
27498532
27632188
12724766
15997344
1123458
4592351
29988591
19027525
29371076
9730347
11535589
6767561
19095166
18351623
11573662
11503377
24250605
20844051
8828359
3865129
5154630
14135280
8008197
13181409
27831733
959225
20210639
159711
22266042
9109795
14734092
18183756
5438269
11524173
26767242
17877102
8809169
17729148
27298490
27690525
18176802
5551021
4406083
12655175
17609068
29622787
29115198
3672517
15138032
28719725
1757782
19629217
7941796
11488855
1053697
22613011
9967687
1677742
7160404
13945174
2971673
13996360
10651365
8726098
15502576
12955927
8927640
19385500
28143432
26581384
21908291
19475509
8473320
14807738
10893933
7591571
26034969
25046523
13346106
20917387
9005501
13525396
17525308
21839486
3130197
2308655
3028339
24776385
26592243
5425476
6832245
17117591
18991841
12114045
21834545
16685443
18597756
21537810
26416846
27718011
27118398
19363858
5594506
6290245
4348790
98983
12106430
23732796
25275507
2823997
24016120
28824785
16545216
8434373
3177378
24699382
4288843
10583162
28189242
25012295
22213494
6903085
10124678
19671472
22369015
8497873
6504016
25669376
4712537
24482928
5370075
16118778
9827317
6877701
4804790
26468710
1645462
28386176
7402679
11329156
18080083
11782370
22196750
2870262
21582524
13800368
19572422
2647759
12395654
1745424
17457932
3290438
25824707
7584257
13860153
6754182
17409445
23001219
29444862
10310487
28613854
18945673
5043133
20669896
9383664
18337964
3358334
25346684
12375993
1752397
18232262
15702025
13072905
26520677
819747
8008566
12816999
10137574
18561291
15831963
1124097
5920653
17951537
916027
14599586
16812147
28237295
21078174
19562390
1146831
6480292
13423732
21766460
8943123
26870378
17332596
18926434
26946505
678504
17450992
23051225
28185099
7392928
16781463
11692664
3266476
18341615
4219360
19138715
27345598
24603895
723506
22740632
29909497
11578280
21273354
6318192
16045943
29989242
8628917
25882528
20321433
617197
13769494
14351989
15271790
25947335
13469647
637456
22705359
27362411
24354061
25316739
26235658
463809
7915294
1911273
5508564
10888098
25666045
24382426
12428402
7776972
17112078
16462805
7350020
24616204
23741429
10231476
9777923
15617609
6712635
6539702
19627434
20247271
22823158
15477376
7020187
2904754
22491494
6575256
69456
19253
16605503
6794319
26917681
327462
10389907
10627700
3883581
23828628
22813584
8783942
10686011
892305
22483655
269616
11658000
2248333
26502641
18166946
16134103
16125350
12436733
15367058
23712776
6416984
25308682
25877179
8079302
9740056
10605868
20311077
28616979
4195249
20522120
24008380
1356312
29856465
178389
7997148
10916838
23196960
3616218
17348722
6170591
27201000
7071186
22666134
22738294
23881650
19935523
3314138
25489382
15511159
3904329
14643445
22288025
8538432
26218912
16770333
18394827
6241674
251156
15470365
15915369
25566347
4574726
27894309
21042134
27018701
25715424
26437680
4022562
608306
18448757
21367982
27533710
7049876
29027530
3991828
27547370
19336783
18104959
23742254
4722873
26163516
12946363
16601476
18312244
4181960
15745396
4955743
12814371
24522290
21148297
43050
1814750
20599326
24806519
6248241
14340820
26515737
7806002
15282521
21311040
29884897
19534014
8645248
12052848
18114907
2550887
27381168
7062920
11456395
29094203
9707804
17181798
21693558
5138148
7283197
26738239
11206227
27951315
2609321
26249790
12988948
17702752
21502516
7451111
12945987
13999675
18677171
12204321
23916583
28390151
23878575
26078955
4905607
19523591
26755324
9048050
7039117
7733525
10926363
14871435
19456697
3395309
26699946
15888800
12258615
6610258
5810343
1094983
17511849
19926502
14650857
19321983
29336371
21049479
19482860
26924564
27300218
13551832
10149741
19480137
6710352
15646438
4804021
26037208
17444887
4114105
24048346
1166027
12666490
14258278
3085459
25463027
27901245
25187282
15841237
21966236
22065362
27111955
6821200
17934945
9373870
2544987
26616677
839128
18591615
14825067
24398090
26689166
16426275
23700799
7817966
17343569
4080761
711646
23745397
20526083
10859679
6681149
1751848
10863942
19203683
9229431
4143191
3898664
24870466
24592498
28476246
8010428
6046726
11684738
7116959
9940925
6582442
18904526
10132564
29329302
19994218
9519897
5858411
19668551
8461700
20425566
12047703
10326669
23608215
7615813
29081658
11035848
900910
21999200
20460544
8198561
13664535
16361973
23882611
2701291
9372721
22842739
19048582
13080096
7704321
3095043
23113939
22842820
24437727
6230018
29233003
2072040
13236509
2184716
23229274
9833589
13800844
8377405
17423075
10536239
6111766
2549832
13992075
15379466
24403057
27328137
2597578
3479661
11468715
11160337
22281960
8644371
20314869
3075805
26863546
21591447
11311844
18802831
17804771
25711817
11867582
12303949
26270251
16389202
14257039
7343204
1293339
22553117
92651
22952310
2717829
19206973
15616942
22204704
374110
23339155
7958773
10200601
18326395
20535404
5239138
6957191
29838377
5783632
10176946
28468918
6084330
11898080
3692961
25797295
6499136
27300793
16184893
24495878
26149205
26548047
14247156
242282
5257847
2562765
26861178
20030561
27128069
28767056
11082591
28699062
16216031
23235676
9045338
16138080
16118182
28177804
14647600
29103937
25806797
3171744
11287957
12588995
23700004
15492507
12509377
21399405
7125523
26640156
24202374
11852955
1447963
10176897
8079800
12730688
4472703
11727501
17152589
29835919
29135598
25686204
21009256
12431854
27415976
7924272
13225147
27724146
20892725
8911217
5463935
3600814
6207285
29172138
11881132
23644969
20584729
11730691
24563363
24178796
19983646
24895793
28641403
8374650
17445955
25998157
22263323
29336689
18445887
19530503
14410929
27335793
7437586
10873926
22808169
16474554
1408115
25453888
23596181
18909864
25819137
24639181
28696092
1992287
661486
27734149
16979796
21299888
11142597
6440104
26225215
20579583
16611608
26462289
6204970
25143546
18114621
5268014
3572007
20819563
14311728
3922256
17238970
19704379
27051362
6702577
17327853
25710083
10299838
1804101
4865729
23997335
20701834
24519911
27144619
28972828
15185480
18751062
15974625
8260549
18153994
3049133
16748037
10358911
16409685
12974317
23533400
19356169
10426025
21597225
27830567
26148400
11645354
11792592
19379333
12888715
4196431
13781473
26814170
16886161
27219748
9415088
11713608
7600019
11175031
18511924
941915
6829290
7883921
22767495
7966526
23755444
13609317
29854816
5399607
28947970
21275062
18372222
724544
3937300
3231960
28120241
23411731
14546942
5164327
5758797
3884284
26052636
22743023
1537890
23728056
16831131
11773441
21559744
18041591
10045774
14710299
5268149
18970493
28625344
26726270
20935222
8717003
14373515
18338577
480837
25744394
17080056
26163499
8837645
11934028
26761847
8538741
22626113
22156386
18925570
11706866
7198302
5596032
15846564
10342246
19243797
19239406
15540135
18959954
27865765
6980743
5179102
16041859
6695854
6424757
27528369
8708765
14250102
26213488
25311388
17176621
22004799
6575451
21949445
29810809
16029024
27555261
21256127
3799505
3234890
28961702
9158978
15958847
17655895
23792909
2527061
28116873
29465620
6661372
22755368
15878488
23241316
23780692
16737914
21288378
4282072
12226493
14322420
4832978
21835786
7784837
28891525
17794861
8086349
10391662
26346092
26641052
10006510
22351173
19031552
25525384
11005481
8592004
24148915
20064694
13090128
4409213
27703013
13618925
2837420
8262123
20817101
10306932
13334783
27774369
13299016
20070088
23576368
11861387
7494890
29329391
8352455
21718543
28794321
4188442
7057998
15919841
25310137
7147357
16582322
11633161
12194184
20576197
4589396
26653141
29754835
15139773
6849233
21983189
9429643
6880264
14130672
25516231
3257999
18705205
18487139
9669222
17557997
20142942
1667712
25675717
15932537
22751419
21471672
29113806
10532737
12575910
19282002
25336473
12927516
9242004
26211801
24655315
8880760
25820033
5581341
3416672
18293646
29975974
5370960
26033817
11600064
72265
29947755
22750293
7525336
23856659
18495739
13337529
27101582
24975513
17649979
10842120
29697329
22705984
942563
3823344
19287048
11146591
19925809
1759684
23067648
5680358
12232449
9604939
29489693
27124334
24213973
17416267
3975243
12410212
14993801
14703068
1470350
4383024
26092721
18845505
17179203
14311040
26716301
19290001
27452307
20637888
4958549
2351303
28774666
27491045
26801329
6837343
9792807
567275
336991
23430103
8373522
20923250
12640421
27796884
25178651
22809742
23081387
8118694
15437582
29345446
22330425
4343472
22622522
22716612
27490531
28382442
3682723
17800633
28853657
29106762
6551991
20698776
23278571
12374518
28621595
7426477
11078628
10879112
23744946
17659226
16273760
29591829
15615756
20771783
19877728
6243306
5424634
7085862
6415739
27515812
26849909
14641595
169394
27698850
29207012
14579066
8564854
20240599
3751675
16501489
18611370
1317387
27620047
7476604
14342807
3868512
9393863
3204618
15400226
16502066
13018560
932986
586361
18927846
4980773
10248228
28911185
27490300
9139313
10796660
1267465
1121522
28129160
29655212
27498167
12529336
23577821
381380
5773482
22605913
13331441
22636633
11623296
18125187
6314258
6984391
24850149
19654703
13549640
10331713
7977329
7671695
26143777
3052119
668012
21892468
29099970
12626814
25651315
16870153
3300921
12444879
99580
12791424
603177
26786066
28070013
22102603
27175044
27963874
20336419
8106076
9834901
21055566
27164477
14656972
24194706
29498716
10206507
26329761
6266744
24123604
2251728
22723953
18504367
21143030
3023178
5118920
8864690
3316384
18921402
14354849
21957190
25743406
6567245
18979284
1913538
15374197
17176665
10234498
7587969
28819120
26036808
22320940
10206063
16693433
16790652
15328866
29497184
26141708
15629693
1440614
22082993
113683
21794142
17908833
20683281
17722158
3718680
29313608
26700299
8579788
25025163
10831553
29738478
22756697
12151015
7961675
7504250
21236020
20435674
23679640
21809258
28837532
2546210
29283400
22003634
22715924
10689109
18888948
15973771
7797181
17519665
28453410
790516
14977514
29585975
8806262
308469
27351188
18980636
9278100
20030114
8068455
24960017
26589700
22877586
6218786
9438150
7994428
15869618
26975144
25325562
4090962
11912407
20987897
20068672
1491670
11548602
4914229
1342084
2925445
16524930
29274811
10603010
10472394
29581570
8166409
12722109
5388617
23711030
22955004
7843716
209821
16407904
25138712
19533169
10493678
24645954
24102418
24029597
796724
29449479
5719427
16215751
22323476
15456331
739098
2121223
21848244
13672008
24455754
24111987
16777563
23291095
1413797
29366676
19370340
1217733
11314771
8035834
9761436
12383497
24801628
60102
1765032
23751061
17490367
23996837
26504487
14955099
86593
7065874
21536910
12146375
28112703
22872656
26754929
16417525
3212757
15813820
22949572
483518
11570264
13816375
10580829
13404640
18539577
3072656
8689011
20683882
5640003
12712526
12817652
1510818
16444745
26541294
18331326
19713035
14846649
24131347
531201
14501709
7491988
8983616
15415193
1214218
14636867
27893995
15864736
13964767
8119012
17793106
23351228
1657262
25982339
23393143
19119710
8638271
15135120
25350366
10684580
9527364
10314694
27328281
16022738
6304697
17255303
26136576
23932067
23229120
7414376
11957520
23952381
12874877
22845246
24264271
10714494
13346458
24076629
23196049
16233101
23516010
16545694
22957712
29358640
22909565
9241914
22729779
22682172
24625729
12339511
14659862
5755819
18963533
22913514
29530548
23510736
19068822
24903653
19797904
21087708
17380020
27083256
7998261
26062524
21649611
28163963
27660049
18662283
20260648
16780645
28601246
1438738
12238087
25785168
1973854
5501952
25364105
3943459
16698217
5477095
5747393
10965466
19652377
21939061
28235797
14509469
11693994
21652095
24449216
26001444
10549867
9277904
12887435
65305
23552369
10988398
9835666
20330836
7428503
14335198
28038472
24069743
11289405
21552122
8268195
12458935
7329120
4100784
17024272
20988025
7180741
27162663
20881447
7859923
24888476
4064370
87373
17048957
16334718
9751108
22747501
28033662
8025391
8355152
2256176
9743742
29649989
7802495
4162834
29232290
24573979
17698289
11998782
17935014
8236
14461217
230341
17625776
14940727
3439485
29314519
16102026
29517494
7342772
11421234
18867622
27516427
15149525
9391883
16972233
14650715
24128241
18945130
29528168
17077879
25778598
17606414
8865581
20363101
29220603
19615287
22939232
10775778
12779492
7356196
10412810
16874472
3287241
9757784
20221064
10933054
28725475
2704765
6758318
7253612
21366773
29964706
7238906
11297019
13976354
20889564
3441695
9890486
25519190
5114103
310791
8388429
3680425
5895087
14538955
2205011
26538971
6990936
26373355
15130198
18968651
9008019
17836419
381086
19683247
20720545
15602516
29382449
19837893
27388006
7297217
5734293
14724008
16454360
5728512
29136509
17321694
1960616
6518403
20442843
25276674
3168493
26072883
27851275
24756069
8888283
13949546
734176
9289850
2239477
9249119
23468931
19581264
6419176
13166368
19922279
1467193
16698841
26972974
2273803
10876500
16379626
1585533
4550836
15659224
18194970
25428770
15099712
18283029
5122610
15011067
3012480
7013658
15486467
3403378
29804956
2329140
10282850
19084987
21986213
20029028
9022646
17272094
28055335
22842494
2829014
1224328
26973059
6765899
14421306
11544327
9768762
589048
22988357
2479196
27319515
9350530
19003842
17671998
22030617
7111863
27114537
21296203
13982016
25601371
25334543
2036117
22550973
22296358
22680467
4267611
11388555
131503
13548127
26974595
1540208
25059355
14493490
9647658
23563121
21492488
22455806
11986958
15450951
8732312
10542113
25601711
5609168
21569460
29947466
18173106
26459820
16397087
8953743
22763796
23391412
6685260
21076225
18720626
11114838
27868801
23133261
10083105
4614633
4138775
21400737
21625426
15625813
1570167
22629047
4541967
23819197
19053065
6502694
3921241
1298377
12581609
1450682
17594195
25964695
28934965
28357622
27748329
20005091
29311686
5889287
5676918
23171607
4643091
24723731
16666874
21926650
24942014
27373070
11310203
6325560
16219050
6625704
18023313
15138040
7121654
1773951
22628207
24815935
19856524
29122203
1031817
12282839
4391160
13851520
10433093
18154293
27624227
15003191
14967440
6027272
22767704
1157811
29812558
25650880
28998180
23018618
5765596
25908594
13997175
28202018
3402129
8203655
23396972
9464743
19587277
21424767
3987488
24751351
8710244
58589
24047448
14963939
18131975
26989659
17047657
10310590
10791667
5008925
5393138
17455710
17951329
12544558
5494657
1388870
16175626
15098245
4474626
29349518
16143939
29795996
9728414
23018233
25254897
15878743
6545409
21279284
12455639
25079319
1977913
23943042
21234522
17636333
9078198
14118893
27089358
9052569
18911874
15891867
12857127
9855492
15147586
25544420
2023537
14249306
11642469
21210371
9860183
27882152
13020698
14340312
12835845
24604826
19852470
8156223
9021195
27066921
14673097
10767105
23057280
25733342
4741633
18592223
28055012
17236853
27074455
13478137
28768031
15222833
22302770
25630038
11197765
15111259
24492794
29710506
12449524
24096760
13812423
17198282
21545068
13139156
14084512
19455029
3869636
14428935
1358678
7428049
7650252
978952
27927885
26770412
9982600
9008879
28823724
19906050
23101212
454142
17568613
23744333
1459516
19686825
26691904
2128649
3860421
824857
10845162
3439880
14353330
4869213
8395806
26182921
2973926
10383643
228984
13361664
17219729
6398523
12868146
952161
18026230
26024815
21657791
24946662
13334173
6895768
582122
14063065
16838482
28180779
14814247
6942043
15536066
14443234
19023489
7220323
3430611
25353880
2449949
2547876
21821904
19255596
7819959
8315580
28596346
8072861
3553444
22020818
20965907
10770314
26442210
959193
17172427
23408608
3203354
27546382
5935537
9231613
24536339
12704969
14789675
28992161
15307159
27176781
18182578
23938662
3791284
16084627
8140170
24421441
18270973
27376404
25301497
22987693
21600708
16008877
28688477
21551792
3408041
24057042
7251184
20383666
20122456
4179262
21466130
19446662
23803131
2824229
27708550
17491319
4475265
18060065
22944661
3037249
29569893
26668961
22440240
21921979
17959114
20438431
2884431
2824064
13745573
4052309
17315979
5191446
12792804
24519855
24356304
13058941
6166850
6682415
8691777
6962730
22998495
5719419
15418004
6397757
26993050
5587260
16824213
29037052
6841151
141220
7855913
26168069
28025617
1492584
11533309
11426136
24362619
27502281
27074993
8910257
12465371
14142842
14173681
3038489
17267929
2552195
18989365
8402272
9706319
20664662
23438936
23861928
23669592
12223834
3097796
2252942
10199809
483875
17105409
12457398
5406226
11510875
13532689
5948196
18302492
25651128
17063789
1493334
14325165
12428648
18722489
10200973
7984336
27419082
11304229
2452735
1062002
12666040
19093003
7566230
19466606
677270
14328107
29489012
7465792
13591020
24514597
19611106
28982179
10104731
9904772
6932026
26883993
13126851
4953554
1346248
9022832
18035739
26967996
7859932
1949563
4295824
24816772
19072603
4578338
27958529
18869057
20952349
8233867
12243275
4087644
1115964
16391987
25960746
12051108
3664994
5864623
22630400
3049625
770510
3391846
23057835
6165774
15508702
6780949
9620362
2218018
12033105
195810
23239308
11957814
24525653
9778479
27056510
7776751
2070924
3396542
16067621
3153105
12523824
21729939
27927804
28031398
23733371
11404615
23929338
15659179
17638804
12960926
5759311
8508545
8652346
25127990
22594146
9356501
28807556
15647687
15723505
12239560
21802364
10827954
1806369
13766798
19685904
5301124
16204371
6237597
23127191
18545312
28893945
8992613
13247021
14545828
23268984
24292190
13551597
7105742
2289775
3457200
27553513
18716638
18440272
5120086
5361785
27948878
7457946
23157374
16874559
21533128
14880145
20920408
5967739
25942317
10564435
22580143
12233147
25731665
802267
11619188
24122714
5208813
28431305
4933259
8859785
26919268
3409703
4430878
9149230
16982910
15916796
14511918
14109220
29722071
15431872
18109449
2780809
15363681
18168203
1340526
16915893
5016489
13579638
13920564
26484077
14329428
14861968
6380433
341760
2380066
9796899
14617428
10022352
8132026
10058158
3541159
18551075
419838
3701904
12098911
20020795
14969398
19045926
3057568
4210408
8976927
28887520
21305947
17603158
18249962
27402750
299708
26865172
800529
13841082
4051457
3416995
2919378
9612960
15779476
6321855
12959233
26236424
5037210
19731587
6975202
10035701
22300419
19482339
26484963
26934815
23684784
5706933
13584852
1642383
21414058
2488794
3019288
21350483
7727314
21576721
2103607
12334680
19851914
29879546
9332621
11612392
14388502
22638372
15834388
3184726
10100852
8557357
20334279
22998077
28461403
23980735
4023441
27020271
22427479
1890606
1032738
13071152
6906690
21997741
15804382
20709871
16291940
10578684
3962386
12441682
5993861
22365343
9748398
28503296
2539003
29964788
8266726
7330077
12449415
14583335
1995070
11404081
22705682
13607351
17562641
3801366
28246474
28144624
10728049
27853273
20183983
10888661
8923117
14337067
20488948
1556123
27022309
9275848
21802479
28810082
1615008
19966736
5934044
16207270
15441196
15287074
25952705
10674427
14480450
15804826
8169239
2138297
4240255
2823939
8101999
22427433
1508509
24226775
29740443
1034531
13871168
14048820
2506642
9139183
1650490
14500377
29340316
24344921
16977052
29637736
25091227
13773145
2184105
20276587
28376855
29737223
5709791
28868296
19775884
12438161
12248063
25503479
29531639
22800323
10834828
10300321
19606443
21686233
15783415
19727461
8251042
3377571
5108121
9534075
6353200
7550201
15280756
27343721
10378999
6474380
23065485
20779319
29259473
12433030
24631667
25474038
21878557
4521286
18808983
18727057
18247013
3940547
12458355
6128669
5287157
31091
882458
12251089
20403216
20969719
10166247
4351564
20174123
13902877
24444084
728776
26565559
21562062
29679791
28946961
13581852
22806412
17498338
26505061
28631661
28759445
4051795
21070290
8638829
20903914
27414947
9348021
14719548
4659726
453388
19079056
28341389
15924178
9272899
2189172
15517983
27395870
17880396
17442237
20683867
27984696
7939546
7992423
24468788
25473127
22554024
29027518
14987997
20203823
26440113
7203272
22561213
11843378
23102378
18905562
15265644
27326896
4252747
12102675
23414904
1163885
9214286
14851000
28819483
8724099
6752324
16153413
21979143
3734870
7988172
26430826
25895954
11805206
15651991
4856153
3619160
27131617
23828752
28659374
729966
9304715
21587703
6397809
568003
15492548
14461882
9529146
877571
4927593
25098702
19077404
3915090
15498270
3298237
15764138
11495723
23621868
18142117
17925583
16350771
26035393
15753477
18107812
25306900
11500442
2400888
25580968
4907488
6731814
28424026
18547714
21391468
28860388
11392276
24461874
25100513
7478769
9751666
7221296
4998825
12517373
8804153
16335379
9646237
2481340
12010243
12594908
24660536
21986774
13031898
1271871
4448310
23285306
17793267
6924397
22609880
8639306
15479160
20304752
27137184
12411539
27362885
6691687
25320599
2626774
17950399
24792400
20953757
1577362
21553963
24103980
24432469
3610218
11728970
7630441
19517329
25868286
29094639
26790386
21434484
3075472
12144862
11619419
2381023
4258825
22755222
5533401
27822899
3747763
7864922
25338228
1386916
12193387
5542377
15536544
21972846
28658172
19972128
21692449
28813764
4889774
28776976
2314325
27549602
18101243
7366430
11176052
18273666
21446006
21593707
12520122
1315829
29109672
20770313
4293359
472093
22241208
10684681
1450477
20948290
23931585
12665797
5440954
24018635
3992626
29959992
26287268
165058
5481919
13138141
18081531
23283303
15306745
8016695
10510003
18735325
25849718
4799342
20298225
28157577
18017605
15198981
15325219
4170189
15005219
2664710
12783275
8064252
23685383
1257116
925321
29837060
7447623
18166205
19042891
21759566
3782484
13779915
11423855
23026660
25718011
3731854
15057604
28901776
29414916
20736586
16124522
4788309
950104
26079215
27761584
23382892
27883669
17222860
4334061
16151723
25700108
19129015
999114
25299306
21991590
18994852
26399381
26448925
12651462
28401449
17481314
7288858
15188941
15221870
12408089
15110178
16659631
23561498
3920336
18340840
27230934
12152800
18839778
9202104
29966663
24167275
11746525
19815465
15679829
4373681
17951647
2308722
17803128
1428530
26626659
19941033
3047167
15158373
19182272
7888597
890253
23607906
28564614
23119452
19166784
2810059
20457965
6927510
25555118
17684998
6276131
22238855
20448073
17526302
23734196
11604507
15278888
13535487
25254906
4427558
1048214
18342262
12188089
16404339
23416121
12302047
2987383
20471795
24446565
17037276
29562052
9308300
14746131
15982017
16936803
20747761
23063594
8496371
18735535
6695001
15235547
19081427
1055052
1519780
8926657
1021976
5500320
74211
16190096
21507622
20142149
9814095
27578632
10323641
15926980
12900952
19992513
1197248
4632577
10423180
18604135
15243677
23868266
3097103
13037995
23710461
12378091
17075475
22732938
29679720
19151768
11129177
9747866
11987565
29069211
1237330
7128901
12563379
7124869
5978656
13168969
29218299
23807243
22944109
1346491
10845581
4090116
12311513
9777121
1000443
22838411
21685848
3479699
6718975
16519743
6183005
28401537
17120616
9679509
20446350
27536171
6019275
29045397
18220185
3401745
13534551
20573498
24365397
6088275
3381029
4451028
2953237
20331446
17024699
2220881
14500117
3562539
24020751
9889558
1964178
16070947
3813025
7254094
1655121
16401722
13273155
13019791
16511421
14787187
6592053
15381747
20270708
22046393
4136423
26815767
26968337
7158371
13524973
28619801
16233665
6150259
1808474
24055706
901205
5459802
15873918
6064757
6895359
3899729
11102681
15922249
3055194
26546597
12876690
17489898
12107338
22713822
16568288
3755755
29295598
28288418
17043937
14705222
1907957
20264298
26795672
6126801
29571384
8229972
21770590
20707583
320509
16159773
957286
11333505
19888375
28539130
9033131
22006215
2719430
17865921
1533797
19946444
25871157
17314953
17809134
802455
9276227
27685946
16018198
23278025
18744284
24461630
16031110
12342284
6366529
23590908
14433311
9009850
12295485
23537220
15672579
18156554
11976289
9266585
22888476
18333460
15499920
9285727
20972552
12057036
25561168
14612070
23509184
29028580
26225965
8971011
14863159
4823897
15946357
27050735
3975885
14353421
28078182
23823664
239469
21744783
24659597
1036526
9069840
5265316
7398924
23602229
13574457
1370984
12823160
20748788
13856704
3031862
2519415
9309915
2728172
6562298
18305763
8812543
1646775
15286549
25455089
11505067
9249584
16293874
869409
10337625
27662860
26465278
4823860
15050629
18491270
23055628
20006099
11500767
24411332
5213421
4454890
4709810
6423886
3024171
27153880
17311502
3371456
16499756
29125452
19358116
9089453
21477599
22400737
27431236
27376018
29897111
927812
12287470
6189422
18055600
28562160
4803492
9275842
28265297
5758327
1939762
11058218
27299901
24140003
23895521
15100235
13349188
26335966
8035425
6691291
20378863
5985543
2201017
21646216
5676990
8209076
19626732
12574511
14928582
5833369
21158661
23802426
12201856
1407190
28637560
22257541
6052655
20435198
13652207
26970959
27826406
5426065
2133941
15812584
6182741
16282923
25241882
5448290
5538136
9198298
14269586
5690196
14112976
9119188
9388541
21736449
19697493
21632612
27114691
12456728
15715968
23083188
22266662
15854765
27762596
9455888
17850547
24014367
10665193
18175344
9101334
8252859
2836099
28249652
25860297
4978151
28215316
19918537
7626389
27674951
10801740
23542432
10127133
4669811
18898353
5046123
28272471
12051242
23884443
23504086
12646240
12632168
20319509
25113510
6118800
7061967
1587693
25174717
3953227
22306037
4381870
22256794
4668568
5415713
12339117
17246671
28669365
1354521
26926498
18367910
21002185
21557734
11522363
19168861
25374620
4414255
27861783
26226948
3547767
1066828
15069906
29994004
19996850
15458001
3885252
1012087
9255344
220969
8774761
21848359
1042063
13531841
6222474
29495624
15588629
22341364
12686674
9424612
9006307
7295602
7595460
29184027
8055733
14052733
19488087
25517923
227530
15887330
15626067
10286719
6279769
20333977
4305806
2831127
1527775
10325376
8245054
27584220
26650292
28494302
29328750
614093
23761449
14282398
12735736
19251318
227045
339375
15305385
7576057
22391700
443937
22156477
13663930
13067207
26403055
252339
1172320
14339672
22644037
4412805
9807734
18724753
11525822
27221945
23565614
15996746
10535149
2306524
17164275
2528805
6169878
7722631
23987717
22111182
13167876
18225735
21752232
12027418
25669514
25543370
1400354
26792876
21739974
21330907
16372734
13495422
14794790
25517893
11309975
29988758
1717599
9394582
13284198
27248103
3480390
13787450
25520018
11423638
11568808
3180933
1980386
27108414
25620034
17217288
11847719
8646038
21209812
17309675
6651584
23564723
4029468
19474410
1047842
22826771
7486039
25275851
15971453
12451433
9665251
12608768
9151115
29862898
10312095
5085181
25848053
16464267
29443542
26548328
11340012
27471689
19308141
13124841
25154244
20228306
1054086
4044741
22850338
24897706
13019819
29928695
4504765
17486896
5354800
25913949
12995600
11136846
27531152
16166297
3346816
21508897
6997443
10493133
8019678
11894593
10367988
6362572
13326780
7454989
9720613
23516934
2477745
16925698
7345189
18112201
7316424
24379338
23709749
3048317
18105782
7204036
920587
26534601
9161811
18148158
24072708
25493069
10048410
3114413
3210920
28473235
4120662
2057219
12266404
26044136
25992985
23876104
17949834
6063465
16613041
2186484
1215897
11285391
26890328
17391369
9805887
510375
24101905
16277155
18811495
7054860
16369126
2166475
3175291
12349173
3233188
29781926
4733783
85947
7886916
11248317
19513509
8529735
4600756
6928244
4077446
27741106
12560229
13265809
20488001
16403689
5911287
13404778
26230981
12193764
29183529
1240793
24627197
10763089
20224816
29832638
4213908
11126151
1909943
15018013
5164527
931736
26328102
17088116
2220950
21888489
25512501
3927706
11118811
28220487
645196
20710386
12030054
608240
12721378
2063924
2625988
23019792
25374964
14914897
17937767
17938643
1068687
4242861
7444018
6825235
15467514
22515408
24290267
11865855
4015695
8893750
5780744
15536032
2061945
24264440
21391632
5111989
11471705
8390074
28758601
24223851
6367494
25659344
5777264
16680046
12177435
5891408
17605366
6787185
22896355
24416516
12371464
15849430
20688156
7092959
20732197
980565
26726990
15992889
23080526
5186033
8244622
25476716
10670805
2316464
28772665
25167187
13799848
3005656
11571391
29353057
17101361
28714002
23102589
28881397
6439730
1903510
6588677
23891124
24738868
969023
25551453
28199378
17696259
10528870
29760246
13803970
22885209
12782375
24645451
15148016
1023276
3812261
1962129
5383077
6322220
24205219
27842751
7427264
21431140
8232100
3386373
13785241
21375293
10594099
5684708
419915
21835977
6861522
1114139
8957938
18923048
2699686
6100529
18829081
26229095
21731807
331315
4191278
7303018
2859978
27144832
24989809
25308016
20636226
25786973
10942868
8454284
17514586
29568794
2052864
6148115
16173261
15223144
27772676
20836289
11811486
2643586
7950263
12475580
4159443
27747135
28870233
20615801
10741141
12576789
12884834
862041
27883615
22514627
12438257
21008163
10731381
7539002
14555176
28568631
11244902
23831537
553724
7057407
466828
28582612
770110
16392247
15632890
272646
7759558
4370096
10624523
20222195
12107821
27133649
26984972
15382099
3140015
27445202
3966494
68877
24402139
18462111
14315713
26821671
10875164
6064276
3853152
16969456
17767725
21623668
782998
5435009
27783525
1325774
1359188
11890286
22795949
1901957
7015010
2616932
2433823
13049910
12047173
16674962
6939081
27029292
4559109
26488956
20555949
6974873
25206794
16589430
11745003
27836645
6255947
14716657
7246201
17314821
25784038
13726064
2565101
15261605
2736011
6050781
16983808
12988979
28856088
15242780
14128223
22340712
3886206
15202621
27320888
12447497
993087
27870512
14538566
12020909
27275172
18481530
14161759
28197777
2208151
10918808
9872172
18416871
12058927
15915997
23012750
14926321
22774938
7174922
29640099
984100
2754306
5706012
19088401
21304840
23025008
3519748
24029860
5753336
2609636
11191191
1978491
29063586
6383869
23385800
14751261
14663414
4466489
9246273
17307143
26739924
24360962
3107390
5903034
11546989
24533660
14846093
16238743
1937718
7873368
23692180
7813520
5887252
25881611
11359292
14647904
23279645
12164848
12291194
20698809
9473562
2958977
552511
21220374
7057602
7530034
1559806
28728060
18108428
28571286
24719073
25677105
11382184
19777795
6815971
26314218
3318431
25541197
16227191
9660498
18892959
17550333
8249360
336248
25576511
18526377
2133738
22120436
26820460
28179079
26877761
4104603
25379314
5159912
1925895
5028390
27999290
18724691
8227440
18947687
10998888
18989516
6369239
14743662
23573237
15070596
5097263
16510222
7483133
15256417
20400578
10771658
17531011
10663227
8904378
6340874
17816485
12284632
8511733
15065655
6925457
13171004
27210112
25513944
11862180
29380647
4257777
19760382
827329
13802532
1160814
6628251
10848243
11382438
18883557
23662574
18015689
23741795
21835591
5699153
25750592
28351685
6058210
22063626
18358539
3200029
8638097
14401703
14096253
4252260
17345387
9068927
15936034
26023129
29737987
2051149
4227165
9218292
13094731
21885149
18834969
4377115
21890540
15850778
28372840
22490416
6990368
26420036
4316352
16823236
12471240
4763732
309167
5319503
22390090
6153707
16334000
12310839
22110947
25627576
24515935
12146340
8486992
15731169
11084418
19217895
18609054
23122833
406231
25825406
5905364
16628856
3261328
11490057
2102087
524836
20771473
8502074
5067574
10567188
9053054
15451129
2797379
25506698
5799697
963145
21693833
6525931
17920800
21671649
22267853
17644757
7164637
29497403
20364066
4521054
17184866
17570391
12415350
25135968
10481869
16308588
14080374
22790577
17335982
22640216
17545734
8289130
2172973
28127588
11854257
6996458
18976315
22565927
13281832
19853804
686112
22462312
2505187
26546971
17545179
4070474
5266083
5016723
10475509
29137541
8959180
5247392
314448
28527326
5973704
21042462
9655537
7893148
11985717
26871857
19104884
20097506
21916992
22938535
28152290
5099164
23601310
29162596
21206009
27477414
10253602
15435642
6665012
569104
3834817
5274911
4051711
8706456
3772548
23293174
19173113
7416618
5439815
29650867
21961113
28103529
19846623
22953044
8419632
18303818
22019703
20179907
14518028
16589139
5577459
5880056
27949933
14932004
19990572
2175075
18880911
4761743
5298607
25233901
9306702
25269161
4015182
4184339
10970586
19531753
21855763
1273030
21938426
14307335
16589908
18951255
10959109
28948580
23133148
13899324
25178043
19613442
24718542
28900246
20205818
5142570
7718554
15232466
15245802
12559147
14868390
29293708
317893
21583627
20593982
23663390
22558458
4517073
26434713
16258196
27700091
28310772
24278506
10183853
25545857
12932100
24930114
13194943
12733072
12848184
10197978
21079946
26363213
23436622
25052834
2813814
19176008
5970870
18113860
17750087
26206534
13178541
21742164
4106213
24792910
29780051
6936594
14112719
21657735
15606580
5802236
10567516
8413706
23856172
11073623
24951002
24108438
28268444
20606349
16560925
12872181
11495228
16108767
20249910
3802041
22927835
10469121
2891399
20102234
8255802
23321741
14847653
15936276
16750268
18104919
26885443
28795743
26605081
15232109
19332240
13652595
6061213
20763808
21183391
621795
7326056
22033151
25320367
19637131
9371655
25469120
18950779
16477458
15388409
781502
29177331
7471009
29371557
16507055
18382709
24673632
16212657
17828482
17726158
28578654
28465109
24418295
23003606
9811923
13536664
10782078
4442393
13075538
29383198
26180642
12356526
26487033
12598934
18722003
674746
1252107
3572823
5518240
24009308
21078026
27672192
4941018
28606800
15122564
9940117
3071153
22626042
11700441
5271195
1715422
16229800
2273137
6380296
13414355
27991072
17554615
18156092
24860414
6686585
27516724
2939569
27533430
7966356
15343262
721077
13251233
1193864
11261468
25907595
20647276
24045346
9751699
21071678
883984
11998318
26310539
10617760
11876389
19386190
23194227
16091639
18961000
16270084
4637756
12247060
18728607
17037657
4897504
23001864
16632340
430449
22544083
27110991
15293082
10728015
17791578
2625863
16804171
12314094
5935615
4173375
14834856
19116360
20206409
8179242
22024913
3610026
22177913
22233534
4676592
17759945
486408
4789842
5819931
23041610
23626171
20285531
29967534
20218365
23555613
5615840
7764904
22408256
27188692
29513985
28614955
2125365
4880034
25540764
24131276
7359281
16716093
13144513
14609665
10319670
17729831
25316044
28979383
10480524
27703303
13120138
20383446
674038
24101256
17406913
21332046
15951402
10738752
4129834
12136743
6936742
18003141
24733519
15923775
26263549
4996207
5671647
24910347
27431524
22114966
293539
4012678
28314335
17125590
15832447
18262062
14523613
6961511
12749556
8020287
4288673
5622179
2431264
15475207
24700799
3293215
5789217
17253170
13083550
16511633
13561986
15353840
12281176
10842106
16376777
2315169
14680242
9103824
21167997
17603146
25001082
11468639
12944490
13893910
24243708
10429707
5496657
28781347
17790885
8722404
28258597
29401545
14313303
28816700
15101623
7536286
19054056
24495179
509344
4823422
1442708
27788705
1525916
5302662
1519571
29851922
25469444
16885095
945156
29900682
14388328
26941632
3850765
29042025
11848696
23642794
17395890
7263056
3373783
10028452
3684834
5491358
25471370
24250085
28656861
20106225
6465224
4133810
21493532
28027434
12589158
1456336
4240408
20593144
8726870
1627731
16065942
25034304
27382763
7916255
17321220
22603009
16864034
24378298
9780895
22890878
28445535
25754215
7616083
29279083
1847223
14363850
15044944
24151298
15883221
19195922
22754196
27306374
25516940
4657496
11562211
27483349
14762681
26074542
1695067
24242687
5225742
9974902
4237347
8181064
4266901
19568123
18596728
5112590
23963042
12928233
2696091
20546531
19365915
28829955
28613001
9519312
12153837
28829835
371913
19538897
11456788
27121064
23081615
26572475
4547753
4472973
23303977
4992880
19911550
15753919
11636242
29409555
4207537
1773765
29685463
28334860
21919947
24690845
4378813
7631594
2795733
1661068
22354443
13633626
12723549
26311771
20451174
14546359
9950119
14472885
13901706
13735975
24826367
24269956
7798542
26428055
15668488
26644290
18803206
9496679
16757301
24144985
18557869
18618681
17594562
7727899
26964711
21531773
8098586
1513282
17937621
3811638
6482140
5391507
25100482
15681773
12711907
6254124
16147786
28383380
19645603
23632438
19869684
1037917
22902378
4799214
5022841
7573290
28867248
8116482
28763347
19455288
17184262
11570408
2056826
12294645
5836289
36564
6513188
7210363
21676641
22087237
25824466
20105347
9870534
26985737
18656484
5959629
10971626
16664381
5600315
19418149
8862159
19891924
10296074
11802993
8123047
16197973
20304593
8755168
8238483
17350077
26616287
11547508
17548311
26634824
12198613
2992383
21484865
6458435
17225152
21318023
25808550
20100276
10047751
3844941
13193022
28502813
17283968
29092707
9690772
26002062
19430539
14424537
7327633
17811003
21455774
16788010
25869340
12281439
4076512
20341441
20878401
26931039
15211912
23379471
18374980
29948187
16512595
27164520
18366682
11053591
14753518
16367930
2720028
751445
21345730
10575076
21270816
18290154
4723040
3679275
4239935
28400649
24576061
4204395
1223148
8136498
10620415
16819523
14409507
12097518
16841408
29768098
9988345
12733427
29641523
3651464
29348117
18415278
25145658
5020189
37091
5514376
14716161
1442558
14819129
20648541
5093248
20648798
7076700
17747659
7991246
17218765
15169823
57372
12903427
2564984
2618379
2081862
11762605
27550479
21718682
18322116
3723681
15674158
20900564
3034157
9888874
9392067
16533644
10226279
23116772
28110398
2025721
24174308
25406814
7109986
29526245
3732413
14367771
14451100
23013502
13368725
18012734
1214711
14415089
5397932
23693700
16377266
19467310
4576185
7206522
3586432
127690
12273975
521968
16170968
43703
25862364
5547173
2164100
943544
23404394
7296803
24149001
24061282
15969245
6140414
15599314
14169768
17819730
16677448
22869668
2874907
16022020
21535732
20676227
16480438
21743874
23418860
19925913
26238781
26647351
9012463
27642709
29175195
6232107
14401263
28683896
11843881
26591906
12832461
21703114
18155831
26608897
3177185
3123431
3649908
12554769
17391492
6252960
1016066
5398295
5938262
818009
14362563
11429243
13116004
27811995
22226876
8819903
1523882
16984872
9775433
387854
4853749
19971678
59575
26959817
8441400
20270810
16513688
3674490
23651841
1933224
18537900
1832918
428211
12323176
17479068
8754898
2378537
20054179
7783192
29005531
9093772
13815542
5021871
21363096
26696936
25477145
26430805
6031075
27208764
25833778
14037542
27697079
2110024
28578136
794534
5295844
18646371
796340
21874486
13333793
8222065
23230607
29388442
17008502
12847262
2209744
21553402
7109147
22583276
28041778
25362657
25834832
8125272
8806276
7786157
15971117
3045232
15128595
22543367
8863681
20661016
22896592
10566483
792533
26029595
14686773
5409247
8769616
15630572
2022610
25518044
8185432
26076109
5513557
6751107
6125385
29022079
11350137
18363631
12661391
18982728
2234173
28984742
14588210
13429788
24870145
27812907
15475907
819411
9015279
6141488
25346812
11551072
6770525
4649177
28873631
3642343
15164834
23278236
16112292
9935018
2051532
14966259
12403353
15658979
24385848
1993516
13378503
6276700
22213955
14457125
3725785
19664539
10645860
26422888
653969
11387140
14794040
26129375
19405320
15319430
21221030
28260452
3095436
7477353
5717938
14831321
20023731
7442413
24307182
10764892
20812093
26520752
2764547
14116230
5843571
23017114
12349237
13383831
17062964
7254942
7048325
16774792
28042264
17898988
7323059
10289227
5766981
1981127
26729580
10164568
723785
2450113
653829
14761416
29657084
15924777
13465213
26782153
14939550
11873019
22333632
2624565
25237255
15014522
4586636
28505562
20537504
6560465
16647811
13452506
18034486
7295133
27416370
13876991
3369775
26402209
28290864
8369955
5758424
20935952
1872830
20310404
11911704
2072312
9559681
4112168
22025533
18437682
2286885
6733159
9952835
23230035
20453396
20632252
27239031
10735505
25348824
11855132
27100590
6698535
5917667
15263118
4979917
27507313
19477237
16902624
22430887
10514266
5578279
4898937
17384016
27272896
20304934
19929621
29192867
10797588
18755224
16712110
25692888
28108742
12948913
24053703
29235831
9460607
18337011
18362521
4105306
19173604
12249402
11984157
6885215
22598180
23620633
29443364
25720930
6532927
2948862
4604033
16722786
3737135
28968055
8897762
18490085
16980092
2433256
8092978
21059239
29406967
22975488
22777541
10316402
16461162
25746558
29719287
20294497
5974912
18391766
16428894
8019111
27874697
25888216
3109940
28528567
27007517
8237032
13700411
3714558
3640889
3384881
6390865
4347794
11185013
4532464
18009118
6389108
20447282
28128097
10016302
2881572
5169128
22363674
11862194
11891504
6330763
28440242
27832843
3972127
2274606
6111322
29762507
17256642
23224103
13751542
5346142
24727471
22485329
3645940
19202186
2120773
12448998
7275941
1527333
8914977
7341043
11160508
2754566
16959655
6463053
9722890
24462243
455966
18308348
9364236
18439094
13822597
17974292
21683239
21131983
17072040
10960817
12236024
726982
6535611
7372224
2923804
11346073
27784072
28398354
19084369
29974511
8959550
27820657
24607663
4109182
2333407
13160410
27968108
1252970
22045165
27137496
22799619
16663577
10598719
14274031
27731851
3649457
27449448
19715465
23663440
21817410
29674229
9186000
11245994
29454079
10633547
24631838
948039
1145203
26918631
2895994
20932163
10441051
21877200
19648084
1436674
23268338
29835956
23224073
6931666
6607517
3219355
3149779
12388101
240779
26556899
26031080
22255799
13725731
8993020
1441198
12017539
6168218
8357303
8172017
28613775
9684679
6428044
11918498
17543358
9106516
2077059
13186902
19220001
11142940
6964775
17554044
25015116
1526250
6953911
28963574
2927789
852217
3881520
3337769
27157300
20994067
25202773
1568616
6870054
18404080
27696134
13556433
22990442
14618577
5438239
187261
21843632
14314873
19460801
25693302
14033207
6933722
6445735
25442988
25634623
26765214
29260291
16475070
23908872
2370371
22102391
14632424
21223765
29694458
24069327
29731364
9988150
4669738
6267236
13242654
20018472
18776199
19715242
822099
8559627
16614015
19950401
2162420
16512068
28826201
15999783
905864
6321169
10315218
26522237
23107308
16256013
4921952
18279920
2443252
3752595
3572146
4499276
29253791
26114986
4377378
5442338
23208650
13389626
23884422
14601565
20778086
29163887
10056045
28045958
18608716
8299753
16584241
7669813
26184368
12623918
18969601
4266759
26270058
26653520
6256851
26643841
26439073
22666020
22470520
7756557
17529377
28755404
27756561
2216316
10150924
23967464
24374934
3310382
17061845
11789640
24363633
7704972
6474843
29007756
14309401
23176747
7184580
11364576
25600210
22598555
27183702
6040811
11019592
21546509
26403890
1364075
17671918
8461187
9769756
21434257
2758164
16040526
14688349
29257735
11673589
14490962
20707305
6110843
2564746
16339073
19975711
10343437
12745657
117362
5332942
7385388
9268881
20281055
13760705
25645535
1959588
1044998
18585451
29050384
17067987
9094001
24512804
5118457
17753440
7474507
24297630
8450070
20666209
697243
5041648
20288061
14327663
356097
25150630
21428122
5767508
21300530
10781789
13553309
3745928
1757176
16180220
20866675
27259400
21722666
11834793
13339561
1200616
15584392
28208926
24625398
2685051
9385075
24369945
22998695
1828866
19001195
5794822
7360791
18557277
21375305
3794176
21291011
27580935
5849775
22998514
23259757
25189349
4849275
9295173
7497953
22874027
7749237
10872885
23395418
2348264
20131385
4436281
12012111
23243397
25754190
9205975
2496575
14980631
21716713
14074139
10189284
24181641
10819618
18320646
27067142
19408769
3713664
24196559
13395591
12138904
6133153
12641295
2806617
19507603
2787175
9489699
193212
1455356
27101034
1947062
8799238
21592860
4375488
14519400
25150169
23135439
14367081
14502919
23756706
23189403
29767480
20835264
8380742
17433836
22624672
21619986
26324907
14430408
4243336
7303821
6568302
14433620
12445665
1125146
18166346
7937845
17512109
14829172
26619642
28120027
9198898
25930509
28962419
3948442
28162991
24468519
28963723
3551438
26813255
1461219
188029
22322733
5785830
28646436
13037526
12891301
9427862
215903
3151295
16160980
9795339
5266646
23359419
28875414
18053336
29476765
22921806
19120015
9680656
2388820
23375320
13993678
21334886
26937365
2991462
17530055
21899530
25416329
28171008
13622925
23414180
23332116
24379833
21805916
2385354
1083747
20629462
16892035
18798319
19244855
17411465
4406254
5760847
1470950
29899455
7201271
26448412
11545152
21939773
18039803
7716073
17222577
29062163
9087998
4170084
6281044
6267874
26973867
28429231
18371160
5680161
7157518
14119839
25092416
7918095
16423047
16741361
26992916
17604118
4946859
8246263
3026991
1133598
23538006
4063542
17049531
1902999
29336103
15435909
23957300
12069880
13065981
28169545
13018154
29782872
12147995
894494
10011667
20032377
1037681
22186085
20629939
20124360
10297794
19992795
15567741
10236632
15021147
11145998
6899549
13418666
2579021
28712791
21175969
29010683
75864
7533219
17341470
11140649
17866964
16650933
27501071
13417680
20545436
5751100
14716137
19298620
16016263
2881657
16825214
18772188
29158649
12890888
18520690
5556456
22855864
266709
29149385
1680256
2315623
14761945
11711076
4943797
15615265
28643972
13844317
8419976
19289932
17664744
19608381
9025023
6775317
24525288
7526261
23708060
4184070
13062343
17859138
14188563
28582924
27352064
10233432
8883945
12066463
11129544
28896293
3524668
11784580
24531966
28912357
2157771
14560889
29073986
21002556
12938057
7196687
19517298
6733260
4351943
15395786
4302599
32814
20958288
14478824
12028691
15617883
22673725
945420
1779588
4965676
21054244
26089747
7539059
3000878
29377649
21852068
12563754
25258229
2361624
6366908
2033795
24774989
6509868
14440640
5000567
9587107
23293329
27550238
17588420
3061149
3362727
23837082
46041
11185003
20876872
16288418
12965331
25680103
19722654
25496185
21161211
27262970
18736922
16322250
20301297
14699748
7256711
20460698
14708896
20503244
2027475
27581797
7439221
12905861
27207257
7525558
4848816
8478439
18600422
23730980
17609190
16022077
7274396
10865438
29555699
27239848
6834741
3482402
27042117
2026788
4535127
24320396
18722653
17227069
28039928
26168857
10843526
5941081
28209553
4355055
18420458
8582892
7430399
10296196
22411254
26294164
15215839
946577
8029888
3363783
1255661
13043832
18421028
17495370
28817157
16690582
7800712
18321692
91986
10034319
24360899
11039262
7896609
21907185
2058986
22711218
8722580
17929663
797833
10452114
12606699
2325155
4165534
13038802
19258784
25361606
7334799
7204314
10353750
11178396
20934465
23764163
9442071
3303428
24745428
14567955
6687482
20848316
29508454
4621741
15070474
25195235
16319853
4652355
5611410
7924108
23142701
21670856
18260329
18032338
20623239
17126842
23994097
25914656
2948315
10908860
20891034
19024922
24572723
15351470
18249519
26708936
3021517
11446186
26943323
24413628
8674730
17005948
24442635
19873007
9901765
25327366
26365101
46179
16672814
5408583
5050388
12967286
2246309
29743165
5050981
18463035
25797671
13825682
26874859
19939540
1605496
7699267
15016743
17685106
14364402
1718786
21110736
16941302
6719114
8529092
8690125
5879807
9961065
29821119
9193567
25328624
289010
22282612
17951990
2658613
27804405
24996770
19882427
40648
27633249
29334191
7099398
23285257
4259611
19871618
12560954
6169283
25539522
4982829
21092603
18372893
1828557
7829609
21889713
24229030
6138027
6760674
25674477
10107197
10413385
9153951
16198218
23473238
23524053
24149379
27753024
1739578
10955227
3706142
10912553
10226143
7886514
27683340
27089676
18162465
27076598
9296822
17201332
4540001
17086899
4377203
10674227
14477965
12952036
9625787
26882270
29293499
14365726
23781568
5578700
16531740
23897266
25709544
15280731
17025453
27577058
13744673
3735639
15279374
2362963
10568653
24837318
838298
7822973
13242235
19303227
20076717
23195384
26550329
11632195
18494963
1812618
7303428
4419656
29991877
20589893
12623606
12844660
2894593
12231465
20094696
3998253
23898446
16745201
14868295
17435438
4078400
24457690
3965594
5256546
1725918
6784975
6608721
21330958
16231347
29508449
3775101
1263511
9287275
29715975
19146588
29626442
16646666
3158681
27159454
12022749
7433199
15286256
9616343
23687978
443919
11238068
19749753
11080529
15119998
9054534
15168917
11990765
4108893
11180516
2036716
19592308
21177398
4676416
14450591
19528785
6841971
12766209
7353744
2710049
11696196
1592180
19403661
21830592
15517871
1819268
15920932
2301355
3689022
13354216
11502588
7436806
21340761
22201397
982699
14042979
21317700
9602717
12406036
16557597
594744
29916775
10178127
19204297
25711936
25722157
5538763
2133757
10362012
18181909
19186548
1836955
29191107
8088398
8939370
29945239
15816411
16559650
2574751
28479368
14163622
10166830
20018809
1364076
16206653
9028961
23928017
13848474
10958539
18716869
18308602
14184263
1019362
3815174
24672657
7651694
20291920
25623348
24709635
24783187
22425693
4456551
3544600
26947241
3784465
888313
7269664
26070214
11641393
14068181
15576906
9294921
10477421
7363837
15458912
15495858
24700868
4053957
22708398
10904448
25827727
3547369
670883
15258645
5112991
11120921
28732460
18666174
4179267
1966193
764479
7912597
23579258
4821739
776339
3024875
26088867
18996802
24187575
5575314
10243464
22729198
166728
16903061
28743718
1456401
4536730
18180617
21550877
26189494
11633238
14348847
19165889
9135790
20001991
24803266
26181865
15123436
13782188
14899264
24010442
3015226
1448469
8543612
12203456
4471382
9087854
24272652
1677984
14469213
28554659
20744860
17850346
5691913
9328808
28744320
1330531
28656332
19384966
3351099
3563360
26172745
13092971
29317062
9579886
19827024
2939948
16770999
6629684
27157503
7567889
9056158
4992025
14485738
19764268
17765781
24684752
14622817
6329248
16184892
12193399
72558
741597
16307818
4778416
16145214
11567458
7628145
18980257
11208861
2775871
2076309
25259974
29500701
13253105
47839
24596724
23471536
2218224
6013102
29280860
28416924
25930785
9386721
3825343
22965818
29981986
9437934
11467493
13204565
6113048
15133326
20450655
24662935
18398569
13660676
15099063
7258705
7583205
11520513
162497
3734164
17373951
27254634
13701156
198217
15191463
597947
13341838
14168231
28451573
22133271
14588653
7234879
6342974
10782937
1668926
23104929
14064201
2046355
29394854
4589779
12295203
10450594
12222740
16065628
5495501
5036712
3347318
18444735
17337558
20832106
1850716
3307408
26375454
12747626
27199099
22773108
11467663
18182392
16768192
10476464
1827058
3997316
2127012
3885251
7101383
12156894
26702782
28917489
29996391
19766758
22645732
20618673
4630728
26586580
4577026
8077015
8672135
11966698
22573949
21301648
9264904
4455947
27764107
19507491
19426065
2734330
11892600
16692545
27992540
22725101
16329892
9272561
28687635
19060506
621978
25581318
4320834
5045537
16518822
22508911
14790029
5592690
21968819
23579123
10080868
9562496
25431777
26770475
10515845
1532345
16813046
23658963
17708723
1388993
1824936
9904191
15587351
23968011
13747319
27142715
27928992
15343858
15958735
20326830
23367578
4281922
24207154
3580874
9883756
13672363
20189141
28320299
10720398
24928420
20055027
11255977
19813813
25518444
29566984
7286533
24228597
8735669
23589499
11105536
3242448
8840953
7026155
12228804
23370156
27460129
20622543
19665378
15362622
2259389
21516591
17695121
29226870
11948874
15055999
24139871
26769576
16347651
19156575
14115439
13015705
19416792
25278261
29265109
3198066
7198138
20155448
3418486
21201982
20194294
21653385
11862220
14404689
24586252
4888526
9716245
29650588
21197364
29824201
10012164
18821845
12910621
20561344
13971187
14715387
176897
1224692
27827534
8908656
397250
10082172
14643189
8302838
13843855
24138121
28651504
15450653
1932659
8893915
5151752
23995007
14490049
19227611
13911687
23849295
15395030
27276689
12920643
20451285
9281321
24564459
29540634
24827888
20284308
7258809
25044855
27776554
2773213
9150514
8373746
13327372
8340895
281890
17273097
3547951
24714563
23397819
29611844
10275544
3891235
9800989
29197223
361831
26793529
14453499
28950584
8584611
16662400
8326144
21968052
9130308
21775295
27132042
2413633
19005296
24256468
25007369
12816759
288058
7356471
29056171
9271163
21960328
11864891
19357580
5622416
12098615
20084303
21869143
14714397
4963641
12215366
24409408
25129834
10992213
209766
29412376
11875006
14064377
12977436
13544595
5684788
10316337
4527605
17686893
10734013
5448119
6433505
25107286
7115381
1754130
1510679
23790344
13902402
27935418
14571503
28706774
9031125
19003258
1436468
26479557
8816294
27524699
9568212
29969986
15306047
6296212
26915819
25335728
15454963
22992847
22132594
3404365
2219779
10883923
27805087
28828689
29771842
29052979
6607068
1436627
28841276
6102627
11744851
19823309
26643718
20692189
27056520
12188412
5362047
16620907
25663434
23412006
774050
5702487
29338715
9879799
5199716
21928858
1728598
26744026
9495924
18697616
10999647
858165
13662412
3844060
23872537
21849485
1340057
21647274
324442
3304654
2257344
7126751
21420532
1507173
5974337
20110582
9871002
20549305
24322127
1149743
915459
7933099
7262059
778185
3298003
22940442
20789562
21592251
14241958
16492701
11413140
27337310
10074205
985361
29801522
25254637
6746982
10543691
8511356
23126985
19665704
17744368
15106145
16339613
18776365
8774568
22468963
28199224
20624471
7267762
14698730
13517066
21542080
26790425
22368684
9137652
15889486
21155221
17899928
12630650
22992628
5557475
27138639
13677499
27206741
26515080
15133220
20219760
21480424
12853305
633057
13066062
4949852
14594790
24090025
18480206
11529384
12894081
2606704
23154413
13133345
23976845
14961451
22624113
28641060
5046720
489547
12873669
8978438
21784092
25015731
14794228
13820735
16815653
21828298
11013331
12026963
24728871
27274095
10483840
20419643
12073180
29760722
22749346
18640407
16578
13801811
27353486
24075380
19778968
25282960
29470865
4484099
22708015
27758157
112648
9115869
29066164
23863484
6583043
11714698
18423616
27736420
1113573
8855684
9368310
3067885
18979955
23943774
10762755
10128016
3388546
9830879
23624043
25198266
23297647
10361152
13152677
8146187
8053180
1155326
16978239
26919275
796503
820620
23565173
10482729
27108335
2086633
27160674
22339785
13688129
29543657
10642525
21779805
28082490
2938711
27461530
20651150
14428670
17269615
11380968
22049535
26470978
23948944
25621127
15069588
17311496
3893122
27651255
3459884
62330
18365994
18978418
28422576
14242511
7568380
14635831
5145879
17041797
20332520
28352815
4606087
2586056
7473095
5066824
12806057
21299816
15848364
28748037
2899728
6808946
242025
16655013
20247072
149470
27399860
26928758
20755620
6002386
4771317
22480118
2681436
14996349
29812043
3653738
20957693
16805419
15397958
11863772
18960409
16156476
2493689
16774771
14209104
27005557
25888003
26756455
11672178
486551
7564696
1904875
12434285
8758296
17547820
19474738
9260991
23425283
24598367
10950207
20152436
24815650
5718038
25600220
12123402
24706567
9581827
4306054
7113640
19820425
17158897
26285696
5988273
15611388
4857702
21251660
19499712
17750416
6711947
29285268
22087257
4099792
20133977
28608261
21073582
19402862
2441326
24477049
29173581
15040965
20711228
16007967
2829953
16462093
13055592
12701646
26625584
13984418
12457993
20517786
17433217
8230591
27726040
308699
13275209
12283291
3876752
8147991
11398112
956948
22164468
12689705
21808549
6894891
13779010
17089040
9605127
1032009
23889374
20438555
7206001
19139599
24573837
6592599
1981246
5492847
2244598
15868155
8165326
4707782
7061692
20133595
12213205
5131588
29167448
6132518
12261119
1550908
20557403
847141
6213507
6096931
1380638
19039648
16232228
28294131
24946443
20357025
1788365
18704246
12284436
10030634
20468977
11958183
25377878
24088326
26149738
4931673
11673414
7321939
3252786
5009904
25730827
6521228
12095459
10429711
29685040
8779720
1309508
16174144
28943344
21809792
27552416
5206115
22251069
20376258
8005808
7250125
308778
14469377
3321722
7865086
25727123
19030295
18770273
4345934
28017946
15801104
14178661
23502546
18579688
21805594
12101776
7926008
22252323
9157004
27232618
24856794
29030997
28316339
7046052
29223573
23039149
1636439
14310991
1992263
22495845
5843084
18634675
5523250
25023269
4945366
16872795
5101848
14113987
4702840
19609251
19092753
17837581
20632545
7264571
29128827
20552942
26473605
22816923
23599813
25676941
29811513
7104234
15911743
8848172
1142115
18154802
4899560
3509201
24859491
16012522
23497038
21151149
26059862
25568802
11795717
1169464
10265774
23726881
10226215
17286038
5828880
18942472
6164963
9416847
8398731
3562773
8035184
22874917
18438357
26197747
2071639
23106809
7984954
13952536
23472955
10570237
5256109
1541356
14782012
23236098
28012433
21549940
14497459
23291324
18679526
1853792
1667377
26193050
27306139
4445869
29789087
931788
8995711
13443301
22545532
26985025
27432152
2159901
21797234
14095346
6447802
5348959
11346769
20538559
17331303
2318378
9698094
836642
29706604
26097005
27998296
15773518
13764589
19342996
24824309
16052895
6308111
22190184
8997637
3258035
25296953
14751650
19750510
5739172
11475304
23126245
26189474
18428683
12688463
23720688
9720087
28306614
20996841
17492569
24541150
5629331
22843827
7698355
29047842
9156355
25103190
23960985
5731351
2111308
5185550
9133314
19034366
15507608
8444968
15737675
4449553
17430644
12301878
7111411
29843893
25547786
25639312
27968403
15796544
18327926
22787243
5012000
7841197
25292165
19511105
25158190
2148584
24808431
8793668
3691783
12426630
6220250
25680161
19138680
14487221
9165387
14200946
15848600
13928568
4138583
3418297
24454234
27620196
9395951
8285608
23235572
8923504
19737674
24610072
5201131
22978824
11455379
22858861
16028792
6125490
11625124
25000909
1356840
6946433
15801617
9422164
1371022
27715056
13265259
5521819
5783440
24051383
10524073
27039823
17248003
17204014
10616437
20650074
9347247
10993461
13839838
18689576
11993546
14709545
25739833
10999401
18012177
19022157
10536182
19875891
3380998
5486771
6644280
13920443
28820248
19145771
210270
10806446
5017794
7632462
21596637
17747772
15479714
27209915
1627967
21616192
10957357
12931102
20937871
22310746
3995012
4054759
21138223
16905671
5091517
17413952
101114
27110260
22108802
3219355
13735217
22922693
8053890
5682776
1091192
29738958
1115486
9754353
29327654
27716385
10376158
14701020
8751039
3710747
20174509
16821361
24112811
1644368
12665314
2670270
23475362
23203075
341960
17800536
5943155
25897617
29566613
21475943
28435891
21508916
2319011
8173931
6027933
26552689
10977139
25947710
10111239
26900142
6068020
12766199
8427849
10966043
14215393
11325024
25702044
17589797
21104284
408378
926282
13485452
29082785
7368699
11152462
21538685
3732577
14273394
14535782
3817828
943785
28216305
25674610
17798639
27052822
29004587
21924422
24716111
28064254
3853134
19286827
20604464
24140418
915916
4082787
5136907
27536956
18045249
16130029
1108606
24413710
10135285
2723881
21304056
26881914
458396
11220033
27653957
922538
22442375
1625351
20802335
6291619
24496268
4299494
881783
28486461
1963984
19621651
19172560
26570283
16264779
11513933
3501991
5865827
8515992
12342072
18865185
2263145
26641850
13120876
1386141
26566635
14512302
2465364
26963231
19585993
12549037
6729713
25306236
9809286
481488
7310920
22767429
780900
15004573
27695693
5369884
15256555
15987304
28726232
16513640
20712425
16123899
29078391
710281
10024647
20368596
23169422
13669264
8962175
10667173
27806197
20289133
20161872
526176
25889199
9696525
19573844
12564612
29089444
1960032
13473810
11481021
2721758
17327404
2510453
3350943
19639272
11869778
18247061
13373318
13283483
15618438
136183
26804855
2365013
2084963
13384601
26423936
17042653
28490699
18014574
12251747
18593165
21906287
2967884
19052473
8832818
27524933
22812606
7206712
29393993
26942079
21765704
15005636
3537601
11000798
13033704
19243008
2236844
25921865
4834179
24612933
12703714
23472368
13856388
27756416
23154780
12310284
18431142
7323255
17792280
25096418
13008464
3769908
16634180
28264243
18013702
25540782
21139361
1200394
24102473
13288084
2989677
1251535
19285379
6031153
10329335
5802155
3288292
2955451
16958145
3182316
18253684
9131604
19212829
19282120
11139165
11673912
23475438
25686058
7601754
15490878
10772572
11693927
24562896
1583008
9761109
15055191
5225634
13561270
5009789
4498639
935103
5778034
11671306
13237219
24580752
4944968
3756404
27125249
5163521
22272602
19792372
21838972
10865316
14826817
23620193
19011558
21388228
15806635
15605438
9844969
23341582
9054018
7108503
21843011
12851134
21839582
2870408
885857
2331128
8151903
12818860
18535927
24247904
14445265
17683546
9586325
2273343
19029110
24428466
5398022
28399565
23264960
21444429
10244845
2945028
9691939
838151
14120460
7054616
20798914
18683951
27745373
5542083
21824957
22112404
19888663
18097424
1962648
8620309
16249379
12556916
20339142
2632439
27995032
16546649
27335291
3867710
20298270
29929323
5071392
5263937
1387032
18912536
22311319
3728019
10747106
12786881
1827246
2450959
5399055
27321157
29200820
9163416
2399229
16096518
6432275
29120511
6186757
13026792
13663947
10887346
12866691
20698411
11603655
27318557
26435094
25946225
26628192
2540462
23003293
12249572
3501383
18523944
1228311
12007394
13029828
10138773
26998502
28331386
18774755
2150196
27214120
22826335
27470485
14164520
7223704
17087926
13870574
12437016
17067311
16541411
5292755
12184744
11701771
10853227
5107357
28183255
23321663
1657052
6439299
28917734
18472878
27120950
26392650
1903556
1171798
9009763
25227540
26384558
5083654
13621609
11477694
3559470
26937763
27277589
1010328
3358294
18852924
24816844
1489078
15554933
12079248
21053417
21668343
25999276
27040556
1894290
27500163
13658627
187801
6172995
20941801
548338
27666300
27739804
21644299
21681003
13618863
17699535
6616984
12874802
14223254
14399306
13387090
5238656
8143877
15310392
22973112
6163387
28751867
11466016
20425758
15952239
23527394
2246967
13073617
12868012
27710176
11996528
11471566
25695485
9920684
11244904
15910663
25909037
4213118
7131356
6365993
20795009
1550479
12806524
20059396
20291375
157760
28767271
9563422
10864278
29718091
12150351
13254227
17727442
17017793
5554777
14807349
15626390
22841366
28045362
16220876
29187651
2952010
20280466
20708969
13981550
3640168
6066358
17839878
26238005
27959876
25521653
9168142
3652758
4265317
19965200
26300233
27225206
28809544
26824454
18053254
29282319
29127556
5857345
27846688
17822564
28196547
6675622
8686285
22102907
29201193
29803895
21387963
24499084
14507865
16068863
8831221
5901145
12607433
22686248
6291082
6143602
16888655
2117616
14768683
24570164
9343707
18416643
9724567
29428120
24306659
1985884
20616420
10565860
11667737
24450959
3292164
5386896
16284712
11384709
7359681
28118618
22756317
27308460
13276074
17638235
20241663
9558673
28593181
25859673
14117770
3297135
20129109
2094859
7778775
17993764
6837622
28030215
8810141
16576006
17113507
11110843
5233459
14953114
10088858
17679659
23087769
12267470
16087859
24221658
10607900
29018736
14863202
20739794
15530473
6604465
6353369
4255036
4877239
9740761
26128929
15757574
22766321
3110781
20723226
24721665
11288817
12798145
12161975
14662064
11422396
15959746
21003781
14449728
221249
5640599
11663459
29855346
29808631
29974457
9345706
25608804
4904503
2575690
14679182
6918272
9301307
1639817
1850697
16954183
18793069
20742948
8393232
5195442
356380
14017860
20125781
28680852
135757
22988438
6056971
12352864
5129048
16902559
960168
9700563
2208824
29141366
18753490
23293320
12802962
15644903
25056826
13991607
7060492
8601573
20110340
14936556
8358183
23447716
17747945
6549227
12183751
28926708
4360192
8313473
13554553
14704606
22884926
27288115
3334218
18850817
20554256
8806395
13799141
25087190
25813724
11347172
6472759
27696697
16859819
6008360
16369206
16946953
11939714
28796092
20211327
17655778
4264616
12035223
1755853
680493
14876568
29221621
25941941
12589318
24340160
20853104
28719883
18495499
16716829
27236656
3595612
5917681
28216605
7137254
23882602
29646707
8022751
20685881
15395603
25248367
17592049
20817428
25942290
28684802
28863915
10843487
19280892
23830405
3624973
13140709
17603214
14268828
6282416
503986
21500234
20181363
5681975
25124233
20361150
6377582
28111608
23838722
19906396
25242783
24582688
28901245
8772587
25413496
26992649
2595205
8521807
12211593
29981046
6507510
14403334
5381148
17299744
14471099
19489848
17755661
19875800
22693994
18866382
13246803
1306914
26153840
18477128
6388781
21640485
22479747
22844359
27473966
29995518
5623084
631342
2612851
18776862
2110673
11996725
6551279
22445245
2775494
11056516
13523281
22074741
24543334
13257509
12561201
5733565
4372838
25023911
14129427
24649089
9454200
1005358
24083021
16383047
4403551
6654987
11549253
10312714
11283312
2826142
26006401
7010452
2080804
6742936
1809985
15429026
742862
1976763
17769257
9141081
12488382
23576575
11545559
12873438
3979289
16379964
4235247
14397493
24686949
29571067
19738891
12473981
27019131
1606762
20655946
17233283
8010753
3628672
10324583
27744785
25833978
10504455
17498301
5113230
5792786
12946719
1506397
2677865
18192226
19263042
5510749
23753303
22608117
21675928
4401599
3285496
14683469
29024333
6102558
6420508
23455954
24077001
17178480
8155049
6026687
15051013
27199496
20857697
5950823
26465282
14287886
11674328
29985861
14711789
28424387
15445508
18876113
1961031
27236522
10886477
21677426
24470940
2976675
9346195
29691074
18418863
4326179
1391718
24190701
22674845
10698520
25676772
23864962
3777970
22856798
15515647
1467343
28457343
2998749
26973478
11961486
1872827
3299831
2992410
15105017
11857958
27958048
12050818
14509309
17911987
26432855
748517
28559153
17605349
17182042
10768711
29892527
27595433
15665669
17493406
18812765
11708008
183750
27334358
1811914
12232023
9765662
9240921
10103821
24276286
9388955
17973606
20901778
2885349
5218045
11634261
26761714
19107115
15148742
13504379
21990683
10691369
1960007
6231157
3045213
5905668
26903004
12207363
17251428
4161808
14404667
14029711
15486908
5636566
13029813
23654299
3323385
2305433
6178978
26081506
6683333
19494726
20352546
25624905
7847875
22658331
5828122
25254017
1649877
15028634
8075434
26115205
17147571
10307098
4236842
12593118
11921100
27840012
22884824
22050540
28876480
28692456
1648654
14070453
15628097
29614279
24502220
25665534
2258763
3899420
16580963
8633127
18905853
11390053
22786054
16682618
11644601
6307223
939218
24487919
22482892
1746103
19047329
25645617
12954788
24624748
8926933
27425125
23760924
18374818
28130672
22634496
16224233
10899435
16082268
2533481
12111535
17392722
25431763
10320595
6731860
29797237
23987567
11629301
6495077
22458903
27270058
4236605
20057272
15167241
64086
5839103
27117314
27872720
9390084
16265265
20912885
10018012
4520378
18650404
19734654
11402994
16061980
19621386
709730
5833618
27474906
1218616
27294574
25663576
22237118
18027033
9853269
24954199
13811394
27713801
18059281
7070037
6643231
18422718
4290781
25043174
24417515
26858830
19140752
27281859
9366547
7706720
22531854
3604290
5844458
14116086
4687843
20988487
29143579
21446714
2190523
5394345
27587088
23663345
24286476
28338667
10837234
23318170
10974570
17685439
28808930
5619191
13853197
5931707
18304975
2780071
8821150
19805276
20603125
20722578
18706726
14695286
27895037
5851203
22250315
20582992
25086865
16616013
8467554
6045488
20998440
29653893
8365789
1211162
11793625
1535185
15568086
24642760
13356746
6121122
1737760
13453896
23996621
5459710
453461
25538242
27367715
2841520
24591394
111405
18828215
11095427
5599278
5688843
4890420
25821065
24471949
2166374
28688778
6138050
12989285
19142299
14266202
20954220
18254831
18685078
2098160
16642314
9963112
16617963
27226673
25458601
28427212
19747569
4982625
13389255
2262720
23162599
24229433
24746706
5763206
17096044
22606706
23857934
9653273
3102188
9531983
17382045
19693630
29269849
10464366
10716095
7801950
14955164
22315737
18014588
12352094
23443176
20998704
4269082
7343015
21755304
22652728
25831153
16999797
24448347
11746574
3602427
10542129
6697126
5261712
10775343
11773414
11448386
2273502
10767164
16826289
4200260
8681240
28674520
3948183
13900340
28385731
15150357
16836411
813260
23601916
5944316
19153457
19206358
15864845
28050584
15534348
12212100
12954601
15260748
28143355
8511523
19181306
26657799
26783997
24049809
8515336
5378757
17230103
26737219
27670553
20614405
2874312
18975488
12482569
25244258
7021465
13281629
20868702
6140840
11517389
19712903
11446471
17013973
26514788
10385298
8582088
1110613
21950449
5947973
5167049
28058918
21369152
3310205
19641646
27758896
17741722
5298928
26807523
22683990
564230
25714429
12168066
14644321
9272488
5601052
3764409
26989355
13068377
26969235
13078756
8844385
12588020
1973073
29078445
17195533
19140943
23148361
15590783
8078750
27726133
11993372
9835898
26690347
15542132
13196878
15204058
4499185
14775257
12399281
9060937
11854997
1385603
15933802
3211334
18326097
12978204
7790068
27466425
9776996
25912084
7761960
9287451
6280368
15260101
2015862
11218142
15864307
19224579
7389305
15346050
23894064
17658017
11445205
13988019
598005
8407541
610330
17745259
19212051
2906899
4717521
10453479
11100449
5227947
6920199
22862998
10950205
27910580
5893989
13686535
4163819
2434523
101606
22718966
19622773
27734429
17660023
6156813
25839475
13044234
1338210
26493912
12394673
14594710
10819172
20655450
21432544
13512835
8699272
6083144
26454605
27343829
1681732
8480675
3188982
22386438
24074416
9788471
28644202
4115589
3788485
14631997
1850469
29914031
16891360
13815029
6792585
17531603
27673852
4040370
1081662
4235661
19509302
29811705
7674329
1943074
7354944
5603693
21720653
489934
15118875
10322074
27854948
13895656
25329158
3580313
24965771
14422211
3382329
22713152
19607486
2441921
3024633
22495244
14616551
9349496
20780254
11971028
11802365
23919372
7944849
26968897
11377930
19543247
16550950
9606207
24451383
5382521
2869775
67738
16936922
6379756
9615619
28702230
12368125
23822804
10325434
23686836
3660934
10871214
11220227
1947006
3036269
23768813
10146231
1875655
21870881
23909046
5842064
13852585
11061739
2660435
29399872
20282005
10385014
7159930
6167438
19445891
3145422
21690485
16344978
981961
8582497
17454584
7432666
2604330
26067687
23599908
13756590
24697253
23781515
23221660
17494714
20627044
6423441
14352754
27776295
9952297
22006757
24041860
28609496
12122819
24183331
18414474
23384990
17666289
8101906
23828927
22506418
28296125
27333699
1920118
24761727
19568377
23016393
28324946
18479266
24131282
10873948
4172001
9183761
2166476
7838780
2103541
18139177
3620483
14161712
21721974
22054336
28458941
12985414
9474292
8259698
11371419
21851456
12088792
4432067
3589338
13361672
10575345
5658522
14159171
19944692
13885901
22227429
6324272
11874863
26105422
24191040
2538357
28999822
16413056
16719569
645703
15623428
21610871
13285130
8802968
18959128
7456166
22645681
20275531
6245448
20211552
2108540
7085119
15163228
20718798
21235720
16331919
26358903
4539028
12700123
11900544
4574132
23162748
9595771
5151578
29361130
3143226
29351751
15009239
3613745
21002855
6094123
27202803
24020119
7840054
5861986
8788704
18742145
2537533
3346405
9232942
7733568
16760077
26972599
6259932
23611859
5279022
18832560
20098894
16650214
29122564
11717010
21339855
9700547
13525474
23923130
5507437
27798500
22828935
25053060
21087147
22828956
23558458
12426626
7723299
592080
23574971
6797583
29550250
21015615
15312893
16745151
23356603
4198329
11833551
10373997
5528914
9107268
24983388
7228944
23670618
11036381
8554871
10080270
24595462
4005637
6964637
25000048
13300301
22283264
7939275
7238969
10771772
2733819
26333495
19771356
5737351
17479285
29833971
18193737
21425526
5776898
2916187
5708080
1556795
28838118
14326169
7351625
16213286
24339713
17345032
13788511
5376943
3908847
9711368
26088649
2439916
8923317
20313432
29144822
24285829
21012833
11810849
1047193
22110707
29697686
21375094
16571019
1932646
2891174
11297535
5470303
7705144
27479773
16983900
14580197
4346088
19954892
13092053
2241911
12432379
4739369
7030653
22030275
23960305
765717
27674030
9163123
5481840
27569097
7078311
11207943
16193915
28327895
15414556
17800254
21330608
15474710
26694058
17121836
3531601
12555407
23704360
14276228
13340565
1866496
11427778
23287261
3938057
15445789
13735906
6814893
22026379
3183533
23589416
19326483
1077454
14978898
18251579
27566982
22907220
14228022
23024738
25312708
27974896
10923702
6314674
16106554
14012235
12400283
5598434
2584834
16065550
22687140
862854
1738
23904600
21467994
20062463
22020476
27944992
12100304
6316964
29629817
10780601
18838558
22323530
7349326
22085230
3040587
3675915
3867306
6567103
20281564
6223636
13589765
14315870
29672087
4556103
22669583
9973219
19746370
5354187
21191330
15399834
506710
17324877
23240905
15859914
14273241
22050963
13750863
13475010
6932004
24061268
10831011
17367529
27948020
12882905
4303096
13741006
25458079
12170492
27836120
16036096
5196878
16158021
23936466
29788565
26737710
29585990
24631516
13407350
7019043
25947086
24358767
5333457
2963608
9947005
6891158
24948788
1565065
20035535
3698667
19766371
29533032
2641428
17302845
1841334
20365133
8963123
27874097
489123
25356181
22538085
23746028
14514594
22019164
4218318
11346566
7112975
24550200
15929952
4501784
14994060
9640208
14737950
12071524
28031505
20122160
18024236
1205335
19505040
1506249
22648185
21352221
19583273
13537335
3300699
390381
24909744
29533470
24744368
17939952
26414926
3221123
5417687
16297300
23515606
18653155
4152877
9299099
23422088
4961857
16739990
12459648
16863919
11805926
27279097
14986854
19590165
2138839
6843067
18692126
8285591
24946775
13610942
23887201
15517786
28064218
13927699
603108
18999348
11699219
23870559
14588506
7819867
27888320
1988494
21037654
9238471
29870070
14962012
9906656
23704736
29142479
4823859
4402435
3619599
13429057
9630400
11562986
315431
16941628
9502263
19806821
23891700
15423306
14529250
21696165
23417520
15727542
25755661
18201782
29439755
26300298
21566419
1090641
5746151
27376200
13171798
25343804
4764588
6958415
13416522
22014180
18129858
24295577
17549757
11645159
8113742
27525863
22724986
29418087
2388227
13739378
18106260
19285559
24939459
22665834
7922096
5596435
6392805
7591465
1781712
3607170
10812393
26490053
18128399
25226430
16638816
3447092
16490905
11517314
10979124
2809119
28594119
26987489
3212967
1011358
17414202
3871577
1700042
5122042
8033532
2108793
3671064
11694307
28294628
29396224
8646431
12949798
18433207
20552284
15943944
22868122
1728565
10774111
25739655
8490189
29869158
1340438
27667556
27004394
4612914
25454880
19033456
1325011
22329067
4323409
1794159
22477459
29739097
17976389
14464871
25813273
14044848
16268358
25551596
9782455
10451102
8211562
27928257
19298012
23231684
255907
20998174
23714693
7325273
20006384
19015352
20664523
8956993
28821431
14219554
20589011
21516263
26359525
28572350
24196855
736687
877443
8650614
1331801
11035448
20412391
9350689
5640663
4650872
5480006
21089553
8092699
117124
20429349
20637726
9066091
14353373
15392038
9985980
9198476
21191420
25280795
25485365
9852632
22057286
26912843
16484612
26683481
27798195
23338648
5234413
18778555
3067415
2048374
15856413
14031264
9224383
3477401
25181049
18873016
28048344
25724371
25089538
17836331
25270966
2169313
17610257
3617012
21498031
3258229
18870324
27009340
14797776
16371660
15916000
22075939
1351322
13677493
24693954
14600803
13921455
7408870
29365262
3882164
11388545
15669226
28585637
17833896
28590706
13756440
27608300
12888343
17736688
28916093
9200550
22000402
3600747
12281547
11398715
24152061
20868120
231921
1373529
9030768
16481341
20801712
7071408
17343105
26346507
21024992
22342231
29933
4771329
7364636
20084341
24108284
16702177
28345240
27313144
13368213
770370
24093423
1131386
18535894
24502251
7312485
20581488
6722335
309774
10686122
25671629
27336061
1774599
1346718
17029714
7021411
18210319
1718810
26848389
20744693
16359062
22928719
7189546
6876241
9084189
26998901
494128
25524831
25299632
20559860
4152588
6386469
23963270
1670111
4112822
21606726
2171989
8023639
27327180
7319993
17321443
1852422
3262972
14451421
17825138
21970227
13924680
6326103
4749420
27416327
10002057
17173339
7486933
9534161
8146245
2105066
17224533
27030425
16080466
7966833
25952114
25524335
11132493
14311687
2287306
29821251
19820034
2070446
24855530
12999063
28678797
11167234
603354
1806036
24057731
20886935
16622339
5655039
16457814
15874846
28044548
18545286
16241657
13390091
10888146
22518388
15164488
1720267
20288630
28975485
28838509
19431814
8219782
21745965
28327169
18998986
18037710
15137235
4216605
5947697
23478588
5594446
14084091
14598402
6511772
12028004
26644354
10246221
9427124
2016030
21591850
9458302
5821411
14058218
15841561
4331966
2268554
15867619
9503253
28115595
4676592
3241830
19627388
16569593
2143423
12647080
8733848
6566938
25609126
28634349
9253965
26831914
26014703
18653321
19591416
7927517
1955763
14522705
1658531
16561297
2786383
27164025
19145231
24792441
18856103
1959224
19961715
14117755
28774335
25091157
19732058
9622335
12060825
15588616
28701469
9178444
29286282
6189492
25765965
10098576
9106760
6257243
26238836
22434307
23102513
28082900
26894140
25084370
4852627
3037262
27536143
6560772
2576072
18843004
13911160
26055970
6972934
7065364
1894160
29760010
23312806
7255147
3979522
20327032
16252821
27556007
23781555
22897217
906847
8501863
15360956
19189241
21946707
3654224
10081019
8639186
20494186
18113860
23841625
24434410
18825641
15854581
18448286
12949358
20290150
21420703
5610962
28620960
19597945
16421414
18538360
1780788
2094918
16577559
14700333
23530949
22729788
22986894
19517693
8441120
14690661
20760314
2841243
994334
26063282
2078137
2962269
5852873
14196870
7850761
25529318
22154155
18044717
29059413
27883030
26490839
1562312
9823245
2965120
26052656
11504019
19503200
3613301
17027399
18712809
22167555
24849743
10352164
4857230
647546
5080034
29836052
21354144
13275411
17139919
14124068
2136437
11985105
8928423
18996635
5022149
879196
21711887
1331455
21038377
28176932
4256156
7673317
17822353
407755
29343155
10930047
25525462
17225966
9122977
27740917
15154474
16436558
23948859
28384512
4642799
1577474
26665598
29309482
3096421
28373303
27102347
12418586
21249501
19934828
12567933
17299267
16482725
19238520
15161413
20906323
20388863
19129602
10302089
11516149
6457694
25441195
24269827
23979819
23410482
19597701
21038786
1581528
26858582
27112417
14466266
1175949
7399837
29457359
7626285
14838673
15488210
5579377
16983427
24373887
29719907
1779128
26038007
13457804
9749807
11378714
5816662
21763373
17139722
18409739
21595979
3941320
9638416
14310487
24745661
6208388
17729847
3538923
8229889
19065772
19221244
13195145
25413564
15131814
26088097
14823171
7309692
25732804
26371718
24225838
25422443
25286297
9114081
1232700
7204566
13055717
25317378
6771039
19071283
18152270
17294828
29249797
19964144
9193790
16690808
9696406
10974451
22098888
4141700
29814156
28912905
24664586
22941565
24011084
14980524
22909046
4304315
22979419
5857122
2293807
8885382
15807746
1808778
16416299
11556136
19692950
18649067
14394295
13765513
14040683
8733303
15410624
5123276
14229316
1413381
14188563
24291523
17037043
13119782
20992852
24974629
19171396
20218947
28417206
11752613
20432925
25052505
6677112
3544546
20249653
11324085
13208672
88949
7952581
12831030
436402
15230545
21982292
20005942
103132
21269000
10876315
17119885
3986578
27317676
25373868
5709126
669667
28531722
12143368
25118038
3503716
7315525
7616110
3684333
18229294
22248055
23192015
16193066
20272043
17194781
13125459
3166701
25565068
17372369
11420460
3708969
14308199
15367444
22563822
15494278
26879811
18818217
10932176
9010998
29297831
18660710
13160709
2766685
9012153
29456326
13136753
29632328
11500108
4474663
8866200
20362540
12875410
15602919
7665422
29785322
12590799
4092406
25080215
20439399
24493126
19692038
27684701
28480808
12441302
6447736
21113285
7512895
979855
25619495
744935
12826631
19009048
22069281
9556703
19618765
8270799
19512798
18607297
7347555
6102318
2442654
24241392
5755092
17050048
2079958
25231611
11517143
449814
13212438
27006946
8860296
20412545
29789992
7760609
4486231
7829113
7959006
22805472
18759118
28587011
9547638
24939284
5833852
6066434
21002993
23290929
14105107
23046541
25683464
21707053
27198732
18757851
28953218
3673957
28074373
23141702
13125878
9069196
6404243
18009586
7132954
23525901
3761294
28048369
530840
4275732
9729705
7701521
13700015
13478992
9390767
22819305
11545839
1637913
27769581
10819821
16540649
28678619
4491301
3177467
10661739
23939441
10695535
28724082
27213310
13062952
23758722
7473316
9309250
1524475
6979978
1855101
12170123
1651441
14663455
17807719
19483166
8280214
22729717
22170033
28439436
2800963
17497991
2806013
24107185
25409686
24077517
23754740
809751
25006613
14307138
15498787
8266601
21428173
29792352
29437156
25545927
28597814
16191796
19361007
23031166
24897195
4396868
11738255
14954093
17873245
26599118
20659145
1744115
9710145
20011046
17157828
25293308
12590503
23671077
22591134
6173156
14498377
17768757
29837089
12517593
20311152
5049115
24035684
16050918
9659398
11018475
17397228
4615149
19048513
16895842
19689237
25834819
4697556
22334315
13452809
26385377
11782526
14637136
2464839
20248130
10182817
2927008
16869382
19927225
21975239
3072406
29959265
16459640
10101105
6890269
18546490
21202059
29912977
1841093
1487079
2684579
26295628
20239122
28192754
9564447
2184293
3829565
16025749
16530254
9011895
26055097
28201714
5149014
11092934
26902666
14507039
21166330
20388479
27100572
6228405
6894877
11391880
23281841
11888373
28948308
8954212
20727382
20990966
18927229
7404449
29030649
18884448
11069607
25635821
7190327
16593787
17769569
13211666
22975285
24918510
27918134
25981096
8884735
13088463
26389029
29057921
155757
9610138
13442584
9872410
22364186
6824124
23974732
4222841
13595571
21552431
22912047
18966214
2394764
25086691
2893958
28029304
27387761
9133381
12355898
15953492
29778607
26866377
8909386
28592849
7682003
2544568
25697463
15868750
8414022
3854464
20567755
16545361
15740225
29596652
22586916
24351075
7049556
12777698
25541093
6289117
21061956
17198471
12937381
2266294
26312745
4000344
1289362
24262109
14263570
8286213
15806776
23797289
29651812
10904474
3651467
16417995
6419154
24709235
7409415
21862746
16970730
11606567
10240392
17277120
772985
29878432
18221920
547935
6328975
24925545
16116701
15200253
1344019
667504
4546060
14401582
10418469
4232276
2127685
24945611
23957531
26029914
18014209
13996860
17185873
3901467
26530865
1975767
19711970
5213601
29742521
14550491
8688507
29915788
1427440
5909428
26180302
10432204
15277110
10979045
716498
13783127
19344284
25175369
14088086
13393444
15877822
3381894
1692861
1607620
1748524
3440395
9325455
2417750
5832841
20090621
18560231
16144230
15933336
3853015
26085093
28284055
4164788
25594797
25812948
15567436
14624332
8179617
12674267
24472931
166656
21617163
1790747
5368926
5192526
25464205
8077680
3739877
27161693
16075291
17823960
7547071
4650538
19937080
8755463
3076884
19245799
27693620
29442462
28378636
27147582
7759272
8891183
7236916
26561071
8888058
5486637
17821792
24957318
11089532
9751224
28937212
13862470
23838456
13335645
17024516
12615582
8811673
8902304
3907448
13552086
27136203
28663779
7880152
395211
28901508
17998926
29225983
26987047
13292933
27766068
27174899
21268515
4310162
13330675
19030011
24420389
6891876
11542440
9820560
21259553
16512455
10588889
4353373
21280251
11707515
29884052
9054982
7811202
2042628
15171171
20628304
15461452
14203961
11738304
9736962
28515425
9586252
24052076
9863816
2943922
23133474
8244395
25246936
22755232
24292104
15064787
13160940
22030541
19933502
14285789
26513146
1354704
10922182
1659582
11262292
390028
29652211
29867677
16118211
21805119
22719367
22378016
6827056
23909764
27671816
22352223
15358959
16859997
5475334
8753773
13258939
1726735
5477435
23523668
25364435
28445934
13935501
1850286
16559750
21983991
24872716
1186349
19186340
15370758
2380776
20160115
3905196
22346333
582285
7989534
21078193
17327528
13910033
17855119
20481036
4241327
4820373
29789588
22213949
19076180
11730161
26040050
3601825
10697367
8090142
3299902
23013903
19308474
18186574
12650786
19982423
4734402
3281789
1719065
24061991
16458611
16636153
14603192
29129291
21923772
16643342
111688
21529332
15828476
6559091
28413985
28854224
14257882
25582526
28865376
14417907
21279733
6589832
23763353
9463112
29897877
26217540
14295730
5001473
9004166
13205022
21379956
5233023
21966064
27268398
10214796
25736499
27943356
1145654
17885171
13958089
11752841
28564479
8930896
11892624
26980967
1825487
1019957
13890374
13045938
3670574
19613843
7427911
5177118
27451669
15916515
13410942
17189024
6030900
21315427
7723032
10165822
26779635
28500146
1648621
9181131
7677529
3747235
14229477
3624162
58790
11846927
26388226
19432027
18695243
8869613
19277197
3115508
22850825
25438385
17864563
14318676
3756239
13674134
22618621
25690850
3874170
29641265
2344432
19164000
19210155
16726233
203135
13863042
19545780
4580514
3909057
22892258
13788263
18612415
10228519
4344770
29265723
22605869
20561976
22666162
8429024
24442338
9574704
4100516
15051332
2179536
20332534
19559009
16186556
14778994
25973112
27404288
23509518
25477097
29132334
17133771
5914598
19204184
10328497
6516674
29093843
13439825
14002677
2625596
6135205
6670527
11018381
24486978
18925897
12461080
19899062
10521989
3993715
5353512
7788314
3436418
11502146
15335099
2731191
1813314
29630831
12299628
7072169
27399498
27611260
18046022
14076592
5253129
15916332
19976588
14120385
22246091
25168608
22421650
922912
25266539
25927975
17058531
5739423
15107385
20673856
7934808
19998018
7400185
11295467
8061571
9466475
658554
21929598
8823779
29095565
22414316
14435186
8761062
7141732
3209690
4317503
20503268
6158945
21312888
6852204
26386291
21770972
12365887
6912268
28319103
11999654
7767840
27813618
20335615
5193587
28799423
20031113
14230777
29453914
28632418
14079203
5576667
15907897
17608073
28159305
1358564
4983638
20913049
1011913
3636387
14354671
24386937
20185767
9858055
27920835
3516140
21140499
27502207
4914620
24522621
28882448
4844959
13061982
11418115
11266714
25550102
18874822
4013344
10382893
22000244
9080424
18185498
13938536
7863854
7144287
12090789
4867187
15900741
5651647
21929106
17359556
16855198
13949761
969057
7870057
15148879
2590206
10037937
18719297
12578365
4023748
11713900
27302178
15730364
23853974
24317659
5749904
2970961
24897789
29780719
10520426
10326885
14175897
24841043
17609287
21386220
15671608
1381711
11280408
15909371
28010454
27628471
18947873
25724283
17512325
20767394
20590379
11859964
25892836
1368999
25971900
3463124
3047075
26499685
28552636
29078889
7907039
7424009
16141548
1462967
21222557
5075065
22203330
22729707
11756716
13342246
23757329
23430248
19257570
13635520
12178935
22761076
460533
2815076
26531225
7004901
18539011
21692704
22968193
16819927
15058356
11917329
24575070
582825
9895165
23378132
7518237
12375026
11743870
928633
9716598
11269568
18468699
19007400
2442106
29944966
3707738
4342488
24780328
15476044
24904627
22775848
25797284
16820475
25408212
26784799
9622910
26117484
12186367
28214448
16595540
11306254
769164
26738400
21825950
817965
19776406
3174746
21458031
29967894
20709942
5559798
25687782
507398
7482888
13930876
28230456
1129893
22176079
2894803
1864422
4662806
16498463
19338028
6934443
17662818
5918315
827263
8419447
17107363
5582240
20865746
14189715
27642132
12619523
18114414
6235760
523704
6010282
27640320
27895292
7234884
5162297
2925297
9292588
3154958
13661503
4335310
9453416
7284985
23306741
8493560
10481698
28925070
18355041
2247836
14329576
24687284
23947714
29147559
20779567
5067323
5216389
19420659
4564089
4796005
20914001
20274580
5896000
7259837
23864435
24594805
26026600
17033910
2350469
2283313
662365
7526578
2942684
13186155
5200296
23873629
16428296
21066988
13795650
26645025
1024450
21415225
19794652
18424897
13370328
10129792
26344825
27928286
13986496
284984
6414947
17913995
2948774
28842262
11554073
19117719
3572250
16923367
1155146
3140089
20346483
3385808
28131094
15546042
20591062
6375351
623821
21131905
20608263
19115676
13248769
704662
16988408
28246017
17603206
25041976
29002879
16702772
18558990
14417410
5534013
23135332
18185419
3043376
23702790
15263267
17864365
21361290
12822175
23294849
2913869
15623278
27342401
23220803
5157247
22802461
23450652
26592957
18040669
7773875
27487972
3752978
19820949
28242089
25705581
20034406
4781574
21404105
10539908
6026677
12187390
4070874
24418638
11077603
20961202
16625524
18784594
26280431
15339945
5106365
29118211
13283423
6336518
28033625
9589535
29843227
3990570
17395761
14705418
27334569
8521712
5732494
23917011
28456362
1812092
2740590
20223568
9320517
29867564
29471946
2400160
3823072
21506520
27214810
20487380
13495045
932499
28733493
22180441
6824667
19724397
12600588
28338892
19051240
15904258
14676713
670718
24362290
17753881
21283693
19767150
6071266
20404219
12524066
16744696
1134667
17903612
17790592
9093654
29699496
10849758
12867935
7887807
17899526
22872980
22587612
27585328
2210042
15747697
13540646
17404952
1208030
23684081
28826345
3736065
18959541
23382277
527872
9479776
19755136
1975555
13982347
1431905
13326039
27191465
29963304
19294314
4159623
11917553
28394378
6327446
27696267
10011550
1236003
12583962
6499138
19642717
13195636
16935509
18803017
16164600
5253560
12039078
27492637
23515520
1068105
23249998
18100855
21816161
27572197
24333979
8013300
4853793
13849618
12775625
23595841
27600278
17648460
11405102
16047448
25250835
14758538
21298760
21372844
5254668
23280098
25250291
20104527
17218380
12416036
24613204
28515789
10521188
17392679
14924796
13225254
28622626
22202450
18269372
19963665
13298424
23753422
1437553
3699721
28848244
19625597
13521865
17267278
6547710
28608983
28313830
169247
21058678
10859390
23474762
25067517
17870953
14300885
22377964
23445717
3219916
8313781
20660911
26531429
17922691
27582384
18047066
21052718
16270870
19905155
17318481
5248679
2417896
3064757
22418923
19604327
23002783
2263465
15965530
23719403
22939829
15497465
2364051
7231850
27159119
17490409
2605614
20437469
13237698
16307217
4615238
3774994
22282625
7058494
21486410
16919502
16183046
6578646
22771481
13837208
28991891
25143114
27036206
4512147
14627954
17016893
18710201
12891570
12825070
2910235
3903515
12474353
3714081
36300
21284057
6625725
12249925
24409336
4198958
27227036
4740932
16439771
11725981
19543568
17826766
11853323
9547880
4787602
25372511
16142171
3711827
17975563
3452397
16214139
4402848
15381332
168278
4052504
13110246
1960162
25972001
5867594
22086826
21392063
22031452
26833722
14448152
10327185
7371764
27590978
26930909
4157920
12717377
24231390
13968935
7474573
5204944
24303148
17497988
10884820
1352778
22149016
26459401
14706601
11414260
21263620
6402311
10606613
9025447
17089124
6987705
14632483
29971066
13002377
20967057
4648587
8316196
1962955
19825115
11560220
19734167
11575571
1655120
3165596
19514964
28569410
25914685
6215891
1973557
10653812
25340641
27720983
19709173
27492986
17726430
23349091
268276
119771
16715005
26003540
17951150
3366888
18491246
23629104
8292288
24363149
4841318
20327177
12800848
22806227
27314862
22954488
6113355
20274036
7465876
1842777
23632908
29690029
10170856
27687421
9539564
15794821
16663395
22396892
13817998
22386201
27225203
16913720
16559665
25359629
8610366
26084080
3858225
13838377
19038487
24783008
13177055
1609413
9378337
19513967
12563413
191407
4871408
15020238
18160346
17823367
9743278
13156640
23809205
26957491
20024516
9603203
20742401
9522790
15015611
1180991
4464858
13820635
12747074
15371754
11924575
7685648
1874645
10730261
20138312
2536869
17690358
23599028
3985624
18544336
11782512
26778141
25134940
19885257
144668
12280242
25620190
20095063
9741628
2314905
3414013
8844328
17125800
22403680
24769423
4120926
17556841
10470358
2844768
18258717
4410396
28185643
12613101
1646235
24526071
18444124
11172352
20014203
24582639
2962402
4578277
6886523
25928019
8454087
1665957
22087008
26506541
10212799
22383956
825927
2341179
3097057
12142582
16041060
1841127
24334689
12984095
25476284
8106077
7335049
19278617
10126794
14044172
9861594
4039890
19456889
9831183
4937317
15665101
849508
2852928
1076027
23239261
16642168
8988699
1595065
27782615
22410143
834159
18119060
16003627
15244743
22848540
3403103
14449343
13031490
15633852
28190512
28243831
14236685
21398097
1226755
4957965
12879113
27776434
24188370
20628834
12572680
25904091
24584670
21035571
1029356
18608378
25214097
15933969
19691867
29980518
26134093
5910126
21314261
18590486
19798677
14743620
12302619
23139103
9240743
3097537
6846492
10486082
6078374
5307951
12975413
5008254
17898825
10518034
23656051
19258255
8894732
4943924
1960
21013809
16691477
22253629
27968480
19778812
3417260
21541623
18857403
19065598
4872120
13593385
21136569
22637046
23321218
15387431
13478256
27729725
13626394
12296448
17191009
5596998
28304317
12811397
8295835
20377595
15939284
26189299
138853
28370696
12220478
21611325
93661
26316201
332724
16709779
8532004
16093104
10848834
3211997
9005752
29997968
5497772
17925587
10175181
8316098
25444956
12329187
5486377
1124784
24920088
19737742
7869877
22535156
14815170
19740198
20254156
4046801
27009558
24450378
5834483
20100044
22525684
24918745
1594325
19917320
22056043
11242051
13473162
7564782
22815902
22410295
6884605
16120347
23891001
26779902
15117770
17946541
13429278
26601372
23324590
9557365
25056095
9484839
13096457
24522343
10751565
15325563
24610792
10804752
14306453
3427852
13879850
8909047
24213116
21100168
1882789
19592551
5402102
17806532
24234228
9285821
23929545
23377930
12026423
8196289
3943679
22394364
27268772
19844834
9173341
22461789
14101342
22135567
12069216
9806013
9837754
6198598
6922469
14556453
8280340
17409339
7370949
5434152
10367845
4009412
5658450
14589274
2217900
22080143
21507291
19059914
23598599
12551523
873912
23929638
16741698
27556379
14276733
14699484
26854819
25498957
503638
29856519
754363
21060957
1448760
18053606
26351029
3411738
26718835
19776212
13841339
24209621
1438645
16610943
10064886
9564773
23262011
6645768
1798501
6300225
21751583
24011072
26462266
9018075
23789428
703871
16071024
16331257
23828837
22590324
20247693
715262
3359653
25724371
28601060
16716368
19194244
9227315
2177944
4941058
25914495
20752893
12217348
19124058
27428345
25173896
814243
24079012
23444017
13822537
14728758
18496821
2825429
2174262
12630013
2115541
7144512
21176085
22088021
11038338
22017678
28202587
22484562
20408694
3796881
1524021
22571981
23619646
24307976
28743921
13385644
12516985
18281935
16698361
9339814
14338175
23916074
4229654
8868249
14298754
5240540
3788162
10646585
26733692
26358472
1181170
12963364
11694659
23367144
1711445
4751521
24031035
16862133
24365860
26895119
23444078
6136877
24132552
16228271
23506744
7846867
19748986
5842074
1768474
1223407
7088148
3857333
23830401
28518866
854292
20967478
13528103
6301046
12338768
13571051
12768501
15311544
23875867
21741284
28202689
27299817
7651853
14425746
27569233
13793695
23728071
28514319
12215205
19040374
16150506
17136899
29177772
8574688
16893801
9497554
25383941
14008744
17412224
14253778
24634880
8050011
5102498
22512605
7109540
1930442
442031
14844971
9412657
27992681
14538184
20308739
14483597
25825447
24807367
21485011
22884404
10484619
22211133
9402818
19643080
5081154
5901350
17532878
19386850
28659955
489431
9690772
3268828
9510126
1083984
12593588
10847790
24629217
4592212
16926129
6210663
26841518
21075110
7877779
10550853
10004138
334732
976011
13762542
28624272
19176455
7109328
15396829
14314489
13211647
3372584
8496433
16307753
28450430
20220753
25979549
22827329
16757500
18208109
1092459
10165738
27993940
13210298
24563377
9640477
6591422
21353645
26367940
21438425
20385041
16346393
139553
4187144
3098832
14543741
27656952
7235268
11306876
15358188
8072650
18323374
15499686
28753480
12593647
21265086
18902856
29180653
21363882
18311410
5264987
2523790
22278176
18225333
11455255
12334785
26893428
15852167
13348966
6715679
2588315
13299159
25788333
3673146
14065377
434327
3203523
2401960
5337242
14849539
11082253
15782814
21578343
22741144
9358452
6440998
27396529
1659287
11866913
11648378
8271081
22874428
23870682
20314650
23751974
20235282
29700597
10286592
18558064
25786603
8721257
26500512
7784222
26753579
22055763
26836333
29576544
26414629
29427897
21941837
28068451
10941533
111161
11383653
16573563
9036898
16334622
24641218
18517793
26129710
6883545
2283019
13598674
24230970
4693041
15115411
4892628
2578718
14872620
2652556
16948551
26697929
25908722
19535563
7881719
28234538
18713779
14006022
28507688
10086903
4851828
16922153
4537848
22800248
2984009
21257863
6563357
22834001
27460159
25293178
28857236
13722948
19585504
25679684
20263432
15621785
23688544
11390989
8422833
21419557
16179076
11101703
9387192
2254723
23369305
2719709
2175673
18159224
4713797
7430595
112537
7471580
8079469
4538555
16355388
25667358
18992009
26973912
1223522
22527419
12023706
5659222
22121741
1794027
3788756
1910498
13254343
12747596
2048014
5082089
17267296
5451860
20760794
4344696
6988508
26508110
15663969
7119524
19164630
1030094
16340938
28471768
22774204
10321969
9764184
9958266
10089290
10359089
14761840
24479364
3402823
17900537
10332172
7357250
23749801
9003949
2776573
13014708
29618105
8054073
10382858
24937516
16775308
24741026
1997075
21251346
19174930
22284932
1366306
9869282
5507090
9129459
28406050
14697480
28901878
7867047
1427340
4510195
17252258
10526917
28090848
20587679
23444053
10625547
7552235
23115154
27365987
226610
25980911
5569065
19411331
88307
18933490
10692804
12942837
1313211
28071521
20180127
8269954
2536148
4473816
13736992
8757966
14178161
16089955
29368138
24461464
6989571
17859244
17219394
21999899
9866720
23099604
26576580
849990
18012187
23027003
8020295
24555068
3139094
24994213
5400684
14082380
14182287
27792619
1259442
5336082
28971403
3329860
21078864
11120459
25387979
24110221
2960495
16973134
28150539
11735377
5495279
23796153
8330595
21263674
11021126
7030476
4039059
17277167
21645905
21537230
9992848
21693883
10822410
3884630
29829896
23983461
11883808
16885394
4939542
1702466
21437546
7213012
16763806
26743336
20168586
18941431
1014896
16646771
23520456
27809855
143913
21383627
15219102
10652002
10549485
4489493
14675074
5867787
22164923
15312593
25260330
6408614
3575722
22423121
3204699
25104248
4814443
16372594
28961836
12888966
5580719
5480269
6070027
28250632
16836942
26123565
691565
24681222
16099556
22663493
25912337
7757320
17269863
29103753
15018008
19696488
9322980
281348
16493483
27026652
17951707
1323673
17359188
13011528
1076804
6541249
2317102
21218932
6628819
28590301
20105563
5036501
12956763
6040502
20749905
4907217
22087514
13360461
16116741
23697744
20342239
18515033
24098938
23610078
3050562
25679572
13443176
21011152
14175049
8902294
28485849
7223145
12998207
17779937
9017404
8174050
17890980
20304843
6025234
2829342
2491801
17787755
5211503
9032301
21828681
16215240
26380684
26258284
7746511
12184608
740913
28035826
7371065
12678849
23813499
21931571
930703
7799342
18472124
13066176
27389371
20526799
4278797
16465802
9786486
18504850
5884273
20090625
11889825
10761659
5763352
10036763
18335376
19838345
25954984
6726371
1812303
2322910
7419009
19083415
10762008
23916510
981048
11739626
14783165
25745335
29193429
27645688
20411
20785268
8620239
13630704
20237741
21334492
5048653
16103071
8548835
27489612
2830665
25583580
22636518
13443070
2105957
28054984
8266044
16453230
8799517
17500298
812512
8105496
23564753
4137890
23420062
21054317
3942634
25186086
20220758
2309597
28283015
29019584
6079380
5238098
1032981
3298481
12024711
6573340
3925859
21713449
21957328
19307243
14063506
29100516
13149022
1786289
21346745
15574239
981117
1621183
6011582
24130442
22029562
3532026
6598612
5342045
5744654
1059645
8895687
8959275
10300592
13525791
460417
14412171
3915782
12613483
13587311
19302395
7151558
27595481
12214110
23082621
24665967
4995501
25306615
29738902
7815792
25905888
16719739
1733779
15930406
4759494
26696824
24148521
27290698
21502561
18206823
1689985
18428357
9784489
7222083
23880599
26304096
18460339
26187591
15561748
20351600
10500301
27673774
23144270
13048825
26098925
3342667
26436407
16647283
19595285
2830111
26485683
11897731
4721552
555330
6618338
19169710
9723372
28432760
29876977
26827959
11874868
26732774
20558118
1887469
12208349
2744519
1709228
5424293
27468592
18801046
20371181
4426025
11446836
401830
18195607
17435904
8876652
4482816
9659373
9804811
16029247
16772194
14019066
21140113
22896538
16839599
21954180
12627618
19071685
10264897
17398744
8326310
22788216
6048440
22419527
29202193
11693829
29349853
25763847
16466026
15477545
20813691
22522863
14607546
9909951
29697324
18310233
1902945
22994981
11271302
16429915
29805220
60944
2807185
26391197
240925
8553753
9403021
25672386
9492850
25866508
22994042
18958430
22794751
28190025
28151246
11841081
18419202
17820
7948992
10822499
15576211
26569753
11010900
20925987
12749038
11163085
7716954
10739090
10604633
21078608
16859847
11602298
22504123
1846015
14898200
20672904
16695994
6070441
21502540
25588977
16117714
13438219
14075242
8912035
23775058
6544302
28889532
1378774
22190671
2034306
19274124
26779411
19858145
7165298
3329695
23461301
10207672
18446318
15694979
26868344
11501555
5663220
10540753
3191779
15770635
20293187
20080868
18885556
25563875
24108440
9624044
19433765
10637787
7398967
22435227
21619791
16467570
9611360
19250178
14489654
20034347
9923672
19593709
13967961
17022482
12985449
363931
28708010
25195761
15343975
25283375
5028
2477929
7285932
28055620
2958536
5366752
18913444
21817892
5700542
6114402
15059186
25070060
17686786
20147536
18903860
23998612
20597564
9783563
2267046
22726832
26142093
8441129
23680305
1706544
27475787
17748347
23837578
9528069
5314833
19895093
10172814
19418582
4606663
13003166
14302693
21535482
7668469
19259958
26205023
9768707
19887333
2676922
19621412
2165951
10825104
29648182
11367922
16935718
6640420
19927143
6135364
3244124
4377229
8418617
23647199
6332652
7184381
7479726
13459991
22941762
26388561
6417624
15150204
17443072
28928945
29687078
28511548
25504125
684888
2840850
5884397
13631360
25946496
6237459
698032
7498538
1268756
20368777
25364044
14744126
15342169
28282045
26850311
12299354
19979210
24876965
28231744
24157254
5115216
7186214
10063392
27514706
13053860
18348490
8263002
15637660
27907266
9653701
15043764
19735238
26481147
13132960
4624264
538500
2634342
126048
6322590
23664492
24420571
1125474
29988020
15965482
20317723
15160102
19825015
15683410
14877990
5894194
450888
6476665
10821091
8888947
15422804
8652470
25656195
10742628
5358167
25851543
19972700
20484245
19908479
27479584
5277213
21019098
5191539
4597572
12468488
28160126
14046720
28828532
24877786
12207339
14466339
23736180
3233307
22088093
16721250
6094608
29223391
17746966
14835653
7117262
9321104
29790148
18757693
2796307
18976281
15598670
7311408
26382243
5768746
18538459
1246955
27042883
19975262
24770808
6755569
20607043
24626475
12432919
20096288
25439986
23587243
23635815
10124820
28538718
20283303
27373393
7620999
707171
5484267
16304622
27349650
11698750
23206237
25357347
25639590
27931051
13190451
22227672
20889166
27484564
3471633
4742229
29395720
15245818
3964093
18033394
12721336
4471470
22672928
4461539
6171334
23452029
6794122
21445170
23139399
785788
28284851
18916814
20081216
28043140
678803
26710645
29875249
411355
15966461
5900133
7582196
8625750
9769282
5572983
25951022
21312734
18065306
1171105
21413583
29651429
28800501
17973100
9299548
14079834
9931449
4133714
28397542
11976009
27767440
1262039
8494335
2840212
18473659
13234033
25098779
14023220
19453236
13663902
27429796
7700887
24471516
18565729
8356121
2493299
343974
17663223
22400605
19986770
16522932
14421349
23478588
1351155
22794806
20147057
23991450
3153755
13604243
15328541
7936401
27389378
23436520
23035008
11287541
9753561
12592862
22681985
20343718
3526866
5144333
6828025
26497532
22158332
20709298
20433609
20832479
19815318
8481916
500914
9155362
15145088
13886507
3489400
24888427
11229821
12776525
2648105
20511209
14579818
6621733
3165563
7847816
20279354
25800029
5309404
14043750
19706926
15775985
29149823
20380191
16863275
24166079
11510797
10368919
24061917
21050263
12895834
16461568
4719394
11269145
6771462
20284827
7598352
18487533
5502062
15490328
27159744
17306470
19193641
18905018
19842326
12361677
16871630
15420406
13640923
17065075
12821734
14013456
23584591
8360161
3568576
16716154
24617694
10784763
9141019
853536
14710511
29300359
858397
6946997
27580269
21232574
8091077
14438058
24568944
29786372
7202724
13911612
26797271
10000099
17282141
29998340
14997305
26286582
22686811
28022206
16606568
24981570
10983853
19386286
1837357
249381
5720909
17971285
19742458
3838352
26571843
25064801
4528368
17427067
17602912
21837113
12299365
25051383
9711029
5216690
5732158
1898606
20692223
29720448
27046486
796694
17216149
14096047
17097059
23898066
21668435
6206077
15608830
11833554
29753111
10395458
25047682
21754169
17416105
24623243
24334356
28293632
13607941
9348723
26217102
28336090
13414319
11175102
27904272
18330635
23557536
27882492
8818047
6551925
27655326
15109097
16538192
18997754
18221077
6568090
21612393
20813597
8933034
10422670
19132863
11563861
13912266
27024112
26262695
5207695
7376811
806128
21767842
2625449
15350483
4850699
537133
680354
20815416
6657795
15995772
24942405
7814498
21787999
6902641
23133056
11904228
22717750
19188044
6823545
22581972
23056841
16521434
3654532
19728490
20291771
1848717
14343731
17732719
13477564
571526
13388692
24891012
23653439
3884202
14132554
9871009
11087470
25649802
8537488
24477313
8049784
13579252
27230322
23105518
5596235
12615925
16082208
3318748
7724879
10306765
25311360
6871494
24057362
7056206
12827441
17281278
3176213
25707151
7471811
8620669
18381686
3983485
18682194
12803450
19742313
8474156
19601155
4532169
2551708
14307810
17922798
19892647
2115671
12478135
11094497
13696282
3811015
18522807
28420105
27249848
18318502
23423986
21554628
10042318
16848905
15200140
14286878
12481746
15665459
22713841
8783203
4300420
14158376
10650067
19096041
959263
19695421
1819690
25597937
10015416
28546562
10612323
11834977
23356460
27377133
25780799
6074619
18145882
15374457
10832296
19735205
27543369
26840815
17998659
15399313
21129251
14103047
12886957
5110429
3015707
7202755
25801476
29490857
3477095
27694371
18037053
19898869
26650710
10816852
18753095
6214479
1700468
10395320
21349397
19053399
13968012
15825427
24215118
17032895
16978625
29695085
11201033
14543133
21991125
22949052
16246212
18399809
11539736
22656431
850240
22503468
25131780
10865880
21475644
16915679
1210762
23547732
1888973
26714456
23346463
6877212
3615853
20897213
5615007
2842092
11919384
24705087
26470661
4674915
10152554
4113303
8556880
6412778
27775314
4868609
12632615
28927363
24140280
21555023
650043
24185363
19285278
3218828
11132506
17432710
3991355
21074094
6151958
16279335
5055858
18695168
23346897
18221006
4393078
23669531
19282986
29379210
5168516
12624932
16173780
7710354
1638037
24140103
12598441
28247643
8033333
23197536
16903796
16332229
18798326
16214022
13050702
5275743
16920026
946124
22269624
25150660
22973391
27818830
10324408
17104164
9692438
29237724
22842589
5575063
29305249
28326121
26897659
10566859
2076238
19704940
12421166
5811245
8943553
9888630
23172184
2189494
9453612
12454941
17711542
20638889
9070952
15829756
25421772
4255318
10161173
7133332
13457066
8282860
4165132
20944808
8657779
29972107
28623153
4546994
27307574
18541632
8655666
17651412
18434278
24038792
342591
26827255
23151476
20806501
5670024
13288497
10343470
1514443
12802377
28425872
10672624
23578158
20957388
10979484
4404835
11743776
21819769
22546606
16587943
16000829
24474665
10773293
5066964
26230774
5534994
7590555
16709110
9717438
542877
23684871
7671202
14952766
24874563
18514636
17469115
27509267
11883031
22861407
16987540
29555768
24199109
28959489
5016218
8913209
19420812
17607534
6198335
29653886
24689174
21382772
18414394
21770902
17439415
14889646
15522272
20612580
21768662
26780885
8141921
1039420
3800407
27419280
9969048
26579007
10025651
21203201
21522023
10098192
21845980
24402986
18125614
27461149
10431366
3068251
11525523
12494994
2037882
22255258
16070192
17557554
7551119
9083448
8243818
7987078
18998266
12459769
23241498
27827936
90973
5871840
24357743
3868199
822091
18812255
7409233
14844176
461381
4818956
26833892
27772380
18489343
16704442
19103154
18970774
17771334
986001
17455542
22378472
13284539
10990015
25444334
8757056
14465187
27266453
17439118
20798837
5974663
14454858
22137476
11904538
11466181
25174594
13152960
23483652
4665334
7345037
1722422
18934264
24361202
15382598
27547546
15244271
19357326
6472098
3393136
133508
19369590
28176252
3839456
28688876
23245001
26399897
4385346
2742183
5284310
4687769
15554507
8241423
23640231
17813607
2423100
6543623
11890474
20027644
15249802
19356760
7160513
18698218
18976683
23695227
3221265
18252307
2619733
4685883
8675397
6293050
27622230
6855342
23321502
10227108
23446982
3698279
6661695
13681900
14111887
25201720
12390533
21203059
27484771
22305661
18307660
2632915
7736839
11685982
26119809
16190447
25840851
23503408
12313943
26496523
18324628
9510608
9571153
29106066
22371507
2880383
27469097
25866009
5804927
6258127
17630897
21559107
9661327
25807288
17826760
21622189
12343181
14716157
21314475
26647389
7251653
28002331
19827658
6428109
2365009
15163199
20835694
25251956
14858100
10601065
23718242
6151476
14713999
26223766
9940773
3317607
5928438
26424276
19020108
4096734
29650908
6962267
12346218
23974190
10560641
18699914
19388767
16861719
16156209
26993304
18141161
28850055
8516469
29429494
18179047
3815377
10397425
18315163
17872266
13651868
1096336
23498421
13801671
21439730
9631646
8716029
13694855
12324170
29935663
3565376
12801076
7439037
11876969
1771992
5810453
10509912
2612116
13654264
13621541
20024693
9752203
17982690
26522265
23782553
16225330
7047477
5793140
21784335
9470213
3501995
5978928
7765023
7603402
19542374
2056120
4657799
27334498
9189638
4868691
22433410
18517763
19386318
29191295
16151819
2959164
5204678
12188143
9238173
25515478
20314190
2497551
19649760
2275458
11815156
29333085
6340000
26113926
24986733
13872046
28224580
12140855
25052641
24006853
28478242
1626736
9360498
20797732
9125006
22211527
19875445
6478992
24588940
4621052
8414570
4387683
3261141
5401895
18126920
28818988
3456855
6678766
29948785
15205894
17774478
17344191
17694833
15383225
27907073
8832567
29264665
3446676
13504682
18378078
5244945
10317867
19087924
15552354
8733812
9196148
27646107
249106
10060151
19862568
16098576
505508
17051848
13027998
25045924
10745743
28988493
5687394
22183786
21650179
15550771
29950965
16663843
29944934
2678762
24377949
321264
28352791
11402467
4329855
12266426
563647
4173267
2206393
29796399
7932783
25427146
22766472
10242849
21719027
26593417
6486054
29765631
22266126
13773097
19107893
29888061
8523073
4364789
18455927
19816665
29101822
19274151
24279596
20369847
3270103
26328135
23150655
11289418
4000414
29430061
24248407
5959722
13577890
18474818
7369289
26678197
27339265
25756343
14811424
1979512
3457277
3948231
18410287
22465197
20713528
16229203
1398714
7251647
16727563
6270957
15689670
7760768
23327640
17734355
22868778
12259053
14179616
2750453
540387
24633738
16919056
24749003
2409179
19253398
8011179
24791263
9435589
4480361
5976864
20880365
12225035
7385534
22160879
28043535
28745915
25848502
9663476
1013225
8999249
7574432
2897661
23685736
26269550
26021716
2012005
1856889
28772057
11559490
7456911
29211173
10516757
15618080
26675079
3225215
10327286
28703812
1027915
28208708
20828931
17386533
12175712
15521713
28133961
23789943
5047075
18697649
5609008
20767671
14922080
12099273
19774744
7469212
8757133
2596363
3020394
7502146
28035839
280151
8385380
7624046
29339511
4800767
3335169
23522543
7705264
13792995
28893186
2082111
23122528
25167569
15386567
9248836
16914477
17729357
20489805
24305865
7639103
2625500
582462
9233191
19463106
22353350
27093167
11352486
21774998
4103532
4598428
14827068
4483260
7094100
15582407
9559973
19932840
25890009
7407282
26105884
15909041
28112754
8130693
26706291
11024439
11330518
21764100
3584452
14991462
3830406
26682151
26931742
21514024
11957083
6495028
7997469
22483802
21385177
20949938
26581614
3248666
3236937
6213390
1907778
22952544
16309834
10499668
2194473
18837730
13490544
19668516
18040753
29200453
3236047
23227438
23526695
10875542
29094660
29736872
5576068
23155923
4772433
9980655
14368116
6055425
21112174
24928841
23633482
25787592
8414498
20883942
20899959
22558765
9645998
23238429
14144278
22515428
1289322
10454657
6556714
28806740
20105335
10538683
10425698
19679529
23101243
2916238
9398097
7112213
23173597
8974755
6628573
8886533
1002279
21560793
3935874
3359518
19664077
14787155
26933180
28686175
26386795
107929
26947640
7626619
595741
20704151
8617806
13868627
12507643
9967461
26247333
15241876
24520163
20667370
19995954
6033339
14758120
13188309
17799236
9462802
8799716
19729769
23128643
13151319
6493700
15589316
17274711
18784669
884220
8336986
8706521
29420074
16935117
15542019
25934075
25587957
19630728
17751031
20443409
11476853
838991
658442
21321483
17839936
5280835
11799164
20035416
5864329
26228431
13944700
28186934
19783348
20123362
16513760
6508118
21128436
4607432
18375706
9101323
4940423
13594266
5003901
18498942
28333662
28032424
24810930
25769195
26041556
18830384
15098552
23463199
10964594
22698089
1940666
18426856
29018079
14965042
7508520
25099774
16486008
21160973
284400
19574586
28918324
4996372
25377627
15000249
10022676
29343836
8134938
18903161
21282533
262448
27905594
18541309
22510755
3652977
6646612
24818594
4559941
11252650
28267181
18044400
14560702
7330561
1700296
4892893
6209303
17285586
8692815
23302255
15056873
4209328
10241294
11951285
11342178
19725918
16561887
15676212
11685325
8750487
20573658
18867008
12356737
25239179
17988159
16230151
2151632
9242862
25690759
26068539
5752803
17462994
102122
15361580
25226148
25598222
6319297
10735086
15990078
14287723
8078688
21680051
29552300
5040232
29363624
24104824
20407228
18591294
23246927
10251090
26379877
25153282
14551974
29073866
13557011
14611955
2696028
29099028
9452643
18769719
15673058
29135536
3452059
3980478
13641861
13522419
21234287
19610920
6462542
8016215
13754024
27727750
24306976
29028987
22410250
2045108
10756203
21573448
11905471
17061852
20524885
27994301
10220109
18973419
23035839
16624077
27785928
24750029
28196604
13297921
5438692
5900991
4243345
25723700
25306400
27955628
201508
23278260
16513988
5279266
29552487
22391064
4476618
3146865
11988399
8253658
23758203
1182649
11489436
17791449
25419700
20393005
808890
17041461
20353580
879997
28649772
5011792
14701986
25657936
3500081
29528858
2766359
2259995
8133791
24497447
14423932
10591219
20796883
10543122
10290610
24953561
20255390
29907427
23352591
12473457
27330194
6153020
3057789
15502087
27771727
14131671
9314244
8572841
24979290
7538484
24045536
3821274
815070
13563211
23747851
20049299
15873923
826013
4519797
11085827
8203588
17673581
21479444
490064
24393296
6983477
15296838
782132
15437366
19307605
26143549
15430028
1725507
12569757
18702471
26806322
28983737
5481472
24122240
26971110
22468216
24091607
9842204
27802681
7952298
14025738
21102273
20169753
6712472
14435426
188452
3311333
17415374
17996144
3524317
14116388
12049595
6155627
10972052
23172189
4554448
13516742
2973911
18420040
10580774
2845556
15140769
17531
9198504
10521637
25950459
23173781
7293291
13048039
23665055
5041498
5494707
3733255
27146140
6885737
6453706
13618663
8069052
22202963
12049874
23042536
2573433
2139828
21757049
8935280
9281759
7481098
26928005
7146690
10633130
6349957
8349111
10324865
7604111
10364557
19776699
5341622
15221625
20499001
29637970
12951130
12471591
9704425
21185211
28400208
12143226
14771638
15094371
14324399
18405972
24226085
19624827
12166095
21950478
29999153
8576606
20206667
27115151
13193561
6941360
23607609
10939509
3137848
28732640
7736846
6786143
9585787
15564965
3653665
15221093
20367626
10104290
8189550
15495892
22392199
12707286
1532117
6070039
26565742
13420491
22551600
13645499
5881454
10631664
20418319
1350317
15788926
2737180
1891452
29839478
14510933
20505482
18584362
29340767
14870064
23026100
16269918
15623483
19725079
26280150
6299285
21630475
29356407
16929918
27714131
21100603
13102503
27810569
7820921
1717112
10943749
22489382
19766740
26067690
27496590
16795308
11205373
13606962
10688730
2880309
21955987
13564152
15268978
11664738
22791922
6761017
24766294
15229316
15077813
14805982
11630920
5499672
18421393
6875659
26984415
8260602
1438409
19123720
28465967
29800477
22072442
18612465
14463554
6578483
12918860
14264820
11900449
27572435
1002621
1243422
3319973
15643677
19670823
3397290
7306668
6829469
20793158
10814441
11291283
22394245
25677693
9353577
23323355
27041116
1531690
18843324
12539102
25557602
26010812
17265151
20464403
22764422
20930294
15282780
9749713
21555402
21676069
24167273
12172850
3874721
24518724
5884976
1901828
17268805
13149481
3280984
14243418
4468927
18693600
8566354
21601719
6621796
25854514
3921813
22844996
15206933
17565381
29182544
7195164
2091759
6136066
26633523
23876042
9164383
2774520
22021011
16527674
10615434
22582981
16217756
4603415
12589379
8935808
18633156
1862085
13683183
14833916
26012104
4632264
9817784
4110214
5637048
18962580
13944861
619890
3395666
26666041
16881634
19946938
18301797
18257120
23491129
14257609
12942021
8770968
18148304
21578024
22418662
13980013
18217902
27074552
855684
26802525
3931059
28283952
9880876
8860590
25941299
29776014
26078394
1004236
11479311
3076522
10119096
11613782
12047569
3227606
26718596
15354191
18272504
25197904
6026788
24510867
18456790
26488174
23559170
1070352
19705116
27669182
18677967
25696743
17674519
4801984
5264715
503908
25793802
17756236
28852465
28091826
24819759
13472382
25249009
11182909
6419560
14741731
1878021
9197286
7679196
19530208
16571033
20856664
27023495
11003198
21334015
7094222
3957767
23073504
22166501
12656846
11673557
22838753
17605796
8996190
17549342
25948991
8171446
2009581
29596243
12532169
16597536
12347397
3241936
22966355
24244223
11056914
24232876
19490281
1177248
29971714
10266429
22017757
2022545
14371039
2547162
20723644
8565160
11164077
5646536
11153009
6113310
8436507
21114068
24255278
10092447
5133869
29333632
6603399
5669778
11986067
19909075
7364729
9971032
23362376
18071468
6570902
7656106
13140068
19843076
18042773
14218072
29647492
9456705
24428718
23405131
1353858
18263785
8715033
25331705
16456479
17396690
29925405
13711168
10826128
27341411
6613493
17877671
10847371
24885262
16718055
15201765
12477739
12039959
2721585
8850363
5800648
28623705
1942703
4733523
12956370
3388901
26149617
3108752
13233437
25273998
20922243
6494439
2612962
14881451
23977881
27618987
27973103
19453465
10439237
12667
6510921
15560599
24498333
4488896
9818666
28793088
15161921
6387281
21486591
23678994
19612758
18685671
14402571
23897939
23170609
27961489
24912693
14380308
29493510
8516104
11775721
25390436
28990060
17702131
7668214
7222926
12826669
20507294
29027469
21675836
2623823
19147388
23438845
23666481
22731562
28320675
21347465
20003180
2661327
604696
16578593
17657735
19960546
4670620
20779105
9473911
9569697
11888409
15232573
26948847
6723985
21241279
9211801
26001359
25309708
29986689
13838700
19774891
29430824
19903594
14232470
5139323
9589952
3662206
20231342
8050977
1625488
10280769
3014140
1153642
7348045
3760402
4402137
1859145
18083002
28959627
13453420
16631594
28569276
6585758
5041381
12277665
9310012
17283637
15073224
12158277
10223752
5865745
13302299
16876961
8261409
14608623
29172450
3354879
26286790
20496808
14813301
23476625
16592927
9407368
24229508
27558696
24050017
10357690
23114123
15198557
22190431
10407967
27628097
8956449
16603083
1192696
221812
12647781
29568356
15316681
21668032
4903969
25713688
9694498
17892553
6055326
3110379
10907790
11016908
12704576
25911144
28120797
22991872
14590159
27504367
12896853
25631755
27547108
24607094
6901033
2132916
21742246
3805168
4390401
15803218
13078669
12387081
18614266
10442552
5167802
24832748
13140689
28503477
7336196
16583421
1261841
4894731
23023961
1408168
8540335
28993908
12935560
78706
19492963
18419638
10631434
29702748
513337
20499816
717591
25305530
27236418
14061327
12793833
15674361
4789157
24430671
76750
26655999
9904726
5979417
360995
21313260
4138378
4205681
4016514
20838453
21706432
8955183
24039220
5717378
12569008
6702482
23630951
3653123
10209953
26378388
3374954
8830277
9274553
18425284
21987010
23897330
4475186
10394525
27577151
6002470
5510038
24551536
2891286
26060089
25081429
17052599
10733089
8429213
5806417
414753
12696971
19669530
18177994
26925885
23930681
24152429
18773365
28617464
5988808
10250731
18266004
16408414
5160816
11658585
27433514
16838552
27756259
19885806
12678291
13647235
3161872
11828549
29060795
11116069
19326114
13790481
7175434
12899625
11179054
1157734
28993054
28988175
26997802
15453241
3632082
329539
28699058
3900093
29190184
10054368
6691819
7872583
27329919
2632007
18821295
17771545
19590026
15309151
11223200
17613438
29050882
6532760
27391458
7381042
23441781
3109294
16807570
26647749
11259381
12975503
1117765
25704504
24628061
7049233
29758705
18499984
16639927
13933031
9453075
12133558
13216344
21244820
19089602
1899297
8255977
21914207
12078310
10132969
9516256
15368858
8812849
5009250
11176749
14864237
10187864
21886777
26255310
2744113
21204978
17104692
6666078
24003231
12665118
3139396
18131008
1830056
8800620
913354
11415521
17155662
29966636
15323249
14763477
7230125
4464079
960774
10650868
23445980
477746
22749602
21393280
21153342
3085323
3075581
9712492
9031779
14362486
17584325
20266832
24810667
6427162
22150428
9081912
13146036
27006407
5102685
11471507
1768715
8270725
29066231
11767348
10411527
29095488
7318527
14856336
14290133
25896808
22980792
11063791
23148531
20272023
28399423
19304311
25509170
10322975
7323460
4023867
26584888
877143
24981288
16610698
15956881
17270379
4395212
24108503
9678638
29016442
25719162
14062509
19247092
19952483
12894480
7172947
8171426
17150466
24069322
243786
4690906
12606709
9041466
21103371
12106780
1759472
23430603
18942201
26994655
25981538
19428233
29058901
4905177
701590
3794208
22319796
11932074
21242377
19935682
28608748
15635129
20836869
26025117
24421462
8337610
24107245
14064087
1319417
3460006
3907627
20304617
21627006
13562429
26381820
26510154
22404506
25444176
28221299
13083416
6884251
26606697
2820545
25692868
5474819
17229587
10220938
11753142
9114074
28508274
24483715
15150761
8859330
7343444
3647478
10974851
28511642
28889722
6985778
21807158
24679270
493523
15263447
10008156
10804908
24243278
25347103
6340096
9378869
18682664
28935279
12792709
19163876
2449034
14723646
27827006
28314647
8478369
6120834
4646467
10711723
7278392
21874642
4964560
17570591
29100008
20349010
5755896
8923922
28901072
22737529
77666
25660490
21005266
5416207
2405981
15134639
10053293
28181169
2200639
28992386
5632767
13599607
1640319
16376235
13509328
29084583
242189
18856647
23850255
2801349
9926300
29884580
22026330
23298957
11946490
26698490
22322154
22167155
12998828
27519742
25345286
8892275
26858313
24809225
18766698
23018342
20453191
27381556
8341680
6783513
457778
28481168
18522260
1301879
16247280
22310324
18503528
23524898
4682760
16319418
21409328
1459304
18094353
28850781
16099033
27097226
22510789
27720996
16091616
21680607
28572911
28834555
28685053
1407761
4649288
25039480
20764237
5668431
15867037
17192246
11101336
23061010
20106340
28007472
19805131
9277779
13153624
27982103
9189027
19766540
6216170
16743620
1919608
27487007
23381811
18987945
13583945
20531878
16846265
25975032
26602319
3518352
18812037
8838380
15546665
13048726
28308192
29901488
12577116
3720172
14307947
16904420
8419557
11931317
17395388
22313469
26264196
19155040
3795482
2487784
4267394
12909531
15654105
6063756
24150204
13406193
13910274
23526301
12868206
11164308
14917621
467225
25602337
12193400
27228048
21945515
13764034
8714872
10871718
18586671
24538853
26931294
15884978
6171063
6478611
9304684
20447290
26777668
23870734
17632677
21238747
15984750
4476183
8193061
126407
26421738
21291886
29773333
5713177
3905914
24093563
13361422
27253719
21172129
24105511
28290207
14317541
29484408
28134198
1112995
4609041
9665381
27199397
13655216
9619474
603695
5975164
24675826
14690735
13057676
13231715
7784159
22355353
23971346
15930185
19352623
27074543
11428645
9637496
28355893
13534367
17830382
20266566
7303541
8430012
3381183
10748541
20577023
18921884
5251782
5489005
25610457
14893635
3099392
5184777
6916926
17968113
5419777
26990475
6721668
24857921
17093628
22156284
28317559
27775548
9515422
738543
11594451
20425807
13367722
23322373
2079518
19903241
936740
9644044
23409020
9111711
17944614
28102025
26806813
27449745
27060194
28925407
23427773
27622611
27508591
7382167
16547895
27761412
6824138
15225136
11698761
13881278
6683823
27001448
8979380
21405231
5636586
4569406
16212604
27290956
2501598
25184042
4693585
14840275
15235130
10126220
10063523
3745317
19141214
6961883
24799504
5986392
11709826
11857437
3023240
14780188
4568971
22789502
21359303
3604135
17221139
796185
28973581
15374308
444885
1655089
13938905
13172862
6893197
9158976
24333759
24724307
16322936
11995278
28589837
9474428
13279255
11080187
22253076
17837249
17513175
27285568
21095033
12475409
23650665
11897104
6716089
26331667
9454213
17597157
10015168
22992497
18502500
13771600
4333684
1542644
9325392
13242160
29178907
24663095
21446847
24411042
26508701
15611307
11445240
10610846
2115860
2782578
12981830
23207060
29706643
9733986
25227683
18960540
10254567
5911739
19665770
2093497
4453630
15224631
22429607
2573361
29728066
14409213
411651
22188607
18736230
23518452
10529738
365514
27713321
3379291
16548854
16065451
4765572
27386657
2536641
22017357
7144987
22646532
28968232
29528160
26468939
9053626
24817187
1705041
11197525
7968216
17880518
6936487
8107005
28715707
28752047
11238289
14263005
13023565
9830417
24044992
3765318
26458883
26297584
22388847
5194635
6637725
21996882
5018684
19060536
4480042
6358024
9036154
22284349
19030683
20134375
13475208
3646963
7285845
4606345
3777614
3607148
6295191
20671400
16806518
20920631
19760920
16517592
4917865
24903652
7406518
11559604
19227607
26748439
5044876
11086704
20407329
26593716
9777602
17875007
27922442
14330951
1134921
26551550
7936165
9710174
12803749
14243967
2129818
22488360
17553062
22497620
14446190
26215629
26583341
15414153
8398597
3442871
25293592
6043569
32247
8546417
8495948
25868995
13707028
6987867
4109105
925444
29733187
5162804
3287203
12334927
19957598
7702361
506633
4549412
19584493
14545521
14354373
26390914
1417233
23769973
17430700
19038197
27261089
421674
20201741
22586247
25731741
5349169
14613860
13003688
24450019
22252514
23216882
28176078
12455581
17117553
20665353
12973374
3115889
7789655
19054761
27518114
501065
751789
24568905
14840519
10957633
17990055
1197648
2076650
16342855
17234055
28728315
18059618
3000395
8194016
28479909
17685867
10611433
1058277
17654664
17551852
17228820
24585395
27768290
1014584
23200417
25893251
16479844
10799651
23147965
20194941
5406948
24655998
2501777
10434174
7599317
3417143
12132576
4962289
11175516
15396368
10375795
14059815
701013
1467668
10912223
28207209
560125
23161858
27989822
2280868
11035362
9402549
20736226
2104461
7751852
6746864
4641844
14675595
4065770
21449381
19327321
4111476
25670154
11285381
13986668
21213168
5293727
6835413
1265920
15746696
17021845
6869741
5145853
28827903
7230823
18934922
19738909
3680656
13564329
4157391
27048086
27198001
28846921
13890677
11254909
26892961
27347711
22276477
14729076
4171023
4565125
26942184
18584216
5643709
15825635
5738904
19963021
26791586
11457928
8450146
1035015
17225696
8605517
9730316
22745079
11946552
25716074
4772127
314322
10286127
22354665
8223924
23143763
13853168
10831269
19220528
28932643
25119838
4158831
9909499
16751507
18501218
18290621
15733739
18376733
542227
8646764
23370608
18792701
9197406
11270427
19590586
9251632
26659098
2744048
7470639
22281238
23202313
15456113
19431881
27748634
12723832
7328754
14464614
21649848
6070329
15941438
5041129
23052003
6736126
25349336
1817822
29318838
802948
16004363
18810973
27320298
2040943
25369548
2258728
13215639
25168387
15716871
19459592
28422851
13357883
23005925
19416752
5403605
5118822
10541959
24203890
3843063
20283094
9994212
27416492
14418415
27297003
19328973
12253838
13191022
14723186
26127176
25221654
26550759
25180416
19359681
4058750
12741787
3885685
347695
27904515
25679035
29530946
18803104
24197899
27296439
27580147
387360
14636618
18502313
9381076
20879751
498455
6260840
4522191
5604068
22775114
25346488
22785106
13150774
1958186
26197805
24615384
18564161
1809379
29773489
10606753
23040512
19779009
6731371
15033628
16862254
4042562
11020892
15049967
19034624
14943061
5481123
28539513
2559840
20597165
27819883
22936163
12215357
9317457
12804682
18199798
2474939
25999366
25931756
24433397
16299351
19302037
15706648
22217187
28503884
25840674
22062008
4600277
27599424
4123477
18427643
4178602
6384020
25926247
17734909
29877811
18581256
796700
17091437
13771568
15540104
26442620
26597508
8855654
18982931
4772919
19151066
18987266
23759953
23529487
25438551
15208674
8457947
29687841
19489633
7201476
20278909
24977146
22568911
8182602
6590242
15084562
5392219
22235565
16319743
17343564
10445302
17723236
12772091
9175377
13930625
6727431
8678206
25366166
4865228
18679228
14551291
759227
3503914
26728307
12572058
16834062
26615591
13940042
12028739
3428627
6470234
15204949
25991793
8147938
15443624
25784480
14840017
17940940
1754428
27224492
1763552
25679286
29541071
7295563
12290092
18213280
23799513
11547383
10719570
4534012
4188607
23015296
23634300
11897631
29179900
5191341
10721746
23384186
29329776
7393173
20912982
26235386
6575061
25185199
21212833
2665337
19312373
21121042
1653074
13791026
11867245
6189227
2904122
3273126
22130051
27060321
6173636
14818680
5573199
27314036
28457204
13955980
28046387
17361101
13902251
23355729
23520980
22210237
8170649
18636287
969064
11043211
13391264
29019760
19517806
11355617
2921266
16017950
17321005
12316907
15642279
17593480
11300611
28528046
20482780
5076424
8297721
2737235
22746619
2974772
18885937
20793435
22556326
5414144
16213088
20865746
4030126
11423232
26421397
20220180
16281953
14371425
7452749
22947054
4828347
17254013
17247496
16347544
1841590
22654178
26904009
18701405
14164379
4119067
29282684
12857961
4537181
10772205
23928240
2231776
23154605
5396248
2991695
5596372
20374198
4052048
5584261
1677751
23334032
18239941
14094135
3707798
1016305
25272048
28416232
21926076
17206206
16796794
16292391
5177662
1590056
11828760
26032680
21137618
1551780
14094707
12931581
489162
27153678
26347233
8847722
21999315
8525770
5596235
9540262
18427387
1204978
1620400
21120105
2396461
3164724
9019179
14422752
24076379
1153480
4379055
13481656
22836773
4387498
20159314
2635868
14701637
19322987
16371808
2426423
20651745
8211709
20718617
18292621
29423374
12035499
14187435
22552363
15969552
8153537
12338682
14046506
1550371
26057074
22941587
4252510
9974649
9889352
10709384
21035099
3866705
13725807
2098484
21743525
12724699
11316768
26817122
5954699
10992161
12084264
5131641
29708173
6831510
20604774
3722108
19464570
15167574
7993925
16197022
10660395
27873282
136648
8331238
5533602
28871925
29448910
6665230
12090013
23694847
13914385
27741618
23934319
24061884
19175514
25437251
29559495
370418
14673826
24856024
9048846
6799679
5179129
5746846
13869847
20845391
22256573
19423760
19822377
12905061
12277318
15721620
11586055
21406961
29697118
2440501
25356764
24863020
7853611
15071186
24206522
6681729
27670946
28597884
10524420
4437939
6303388
22481152
7969086
21083788
26745289
27011097
23524270
1605603
25143820
13828406
8168625
7127852
10719435
13807388
9398951
14699574
105536
17939308
11150001
4402250
3072316
16271697
17174539
13347541
13830414
2914169
20207402
8768380
380277
2428296
12366147
28259393
14944484
25902842
23878492
6264232
5850884
1879706
18369212
29199670
25149476
14173756
19859991
2516385
24568320
27296195
20020552
3746058
11754099
20151585
20641536
23047999
5261740
21364715
20950337
13337452
23641495
13384517
1535307
13494404
11996440
11358858
18176013
20601307
18616573
1114173
2205282
3456336
19005437
18662069
2915640
25019881
19553969
17051138
16619581
6019769
12965153
11494231
236412
6236391
14848573
5133616
25501071
9666147
20233443
17997876
2754736
21110862
28897680
11367170
18402177
21406394
19750510
22861556
1105952
17334499
14611057
17723313
20235942
7687043
18887804
18427270
18329516
20838711
4959729
14577010
26457580
13555907
26196424
14229921
8337753
3352104
14535019
6516189
21246653
17337380
11479127
20998527
14911324
13324269
11429218
28148322
12366863
16403773
3447070
3144705
17433690
12690316
8806874
25119365
802756
14329953
25705983
26295666
7433669
3697018
14985126
24301338
21799694
6018052
6846795
5446287
24029402
3780627
16025803
26378063
22526959
3070554
15228536
4976228
29076642
21332672
14087162
7885687
9073060
19987660
16808827
1006374
12160379
9962264
14633443
22754095
24105630
8483836
20560903
10163500
23222342
11075727
23923941
5233468
3976980
14043769
19786830
23560686
3066900
18622461
6454700
29377027
10392312
11180171
2819463
25047255
4936026
21827523
3772157
13140939
28014702
7802926
13267165
29614933
10395763
17811946
8978429
24185743
26310156
23804040
12307620
24894790
8084609
14187442
15075737
746281
29800768
23667671
696947
3056063
23878130
29179512
13904775
1955436
11585836
23955112
16441624
21517805
19153375
5926420
29433357
1606738
7781932
21884436
5254766
27900985
22613154
29608805
28173090
20240513
18472238
19857029
260236
10446906
11405926
24779289
1493991
2708192
17103654
28596300
13905979
4322291
10261583
17466534
13511764
25300282
27270139
5639503
13151252
27532036
13380026
7099092
14791181
3591105
3088741
7122081
12586138
14349712
20100838
4491361
27302439
607991
14649452
29687380
12181873
28447575
24163001
24688012
11582729
15198455
2632498
10763877
26986432
15216531
21214707
3006110
7669667
28905404
13185124
19511311
11988952
17246595
17042005
21757983
1141312
12853794
2844542
13770560
28497820
26466850
15468764
11786898
11582240
4208805
11908766
7643060
29018652
7496429
29318381
3883497
12795097
9094669
28674267
23033368
17332109
14373874
7602499
14344654
13708316
27769971
18594136
27448250
12330069
5593484
19174865
12273504
17285425
9990013
2488200
17068321
13858700
23485229
509967
25437656
26347583
7848872
10623069
16587952
23226123
9337708
10156317
10211505
10306318
4430162
21175508
3140628
1332708
10722912
26020879
24043573
16071920
7218964
7277501
5130433
17789919
1931444
9992651
21270112
14471219
6508314
335136
21268176
22023063
28273155
696211
22996009
19002334
6570980
23198765
23742751
13410899
1565786
14103159
18320586
10955981
28438551
20464975
21978064
25893137
26453998
29135468
16067147
5817695
4905317
20467102
1186301
3566667
20764021
26312772
26992764
5516961
11443676
17922564
2573006
22812086
19343590
8581417
11876524
8700660
2890549
11656571
4593635
19121780
24657164
28493596
11473306
11505170
186471
17381418
24809459
25867537
4952566
10794951
25128341
17644241
17125597
20166239
24066667
17828783
11616449
9043252
18823630
17978191
17860551
18856936
15329612
28029147
19166843
12134620
21887141
23395519
1382338
14660786
16413067
19221944
3995228
29024111
13466877
23453055
93649
516870
16436259
21312742
12024181
2149294
11109610
12313261
28115579
18915991
26406755
12642223
14582600
3628328
13211206
14813859
5362367
15849687
10251543
11664330
25462261
10407320
28327807
2603408
14371556
12795167
22885040
6357497
7782766
26891304
21656166
26339922
7629267
24125327
23657856
11112663
4165022
13069403
23323709
1834502
4874565
6275576
6992579
6153419
7406851
1187249
22908196
27739492
12629107
7884299
7284222
5589395
28328313
8145112
196573
19472746
2470258
16544712
14349055
3219396
23942772
23139646
22351954
17793298
6650746
25896427
8751148
13766828
3853715
16357208
26156405
28327057
15144607
16372159
8391307
19087724
6718501
21981119
2112637
568164
150210
6373370
22593008
22754363
26707456
4829449
4139489
28089466
8132609
737139
9157400
24289960
9782803
8747671
14714856
14422781
15222621
11854790
7151206
10286356
28561167
1533806
27664704
460827
8354488
22786050
29938013
3254784
8182634
22732679
19153934
23696018
24507453
13955708
26841725
19061444
10625819
16655279
25537537
24788676
4172768
2954646
20495371
5356310
15382600
3836262
20206732
3356174
24661675
18544009
10402025
15964590
16649965
25861819
25783983
6426362
12798435
10913039
21258472
25564855
25327433
15199473
23406585
1769728
2905000
20177144
956918
1926122
8381802
24929404
18311217
27532205
18721355
8044851
17969863
7911149
15925689
3492859
20919092
16744938
26331915
29019006
21178668
11439556
15687299
12307364
4781796
7375219
29786129
2551266
29140368
17262656
25466190
6546747
8427747
23559788
3095773
16552427
2709448
3863966
24785091
1698872
15198446
28548965
4409157
12403418
9101888
27997355
11110632
12997832
18394176
19570483
1346381
25250348
26138132
24266011
21607903
4121852
23200890
5805358
15978891
537096
17580659
8661676
12289275
29803701
21367368
7066036
13240355
21656468
13338973
1376351
10081526
27459946
15246680
7118973
9404441
12359007
7014227
16117235
24818350
6375762
13896045
409758
3387444
678155
14859755
24874424
11550436
6969737
3421183
18649049
6786343
18887999
8093361
1250045
9977398
22424751
8484392
13455501
12720690
759440
21441502
11647045
27054003
24544818
9491313
4443366
16327864
19494482
20644823
10663889
397368
22369155
10938382
28400307
11816798
11040821
15761295
16344525
20500867
11545300
24391822
13672504
292340
26987565
26968564
867935
23767943
21594568
22659033
15850776
18772762
3349725
7673855
1736464
18280751
23077986
29313522
21825165
26967922
19194728
18534504
20677764
20409527
7003211
6621258
8551996
8804838
29887710
10760909
392509
22578376
318384
23479016
12931022
16279232
14480819
7010453
28841788
23426327
719812
23039242
26222797
15288111
22300573
21753385
17190150
16842374
27043193
20512943
23094251
11938054
1496142
18803251
8457415
1289063
10848634
23934093
12213811
7303359
9772316
22070709
20729556
6449839
13725952
1038809
23182663
796532
23199071
29115902
12571801
22589445
21285823
12211648
9231825
16208959
5430076
26598650
2483052
27219326
5012498
11285526
24892932
11818463
28473446
7969239
27772460
26277849
4220963
6962812
22883369
3936369
8828894
1060597
19834807
22541053
25189639
23762115
678411
20417
27306134
23522241
22691506
19932586
16489953
24189350
26912480
660132
24408159
9129263
25450624
8358383
11260839
15988152
21994016
15054974
16599723
8978063
25387597
27188953
25583493
21579118
9885282
1868961
6687687
16620068
19634991
12033645
7240943
7197742
29061746
29260669
6758005
21820452
9997857
11205943
7664831
1487269
305792
12956963
9890715
12024979
10755438
16479110
22916102
4800075
28721313
29857967
27036770
7309593
21140452
21949473
12230702
12611277
29297160
9766435
2135865
21309404
11672773
28256682
22464418
15638986
21869756
7534468
21777932
9732385
1552233
12048097
16343662
20682086
2865284
14848455
21572350
29073183
27178460
12539577
18623211
4216851
25185719
22034464
21478990
15203724
11212181
21337539
16042899
29148368
5429549
25485364
2883622
29775186
13961773
29816735
24731435
29171152
26891845
20884157
25915390
29808554
9268130
15312094
12277035
9049016
2725908
3658347
11844404
18040207
6753186
7588819
14255090
14355070
18656491
18142286
24178801
28953029
29100811
18847246
27541712
23714068
4433438
2817029
27140311
2938306
24341690
28551823
16871302
10884780
18209526
27678076
15240008
6381023
4251110
9471233
28459890
477910
17213949
8263225
6855476
4576179
6433450
8086024
29526089
29561212
13487216
6520923
26044647
29653845
13461525
20711543
12418762
17075266
713215
18477944
17964559
22700400
24928464
10100695
24420637
20903587
7635846
26858250
12436038
12620229
28236301
21865805
28190226
5333957
20205212
9442330
2358151
24651656
17722592
1837997
6847666
16719946
3259095
19521985
27241220
28353933
16959424
19566406
11040227
13994367
23695113
2290713
12705296
6309325
28531482
25039074
16346411
27758893
29165948
13740377
807838
429612
15151108
10081551
25440808
19423401
10445228
28327489
26641286
24930319
16887536
13543262
11510748
12843801
4797981
28091488
23222239
4367809
16332447
28467620
10390182
10178261
2377009
7941206
29184938
322803
20659184
17686478
4248052
15858520
10888590
265486
4108402
13942597
1605303
445684
26194723
23911456
6217270
9451618
20056884
26255563
21018964
19439985
21371564
22599173
17518097
690453
3237358
15996340
13075499
2193286
1714899
27193668
4808688
21329514
24231081
545327
23649271
8760995
22528044
24003686
4032573
4413946
27337830
22278780
2179711
2564393
230961
717319
4308796
24862959
1893436
23264550
4733464
11186280
24386702
15635633
2060874
21665197
8288603
25893929
11488069
25463546
28143748
2151097
24105531
22469606
23797114
4323185
18953419
16497440
22565739
7341666
29322389
20725378
1823303
10476070
93005
26421526
21233677
10685315
9668835
9310277
9084349
15222622
13014692
3592563
20995801
25981503
1285943
7796237
12163575
22851105
13433237
6126058
27067300
14320240
3911986
28738070
7447726
9989588
6638620
25628895
8477028
335562
11380732
563792
9818469
3313292
29814305
1055679
18515816
16924421
9015368
12023003
25299368
13734078
11065244
20058971
616601
21863311
5895056
29970770
824409
3998074
28707749
16777139
18547816
3280225
1378036
12519045
26158412
18736444
17390681
21329562
4465563
7287056
17854854
3555385
21380994
21194387
5497248
16256962
1357958
12648439
10770810
2067928
1487772
15855807
27007508
5872632
23618056
314238
3512554
27963648
5272822
5057525
19453724
1079320
3840354
19183363
19099055
15350021
29442471
29397899
18272750
9767339
29507768
26785458
26938977
240073
12290324
5752840
21367549
26860012
3737696
1686022
19427055
13103152
27221006
24705619
27122682
463330
16160489
19889258
12523517
25205246
3073666
16832856
5853710
10083299
21020332
21163214
11374900
10919319
13526458
13243233
16432343
25016249
3579786
23737898
15635934
24524008
5317812
8982178
18882928
3826740
19416710
2656196
22656985
23732492
29129735
16879372
10532669
23294179
21854429
3452147
5240304
536441
16499550
6533300
29662724
13778249
11735573
9977740
14880960
8081778
13967851
22462574
8426918
1436711
6600298
24736137
6309120
24156920
7476229
6719378
8385237
20799875
6568181
26833047
2333359
15875582
29430486
15255366
24218115
18780866
18540204
14115015
1872594
17575376
7890192
8775329
21045447
2160115
24894088
16497390
27651342
25050985
15298001
15934953
18525865
14190510
3413045
26576019
23142264
15398685
3154358
9919950
23593323
10878791
24851385
6370443
24467746
27806937
6229465
9639219
8529438
13617543
23411869
1539406
4668264
12638925
21987110
29108292
13226882
24932208
21762630
389625
2065725
23074362
3016945
2428399
20099060
20773606
29994079
29237988
11847117
8979585
17317508
25600916
7196493
21808622
26537698
6427196
26383166
5497557
22061851
15909948
17311288
20746517
21760551
15050447
21920410
13836106
7429261
13450900
19180821
7052024
19228519
27889528
6562346
23599335
7380855
17363502
4390985
24514744
10809795
21750204
20424931
19447436
920845
14939724
289199
11181744
10630365
18155069
18551025
26170615
15974138
15599210
29011503
8016382
23967362
20239221
26932877
7834986
2460771
5843272
19461068
13833007
21873407
14096412
12600224
18186999
15551981
15702757
3715278
27614830
6619070
1965029
7600836
12545310
27958128
20577929
27990738
14109899
9187919
11446338
11848454
18912219
6169146
24376410
25190712
7703679
2627051
17659652
26717839
29708605
9515449
7328865
18945618
19403566
12593514
10468544
2912793
19939320
16445327
22448440
25271572
5552707
21978770
10786906
6316905
3201260
8289650
29723006
11241447
23150946
5774498
3097112
4176271
2600146
24840161
10091089
27753801
3834293
4690983
14347617
17342109
7083603
766770
5125584
9818617
24294583
16221274
13158036
11169910
9910872
12994774
20799914
1116274
728646
285499
25119064
10421084
5318350
7946613
22000451
15302254
21774079
14777318
5254438
11619335
1196284
29383569
13158883
8723584
21468396
23748418
24936450
3692753
19911567
29284984
11155912
5406616
5668141
1492916
24816624
11427799
20354719
27612639
29304761
23561572
11433691
1083525
27939436
10289033
29623397
18826315
4386953
2521550
27042032
12472919
27893989
1776669
8854566
28713306
23167125
9816728
16870759
4529479
29993846
19644206
4452891
12056808
23479948
529636
14286518
20345245
24055585
16043736
15538345
9962166
29459667
4391109
29006379
20964257
92984
3982971
16789493
29223626
6920209
9012775
22820735
29668772
5102821
6720290
6077537
10108048
22038520
22128098
8798816
26653190
1209574
9375067
12531829
23522165
18650064
21898242
5363656
15126890
18996332
3045453
14781420
21221387
8332687
6781697
29257282
22217024
26597665
15138469
3957246
26332383
15440432
23105876
5741378
1858590
9966923
29164238
11127407
4493231
4264458
26910739
9623621
6586833
672310
3372542
24453685
4563215
17347148
25807
24033491
16186339
26444057
17341148
16139273
23228506
21509439
15696733
22832062
10220039
20684044
14119942
27000028
24301856
19829015
11473615
3231144
26811092
19955856
4086837
1592542
2321907
2559572
24525379
14020959
15034924
476889
16441175
14763946
21252625
22885340
4935330
13433989
1712399
7633704
27621123
28220621
29404076
3312243
314244
4803232
24632603
15894103
5713409
24707857
19172764
16640923
14572546
29525988
16113463
18813886
22155607
22423408
18050749
22497270
20401112
8694299
24884494
17745675
7290662
14938567
12339736
14015539
13014035
5822895
8075147
20223713
3451594
24334904
22529458
16081457
17757309
13751
17202938
697163
29469338
6352395
29104661
17668481
11538543
19171076
18924211
17263776
10953506
22167756
12096479
7213225
7730323
2741246
12064299
6676432
12007151
8931073
8369796
13224982
6111707
27605203
24996594
5652757
2519722
8772996
27570543
28925667
21422467
12594515
24738807
6768702
1569377
8414926
16734866
20222229
26818978
9267869
7193427
9034216
21793774
25245908
25927637
5237461
15337411
21649673
7044493
20481662
10379840
21430985
25651431
15670163
16090695
2844575
4368300
26705667
23603399
2129890
21050438
19708938
17699732
6033169
20019047
24111681
19342646
23947881
22476499
14431209
25432839
22035146
28564950
8013334
9721405
12584127
11622234
11692624
5026261
14382324
3642160
3865506
6800015
29178193
2027200
14835224
19078510
22876864
9875707
2346257
25551794
7382801
4855739
28830888
8109243
22567340
20099416
8955941
25672475
13923693
1853564
27406118
2521468
26213140
3537703
15196354
12845429
16200530
28297744
6992903
9487660
10226940
17351299
3590516
16710250
17689008
6099559
29810408
22379768
19662044
24546937
15341483
12118006
5585215
25096510
20151940
4077915
5130619
25226294
16408250
11807195
3265840
22350324
29592424
11339218
26183275
13922863
20593077
19904967
9816981
18392780
9645462
24837357
5415732
6452839
10863841
1189335
28381384
11926854
21778070
25824877
18530934
23809436
15479444
22016249
26631327
6835092
23382782
4608817
6013552
250462
623805
14048074
18308619
6725176
29240809
5748938
3985555
21163364
24059005
25426986
2310389
18001218
10316894
4278235
13920357
26725230
26729104
23465376
10494366
16112124
24425752
27758815
16961895
6347308
582233
27525696
27169183
18825059
8763400
2381568
2223475
2713216
13781869
4635746
19167755
18190642
13534017
6769185
8367939
26038212
10841450
1243421
14569459
2459882
3949063
17656534
23545038
7379353
2670368
1502517
11233418
13218068
7730905
7992553
528405
25375651
25247632
4669998
10028508
2139216
26387694
2177654
24560681
25847575
27112335
27630855
6747869
28537000
23715862
4469295
18226991
5791379
17009751
9696958
23768167
16825959
16332683
23862446
9744994
15155201
10891301
25891731
4726099
6870162
21580263
3534388
8256139
25273993
9569511
3436611
29872903
17904135
16640337
13838756
22272228
29307400
27652114
8146026
4217396
19364439
23397897
17242334
27010785
29793609
1345140
5704557
22830316
17461382
13937460
1451369
27888287
27556825
5226936
8076847
1182317
10709214
21536355
10441871
5573384
25561392
29372322
26850996
21831944
15514505
20118487
25263556
8203830
8212431
29001768
442403
11858160
13262647
526877
11475563
17227473
8317445
14889663
12127919
12664880
6285692
17897013
2244901
27294981
17719361
27258065
16577052
14925515
25074984
12377565
4651674
390200
10532919
28165657
17477500
13753591
3913096
22596454
12153045
20237673
4383185
20531699
26313402
8856772
19527555
26586081
27927916
969734
18682234
24335931
14550429
14414562
27487861
5353232
16920252
2779598
4238610
12578197
8516920
29092053
21673492
15882863
9115879
17315289
6889884
7088124
15470941
8023078
23670514
13910883
395324
8429456
1691889
16600919
14991281
22449452
15886090
17621649
843541
8823931
18975507
10238815
15362730
19769547
21495007
19768638
17790781
14858175
25663084
8111901
5720517
13317098
19582341
2787554
1019006
6286279
22507587
23717125
10883120
26269431
11337069
23914874
8666174
13061957
17941340
26792968
19339549
10152436
20443956
19793292
29016003
23520473
13295177
1493535
11389538
3992457
20877530
21346273
7038938
8615296
24322211
2827826
11228367
2798570
27342749
2580872
16699332
20960095
1856927
7172798
23940489
2922701
23259348
24672219
12032207
26078113
16332318
6697573
15850613
9495623
5950671
20772978
26716839
14022023
120746
28764232
17981891
15246276
29759419
13048852
587430
6527989
24754796
20149083
10186303
13215643
5884521
11765715
2486021
2103057
13105736
27943001
18782825
16755515
27781260
7032133
5981639
10501501
1327768
16915022
9645335
29312162
6253478
11616473
3238992
29691595
2618184
18459532
864920
27399526
23066153
15598147
3476934
27611448
17761454
22891038
10134923
208890
20027169
16563076
10931879
23975420
27930114
2858124
18225956
2791811
19284440
15660770
25520883
2144014
21473657
5355567
18839014
6467721
13729204
26895545
3249576
29306597
26267708
5771844
27297357
8013132
22968090
16031027
14218930
14914331
14719215
505210
13609904
23876119
6501701
13833393
16756330
1375316
13486788
15143332
25006484
616848
20932730
4765649
12472798
16252348
29508824
11089426
8359270
27789390
408031
21482979
4571274
9659681
2770571
29070175
4638121
20373788
27108764
11943390
25120974
7374571
17811725
9496014
26398373
27553342
14409284
5624684
23688422
3521483
22856743
18293315
14624497
18001788
5626072
16454954
11479747
12700672
25855435
20306082
23325117
19303449
15559148
5430643
514075
4945145
2403107
2739421
9057131
28182558
27992121
18372465
16817743
18713569
14838249
26436819
3584834
16446889
24442231
26989062
4627440
13387389
16717167
10170868
29245781
3019391
5964532
180942
29251482
5094412
23921606
11921082
8364251
11812670
16162326
2113134
11124589
1968802
24901558
26052513
1596013
28459014
5465796
10117415
21488389
26622014
5283346
7785147
20378887
9273961
4271657
22218635
19183464
24143378
25553913
3053584
21224820
29212472
18656441
6527222
9698825
5031240
5413829
16306238
16428024
28371188
17088284
5989904
15242379
13002756
18971591
26483861
3060943
10295616
26358833
461568
26017138
15881978
6463937
17828989
13891832
14393592
20572162
5174749
11207634
21568714
13965592
8496692
20136716
20750765
26453457
19080668
27195089
14700545
25316916
16734900
8065168
17287203
22309534
3180428
4057394
26769630
22023088
16208056
5734846
26790074
13918933
2152382
17938671
9947303
28725025
29670933
17108038
22081619
12997476
23953909
12360831
7317101
20822659
12119921
21743973
3016375
24258148
20331559
11183519
29828637
22535651
9372158
18431017
24760152
12951272
3262783
28792935
868310
17193778
2047983
28089928
15357840
19755155
1502045
3973452
1184086
12763935
28962916
28701030
17923333
27331903
6599072
29122490
558675
9876088
24116631
8586143
21409195
15322603
23657214
12636974
7722921
28137238
2096419
27077832
25224233
13162482
25626192
16776505
5771946
12577107
11111144
4348586
10639177
14317407
2990203
16517029
5375662
9445537
16370214
12669268
2999306
24608520
26749483
10950738
14942625
16781650
26395232
29648067
23221629
26010509
21809643
24462966
19473715
25671222
6457970
21016187
19164722
16124008
20356497
7680119
67841
16363994
22152320
25831195
29218645
25004873
14085813
27252340
4344408
7435871
13657820
15320371
805724
5614811
4583766
25613455
21639654
12732027
13917902
17329017
10721665
18931045
5632431
5118396
22643838
29546308
890544
17153892
7851572
10040259
24345348
29590222
1754116
1048504
1632658
9782693
17106667
19798465
9269536
20610008
4945337
6758669
25760145
29820800
15198709
10867328
20368078
19057502
16911076
5698497
12660646
16646286
1616295
9756059
1436908
29937403
15040755
18849810
25557928
22916253
20450504
18239509
10968111
8564450
21403326
25555432
5125691
13578349
4089467
3765697
6867314
23730800
10684629
15427135
13960575
15785776
13466120
7773516
14524761
18194929
27292211
21940838
25843234
9598019
29697251
7798246
11770426
11074681
25811355
21686201
25140653
18458471
19434731
25860466
22844874
1775046
9650902
17270403
23367826
13495955
8579857
5384758
16010206
5215938
23307243
13815157
21881297
13780961
21189104
2220482
4878730
19308316
2436870
9837226
20680207
28265005
29674657
7004139
1722070
28679915
10549870
4970465
13419110
23363971
14413750
28905374
18150649
8339503
12461326
7052753
26222485
3257033
18185314
17704042
20393419
18424208
17621654
3871013
2262768
6814021
181256
21069349
15890253
414071
5061946
9083916
4540462
8518308
14776388
23332494
24764921
16205636
1373124
4912495
1350529
26536583
20150323
14180207
23156089
15858404
17469144
23316842
5654979
21680605
21798255
16228848
8116313
3927810
17448926
6774571
28628440
28634455
10701639
9496939
19258906
28049573
806918
23151608
23396264
9924702
12169971
18413642
3390716
3616837
3014791
13618032
8887582
10465013
16484942
8674795
18574022
27911766
20188290
27375383
19403476
1436501
16773455
5032817
3647172
16033281
26429282
18218887
10552409
19946023
29350946
3241843
21064269
14982873
22997487
3071813
12169380
4061598
5852720
19545643
17640541
10288146
28529815
26212690
7099927
29195529
25707188
25973487
28440477
25616570
7614487
25817705
22899252
13369149
27411992
15366329
3776020
27958281
14664331
1727329
7897189
24104604
24080155
21139764
2621156
5620170
17852165
17280019
4711130
23151188
15720887
16671858
18836028
18610448
29545583
22947903
4561820
6055480
3812953
12427294
8249846
10561975
15328604
23577694
5161562
19431315
24869067
29059769
16778780
12085739
26925969
13621217
3135463
27444984
7638700
27428132
7166612
3199825
25704
13939115
16666179
521988
5525891
7855338
25662175
3170821
26665053
25766961
22072074
28928563
13092915
27903535
13143529
23368163
19419224
18342967
13843867
28005064
2669200
24051284
9152977
1434375
25286264
12628548
13721364
14184060
9647669
1338535
21082061
1441547
6029746
8897332
12336755
1732593
12350390
13017150
5848335
1984708
29089662
25324203
16972718
25268811
7187905
21268138
7227832
9349892
122165
14471329
16329907
17295871
13756087
5396971
13196104
13904387
18274923
21605426
127393
3180664
11747753
1045058
29742960
11807052
4329759
318819
22954503
13117199
19038578
7612859
124937
10190615
18092617
1896714
10071843
14606099
14779114
25378960
29047503
11663642
29684517
2222539
18573790
12018028
6480455
5753685
23358065
2676884
4861935
14143582
26435861
6009214
10727901
10700029
3064999
3635625
4022328
3352005
365369
17214865
12454938
4553608
1514122
10595133
2786784
153924
17510889
664991
3321454
9138107
14067085
15108980
14691875
20246321
12394898
13356141
18002684
22732876
27061095
6454732
5377151
1968185
20402784
20266060
22195352
3993069
7133030
2997176
7770844
12406293
4967687
21769756
5692767
23157273
6047924
22395132
13470651
12658747
9352016
5855999
24356845
3692892
27154813
10846470
901311
22425207
9282520
8674799
21580098
15402846
25588358
879645
22351455
20348836
23786060
26080001
3660007
11101248
6489327
9708715
7472682
21441562
9818989
9298681
15820196
465955
14881142
10504525
11638303
1597105
16590716
17474774
23542720
15917964
27341525
14448671
23878398
5987723
28985606
13112611
24876618
27209764
10429114
15965113
25009335
10689381
373309
28186711
9483601
15410744
12000724
3781882
13389090
10222722
28818698
2560025
19556610
20358628
19911023
1451237
3947724
11771453
15806782
19631556
7651264
27370522
4407255
4728180
19780533
23309697
29514484
11729539
8145369
8714391
4447740
10378805
26204650
18155917
28624068
28052021
4926290
7720756
13992128
15523432
12268438
14349893
18097880
12953632
29676471
519853
24605573
5885749
26466367
6883330
12342920
23777832
10864388
15041969
9145904
12675712
10148527
7275422
786777
13048393
8784792
22821590
19113058
12777253
2580236
11592212
9643151
29582813
14690035
17459266
28242305
8606606
28551507
2387722
27856192
10201731
5849311
17382588
26304772
1554460
10451014
12560643
10805575
17904653
1116566
4869861
12661973
25474682
2772289
15617218
29495812
11850730
456940
24430868
815715
22239750
8441342
4130005
19828114
22219684
23347364
23690653
21375684
4721021
20824526
28532349
14712837
23688845
12260081
3318364
22925527
16744569
27391156
8606726
29982402
6594711
2763595
28315589
26341389
16228903
1332725
26949369
17535226
458208
216870
20239052
13475036
24154634
659636
25346383
4919236
8003553
25928293
21093199
18148083
23132408
11012317
1553624
6098107
19233050
11363959
6841573
18189570
10883416
29069116
18184814
6348134
18071107
1275566
11288632
18599303
22109527
11111862
29425493
26424537
16922967
25060497
14207452
2030040
13516929
12396688
21441514
9527425
20536322
27678633
10474634
13411492
8444485
19479530
4435899
27973524
25934521
11087737
12042452
11806807
6170265
93663
4769119
27537024
24366034
23491930
15470459
1846365
23422236
5241535
2466063
10294312
15655826
29799618
7889849
5431363
16222799
27669061
3395333
7544298
26359351
4240839
5849347
8550794
7942096
4191538
14863298
18429937
22866191
24269720
27942117
25373706
6548657
23697226
20244063
587319
5811314
4924363
27575167
5402604
22553436
15836311
7489682
8127509
24170512
26935513
24705914
64771
3002415
18677755
28643434
22148149
6208733
3690474
18794498
2894548
16056322
3206103
16027565
19244888
21861185
9094152
3302614
19432492
27610322
11442597
25064785
27882730
8543467
28881855
16848798
19354291
22374766
5342312
19863826
13075690
15990264
29747063
20683327
988241
7648770
5420810
11349045
23744427
17018440
21711463
24512875
21669256
23775160
29091568
19355853
3172681
20909286
1188252
14785282
11865914
14118600
26770557
8193338
2929081
29233463
21869827
29504851
20689556
17840852
20639199
29293360
17526777
1649367
12183646
27573575
6382666
16653868
24468512
8276937
21233012
2501909
9338106
7097708
18203684
1189542
7770101
15032797
28330119
25285246
20847701
24750308
8408205
3581775
4336387
8036286
25601213
3346883
14627754
4307931
21974338
16507048
10728382
6359434
23818773
27276830
20859566
14908384
4294266
23071468
8581177
5898236
16165894
21849870
9875540
26399097
27977796
12026065
28985268
17313727
16063197
2788462
5440932
13923988
15605205
10880644
26640007
27385006
6614832
28257013
4297804
23868213
16950158
21439670
14720737
6285552
5762478
8256838
14136266
11058975
25545515
916766
18889347
8487386
15989050
24019751
27762339
1150939
6223788
18956690
3943848
23498468
22931333
29617483
14776006
6894504
24456251
14583125
25859258
23680791
15626852
1537174
17032220
19270890
12779382
23645239
18106415
9737975
29116927
9723550
5984582
2453706
23309206
3926164
27873240
9700668
20966206
3241974
22963180
16926771
20848559
26588051
5973056
453232
29777137
24859039
20870797
28473883
14539087
26275772
19600211
3961017
29702129
13889571
2832373
8859530
4904138
14759519
26960111
3378992
24303184
17878993
5534464
27162231
10160754
6020715
23371867
2424761
11043105
11207652
14030236
11357957
367759
19878900
26190223
8701173
27527913
5283079
2517602
17747131
15761874
26394302
25221964
10596049
14888879
18084093
6827110
17572060
28543386
11878036
13229246
17687980
13665981
13269683
19319937
12081171
4851268
2998241
28312941
4200958
10294713
21041608
1529469
22477812
25711882
29578614
12120724
25649880
17492135
26442496
6455503
19387956
21723712
5049152
16609840
13949756
27167973
19234413
22838872
29500592
28676768
5108900
13636328
13776962
12759764
27084467
8915203
28327491
3347417
1041109
7401793
12570116
17419577
15341518
25094202
1861663
1691172
13084597
28044296
14171376
28240580
2446086
27310839
787495
19116060
15818894
5762370
3943480
7662400
16984848
29468902
22210280
346952
23226913
8441157
24804492
28338822
5210835
11202743
26186822
22233134
25958419
2694558
11521543
28534130
10092079
10555799
29923298
16963853
18280218
24315843
2024328
10353210
11079820
2105059
18800018
15485595
18682308
22273208
18460908
27267030
10588028
29531626
14646480
15957647
20246461
8504542
16494458
1841155
8031719
2620471
28054535
18066514
4935897
4648504
23547638
16710929
29291092
9735714
15022424
1756778
19329849
8298794
24942801
6066242
17542321
1323800
14579333
17797017
6066203
24968336
6741962
1219492
6746300
15691349
11581820
26213564
28292619
18585258
18184391
1654552
7153554
23812513
154226
3262899
16561012
25522856
14368443
22346831
15506046
28387229
8319519
14645366
23679182
2135921
27500631
11693891
6029199
27422308
28860122
21112901
25431187
29518940
3697148
21379062
24735482
2300739
24241541
25602696
1781744
9830467
13549707
1760207
29110546
21828523
27066306
27558188
29261227
23157191
7958770
14019481
1813327
6590157
28400976
7249651
23023826
6141082
6876717
28010369
19407506
29866034
29892565
2099090
16885888
3053427
446303
23566188
25967247
6025863
9548613
26395560
8537980
14174468
23419707
19888039
11322619
1688468
24684831
17511301
11436893
25961307
19567314
10488981
16262096
660456
7037193
24921449
14456432
19532702
24114815
13335622
24815761
11391166
26198804
12524065
1948084
23457517
8590135
24567281
20416650
1466203
4545136
4846100
10320358
26429541
5650453
5684739
15081878
1713164
5694894
18611220
5463428
18524753
12972737
2895362
23820968
17336827
2211699
23469875
7597099
6880278
12170507
6896869
13523860
658202
29286912
21443377
17752787
28717941
16613645
15099811
13369337
17229817
6587061
24683706
13528075
17785387
15690825
26894961
22013505
3817111
7470046
14254519
18060727
21460318
7014545
16163057
6714129
24066657
902592
25272121
20950167
14546830
7619371
1400266
3298212
15921453
6511532
20198355
9722259
26229854
11190281
11723517
1640518
2970379
17902566
18608880
22460713
2288165
10588805
24998231
5670902
27348349
12792230
12372062
4850067
11170556
14535645
15662283
21236630
11067691
21246402
5010592
3898298
26257800
27404376
28480502
19829829
14931593
19937666
2959918
3478869
28481953
1762829
29213540
19136924
16638252
15537376
25911480
6247938
21173959
6288797
7944243
16902788
752506
8291587
11353944
12886890
9217507
21980825
17481724
2713823
17270412
3643591
15939844
26319616
23481345
22082215
9649831
3080141
10274379
17998334
7248292
879974
8385262
10681110
10436266
27521790
19039076
18112800
10530747
13240155
16765818
10947418
12873336
8993157
7277684
13196376
7910596
3349456
19959578
29112487
7041269
20990143
4149588
3027682
14624275
5356483
25767942
18840863
2635897
1998430
11555345
4522714
3639100
26312868
15882781
6848855
28639355
8268321
8755232
24610228
3431252
14857383
7310075
5672689
5702696
21127058
18720074
27662874
23553460
10727487
9148379
5946461
20511442
26251913
19668459
15216631
19545983
23177592
11984633
16282438
25786868
17892017
18863355
2337424
28953654
13315947
9705292
22225407
29116437
28441568
19405312
9391513
16698951
9119491
4302708
11517948
28442336
14009994
19212277
15774845
21038813
9104098
15060408
6700113
12394556
12272932
22298632
17218975
6536860
3418254
20120662
23186510
28377784
5852602
26797732
29556555
18744583
18338221
2994719
5619731
24521266
1830641
10695250
20438492
18704289
3852703
24836811
13259149
28209360
16110552
12799707
18371402
16921416
159274
2600359
6649750
7745248
20280389
2782364
12218875
3282114
13381242
25584966
10889461
5307815
22705047
28946812
25888024
18830153
4895925
23501118
7844202
13842321
2669866
4367164
27912122
8123551
23029861
15239019
8096053
9216541
688421
19918794
9627136
25848113
10471788
12772239
21254402
13566380
4169687
4792851
3362359
905213
20226675
6660874
22294768
22685662
12313554
727345
16247026
13882635
14699096
18858568
28246130
25793989
8076008
16864981
958742
22845449
19055583
29184388
6564405
20652072
18299824
19868376
9401116
23232867
19040453
18699939
19261567
18714216
19666043
14123669
17686428
10488033
14506670
4969236
14052107
2365563
7450293
2124417
27147251
21202718
4503708
8556586
16955802
289217
26483530
9868921
16816140
14977005
2750195
19595818
22706633
10383454
25744520
26800897
1653545
27061581
12270567
11827669
2041659
11530080
26362877
1437089
8298863
23452140
23361523
26531647
24628576
18654367
6428839
24988087
11021966
23664994
10964232
16637156
21470545
15960674
10270748
15402848
1258553
27143347
1003694
13918628
2974449
7149383
23228687
28035127
12293764
6773900
13635314
13496530
13739734
26683095
19961161
14389069
6872743
27563472
9082365
12017772
18922244
14570040
3186408
22526550
7523172
26391452
28884330
4081043
29015626
27535093
12879711
20567896
22455663
17459144
278489
24140176
13596850
12032847
11742733
27755143
17696734
20177322
4513021
11209274
6582491
22699649
20522974
18272426
28644368
5087312
26203680
9720587
4523552
27686074
10641225
9562570
9140564
7966983
8596757
1489620
1378148
7297972
9323287
7144262
18888410
16753616
7453615
532163
29618169
28427699
8356580
27748528
5589913
26051397
2222114
4175803
27790118
20930559
28061368
23580075
12087168
21427068
8118201
27847356
18473559
28160623
20490253
20211512
25084131
25488880
2960471
14420281
12714219
11563720
11074575
26243692
7551693
6711042
17364437
835698
12778031
27226802
1035550
25997492
747551
6286512
2017656
20623059
9481605
24338211
27782034
29639827
14652527
28037488
10266174
28352718
73644
13723876
13829231
19244579
18960532
19863590
20135794
7770276
2543457
2921825
25389813
3549593
29274619
25412035
17127076
10494048
29678368
2785146
24656868
23626659
12180861
2192523
6901936
2086864
9868752
12576606
21354656
26283215
10574399
264476
22674575
22677455
14165823
25574894
4499635
3803336
27454589
14593140
5120680
28198160
26786189
19307111
2010021
20793442
28304415
29757288
21471631
4954247
28062896
3591881
22758037
14380715
12969264
19458915
9023911
15710438
14764058
27002311
21506398
13769921
18105284
5488865
29057850
9522597
10286742
21723483
5321608
6169848
17623188
13876731
17698912
22760496
5394018
23092887
18655778
17576646
29454183
814114
9023456
8690760
8076652
28380644
17759420
23244107
16970584
11365203
27491398
11173786
7280394
8520412
16707966
24075835
21022737
26242043
4303992
1106301
26560131
3988500
7859060
20524967
14646280
2288515
25134975
8906526
14596501
2425449
13181792
12859509
26425621
8697211
4724558
12720912
1239983
16849206
15348277
14275859
7861390
7374930
22453379
10476293
6058555
15365935
28371
28958138
23384128
14379320
3538296
1322696
17321782
22215492
22143269
27051989
28732707
28826702
20495568
7560896
27923305
19495361
1744347
7605320
11663282
1489605
1564224
2087170
18985658
20433122
9998545
7146410
15350006
21935749
4193693
13542234
24336219
248435
8187867
4103962
12062926
8629713
3941048
4625976
1798119
23133633
16912209
16391394
6176129
23548707
24102431
27469547
2779515
19210734
9178164
27452680
16058458
23285363
19864783
3761944
3124907
21102256
24586517
10089129
13684205
14970504
5271668
18028291
26197073
3828597
397541
21474727
13097592
25548406
24660543
8959028
6522872
20852443
6810696
22025703
8789972
21362290
2471332
19449776
10359431
9466764
25276866
19788171
10979192
1256929
4331366
10003565
22006273
29778062
27962321
9374160
6694843
10484978
26231700
11650504
19504588
1598194
28433388
12859426
11506525
10218734
14184362
12206188
29362033
7682332
6615976
20279779
19932132
15315071
4129487
26034873
14390798
22880684
20048627
20832471
3714924
8078563
22680167
25268828
13929975
25815589
4196316
27429501
4992208
12945824
22136079
1775920
27230389
1094859
21603407
28163716
27597177
9242781
19781230
22627854
24568739
11257378
18940806
28704353
18793094
24128964
2191519
6286902
11212072
1271785
6193578
5058900
9119403
14810254
14965174
22624591
26550425
29374153
17790594
28316781
13017889
11080171
29487296
27803527
15150443
2712629
7816802
18781546
2467670
19687054
4189608
13247562
1690576
9955941
19153079
4287117
7693139
19437625
10160387
13328147
27555962
1641450
4032112
15173408
16246690
8187822
26638839
11535910
3003227
13941943
16769091
8617691
6298914
23913033
3725046
17879872
17347031
15193249
25955280
9231141
20195110
22462403
11747613
23736440
328915
19468107
28804902
11047363
25298719
22344000
11078448
20582848
5795382
28799262
7391533
23937572
6492164
26568017
29550608
24896207
5345474
12346486
3751366
765631
22191997
26285047
11242891
6342963
25779704
17543793
18060865
1029175
1061329
23378531
13301882
11967003
567980
14815881
11882871
22444721
20178019
26029090
28546632
10593042
13448220
10511293
24308024
17504379
23695781
21249481
2000140
29831828
27730503
14419688
18328587
17253513
2958734
15817002
7944163
2654449
11627410
3808965
17883732
6171158
27040709
23695468
24742222
21774389
18911517
20700496
11359681
19191521
13790839
15843863
21379027
22070360
12420109
2099835
13867161
13304711
27505351
23112194
25567256
20652455
13979235
5336170
20224757
7552139
15633113
8416732
4451594
19503945
2279437
17937848
14694462
16024944
23104048
15750456
14732734
8333013
8517304
26694830
12817734
20447225
24558120
8461879
28239046
22099096
21610979
4814529
26129554
3047595
18570487
11674980
25886458
8375859
12130137
5536019
8648839
10445171
5854573
16262233
7280596
26252646
18558679
12329484
1857563
12127781
24940028
20497178
3864446
27945222
10880086
4141301
16361578
14227601
23115976
5187564
16406327
8792591
14795968
9728983
562844
28574173
13070735
6814045
22474592
3020729
13551902
25404417
6274156
19786515
20354835
24563567
25457702
17128812
17928089
29627085
2029354
15590917
20088556
5326104
16035346
25620085
1301303
2994857
4470748
9408784
4207391
229056
21243422
23124266
25675347
3471339
17969742
22272728
222013
12036137
8193568
15063278
10581303
1468824
29388493
29665102
19687470
3580156
19929646
12264201
20809843
22618825
11892483
18597394
12487311
9249423
18300057
29583168
17432008
11398036
23286272
6273889
20778480
16680967
24017948
570522
24599943
19147990
24790604
14985207
15990777
10167934
4886830
12240167
3702382
8470528
5661888
5205057
16977575
19583749
15812237
26223323
26126752
680216
17519060
22626679
11899012
22926365
21782458
5915325
23708536
21738010
23887880
13076725
1187937
29856674
12747584
2284327
10421594
18322955
19196782
17870273
24515613
27343522
9617575
8288336
2096261
8126883
5288251
3630849
28154829
25921507
7881926
22998676
12780102
22986261
6412831
18618653
1959807
2341395
27700823
20732580
15607396
5091569
4016185
22504912
21442640
29951567
8364734
20802066
23643893
21576455
23629061
25060275
10357837
7326419
17850481
3987168
20978561
20922935
1290791
13181082
17752982
4535195
9463146
26685311
23488786
15879366
16838549
4669325
4737902
25878446
1311215
11982877
20192253
8591913
5567490
19014630
24588177
4086977
21074581
2566411
15022802
17674196
8415566
15901853
5724477
6222441
12934919
15558566
20562308
27315334
11356559
27791177
13523319
24515280
11180506
16256611
760934
27068885
3395456
6064811
13319391
29288091
29117739
24432717
23636036
4662824
11337267
19137347
2799408
17053910
16244932
419436
1788874
19469996
22295422
12748158
3176954
7101223
1394311
4764117
22188307
20589280
5419677
5203018
17325876
14819526
14193043
10542433
10602266
18106442
16084744
25802599
16670579
20118877
14599105
12376168
20900203
26050538
345815
535822
12164108
7395784
12833108
115509
20256544
28539931
29260551
18413560
1378198
27560489
12927133
14989128
15312803
17822291
7505551
13462374
23206127
24819753
20375766
15934338
29665933
7810484
21717804
29362536
26577005
13900205
718485
20191488
9291021
15312255
26457846
20266194
13760101
21513273
23032636
19690489
11030469
7117015
2945035
9607294
7320318
22360624
8212756
27183885
20213219
17039558
16988975
21082768
12169266
27940962
15318607
3480032
26452146
19535277
4249237
29817229
12768613
3496284
4522744
20975272
25088261
28573471
2151658
16955230
10391714
18755003
29983920
14855296
18412269
25152575
1981800
29808848
23820859
2186704
24785756
12243973
3651779
11236849
12775011
17556327
9864163
17614739
27589939
11814852
1798163
13172609
28647417
8836695
10356442
21295476
14211181
14003741
25045560
19868368
19064318
23741534
26121699
11494785
2475061
25803178
996193
27193917
1666477
23047727
7986840
241309
18328454
20825824
12561252
5278324
11586513
16915200
7002782
7036510
5303032
17318486
4215937
19382584
27526734
11758699
19619587
23450754
17229770
23096756
2258713
9276539
22653145
10090545
7460089
14273393
5966610
22136944
14491490
15975584
28710301
1005915
10867213
9402981
25945610
9889775
19370539
4852223
17064091
29025525
13383995
4522571
27392250
6667656
6725623
16182855
22694218
18600220
23525374
16325360
3430414
27869314
5263105
9115583
26944366
3056398
9341099
29897915
20858658
5108650
12916696
8612791
28693946
9396589
16265946
795296
777162
27043821
24770442
22648458
15418068
10403449
22324016
27925604
7238124
14405660
8140726
3872469
6488077
15290986
16808449
11513726
2290150
22109230
20885609
24319743
21588895
27082331
815812
16924370
619764
25520314
24079720
10846818
17879482
7854758
24653925
25998429
13133718
25094037
25886049
28048748
962635
3678207
28478301
455574
15881614
17445474
6505349
26152083
15214448
24714009
12519528
17788520
13209505
27327077
17247609
6707264
20273846
5443173
1864917
12173658
4992581
14897232
4218838
24926439
25246064
27160238
12555579
24840300
5747471
28929427
2064031
13318157
10169484
3990104
7447257
3364923
24793
13037165
3130887
6042781
6364916
11903617
12670417
4936736
10512602
21401688
138252
2174007
3169887
20623237
16151508
24437516
23578914
16561547
9838407
4328590
9345724
3118766
23823900
10410245
15389582
16018172
10139585
10883112
24474804
24981580
7078635
8085056
8765831
5325478
4413405
21765291
3146969
21907222
16906520
8605074
10734064
22904371
13692374
18058442
13250628
2069135
6086398
24279060
29884567
24530353
21735286
15781156
9736147
5748326
18306978
11195436
9638377
27779769
6278149
9666167
10282325
21188028
24040432
28630161
14854160
18092187
20762068
8851611
27556404
19543803
5927604
17049016
27241292
3666096
4020892
8442476
12453712
20724612
17661643
15881880
16982579
4590603
21152434
5236345
16419034
24003902
4706776
16225548
14012152
22976122
726966
2609627
21242350
7744243
15198949
21024723
11299269
2713870
16232800
28261316
1163418
4754246
504801
7673072
21810433
7413070
28220766
5614840
29637691
14251895
17294648
20810604
29570659
20221865
2264039
21233953
19419783
16715215
26823224
1127909
15417317
14907434
19000027
28667900
1483792
7911974
12186161
15386138
19363859
4500152
7376206
5447962
19747342
5229824
16944997
18660469
15295183
15538825
22187440
7556741
4224654
7367951
26393846
16658563
4955860
15414995
2668091
20160516
23373221
239169
7021885
23578782
5485450
28505161
11045014
11201584
13220529
2816201
28561147
10772185
22835140
11224906
16641153
14607708
16566630
7866971
13548731
13278198
12672130
1684124
21867375
4751114
10529771
370224
26660033
11100592
9349708
2005949
24114341
29983677
6178752
1468092
27062768
4829912
10587630
13902307
21068406
22960723
12119455
18029687
12328514
4448343
12747709
16331488
18205194
26201500
11285122
10183988
28293346
21427520
2957466
10605287
25556359
20934770
10295811
25371095
24538616
25326144
12019360
15103055
21721245
16760641
1604653
8051389
28998466
527913
20496105
1219336
17841318
19677457
26942324
1341348
17350082
27898611
10921112
22223927
2502867
13180504
27356122
372525
25280734
15504170
2798677
28140180
7921112
17673779
14912867
27071638
582939
4653930
5689764
4028781
29817902
13536614
20574835
19352337
26129977
20441925
24603269
5230589
13664482
11274038
11179387
13791185
6920546
5486921
8003538
23939314
13502364
18072829
13246987
26388817
10417330
28145792
25983014
13555402
7847803
17674267
28851422
26037727
18990607
28895913
7678109
17498085
18851798
21007147
28279976
6200325
19977547
11201085
13353856
16179812
2840760
10923991
6579324
21188962
16754448
2778054
17428787
4553480
22964682
24334031
69503
13316268
20605198
11465942
21622925
1211370
29305597
22926513
23076166
1223567
29149569
15406741
26043054
23925773
17584052
13936805
1498748
7107926
1205247
20021295
10416892
19498330
27842500
27489346
16536838
22641390
22456587
9279734
10773387
13706153
16385440
17540159
24698265
29480704
8053842
15783380
21319965
21136049
14216661
9278678
27856322
24787283
25904265
6047968
18770541
7891296
10866704
7500866
14052669
14529051
6649162
22536075
17045398
29963639
16029313
10120542
11818545
17083142
23448986
2134023
18553177
23601745
9086067
25442721
17797014
1919682
28752863
12671307
12429542
16473715
9412409
7163175
18229986
23044638
22590977
4705553
28832225
25766665
22953738
7674690
8580607
23399496
12044786
5590777
3666893
22590480
15646996
7325339
8243468
15166266
10347579
1771543
7372087
18615562
14023798
6372517
25899065
25132045
12654942
12098616
12050389
24605195
992313
20407719
10135500
20295706
7329639
15201299
15632145
24655600
14292110
15869791
26824123
28945682
17659267
10331060
21657855
8665140
12855510
3624381
13086582
26034278
1130247
10763570
18608216
22288698
29089248
9383451
20923202
23863349
28662037
16875722
18712886
29669074
19671799
21170719
17410681
13706736
18895003
23927833
16438295
5616292
19912979
19371615
21482623
23529895
1252429
10062310
20909489
28798718
2352026
18259151
25372850
15090509
638058
24855343
3918496
21678658
6955709
28697739
314196
29199441
22197567
22058740
29017136
12054849
2492074
4127792
8179710
5943517
19737053
27356892
15229005
19825318
19673345
2961494
15853902
9732457
27123866
26222460
29098431
9330305
14151280
2788335
9127179
10884538
11901507
27935444
9744491
5796540
14065947
19268079
23329052
16776704
1712849
3043739
15214552
19003562
16104966
28720717
21095775
8886417
5564404
372504
14574548
15830810
7055511
1496091
2438330
15119609
48985
8418110
8754115
24644306
17168494
5617501
4556306
25415120
9346958
23961393
2468693
7584505
23628156
20894736
25685811
1931566
26656742
7683920
8379451
19066559
2332799
19897854
9810363
1730361
14785508
15671956
28210667
25002474
9012568
13564736
14947421
24995621
6467153
20691202
28448279
10155827
2802437
29351956
18542743
13035981
21965127
715352
15241062
6304042
22253932
19237065
2974826
11283693
1150810
4148934
973040
13929198
3854698
10423441
6324460
27098014
15850405
3576773
14200118
29170573
25122411
11833821
25163163
11474878
23807389
16009865
12350666
16245296
26733882
9207181
6438065
9782720
5145625
15890260
6232637
17129170
3816198
3072934
12909538
12571357
3039601
23814329
7635578
242165
13121562
21481218
13893855
6776284
28253884
8798500
8680555
25174598
1529500
27888748
17387606
24052478
21072126
11303435
21075702
7503918
27084782
19019798
18063284
29129945
29163499
13274640
9441485
5671659
4659976
15349325
15892191
12540501
18574028
4870882
22455411
28980752
10323356
18895296
239236
29419405
14166899
2296190
11149913
4613532
6617986
13256761
17152670
16148907
13503171
6747911
26061577
23662152
4796953
9090990
8006201
11411305
13794096
4216216
8896985
5709801
10742579
5162280
8325350
339821
4185265
28774880
12603721
4156539
22683098
7227432
1377377
22871072
8134612
5162587
6849930
25486827
3288919
23275072
29513796
18710029
23576728
1279939
28069050
5624038
5235401
18777533
18112235
20699435
7241987
5195672
27135760
9328001
17065127
12585290
19109474
7145424
14091312
17714995
21081998
10137346
10790734
2989210
27668670
17773353
695454
27192368
27763853
8567581
9538471
19180933
17713062
14136487
29859707
20681684
16023622
11869575
13311907
8336303
25519774
14312666
13203243
25490266
27026388
14974555
22069064
21212179
10465231
5730637
15650971
16005516
3992917
4132012
21533987
27537019
22307223
25488954
29526938
17750712
413145
29053499
2721417
10707658
592437
21525663
29259754
25772133
21565397
22787676
20008041
2264036
27247417
24527565
25156619
16057566
7348281
20838396
23402910
4488826
3296911
13816143
4278121
4054123
7926747
26780024
10137290
8796839
9101997
4071250
17960002
17109878
22558593
18158890
8583789
29322557
6125102
22371508
25545817
29417784
29545711
8315128
25563235
3706383
25743709
3268580
6882564
10267560
23278692
18444414
753321
17885038
1154218
22769410
12664284
1578876
27529980
21007629
15351613
19239220
9161471
22792599
28258520
10144560
14640063
10716298
13834544
5030476
29519546
8391899
12283100
18279735
15353491
17275451
10724194
772620
27763183
29299595
7677414
21367131
1746327
20086922
11516745
29359766
15853917
25823505
11995095
29797532
11618517
15730518
25777658
10699749
18054055
18433259
11670662
17399184
25212507
9097647
26086331
17122052
17298077
10275081
29270881
6161765
6851866
7778100
4239386
29137986
16649166
5942794
28104096
10128277
10125935
7003208
9394903
14362098
11490950
1760580
5498832
10630959
16308693
27931317
26362952
6483176
22621645
3793987
16081804
3752588
9788774
7370861
21951676
10912770
14239475
913156
15231229
22400531
16024956
21724184
28046054
6806016
601281
21496640
6047698
1208514
16675685
15603713
26414006
24178697
11792308
9053149
23046575
3570098
16252062
2271718
9334673
13725385
25883099
2815513
12159055
10976981
26254385
22758750
7595901
24206019
24707266
8713662
11446165
19845373
28830526
14630203
23420098
9242169
12538119
19265168
12401763
21608428
19617746
15966534
9895433
16380621
16778556
2273738
18209078
20851791
21836063
4800715
12503443
26076255
13042483
11297172
16307161
21361011
1118449
29007584
14254716
4464825
26816785
9185119
4702928
26453147
8954953
8449380
10786536
7146006
21702432
28610885
16740062
29743037
24010472
23547573
19787658
29279850
16638892
26233923
23457165
19350388
23763584
10665107
26192323
28910694
22042470
20770548
12795777
22422581
19309528
28961630
17209869
28423802
5829434
22612980
27713743
16642051
16303734
27770577
9170388
4888793
11600526
17740064
4384539
9110274
14324483
28658081
8122840
27809628
28093293
10068084
14072459
5452876
25047832
17731107
5303054
6467705
1694198
14379794
28030454
10031234
14401798
20829886
1507361
10499012
25487501
27409527
24276917
24680843
11542129
19385963
18192959
28703508
17813393
29198501
12963014
515864
22642080
24439806
4584344
1546002
14684887
29055895
10266890
23729370
4267436
26924699
11521467
20087072
27915271
16184685
14380605
23758095
13068063
21797654
18756377
23834542
12725242
17694583
10926505
10627460
17425543
17422498
2677924
20184840
6322892
15354556
2807573
28011993
24607368
2328834
3504762
27520097
24644706
25097159
11859456
14029792
6422509
3684721
18445971
2738688
14345337
23576729
20176554
20378485
8234539
27679614
6583211
2664948
22790899
9445982
29269655
3225055
23618168
18718104
20446927
5052073
17582510
10508537
27883278
14789921
20939112
27052086
7660992
29345626
5438730
11709400
26198399
13723189
21433208
25058027
23116116
24926058
15381137
12617759
17678393
7179597
29476011
11996592
6608802
29367760
22781883
12156751
29606078
2771952
27186664
19893810
12357703
15839738
3732354
12791478
4447812
6098725
22709504
18750114
18826559
27495511
10659957
15336897
6937400
24634459
8110647
20543920
4240356
5244803
28434399
10967398
21763501
9090870
9552148
5481832
25180894
20404956
12749203
21266877
29055530
7226496
3683365
3779407
16114310
27172715
14940637
18350525
25457756
26755554
17968280
16699331
3593756
2101297
22495859
21222091
23009900
23531056
5594614
22471675
14547251
15863138
8042040
13816345
11919523
26643543
25589105
7002589
7860341
16149706
19784033
11386229
24770065
23750492
8160942
26031587
24514149
24401819
13304177
27463143
7679015
10607206
15559212
12782044
18915767
25705901
14764088
526461
12079133
8687929
17695888
3268585
22623501
16987066
4313046
21602532
4460707
11647132
28144410
26361445
9886375
20429398
6994140
29621258
7325149
10180410
23294048
6136595
21424029
19650056
18210489
15687613
29862405
20080702
262588
344142
14058940
22116554
7689131
27995559
8169108
28532147
8817842
19551509
19508673
20109797
4846302
19074202
1772719
8420336
19658
10028752
25899613
12404084
9687786
20604745
26795477
14611915
8777256
20551297
24196676
21009129
26801719
17780618
4062207
5727254
29229793
10908339
20352476
20411682
25605052
25970367
29389280
14236225
14682774
2944217
19622859
6492222
6472558
18597505
312063
18394363
7542450
22659415
1636502
16687492
10642221
29618496
12868701
4153297
5815817
22422204
10221428
491491
9289083
10321560
11812057
7909363
27910131
24656569
21995693
24871625
21891381
18582533
23883826
13108794
18627530
15004953
14059281
27801793
28220698
12990929
18381612
14065661
26079788
1931584
28491968
4267121
14676994
884797
10954299
12012089
1297118
17268542
5503926
6944236
3143925
12449693
15145185
14194913
15067725
11151524
22380601
5219181
2029696
20029335
25205569
26794282
6482504
3958172
29233231
3987818
16035518
16275878
1618876
24040917
4437674
20663351
23149799
16783914
20459756
6677908
20846759
7327725
1699455
10106836
2981040
8797580
19535723
3058476
4231290
20961284
20824844
18008566
2064682
11228933
1130124
21639793
2345975
10603196
7638265
8834950
14242767
14055548
13447268
12367871
12707274
11523439
10506576
14012963
27292901
19163439
284855
20594578
28890016
24338629
8235388
19974716
4120050
16312847
11549491
15033912
25149756
5806241
22427463
27888714
2935769
11880682
19665239
2333263
25020759
20041643
15829582
9800053
6443898
9245451
1928780
20408943
11291741
3024879
10986375
4080447
1606246
22318160
6226896
17230418
11766891
12196088
19011964
1630888
19735256
11987887
29719844
2344141
29990738
21256068
12757858
16894966
8425768
14784826
2993444
27620075
363284
7864191
19854859
21219667
20188302
24498126
3591069
8025238
25668501
29764481
23296342
15629363
8635995
17350912
21785928
25941131
4961841
29833412
21997880
27862651
29087420
25896424
14505860
10647253
148679
5905950
24201440
10752920
9146385
4561234
23409082
14497278
16767495
15820102
17678731
28342558
22613547
24476295
16649210
7222053
27500202
1005617
12248485
1504522
17505745
3086447
16511801
25572503
16764170
508387
3408069
4161483
23365694
13545840
13991909
17338388
14568790
10828867
14095636
25995134
25267065
19067458
11736664
19415080
25850544
435306
16065959
28349799
15984817
10815784
27396512
23222611
8564451
11496652
27397937
19380588
10534812
3747788
11614076
15467728
25798223
2317765
20946573
19035793
17953961
15666201
25418938
15538975
7362106
19186263
18404066
12185904
8648656
28450681
17912036
4789316
25982132
7311902
9293785
26027145
609244
5224321
17296736
26340669
28962307
27183606
22056656
22539809
15213907
29363271
21294835
964551
751666
29733048
7494450
20778009
22182247
27210156
27531439
9884938
12366309
20872584
27312807
21075438
246346
13499
3107294
18861407
17232702
26085459
9892037
10509319
19251200
29703704
6884927
16971781
13897753
9400394
29928816
25353644
11521607
6547343
15334976
5082045
12614114
24385363
539524
22196562
12572423
18101862
9465024
6906993
24734618
19996700
25890149
19658720
14307295
24757716
16412001
14034994
4346396
13869012
480577
11528886
24146390
14299698
6211614
15667273
24375237
23988565
8358438
7972193
10457917
22489135
11524143
16116255
13718571
16935829
5404792
11446160
21816681
10504880
23298380
4465280
4609191
20423967
8632967
26542540
3577437
6256864
6573757
3157278
15235763
17836348
21920357
26533998
10657511
10369499
6926971
11647875
6783956
8278284
9727975
14239138
5849708
25866971
24445119
26716457
7806613
17826923
18749745
27937656
4378732
4824686
28449563
17800190
16096436
21210454
25105758
14012310
14999400
28966529
14403495
14618431
12600467
1980757
19402767
24216692
1548708
8334641
18731718
9020892
25487485
11583853
17474157
13480518
8342032
28724100
18308782
19151884
9643556
8742577
23644270
17150436
24347029
14299310
17048743
29199969
12464664
20477271
1927377
19086164
11382714
6892131
19156948
26654646
15337081
5702099
29632281
1374120
2175054
25868197
8541350
1321421
21115039
13658903
2016259
13822264
9011273
28241659
25364075
12853584
15350760
4678449
1121415
21306860
14843278
9316946
3539182
2677702
23281049
29612063
11780186
99274
25234374
7673351
15616605
15342078
19364281
720916
21820984
8271212
2820685
26342543
12622936
25604429
6824450
28188749
19704704
24745222
18757284
22440827
2661572
13443463
21568646
24453220
12512383
28692359
13121586
26800365
9252435
18231951
5015894
4239902
24643986
15859306
2394580
3004909
11415916
4209631
7692528
24984132
14842083
28766308
8377437
6001076
29941954
21289576
6861896
7507812
6087204
18239662
24526538
26956953
1945329
8595712
13202847
1986466
21395700
28254285
5917111
2902824
8554035
3717588
24718180
38933
21056238
10622492
12608621
448723
26547646
25634365
26651186
5725105
25803604
25341181
24740746
11571202
7004239
2216769
18653610
26151643
28427898
4691800
13938408
2524560
18200306
24142967
21621566
21647245
15374602
21619897
1027407
15535421
2742597
2321107
26785347
25210695
29593915
17034086
144511
17713543
11122692
1003549
12961603
5364337
7452305
18807008
20783061
414627
2006579
29201593
18428075
13831688
19874745
16028951
26637775
16255325
6479195
12647515
29945642
22389134
27912443
29346427
3627884
24087743
14538485
751196
25908749
6260797
19789351
17428553
11219941
7068189
28861080
8786463
4558097
15854547
2456490
19274568
25827620
29460781
10542122
11259106
20957114
3798922
13289135
7361781
24661363
17197677
18540801
9673266
13586539
12473140
24468771
1139146
23271194
25787128
18163028
6725478
13429417
29421790
27619871
10349683
14599842
9129285
21708532
25405536
29522456
7329137
25386067
5467250
9506420
11723383
11818664
5581374
371609
4493057
29396393
26829703
20521152
25012379
7215607
28473430
24324023
9693980
28347707
23777452
5189194
18070915
14125158
919180
21595102
10901071
18561543
9660449
22215781
12220678
13492934
29508409
24145152
2924958
25876801
19632010
6290378
10370531
22292992
19129596
21792032
979705
23734262
17020605
23464396
13438497
21802408
24054721
17197594
4646109
22093173
16795953
19636307
4110152
4772838
8201708
19250754
20389532
17165833
11424814
8005965
23513724
9146311
3963833
28160665
16474843
489488
28994198
14721739
7233133
28405222
25896660
17676992
18598777
21404721
17859656
4270129
22512771
7063295
24640450
24351162
3449758
4874961
25776015
4139356
1508999
5683512
21402159
19737756
21785848
9429296
27923877
27714536
2977484
3538767
23823575
11461676
135093
9451895
18887513
1597321
22767992
22675634
20208297
15190682
14878096
12131830
20379745
17793652
18608046
5386830
14588512
15838781
10505426
2245263
160189
14320069
18394718
4697262
2898535
8412808
20463671
23560025
847245
9341383
15124337
6952561
21876875
12984448
9046563
6826989
13911101
9528810
11316681
14788653
8286597
15946073
27519705
13693527
8514651
29909179
24994899
27776548
19197336
14443597
18861228
15524480
5051002
9950150
28530742
5650301
27143794
3760066
13509575
26773001
16611445
19009090
11398185
28110708
6023094
25063305
27284008
26475019
23313985
19209604
2527605
2617044
5327918
8938831
21024822
8940288
22036738
3933402
11632892
23086692
1039477
18642994
18561094
1768890
25689047
887278
14042204
29201035
19064481
18719028
27721046
28596088
19355796
20297910
19329255
3934453
3371935
17064647
8821614
9068594
4732628
28018519
15122920
23436332
5098951
25154991
21386731
24243531
5524548
14113247
27255145
6441178
22934345
13902114
14746467
15682360
27110024
14517720
27771473
12136772
18529459
7775828
18738204
418958
6830810
7579246
4599994
10881529
9194943
27937973
20998228
6644552
27483006
23642154
16106680
23097779
24034519
3799448
15395682
4405469
357397
27843259
7007031
7247767
576465
13111243
24893492
22807830
11763301
16762019
17932958
5844485
717055
125804
21869737
13090013
4070969
23496178
2715770
25863092
6951584
24882020
28279351
12694348
22524208
16907543
13132193
16910865
9706387
9531443
19813539
27551132
22260336
4259681
204565
15532857
20126347
1000030
5013323
16128664
6174156
7417787
29549678
28751127
14202614
1783701
2313018
7461235
15752664
9989990
2785210
3677772
28634591
14670547
27212293
24818722
6180929
24288409
11964721
3715604
25183941
26452223
5158492
5145631
967507
7722953
5150351
14525864
28679972
27267425
16863547
5837159
4293667
17064178
8124275
23189173
11911979
258945
2349824
22839352
2768751
26529818
4733016
28105026
18076934
7961430
23463990
8655332
17833395
21537987
15882307
7687910
14012854
23055220
29122700
21102755
7225137
4120748
12194975
10941755
27318755
27260373
10038549
14346692
2958669
19132973
25075895
28586962
17716709
6780307
8509859
21708826
20982679
15202952
237534
18948401
23124282
12756640
5102523
28638373
21081074
19062282
25635421
24902475
23031838
28287344
17218204
17087240
3026076
6916258
17506675
14853787
24123479
29366101
25285333
20459730
11660132
2748594
989834
13416276
7815402
1763747
28841003
15526298
21833691
5209624
26785956
5731804
5480183
20801329
29434013
27982288
24551771
21561313
22961587
4270042
16003654
19497128
22473395
27713
25195750
26522700
18160548
2461776
14545414
17988215
18461069
20836088
13805519
6958076
27459996
17505129
10223971
9314790
12760724
12066136
18204041
11603538
24315533
4434089
8798084
24901032
26438122
13884194
16819100
14379867
3610082
17608909
28152441
6958306
21219959
14571088
27469868
9824972
27523494
28948459
17484849
11108965
3842498
20599193
5006524
9484456
13166417
25876065
27899621
16791894
8649146
3166407
5230894
26399395
8081407
19994921
27503446
27573129
1751161
19388340
15593197
6549091
2626302
18837381
17039230
25334222
3702473
29600258
5700787
3292315
11152887
23579455
15966858
13151178
7339128
29877322
6594686
1146018
56538
25201739
3104370
9051045
29529071
15509833
29951494
17135366
12992514
4753421
26781865
25558724
15847760
12282682
27298943
19074166
20730289
17988360
8306
804267
28108469
27364542
12263526
16240326
12923237
11272934
1089710
21679984
3953220
26293410
16480338
990694
24052060
5378495
22623828
18010064
21138559
29642777
21922839
2987738
9304707
3660964
11942478
8695268
15137282
591373
11903937
10982950
3232157
25405439
5987678
4565868
27454797
3028235
21217897
15685415
24392847
511684
7643285
4520633
10198898
9014985
22705047
21406328
20264947
10864363
9841
229572
10651592
11552591
812816
25139974
20064634
10482310
1368887
3942242
25111128
28392208
14753749
16665194
26911309
21818325
20481578
13849583
3246053
1762805
3893619
12399679
100683
28041528
27908303
20881632
4539646
19550217
6695271
5097286
6117333
19738235
11925693
21050310
18929280
6995603
22051843
19486312
10203454
7252855
4632554
27050700
24596264
22900895
12883417
5129881
21250682
15029567
26942941
22115709
14287569
11098003
13229850
19790989
9201934
15441933
3870424
10662558
21812405
6284103
5595524
17947984
8636575
11309993
19618819
26263097
26968269
19046693
1582271
11119414
24899065
2450256
3269402
28363803
6907606
10723506
17446886
2542229
25268353
5969711
26009881
8031397
21135
20009342
2664065
12282385
14574637
3716270
28107048
41317
22530940
7285640
17270667
3795498
4203330
16975071
8839788
24678175
28325055
14119891
16627058
335523
7363703
10358495
1939195
750655
22871550
13491818
16021438
8793361
2924239
24636738
17455750
4495320
19166216
15130843
12577694
28711583
3807676
23448759
12349826
2126959
7335459
4019165
21213427
17838497
23101425
13207614
25971775
19955557
20043013
473359
2766698
10952190
1737218
29044372
22171195
15371134
10650163
3221772
7505952
18534342
20417259
25228688
12232488
20881448
26350542
14125353
9740452
12900027
21346692
25786719
26037547
20779627
11189636
19105041
20253123
20715287
15067429
10726017
6482678
417920
20060606
27211503
26508366
7188021
7101069
5165761
22447797
3601592
27063688
20476481
22903780
14165066
28496011
9638412
9042089
22800949
11756926
22498021
29688382
4175891
22537166
9161926
9532092
8602980
15535286
6418664
12732180
28014805
1047143
650376
7754448
3893533
28393130
4332007
16544897
22623828
28868680
11626901
11765573
17673371
10382234
22633852
23009151
7648064
28206907
15526921
28644067
11557462
9958218
8024354
9176294
9043342
25250319
4577827
6521652
6540165
28702373
20603808
9347391
6903383
7001288
17050736
28247766
10410666
29270693
19689785
7173
3833345
29496492
12558786
9028371
13027519
20256219
7347538
4251443
10898654
21962223
6849742
1501195
15423750
24933221
6696992
10522622
24331287
14072718
1272260
21568506
11142669
15094989
6978708
2227088
19435420
21018596
21006269
28451279
6271860
23144202
5305472
17951608
25091823
2026750
8998907
177894
9665609
13164647
27149719
12414325
29084328
26903204
11238535
29345193
981155
28150293
14651153
7979483
12782445
21048429
23459677
11785096
23689999
17145235
12907169
406577
25047698
20947029
19690375
29626160
25889321
25761922
28042394
19370590
26063640
17830372
22037554
18202353
18765806
15527558
8625854
26191710
6653155
15767649
29980098
6847449
10087118
16409083
17340627
10427111
274118
17598279
19691711
8551736
24417761
24676402
24780349
9793641
26709889
13428896
29235570
9232481
22478026
6737179
19111413
2465560
23861770
7048376
10103053
3705151
7044711
22302071
10904039
1226244
27943819
17575921
11053938
24082457
2064902
20209103
5472243
21251699
7737436
17815570
13646084
15253727
27430831
27676738
13339415
25369727
21596288
26127602
27875099
25036343
8541733
3262803
15424869
14276149
4510554
24213822
14558954
10510768
17020376
22746652
12764484
18864818
24711930
24491626
10664197
2629724
27101219
7265770
16365144
13545351
24750587
9038663
1934982
28681610
26776347
26047852
14235109
9001285
23513397
23086341
12548168
28368205
1491212
5193432
8289101
2858951
4591795
18224111
24358733
7566991
4429996
10856492
24587192
27741581
18444407
15092195
15778246
20471093
13965151
9990222
15217690
7144323
28213274
3621490
15914795
29319023
13997812
7448039
23444016
21746676
28573881
23276472
16126469
29015754
21506709
16899399
25563599
16636903
8402412
20291474
12480109
23864634
24939251
13169388
22867420
25019867
24687613
20514966
19719498
2811632
1774348
7361904
26600187
18969091
26467097
3728436
5071040
1854131
19860932
947108
10769589
25045792
4384916
3441939
27673953
11505669
268318
25565346
1271542
25047310
4563802
19194197
20604576
6953133
5153546
28378727
15427691
29873150
1240687
28183277
1445921
22719692
21809918
8959404
20578479
9713050
8591302
21777411
1786525
11145732
2501658
14001963
11601553
20712035
25823595
21824705
29310232
1311230
9448929
14806083
17839151
6166480
18791239
3004076
13278567
481544
7900634
2155680
22718609
4514127
7294245
6505257
21135793
29183443
5287227
7069151
11554267
17294266
21120647
5384868
11658604
1906419
1328643
2845018
16042076
21573995
4179440
21787309
9831286
604640
27667949
29686322
23930710
18549798
26079449
10979033
26218258
18592010
26899712
11957722
27097825
26113512
673281
14349059
18116806
28458102
22131458
5894574
8818095
29729733
14474055
26851062
7310286
10660637
26417671
3659266
9420976
3292890
17103994
29525102
9972333
9393429
6130391
13283533
8594982
1248022
12625461
12157399
14882629
13708856
1797113
2686472
27099441
16179650
2118345
21223561
15674900
16066917
22705412
19338774
26374259
70114
29031981
10234943
8844258
25912821
5510196
14556641
8036814
23020387
10369486
22892109
20032680
14287750
931262
8374602
20260119
23632725
17558723
15507948
15722802
25426786
25032470
9301945
7652624
3475332
22935862
28453084
25873432
12506045
10570953
5977102
26301058
25631969
19418317
17416750
2141971
5015955
3035199
16108403
22294513
12425546
13749467
28156089
9375617
9492398
13519694
9789948
12043036
384872
22351748
686378
18998714
23719418
27393293
21285475
6818693
18312567
26894851
5835014
5168973
10191989
23979057
906349
14740374
2957514
24522395
22655819
28526419
10582837
12349947
28111317
19421510
7343562
3337912
2971907
27731180
14277326
9819037
7899064
13228435
9488529
15038209
24981288
15598132
16566366
20775356
18846163
5398164
12200663
24111539
14959359
23687402
19981100
20804703
23884610
9296578
28140393
5757363
12855766
19916145
11458131
27884015
19094708
24518221
12438337
19212301
10291858
12143674
16453812
9457843
18434744
13165071
17810103
19056210
19814454
8423881
14095669
7416970
28952904
6136523
20522281
1403214
12156462
23105638
16482703
603163
6058808
6077819
21373903
23118240
3220145
26025142
23002112
3852190
11370879
21535269
14343599
15023151
1654324
2251779
21403653
14632820
22597680
27245512
2107445
29012130
10715591
28743290
6283815
3399311
8290030
17064662
11555735
26745349
5104182
11796559
28916426
1958512
19034730
19085264
10971657
12823700
13754631
26535744
8181625
25955527
16316851
22972543
6349029
20538808
23677767
9021759
22008479
14956002
23724306
4599426
9490799
7428399
19415182
22564788
21266431
28388126
29477013
397194
29468752
10848631
10804681
19014029
29471411
24230640
5316338
20073658
29823278
15546052
28265919
7433738
4345629
14955639
10417216
10350075
13872694
289343
6124354
7508526
28965858
25401303
11384671
28063312
10599466
15576034
13980207
24457443
6914799
830343
2703989
27149702
20971947
29760952
24430799
29795088
15318527
2256167
10772842
27466036
348591
3737371
23260353
25272520
13253548
21923476
12305440
28173009
18436828
1510255
12297335
27049463
12132409
29323223
18036560
28625660
9315762
28114699
22418879
10203356
3877828
25433759
17017074
15803183
3669625
17763265
15885197
6336500
3627
12009277
27132895
25921789
26266278
27662851
15493149
23434051
22441861
20652638
18133513
21579051
22874346
20261956
4064939
5124266
17171468
13477631
4321890
23031293
28398426
2462635
1336780
6514308
5755125
22085881
13243713
13957355
25469697
16763274
19936940
18323229
3872000
15798801
5230154
3758938
6365056
18990360
25969136
18278330
23188325
12239351
16496483
4397513
22462782
2854493
28756014
23168402
11445997
18729637
14216844
19005537
11707501
14420016
15807191
25081184
13314234
6909556
1619267
26231500
15232744
8597303
20069363
28256155
28872719
2380550
6779326
12290141
27104274
27088523
21475068
5389114
24610845
6102506
15580734
12922362
14011267
11201718
11153882
25891669
13885131
3105102
1261442
29563375
2476096
1186069
2751645
25170812
2220037
2245746
11307849
24769977
15403190
21850369
7332307
22878707
28918300
19096135
16369481
27076454
12358018
29962132
22027584
25717952
23153750
11930245
3494306
5400236
20505192
9300944
22566557
23988639
1888411
19093246
14283184
20759800
13050299
20244690
5192528
13323867
9635980
16784703
7561463
13866694
6492033
11939956
3957575
15801076
17553288
10705324
18759020
108863
19494306
11391764
37218
29954147
13243231
22293071
24697265
13549562
6278709
27033219
1752371
13330916
15875024
22810610
14060495
10098149
27254090
2314589
5443089
24517844
19788235
86757
7354276
17455209
14364637
16045988
1912400
23161360
11054310
10500572
10926458
538729
26719855
2555467
3339538
29627220
21809914
11907019
21675288
5271316
5050968
18376050
2173135
23741589
29940844
19302934
22595686
10266183
18164932
20641603
20387870
600174
18852028
29792175
8016427
17135513
23094061
3816763
28176547
22635129
11825328
10955921
25742872
6583052
1408135
11962384
16379559
26758076
6197739
29595569
2535500
591820
23165185
4792055
9314270
15095426
18057312
27422289
21594000
12188620
842544
3817341
17999609
27848374
5821597
23194445
27717012
8800148
23906151
18666833
8468415
27095355
16891213
5790855
28549170
17555548
18166829
21472618
1835590
25629418
26672651
443574
6135122
22758299
12876884
9462348
3999101
10188537
4152860
2665096
18183131
18009354
10250957
15339700
15405404
17931407
21900526
4628020
21457073
388666
5555900
20962219
28449108
21306658
1235855
27584362
19635662
10766432
22972818
18279801
15161929
14851646
26757449
14385826
22740584
25546454
10853970
24226133
9419480
8484985
8225991
7797208
18455295
8365710
23906247
21683392
19313325
18661701
29228723
19764947
25723120
25024918
15602644
319257
24219855
462469
18348333
29135498
2891643
21219064
3542147
28819866
4786223
24482690
26533130
4877531
313476
11110661
20253252
14380267
11059433
2075
7641239
7799909
7136961
8847871
17150984
18348702
16023381
29205362
26401024
26337295
18467900
2713697
18447442
18203873
4379330
19276262
20635521
21697025
4840033
7721516
16437899
8911087
4117081
1637052
20257309
16277597
10903851
21559897
28451304
16011961
21231748
21161035
19820478
25297990
14729952
4456400
23144092
12538168
7445593
25760536
28276855
19378882
1204479
26047620
29765503
4553251
23821232
14690942
27465979
14042677
7007936
4486025
6499688
14911684
9159258
20313118
27409926
29244970
13501224
28540555
26475388
21981178
5588237
28014711
21273081
23199642
10933363
10625592
11713927
24191216
9239316
16414011
5455513
29157025
6059931
9324549
25160244
1500701
8188639
10232663
29029853
25219457
5940311
4048583
14847178
29715115
12686079
10570547
3289622
1895083
26605297
23232669
6352638
3894990
2756433
23717094
1411639
23692785
23658671
6765211
11028180
27616806
14533541
13845593
14691006
18824038
2331861
11665677
9132556
15012194
6887498
20683424
27605541
4142251
7121336
24326145
21859927
11510041
28006122
9427827
21490497
19371562
10050879
4728214
474364
4957257
8810205
17115843
8487487
4239896
17022552
23596866
2282409
16960264
14864427
2816140
23948755
740006
19920049
1324150
6320511
1277329
26447976
2621801
3389383
10813966
8339421
11751265
7450800
21665529
6154380
27894270
8861987
1195410
17443101
27387049
428292
11681780
9446082
19977041
24030880
9627022
1539857
20805518
21142746
5077370
5589517
27816812
18519813
23846430
5524444
23338176
5592469
5059043
26635426
21385259
2086892
25241144
13049483
11273412
19616093
8793294
28188190
4923641
26555547
1732259
10642066
19512279
16382891
4464547
10644003
27106124
16517594
12168983
8429797
28292884
2584370
1994687
12326814
21128700
26880386
23734745
28472533
24390680
17429634
3506523
28963752
29604988
10541055
12516282
5082301
29995414
20070336
5185791
25068007
1942860
4324462
1596121
17482800
14302739
25233230
17033716
12842970
22094105
16326264
3726160
5709275
29652569
11908514
20714952
23960195
15027303
13362606
6660256
28830653
21499947
8475567
29539064
7289965
26329592
8980481
19203775
648414
20366171
21479929
17714774
17041947
5198865
11470500
6769679
27400352
12019121
3696027
7477819
974954
10134995
16902064
5799168
4236937
2157524
6319821
13630779
19082113
26231631
12600
4665645
7028032
15988291
24202447
18178668
10860073
8454778
8377243
17069920
12340973
23172171
15523734
4368931
26709787
25780612
14023656
18140336
888575
6080806
20052213
16072806
6472401
5300498
5592973
21814713
7201049
27318024
19332925
3725773
12981203
16355285
1125335
24514980
14286914
18106398
23998120
24139985
4066338
19175189
22245980
17925323
22548086
4637824
20517766
14691303
23712412
2930003
23723522
21059080
22306216
28231747
26474480
26098365
9471424
17396770
5892945
11134741
11274891
794099
885897
24749777
29999968
25653061
27737627
25476240
6828997
21286118
21635865
7976590
13132824
16363329
5315781
3714479
22104615
14580121
7714964
4492083
12686623
16508664
19788294
15769556
11798374
26574309
15382309
8573957
24820629
199879
27351583
10701320
23034695
18614254
12968892
28263413
17911272
22979717
24325469
1810142
7348407
7446215
20248878
14989088
684919
18317856
14342052
25662648
19386204
8047676
17758167
22100390
9326202
9720310
8012918
369180
24397785
21320066
15223744
14644375
20244607
29977326
23413285
1873042
2949896
13544941
13269046
28278780
24202947
1096983
8143955
13245078
2427350
18159789
28596363
28327283
13303022
6269229
29342358
14573331
4903887
13816909
18102878
102798
27895023
5390192
10768549
6888284
13207493
22225251
19871720
21476271
13007701
25761351
17331200
23465154
9969557
3709560
14413420
20215625
2611807
22191730
23616378
10983815
3907586
14327047
22401970
28954670
21452592
21367503
6345584
1013929
21256287
19420335
23768700
14634438
25861680
11643083
27307673
27158396
14749673
25898708
3921143
7446433
16043715
15849562
23760989
5265549
22759853
11062221
20684483
67666
11067742
18494065
15509777
20504114
19469355
20288530
7876593
18320885
27963594
3944460
25514456
6961039
7174306
22711717
19736165
19720882
110776
2224684
13107978
4850183
9932382
15834851
14316765
2302739
23054540
12458370
23527485
5195763
17104859
238025
25889617
122177
16015837
13823364
20256304
13784941
18268363
26271694
6502015
26402451
13738443
5595051
2574524
5973652
14376227
16765038
11464764
28990789
1262662
29615245
6812465
11053765
17739750
24879082
22912158
21718484
6984046
29842924
21875474
18592226
1715793
5094568
22750939
22220417
19910446
13668745
8729848
2250654
27620556
27903978
18945051
24073266
15184937
29681634
24939606
10528550
13762424
22055854
26625222
2555927
27537645
28166419
22632536
23964924
21742873
23495965
29809800
503491
29061846
4959664
27457858
17271150
17793613
13582350
23899838
29045790
4773850
116279
28662730
8359261
13828057
21544165
23318306
7071493
5166603
28687941
25637344
20738897
21279132
17069720
20547879
15333888
9203779
29250502
20038791
25952621
16968359
22993764
8278340
11478031
1085745
5242272
17286010
7829879
19305029
8644159
11664764
7397504
23487646
25063994
20441253
18494550
22583835
20461989
25560083
8624857
9826649
13136948
26668330
1131202
18996819
3300158
2590029
13313277
7999144
28341691
29694817
24497489
3076962
7989879
18640518
4388995
22559465
2213297
5323099
16348082
4483422
10320318
10768940
15473972
17762725
17900265
25978404
5693502
5002813
27329134
7091255
11552244
14132533
21967899
22472041
26008289
10756914
28632285
22162334
10143045
19688001
28296402
25118192
12838814
24785936
908009
1527224
23222772
29192578
6469296
5882902
27111000
20565598
28242212
28317065
965987
5678278
1932304
6174981
29671152
21529349
17849665
26338737
18420472
25128123
3436885
21087106
27053692
15153721
18289882
22200331
21122043
20118335
27232649
18718493
3418172
29987844
17713593
2015478
17923760
4255259
13521687
2377901
9002032
18917468
8788468
26783608
9202517
13091881
29741484
25066344
6899822
25391937
8034470
28754667
27171875
20734007
26634018
27546667
3768655
18746839
14138638
4435599
15285421
27736930
15103898
29731176
9569652
3329212
19660707
20335351
26591019
21161694
4474223
18381702
2025708
23336038
18673678
27528555
2007409
13031061
13398779
18145125
28263232
18169947
3909009
14537565
21336785
22146767
23779002
16683739
25741300
16660808
29014127
10514773
21926300
29308591
4586719
13647570
24460570
11378410
10640496
20519261
23214776
28572705
10767274
16469065
5465244
18506508
29367524
13628851
3568693
29805749
18711373
8458093
14782523
1833908
11338080
21433321
2579213
1050237
21098719
28091845
29124228
15067228
19387228
26022972
12479440
28874960
1116243
21707044
9710088
21205011
23371704
29505581
18086834
11967805
25444348
21123628
4480386
24113845
21574122
22284030
23490359
23526473
24196091
21640078
694868
6688447
29566421
27314636
1456154
29367974
6712032
11372684
11517206
27036937
10587533
15720578
7737488
6049518
8366292
5899904
2214761
5835940
5029413
2474015
7787422
2229625
12100749
2160758
11458404
419633
2004990
28168658
29483969
22129516
16538150
14826777
13237640
9810024
830060
4345394
3591873
7602099
22578872
12234611
27095267
28286185
7091363
982075
22408733
12943885
20580139
10899159
10462627
24334302
17352993
29486551
24704158
29152342
1962974
17973210
29739384
10828145
26295490
3554948
17379670
13107972
6677358
14006384
11022861
15332925
26050675
12587382
21934814
5335007
16773015
1058182
29095380
29404694
28143657
13746174
25447773
16046269
3313731
12110316
10410362
19841514
21857792
3059839
4229874
13334948
28602897
14519954
10559268
12828997
24455334
997074
17493558
18212298
21034807
3894655
22145549
6938295
26066115
15146352
12921789
11185932
14456038
4494815
28013584
12342186
11558713
17982591
14327319
12724970
11635914
29467876
16399843
3819083
23399338
8065558
25330655
7425791
1426379
21052869
14813805
264386
20180032
11408245
2017677
1909110
11276599
26165323
21677208
9714807
7976574
19593418
29895303
4346160
17227508
27284062
21564947
14916741
20740820
3614760
10640180
17074958
18708346
21492458
16421460
18585300
1892126
27432034
11798665
12292547
23596024
21600139
4995936
10870082
8852214
26917625
21677620
25748616
26893500
12378418
6160775
27607232
12779853
12000597
581964
15537537
21390601
28014552
11552427
8138403
18645735
15832558
29076306
26993938
18724649
2549131
28706378
16929092
17854684
29459569
18321389
9173388
6206624
29972297
17685959
18206134
26712002
528743
3127895
821721
22685564
8120584
29711968
17986380
11139530
25669351
16659298
20046459
4303766
18870404
26970823
3946815
8514752
13891278
20422159
15873144
6866372
27392337
29826346
16376368
331509
6288453
28841419
17732234
8160625
19248458
4820920
22126236
5166082
5903326
2029063
23758489
10360568
12681909
17443076
4242464
21973254
16850877
27881947
14311516
11660435
27407490
17608134
22971095
3008989
25846325
5319202
27961574
10745275
16222537
19762704
10969855
26836201
18789814
8273727
13478161
10068421
5106021
20945528
12912365
4535964
21706607
21334756
16964495
16802471
28706932
4983339
6199322
14439864
1444672
7929901
21251961
7138297
18793940
15131276
21553062
29706439
9106997
6661410
17686893
7339339
12710333
8035628
12065160
26501885
22088276
26475648
17204004
21161298
5402984
22751121
10297227
15519168
15457273
3737342
28354866
23765559
4955430
28777061
27416784
2224078
2540304
26033068
1436488
26696948
23164891
17963002
9147487
4457849
3312071
2661944
3367917
9075665
17987998
21112186
3783303
12863861
13524803
12809755
1106231
23491368
27546616
1887245
12037351
21462002
22570618
19500877
21227332
17710642
26976983
23036269
13825704
8841594
20775809
27519204
17227695
12070034
12434123
5947278
11132751
26555013
10205519
16694441
3300863
27297311
9805139
22279267
23034888
29668108
8854588
4504241
12501281
876493
4412917
12380747
10130681
26902391
25649378
17095980
4870542
24238515
28440531
20685878
19010299
13645123
15878761
16163666
24525290
7709540
29162659
3833220
5737447
13506832
16741160
23076272
26514562
17478119
2104420
3012150
19453260
11976409
3691816
7695824
27876858
6588170
3641348
25285874
7757777
13010292
9785125
24568863
75051
816965
7291032
3608256
28986077
26324072
12513576
523057
505208
7184046
24430718
9191011
20954808
27364139
1096293
121032
12045627
18616191
6761763
26767550
10716616
28858171
17714608
7797740
20172068
24675424
26410218
22407673
11512792
26057554
18060405
16795396
23935384
6724911
9192784
27976686
349079
14321999
26401083
9965646
14051978
13796452
26424521
12714981
2546072
20525683
29590832
6026159
10120723
14360530
13573252
3774045
23879367
2317286
14971537
12177148
25599781
2603755
13896430
27796983
15030684
1283038
27013908
28692548
27152156
9100055
11465826
8236281
17471803
19528352
5644452
43575
29300089
20065523
19685529
11409713
23666671
1173223
16992432
12566036
15288466
16628524
29020495
9101906
3546047
28731631
11474866
5043503
19288867
11053716
17384719
25615274
11208373
17922237
22270668
11866010
3529802
21941057
18935772
9682784
25115520
26599644
13023025
6563829
29403495
2192879
744583
24136175
18779372
1811347
27498445
22542184
3583040
7301361
2001872
12982530
5363673
11345843
29229680
29013563
5874741
20636574
3545686
29322284
17590569
12648033
8138716
19307723
19689841
17027774
25638147
21378887
13968640
23584713
13279037
19551123
14747651
9345187
24809908
16576785
17529715
18433605
5112937
4102165
24841459
2902140
11548307
4631268
21155374
127257
11391918
28529764
1008290
10898818
224072
26836249
4417795
15973990
9188668
19603298
29984809
18704866
6838983
23477746
3665330
29513666
29411915
17009957
10033518
12596640
25938181
9698658
17557220
22845475
6849784
21542487
27535978
1394297
6541138
5100606
7741177
8824659
11365043
23320617
3413586
20130895
2509974
5245030
24080674
7452068
3144624
20241660
2849226
4360855
25036852
12611465
6141590
19962297
18688771
7623752
5187597
1308568
24555391
4087317
14546901
16613111
22543183
3986924
18903178
19341512
20163495
8787003
2238109
20297529
2189919
5077506
11215180
11172416
13827624
11698010
9767804
19223458
8950688
6157634
5824875
2870422
15735303
363802
200479
20406926
13662099
8506245
14399248
16950591
18231075
22173767
1155207
12714402
25832377
19372743
14357943
3241614
1195359
17833076
319352
27690703
3657253
860831
13573488
9853875
23346590
27535439
16684997
10034161
10455116
9789438
18975584
25444672
19308844
12296286
13034090
17095246
9005849
20888590
3358476
3632582
10077679
29134386
4095036
28656543
12973242
15020939
14900737
6285074
7430785
1028495
935136
6256603
1835605
22371630
3071562
10022458
24500032
10669429
1352
5799402
23924383
25826616
8349468
20996550
4171419
23274360
17529092
19900604
20031856
5831279
9237555
23355033
21509114
16163449
395114
24649127
6782977
4477904
11414163
4085620
11649996
16118289
17873698
22096040
30171
95020
12624932
15688660
2286207
6112835
13558889
19468126
28217506
6176676
26449968
28049402
2377445
12969453
20812092
6415752
4215210
6810904
28540504
27517947
23442768
8310269
16465107
20665706
3245380
19313681
24276158
23768740
22637145
20615066
6321740
3300634
15534279
18819758
3266209
12285691
22783213
4608627
11765317
18968350
1059082
9728405
25838219
22304552
3871977
19091446
27582923
28195927
649662
19210911
15596333
28228579
1170244
5833077
12092573
14054957
2773873
9144127
119350
1656378
18559933
23513787
14312014
24043263
17689064
17988536
29811407
18838173
12959327
22845992
8930992
1796078
2197324
23923077
25594112
8237926
23842101
29659816
22233454
16469246
6932361
13123971
25202569
833457
27528255
21711223
4371723
12398363
15848210
16365849
27708440
15565554
23028639
9574382
26341149
28184670
505696
12300148
26059075
14632519
2267143
17118875
15892445
12284281
3103259
6612234
18676119
22608265
21396685
21437662
12136535
7552843
12361963
2957489
22616020
8274801
7290303
14269191
8914506
29998665
8577382
26439762
22300602
18889679
15481238
1677939
17242036
4613123
23753151
3956739
7730586
2571458
10386112
18448987
22333271
5473267
7960061
15829785
19510423
20639716
2122941
1718339
4889657
5650474
15951495
21636524
23127301
24227036
3581384
10265605
18852042
19640093
4029269
10750836
24977969
20150821
11568088
2774774
24802589
10034525
3233655
15300284
25469493
20470027
2512270
28752179
20068441
3472748
1791355
1566086
8007528
27494133
21145765
25284013
14644315
8657828
17469413
25664440
6328883
3890432
26248856
3815082
726602
11416945
3228109
1408326
4503681
22950602
20596271
20608945
25931222
22093852
24739559
3206039
17705048
6328706
18760965
10107057
23908067
9488635
19663283
13450386
12297546
5731400
22641939
15220719
16381245
9048673
20789557
25963351
5411842
11227292
13582970
11587626
10634533
8830799
8187067
16414193
18737391
13697408
20167956
3865919
24161452
27871388
1134834
17019261
13760113
17565321
24834144
25269624
21489121
11925088
12535005
9204189
24481352
21806265
2652730
387526
18317475
23996965
4900089
28752412
16337883
8237759
5228491
11093188
919281
18326050
6500852
29021300
15593588
22878263
5607633
21522303
2332925
25246594
11426817
6933211
20564553
12048977
10299829
26097519
17761862
21433733
786463
9209869
18705151
25610758
7106298
23191530
16000870
29731410
8779777
10813745
22456994
28504054
6117342
6251550
1539765
18567318
17424203
14090553
5329810
5128212
7635552
4804695
23562959
5900382
2846407
5499629
3880289
17233884
28453285
9139307
21901955
4532065
4490894
22601561
3086872
10703169
2416301
23622037
10120990
28379588
10686738
27575118
25808508
1262291
6553996
1857939
19744537
19363551
2692873
29484192
29375243
28021464
19082319
11789580
22216557
6803271
8981403
14135074
5405557
24132002
13288820
19256273
25552457
8937618
2297737
19862747
24571335
19477536
19044752
3114537
23556245
14477332
24688834
13919924
20320822
20363239
22821247
16008192
10578565
20037803
11481194
21261196
29626304
20981259
8045618
5320677
21052347
17040403
14348298
8833878
28230410
11195479
9692433
6727094
21646545
28656205
15926246
28330111
7538478
18254911
6083640
3064062
7393048
733040
11617127
9283207
8213435
2137635
16414687
16851114
6823676
17305241
4994728
12057262
12848872
17424429
4262927
7438277
25028305
23861641
16563327
6606737
3878354
8012322
15068328
18841706
28778810
20528717
14324256
10238236
13766294
12089251
2803317
6666058
20163010
6242669
10387491
656758
5262566
24025746
5610568
11129332
14045770
3213581
27531614
26628154
5651350
11025940
876544
7519031
9017498
16757084
938481
11708457
17659398
15114694
11384652
6084919
11113688
16490228
11542141
19534258
24802485
18538762
4688951
18852249
27560954
24786797
7659881
29161285
2442843
5731540
29451478
22298656
25543441
11012731
25176995
9768332
20105187
5989142
2118762
5515904
15396377
1759813
3453225
23740791
11695354
2106439
21249857
7218329
21215851
7831044
728741
28338461
23223852
12181246
29338869
14502811
25980490
27409401
28631485
9234329
13645583
16346774
12741322
28346696
1537337
14731951
9036913
26008959
29898039
4061147
27087158
21279013
27683777
10205632
25588226
6170864
21764256
19542629
29061756
2867023
9813550
3831593
17107968
5487462
22708772
24877265
3831870
28864138
2794700
10287042
13728208
26208752
22661117
22242208
6822166
21726173
15165963
26363079
14143191
16482023
1945749
12015757
28097976
23555028
133908
17912032
2284154
20611522
18876150
14156620
7563376
18733735
23412918
20772953
22386031
8504462
11697341
27551312
13663483
18808596
29796631
18710155
25295476
13236172
23427128
19110041
21550575
9223100
26534150
4308086
22228418
20710817
28024620
15154779
9938587
27185953
3903950
3827064
27495164
25058618
27821323
24916011
3448699
16743884
26011135
28319793
15763379
8236137
15956898
17062622
20445431
17739314
3380871
25619716
3971087
18689579
24928032
18826001
11483608
14945123
24444477
2267215
2186321
29539832
20342115
15718745
4226916
15488386
27029937
28463601
23028892
29852210
3642038
2174771
11852725
17781234
16287387
20326587
10133621
7642360
2592043
22601985
2229995
5336130
25571733
29497565
15062956
22853968
26945547
8624995
14265225
16480073
21520268
2188782
24025745
9861212
26134320
19153718
24537268
9159929
4630030
15790095
29551349
21888912
20092014
3662734
27325029
22787632
6355495
7812551
12952851
11983608
4677808
5302802
19622429
7354660
20870731
10836679
23011037
7726875
24877616
21788626
17867539
6980521
5149051
2683981
8515621
11930041
6095373
6886901
17227403
11515951
1632896
13306205
28381393
20131569
2428657
1324117
12637715
7850584
10703347
2803701
25504094
27755068
1063151
19746388
29305794
21033349
8089446
11406959
22176484
23658268
24175499
7356229
25404004
15103081
18875533
20657176
20811641
16545537
25830169
13864306
17729753
28782037
29574723
7834904
11714995
17940155
9627367
7535774
13372198
10711462
48272
19750782
28332209
16967357
3903893
23751598
1803608
22093552
21715731
15015217
29055452
7133841
5179606
24874531
939334
19203580
17116329
28525945
8370678
28849241
17883019
13030385
16902628
6039190
1726852
12187514
24095472
3351285
19985769
8779883
17918229
15584853
4319130
14889210
16507566
15749239
639131
262594
8724847
29377031
10946529
20662320
29256539
2645259
11227761
16213401
13014288
19008914
15710271
7532503
15476072
20862684
6166361
12876519
7576774
7592987
23248886
9269999
23393452
23917899
16417401
15882599
10410945
6193296
12116023
296670
943071
17512683
26345868
5420480
1596439
6726426
12140259
14579644
13341644
23804306
16061297
16440449
10282644
22645633
3189957
10952799
22055942
27277100
13645590
9954024
6814000
20848875
21084354
20608034
1950588
13824503
22563297
7627833
18981310
6271606
2140042
18014909
27633446
6154665
5248260
13660001
15049488
13052113
23168906
26530338
1318285
11909431
24015499
28272303
21609584
11678424
8161195
3965772
1572702
16236366
21818903
18079036
1592216
29419895
22546746
3332245
26286192
3003987
14694737
16610239
5567481
13303279
3677643
21447205
4407189
23344506
3188062
11214265
7319692
29404893
3626227
11458984
2749489
20315696
15066353
5189594
2600069
26313307
21449725
15214098
26856619
18833390
23662262
4450243
8294075
9675948
4898798
22428190
7582306
7456470
18760146
7578900
1281907
882120
11582605
26065187
11835464
22938865
28707272
5718614
10708584
19932261
14052586
482809
2439915
10516657
12345234
18952413
23423166
10490660
21256393
6915459
23608993
7740568
29769255
24304338
23395991
8268852
10445804
5809441
7879054
12821704
17114916
24497201
11571885
9170443
18576446
1729360
21999125
1227587
1018800
5818384
9068487
28015307
19638724
29665898
1169837
2474246
8178048
13495416
28487755
7861422
21100958
12392631
10954321
394973
16829984
20938394
27086885
7002378
996489
21216669
10783449
8778132
23247406
28641615
22284040
4339932
20418149
27614188
20093529
1660156
2850806
21068059
12792298
12324924
10408937
28996875
9312579
28510129
2552232
12287844
5465949
16163764
15359974
22201582
1498188
6419148
6790355
6658297
25938136
23831043
12167264
2694184
7613379
22013639
25872374
11887288
26011336
11503506
15428044
17355592
5806182
29054024
22250700
22253210
4593630
23641844
26043767
6232524
24526695
24309103
2385706
20458749
25325282
23333246
10950464
2761763
15868819
23013689
2469303
11556916
29587582
23982685
22362577
12561042
25175495
13137792
22341010
16381525
23264321
25170866
6727036
24517247
29983607
26920293
4970108
17592195
10469728
14208129
23302357
28953824
27483230
29339660
957781
25957708
29501702
29543772
23627658
13984050
19758312
16127776
25879961
4941545
6456847
19400995
18710096
21600729
7912317
5341974
9584643
21550671
23241931
420916
52288
26535422
2572180
19184149
24893278
28035535
21060888
6062506
25917729
15911895
1549724
3931292
16910808
8249149
13562282
7187633
12049294
17128929
29985088
17106042
25485394
13000472
864993
3357853
20155224
74390
1701795
17458444
1805287
18833103
13733974
15864992
7479386
19224701
20896035
26173289
29223332
1512487
13901160
11533325
5919225
2541440
2855948
25352262
23507022
11694860
11567120
3328980
10209878
4551834
17338051
22722161
25987149
17225175
1047951
26576363
7007700
22084360
12562534
24638425
25906377
18601955
28571571
22803532
21319569
18631796
25774820
19959158
20562418
7850889
13551249
19332396
19445797
26627707
6911537
2533102
23733846
21897084
6060723
18738952
7017801
10084369
2244748
14304870
13376427
28927965
23009287
26848294
3362135
28208905
17345041
21719546
15140666
13624948
9269216
17218018
22486033
329790
19792836
8163967
2409047
6697312
15394472
2692487
8652540
19781931
26859550
13303153
4282596
24741079
14523129
4352720
23921487
4852378
21095697
26619852
20683210
8692316
29465582
23464276
24237454
16103125
29195214
2591132
26536424
7053917
27624006
27058525
622752
16355087
10861934
2072037
14089794
23896464
11134562
17957577
8205550
14155675
10634109
20752344
19557666
10368892
21540454
17568890
12574376
29614653
8559579
425886
21208946
28744109
19795289
4186886
25627457
29558878
15331580
5781471
25486583
17115388
10590777
12509452
13830051
5736542
12897636
13384595
19775868
12015844
17283445
7150540
15357839
28390435
22621030
20596967
22794097
21811198
6435488
10917985
1075679
6408292
15374481
3544645
21057320
27530268
8991055
6458545
1887797
12189815
12182162
13409379
14156460
27786101
27375000
10665158
17357730
17922678
2808182
22636988
1685750
19637616
10027888
7191330
12680603
8785809
2691739
16189968
11438724
11232293
965046
13500643
16858843
7858257
26895650
24311332
20381281
9906105
6385636
718516
5561354
28009394
10672031
10041037
15253243
29916685
29890406
11306451
24843808
4836937
3604450
22417967
22339527
7786236
28264708
7047881
15180688
979595
29671149
27621625
25704057
1744600
9296183
81544
19088070
26915291
17064666
26912293
29463121
23570765
5564443
8342370
2512430
3673266
584654
9918142
24868854
17503892
24673167
2199274
19997895
17431088
27442923
23688994
4155485
20695789
7138356
6154621
9757299
871380
701857
6038570
7321775
1453546
14354335
13698853
24908297
22600644
27693376
11644869
4118753
14616695
28865015
17761862
9687300
15028457
6862830
20784731
7310540
26632858
23020129
27122186
28928398
14886031
25944445
27227751
16028611
26651113
24987584
595219
14015349
5362848
8751901
8017190
19765243
6312212
13101478
29289163
23436806
15118501
17518692
15151622
17884728
5402976
5664214
13139026
12822384
3060398
24684316
3272846
25842750
5951032
3788923
6728040
5683022
4196628
23330207
26032871
8151726
10669435
14707752
14423398
10426846
7876190
20652388
14182756
23643374
2487064
25298303
12612982
6591546
27700635
28629060
10102375
12908286
12575831
2591540
1413029
12201169
13592627
974313
9046270
25235808
22235361
4105505
16325157
9510772
14920351
19694530
20137127
22671773
22809223
14706103
16724561
21667309
7776096
9540848
18843105
15509554
14336711
23536598
5571463
14908539
2702053
13185619
13726372
15274075
28113710
22311805
842239
27063450
1385474
1131908
19558337
5106386
19099021
7670684
19620431
10649024
4099164
22104958
5946341
10313691
20489697
25924261
24124427
18638669
15526799
719286
9512920
6792937
12379349
1443268
3084294
9096285
2208499
19016690
4650292
20509132
28136237
27715151
10377864
8479372
29700622
9701767
27282247
5997251
7693970
21210088
14230897
8079120
17431851
27996565
3218855
12163963
13794381
3637316
15670934
1266232
29994716
14896061
29919022
9338626
8016661
6407053
5247179
25315128
4007059
21019147
26869228
4760712
24188883
13029625
19733593
28445517
21976894
3594527
16696694
29222953
6329640
14576666
8169436
14225182
17336802
5107657
10764450
28877525
9883447
3448171
16682093
1580893
24444357
7896058
2015105
19354732
21054419
18617292
18678920
22125108
23217555
5679864
10146728
24793229
5597289
24549019
11158123
11599503
13143878
7148494
18215878
26452045
8183259
18911190
24628073
19179272
5090
27621865
19131507
10030896
29869418
2205006
15624023
13873753
24345752
15230376
1879670
15177745
9135091
23509081
29116394
1571924
8631656
11778462
5629290
8700466
25572657
690690
24814416
11902192
11364721
12262005
8799459
20772598
24159593
8403142
29627662
8202073
23937831
3894335
10592478
21138194
28073888
7403400
11946162
29041234
