633306
699644
561948
416373
182405
391166
201059
548857
193563
912315
391894
186366
446474
392323
352370
27695
581303
278899
963765
6312
529808
77162
187931
290990
984640
917630
801373
916476
7493
641262
689643
521171
891772
943825
569532
996865
333695
154789
677953
844184
199238
106129
70420
49981
551564
596018
431576
38709
383472
136586
830368
30524
600812
153250
422842
215989
418870
207530
380010
699814
761655
717124
539231
982973
492335
603414
468657
431821
255810
360479
452400
267590
219949
579872
593513
856157
516865
573794
410653
796100
643207
823296
82130
805166
834876
771678
174196
541878
313791
118490
362976
576773
800175
285906
57883
834069
372562
253646
915649
530265
62865
169558
201954
4103
123014
79936
641461
744348
481023
833329
892480
612489
24663
593001
981880
381556
206435
316376
910290
23536
36231
889451
644713
663114
95748
437610
625075
828319
595674
852615
310969
991852
330253
728318
443744
562462
990464
16674
707515
531273
456415
808094
956742
791441
988205
87257
24561
688288
363642
235649
574123
85522
909196
623795
117519
545858
823900
5484
700095
366065
704594
219139
662768
866556
559404
42460
734243
23173
681105
295064
399747
790775
545072
339277
958436
519738
288147
945699
536707
943146
942148
905843
953759
324855
382457
361574
230283
431222
414414
512202
423448
71349
134837
964757
89309
23383
518243
879261
943295
747070
863272
771758
456872
492203
872485
747081
657124
995637
492391
759934
455995
120650
636333
405666
750377
870021
806105
388743
349091
647563
257717
261192
906141
280704
649103
691458
493609
30432
772253
225385
290523
979440
356568
194190
628418
276194
994679
671350
578888
741111
497746
843897
44242
297452
381143
18618
791002
293689
580038
508596
39812
838781
566799
15720
50611
906891
611008
927218
617720
100678
163024
695282
929682
678453
943663
155111
851466
698198
726570
867726
833218
16771
741221
645371
207881
824893
456820
164371
204106
838978
481093
228828
327462
961058
424483
37606
535955
323872
631766
154955
71895
816214
146051
111600
282602
619724
710053
732235
536435
553380
187275
403246
847066
852839
922470
395390
221759
707142
363156
248538
731355
136515
742628
475368
113724
950201
155902
874770
755084
138298
154334
130753
493733
829021
358742
329570
388080
569267
390917
55610
401079
717800
963807
77916
164583
274543
228990
784669
720350
982667
42057
561876
409209
931100
60585
518928
639288
764403
2288
923000
827761
939068
159104
824178
579082
518631
791152
395589
743420
834108
405098
177655
992343
480865
997428
157111
447148
186919
470344
565311
357438
511898
327207
752157
693855
754149
90239
136661
374068
271437
443036
441016
712382
876415
312086
476613
618933
3053
739218
513305
385703
333960
961578
524818
409909
255622
446641
531944
938924
860559
936203
972037
871571
500655
32271
560905
361338
663744
956120
113313
298543
922126
556424
668020
17632
620875
340661
220622
172194
818081
178173
232035
704470
402127
924809
879866
774880
997062
315658
450084
818794
40273
956598
679221
686661
854619
630310
208760
698988
29820
98029
902685
279316
99590
763964
572124
122552
212096
729453
865774
201121
733741
206796
660638
660517
605913
770650
893732
260562
587729
20816
56624
354713
884594
455589
92302
556260
297627
906776
516128
916011
955626
154071
853445
796707
607926
373569
627679
842682
666029
221062
55683
860331
725415
993904
238909
652832
161158
846801
149268
651252
99435
52133
8552
884744
333392
714186
502081
399492
169899
749990
38573
740528
324950
995456
898983
799986
960804
122621
23544
476637
495570
983676
716037
786985
443076
459694
146916
971853
396964
188412
511265
175689
824536
45112
549349
849515
790812
492994
66514
502188
809630
290241
947365
192665
38992
487297
343088
161270
986923
9654
510617
81222
544405
592271
982190
631982
44675
614542
321072
301532
772431
991357
630378
444766
573378
474201
548417
140190
750398
948178
868181
653914
471229
262414
773129
352062
795105
46586
801918
205494
264452
557192
57173
971541
600564
225062
774294
325486
635354
122160
990694
189195
537942
970878
279235
93830
355632
608359
382504
665641
550176
853164
583339
353503
875698
818550
909285
624800
883978
248630
445057
955261
136348
850659
848123
856455
891567
718157
361692
810133
270522
458486
675931
778315
31974
858138
918248
396516
283601
674562
493095
516870
233284
290307
731965
175134
366533
317212
621751
56459
540860
273374
727849
929058
78443
660028
532395
597502
453726
682789
982920
684888
782776
9832
4367
383948
679232
177681
842759
866625
604229
690969
97942
936794
8637
39409
906348
518589
703730
474870
647500
720395
617486
921569
365472
754079
830196
754859
894787
655996
739149
505505
155869
445028
905449
65050
915509
293117
782020
781759
205994
578920
697311
204046
974271
389355
855430
309424
723970
668436
559453
161538
294347
618546
775920
680561
317584
202736
497110
835113
653270
463369
106280
654032
956372
852591
199757
179724
491703
280801
14756
518857
164396
958970
920042
178367
585867
773439
103859
785344
374468
33248
947129
656771
655266
30008
861673
507449
566675
766097
740730
883342
369998
49532
891476
280449
16647
824552
996692
451877
886158
619403
768248
613531
114093
558462
194114
38756
996700
104211
945753
762982
576834
748171
785617
292516
649859
529610
322869
409077
636387
867583
428304
68781
960177
118821
872463
185689
800166
243312
723350
883780
474430
505701
873602
279634
832615
197713
724704
824855
386377
490987
930655
965833
127835
839124
246111
856557
442292
914297
679700
654305
495384
302267
418207
542510
399086
960891
401280
672130
45309
270831
404213
821783
576333
694907
628138
851362
116279
531332
960539
363990
605932
610018
217258
924974
750847
163032
734616
498517
542609
755235
957040
731965
727650
789752
273310
776265
455047
600720
914983
568948
451854
984100
472467
254684
698522
323247
839230
618128
355206
590014
14586
356441
211333
552734
588651
411178
746037
996509
174126
198249
333705
991931
310101
382512
700622
473960
11395
632131
798589
772564
954954
235470
630602
198910
626475
48012
301038
557175
716822
711243
495393
464128
584580
494269
756840
755989
243037
331492
767580
302823
729035
90886
497135
143890
599237
283331
564443
869801
361650
288693
368134
417827
618049
85086
77414
672351
157447
490848
731683
275095
702597
535256
65762
568770
881989
514127
65906
833612
481847
917305
892102
733732
627733
882510
49609
469999
208806
344431
404896
160526
249527
581941
630904
517431
616721
85522
352927
726220
466474
545251
44381
847690
245572
628075
934959
414250
155435
530973
94317
296351
826695
420857
65881
971459
69642
589492
227022
454841
804629
323174
262599
982982
128822
76527
411923
328573
728726
145159
493980
941578
78340
964480
8411
153394
93424
162275
498213
178026
215413
819137
352916
708053
575337
359601
258638
647734
649676
258294
281656
499840
529508
410928
304980
837233
532233
398727
97260
799296
248394
135900
955406
112218
844273
645083
937369
906170
294554
313359
127427
449061
535908
96243
542421
943463
553577
980645
724100
552038
173981
217540
526596
842594
428199
676401
930958
72089
239870
517190
523017
170613
49771
773387
373535
93093
955630
364080
242775
691600
51782
595948
123802
66341
410479
787884
208446
878568
302855
963796
294303
94334
266238
100461
312135
131847
645380
620854
511221
281097
645932
439191
156233
721699
220199
177699
341468
374423
777633
989344
269063
436961
612511
373316
259816
695597
249317
426502
489669
72442
147931
805366
140128
871355
308884
104207
520310
609275
185905
717142
83275
8172
738040
836299
754421
649846
777867
732273
647648
960875
379512
132892
393447
376281
794756
231761
74119
450887
739872
43102
83433
99213
573928
467437
472630
527309
19578
966250
596168
262734
778420
633394
446823
887606
184795
99288
431402
933384
782101
728807
831452
409784
154768
215652
120144
352666
844714
503962
379002
166404
99215
232920
973916
204365
933439
468308
849426
578414
496776
572656
639032
265335
466616
641675
316682
462752
346695
572963
958665
110911
704105
421711
334755
827118
453351
550459
27477
143144
799926
401034
9791
137460
595977
528375
621109
289915
754438
750209
340311
988535
630062
543585
197840
778788
920926
611896
442436
432090
600977
85711
837954
80940
500703
312584
916840
889858
681135
383024
875635
603457
598086
10366
360533
484374
401254
138149
674891
594684
245958
545820
162510
181171
598821
414927
190656
834908
183388
46776
729457
104440
508991
348359
780856
40723
947620
584394
194074
747070
56455
871938
289923
46359
823996
924949
23672
754618
658218
613874
438858
896972
310907
52611
260980
228492
368930
997284
312652
450466
783831
443134
405813
415973
822847
193342
162244
232891
618639
507759
332273
146218
640489
981516
364947
654489
641160
474870
471751
114871
151783
422757
773857
66329
89179
870006
160214
295130
107520
221072
312469
979210
46424
931868
140632
532403
992367
545048
540810
394941
328647
721501
181377
824078
72604
645445
188935
888075
692018
861149
95014
276165
936441
628315
16354
442676
589701
54202
958254
728791
902676
303059
164934
939980
581953
581287
166748
852585
699773
988105
631882
597064
308689
984991
437691
219519
382691
252005
82416
193070
915664
248577
116607
703098
603475
757399
627440
279178
526093
957604
137170
52861
815346
50476
974640
210038
614750
588712
412335
365823
158748
133431
581350
728204
279243
484799
585090
405581
551875
471185
608055
175500
320264
492251
218642
897898
551476
67589
665369
965555
674402
596481
951013
686222
801961
29585
652727
652134
415602
518458
880064
815487
989215
881546
93689
831734
563053
866634
788495
535059
365532
673827
455018
960633
106315
230523
22611
15336
758426
572636
565691
935318
720384
254208
567691
885078
645345
390252
854912
152923
48866
937584
134418
596585
356067
846283
359869
350205
867538
279643
835716
103198
775591
59135
336332
654777
54905
317664
355770
823563
899148
584083
644304
422191
655480
2225
714496
833418
558879
233759
991148
771047
264359
725437
953450
882608
601502
842012
375714
294055
642821
218459
821294
367076
240543
594607
54437
667715
401626
758634
203352
784222
637495
567821
516831
534496
953524
899060
54947
480000
145639
942806
513780
605238
382230
706237
334869
268964
194126
458790
7508
798150
837070
184887
984872
990255
533938
322868
428238
284374
527464
339967
603270
806003
644392
578111
380303
148993
141057
988225
66606
986640
379992
249179
382312
788848
840684
804214
594006
484553
160516
637854
578013
725410
396808
442102
636575
504804
364116
366007
502019
973323
398719
297108
699657
85491
993079
210139
767296
339009
443342
636798
204318
486279
101996
792854
405515
892704
277980
252518
329290
765181
323376
994025
122261
741922
583937
820101
787690
957663
968456
276002
723192
56011
816924
279439
994777
187478
385718
952080
224139
57106
162363
909856
718421
652164
61875
887623
689913
415494
490053
742085
876784
26413
800826
207825
93528
44464
325002
656098
40310
430837
842782
593841
147969
219747
360293
801292
598900
183592
735993
939546
541144
262325
13042
853096
950065
753772
516041
896271
566009
602169
202336
973973
336585
100008
885072
914436
302789
936809
760756
462278
888434
931827
881499
916910
550869
363730
247629
543036
796286
105896
248435
497932
580770
603048
627042
301198
900413
493350
419282
764731
999367
204093
80262
298861
1755
848270
966420
856413
575445
387524
2094
457711
219277
905170
439503
367763
951069
59571
432377
77307
991745
372045
565722
567504
203203
360245
390628
809119
287884
669030
986959
679767
979343
763264
973096
851391
187562
406438
277834
16267
533075
680091
471829
287952
254221
247841
477890
5110
266000
743347
689459
766457
453522
123841
144113
456334
891167
86433
835041
975544
996830
953071
445215
763781
133475
388244
697033
208542
894825
585638
216237
463972
95886
63700
526616
650820
110335
736193
228332
523349
547887
685627
785299
187198
382651
400663
698798
654640
76633
112901
574768
586973
935236
11456
914186
960862
899895
848088
42797
911786
569117
255919
461698
334118
953397
943885
921440
559825
472038
174435
564442
680705
698539
907512
168127
252264
622450
509327
72191
697859
354078
97646
809788
365042
483636
150089
198136
719996
668871
260442
725856
747195
388172
698778
545631
484045
528238
432689
22255
74147
833420
775521
306833
186967
802020
856514
910210
77069
591084
556005
540887
973506
448249
919213
989057
561178
309517
528280
573006
503133
603416
260831
664540
277118
726155
269742
265640
946088
361308
229723
222412
935621
810315
309927
440192
929340
926425
354191
823626
62044
442555
749907
764515
50579
538878
771470
721623
117925
685638
868633
881393
274948
372662
252837
264105
131996
969064
944702
825046
552440
41469
377467
514192
497468
874117
775007
822014
862694
246811
931236
834056
739996
258430
936669
340668
612131
407530
290133
381929
173963
585610
196926
885364
225904
835816
889376
451154
675633
961859
825663
895781
2488
530763
171749
304080
372775
502140
413827
269333
363490
408084
980914
298735
371343
333717
759986
89115
965353
85372
188409
188981
139241
590775
753288
339880
345005
991590
680431
302116
238510
449249
333434
259527
711443
617345
751183
325384
686695
619553
317250
420555
267841
355104
648127
221695
114737
443784
838840
94386
672596
175943
371883
742541
897837
159522
348483
421941
573684
981254
584711
744967
523108
516691
17270
554915
488514
333363
928924
747044
93433
997299
307462
768332
214687
539205
197958
751776
352980
128905
604855
936292
404536
366296
243515
252542
73301
946990
626454
224019
276837
100656
908469
68372
233522
438948
334484
559176
334098
267187
674062
657422
870905
932499
655661
334702
801850
431416
457788
506683
560413
600022
964904
854304
254625
866294
357940
398329
626312
468154
223253
682703
869801
87798
139441
590792
319182
706789
5079
904542
706784
846404
459149
467222
757028
80657
794082
941757
984693
7175
672315
594173
340774
79377
812611
173736
492853
606304
795368
860234
125573
190026
520686
669888
703593
101984
596418
523887
710617
84174
685479
556858
577038
69168
655695
555669
930940
788079
873924
146497
536443
42645
355474
33020
652087
174376
568838
510181
558489
955290
198212
296692
31531
692743
463038
829165
793044
233499
949229
972153
227636
542648
816011
732349
78115
527391
389398
279726
436248
748313
101469
450968
246451
593498
335509
106624
683912
818984
370443
622897
606984
576000
182936
549954
168406
626254
790059
859998
568529
760188
245748
701284
783533
264807
352500
48634
916202
661779
991042
937103
249777
606180
349236
561426
728300
507393
799252
795687
216349
286981
55372
8608
913473
634877
331371
672547
555117
580759
912593
59547
4149
685191
458199
347947
786560
898173
377375
622564
492195
963437
901515
287838
738954
69651
757207
933411
9089
528801
675506
646823
125321
494846
834199
889645
497190
691564
591858
251146
347921
292746
341963
719384
908161
391888
626980
196559
90325
539883
716581
205984
133903
162029
426048
291875
722571
701388
916309
375658
446836
414105
765882
53763
121753
880984
315363
447696
38815
958926
742062
204340
956923
735998
60200
403392
606021
702956
501121
288785
39831
777760
883650
996367
401568
233248
684567
72618
744851
473490
190332
879287
797921
74793
634043
32096
812126
610946
177826
981983
592419
403813
700353
740852
366706
166861
129158
767946
827367
886919
28756
398681
824554
931608
256074
194026
693701
317876
736430
618907
748815
648142
456381
818126
369526
984547
443526
852077
877346
440441
134601
849920
352270
830500
79231
344175
738358
87668
136517
162761
317388
993483
212258
737337
112253
579559
417836
133680
314642
647564
548712
238443
820355
797824
626022
924722
488332
403201
967321
850840
977258
772891
890906
585557
355487
73279
83975
463259
385540
458619
651152
124371
124350
868961
248158
51850
60544
451237
781709
461885
709126
104958
670494
568651
919281
435108
148554
120432
335759
77265
507549
677500
353123
908241
9265
947275
533055
825096
42155
864007
341304
838636
798622
852843
82358
677219
425054
800175
104416
794065
251300
395463
84905
871375
515157
89498
12416
681178
291757
515755
374287
336489
180411
82800
433108
48289
962886
411151
910972
261990
723859
223180
568877
292298
936383
637290
970484
92225
968395
153682
625498
451484
878748
851199
821040
840187
495785
833763
313232
862766
912047
866165
268196
99298
937704
133996
23363
849324
835541
243880
622363
774851
280965
811049
965755
165211
765704
682332
102598
325455
901005
578145
103271
278929
313391
921178
579181
290626
69636
530296
556260
824173
484440
6144
852076
144090
521937
83345
825395
796272
616857
279501
864106
56096
701571
500807
967700
702308
560798
394757
250752
38188
444195
537122
278096
119547
13506
915640
635274
416934
462367
459003
47317
94637
589738
884740
838459
71668
941001
842561
657390
846856
804990
872019
656753
760410
919295
639159
266838
44201
546839
11408
634534
225797
254250
563176
383614
76674
761043
827500
558399
222420
978161
246213
202118
161761
974842
602437
187431
378212
616359
832952
14711
882675
230215
219368
302013
242044
255584
238544
69103
911501
741100
462814
570812
155326
843645
10233
881538
713982
745
148078
224090
409172
543794
619235
485734
715199
676099
982034
237243
646248
607973
91946
163874
228959
939825
100793
44633
312590
564961
206854
226968
122032
786802
182724
45110
684531
326835
698467
109342
681739
641406
633082
649926
934084
344619
949059
267740
665068
333881
522129
962624
256275
161938
352402
566824
915513
924647
547201
870240
896796
957641
444183
883736
521813
141353
95937
455957
196274
574068
245249
280075
112095
80769
950041
506053
675475
231721
359198
23804
122906
695742
183577
97056
822331
476187
924128
325814
469327
189259
374362
857346
120030
759780
46327
251579
887175
268029
749589
802508
245287
610625
620914
94535
592001
857675
311171
980490
224041
574028
888821
839392
457035
454246
956898
420777
388478
825696
606471
387410
394065
237717
517967
109496
380858
818579
947884
517107
560141
498052
893391
320827
981060
736550
776779
787332
765018
247941
656453
138364
107938
840133
519827
709653
757869
72610
66660
100155
598411
390014
574994
190745
615327
673190
612388
623915
926030
267002
773444
269752
895863
837580
148
464448
703046
695500
635647
137640
914249
332042
845085
998888
608605
951072
782766
922576
510039
138950
431642
110291
808113
607441
353571
426484
218799
15063
900874
788644
53334
715029
639720
597515
237262
352870
814007
521515
486206
616082
910901
288852
516048
646557
655058
772869
441914
94759
403521
371317
87415
983420
746781
57561
378991
867722
307223
621738
444095
12799
36480
908233
999373
461309
104691
815757
321043
4827
619978
827642
657107
822159
27790
832178
762064
863995
799111
654394
520047
295372
626285
968130
306138
35357
234241
343248
693307
45392
423243
871602
502695
144657
205383
627866
64118
927183
724990
639708
296253
702518
22808
798601
228215
226278
233741
86653
487065
166803
53871
178971
365812
270725
656533
184164
37324
400861
378138
613042
107200
267154
635971
52721
814240
912901
696331
10572
927808
518673
479845
750320
689662
479885
814242
353592
337714
874335
898660
687349
799373
286942
875637
216213
206681
211800
548232
676412
645524
816301
432026
41026
293277
276162
671636
105748
836642
173413
640970
668755
914423
198825
604707
657241
838667
440683
805665
764207
724148
206492
133397
369029
62482
807297
606890
209928
627236
749940
68441
402619
8108
640467
605307
146423
815555
531230
566965
253322
64868
123835
825560
981584
265600
209832
615587
860781
829411
226621
10779
845880
692112
985913
689022
820633
441058
496535
270465
182114
61592
979954
394774
92492
329218
385625
770204
858514
829510
633344
400637
62242
977169
555498
983376
987381
292983
264005
279232
700652
991480
267245
750187
879398
911861
790835
164767
190090
343906
56334
907249
170074
197790
333110
680331
348197
724923
238044
864501
918348
418268
403857
996351
180745
990704
653033
433693
188137
752883
702305
72656
734092
230701
500481
958889
649392
979180
422188
788168
296688
659219
223025
810510
630713
539829
289825
69060
105222
756350
842844
69740
631479
666347
635700
579827
744841
978562
228911
323734
284344
999595
939485
674110
177384
925752
393980
614278
416013
860996
365245
184433
906430
232176
72985
672800
68743
5199
486118
225833
568900
125098
470354
334809
499096
292269
607875
944715
326428
128525
47985
170474
127336
543814
558255
452456
783360
443488
375605
105412
922339
890712
914152
761677
591705
271716
506672
375897
766736
844259
102353
264697
735398
578541
68358
259518
160310
336956
601587
37606
677483
442296
224012
509474
507713
435790
22537
695132
427745
416173
60824
377869
542244
482916
103888
60234
953492
928053
514484
570802
777641
46220
327234
215044
81306
857432
13436
701031
162992
565604
838065
593886
211160
433670
136228
727934
950719
623166
812805
798233
914309
901326
879259
967209
536875
169053
727727
147146
321106
400767
691488
85585
570374
29005
273108
501212
9794
132481
236459
642577
720850
270740
20114
483133
766182
670111
224704
278504
403995
695193
962115
176981
861343
173089
535749
418305
459764
897979
990555
926042
144196
367287
293838
300122
428618
575556
211114
631464
874085
169751
758028
19411
908866
65352
993158
321869
160348
156598
924912
258070
194004
379751
264141
270633
569913
340435
370694
40497
274776
952173
767239
727436
196013
391400
671663
567005
69520
3198
11397
479493
764019
957470
757353
672427
955876
708725
533276
260213
274780
387349
949105
309844
204880
48336
491840
980638
196008
599307
422655
579294
915356
221217
344460
605314
255537
618751
689740
599092
203984
759445
595409
766815
921668
304601
718124
21336
894893
522963
67567
12313
407776
687593
782457
805565
932117
263264
788696
390932
137776
813223
590463
886238
903046
494599
526297
189541
939117
26914
829805
283300
467471
880217
318197
960650
165166
715185
232829
680394
811734
931188
660516
502790
203219
879016
926210
125452
586773
737584
793587
649718
170221
931096
374456
931369
907136
224730
874088
400911
20392
390328
211753
287657
343374
700178
312032
816607
164835
548817
346380
352229
97629
624087
299603
77065
107243
905137
559747
616662
395663
987644
491741
10074
625527
419442
408940
631921
840338
140339
858009
955552
850953
956304
230602
19292
518956
985047
411703
990769
886264
729011
359988
77933
686924
203738
635556
694434
856825
446594
38551
709251
24881
248130
434483
408807
726591
485012
382462
555027
606042
377051
221803
912334
474133
956234
73834
855588
932469
821878
721055
390845
932281
277420
679109
356043
190337
637827
215033
930529
532376
286546
732134
724793
594849
815607
418796
15881
29570
747180
759937
699051
291048
979067
642811
59551
217088
134871
345310
658639
986018
394401
842260
284564
555029
606724
963598
619294
245739
351024
554637
881255
737486
500300
17935
315290
676996
412599
152458
586023
214204
310379
510650
590481
420625
538630
994586
855579
222310
991178
667868
857564
878030
941336
423300
102399
770808
30852
171958
405756
621074
345490
741374
548498
243092
100586
155741
525142
331278
157753
726315
604361
975855
146935
276387
383948
340522
985617
962376
864994
871688
683051
358152
180875
90141
71426
60558
583667
770680
146517
286606
756064
164103
670270
772501
880710
313389
544998
698901
962424
894235
886977
13143
71234
10941
439622
534464
283493
284913
660526
647346
98044
581613
442427
585923
247547
815705
442526
220045
812428
165778
498887
801519
901214
830030
66630
920264
177229
742754
672227
881371
322549
198174
429219
708258
548821
457953
261016
419822
254632
798313
499415
146153
534515
552945
798251
729018
29343
823677
311915
343249
240288
864765
553018
314107
629555
150682
145154
105288
401467
433615
935397
162732
555203
857859
520577
717350
589780
716433
296174
443752
572588
240917
79298
769243
664806
841548
361980
514555
887639
383685
736142
982168
190910
194331
846060
619225
689508
246351
679678
316437
911941
474799
121521
506996
139115
609608
462830
809923
982032
732112
847349
90188
997074
917481
117393
749130
763599
632586
144922
60307
204685
305927
790967
853048
631133
824178
305911
103369
988591
352584
225549
704774
268556
969718
710631
464606
705192
160656
613843
208578
895271
750970
692663
389453
381539
327646
352247
367600
523450
192064
218215
476148
557961
460193
518269
728289
573751
858199
222317
15010
508572
260015
327954
122084
345706
971415
108590
774826
401478
982654
11207
861850
400370
794488
194515
756981
24053
843861
954110
849886
111138
317132
26762
284857
558647
309657
382245
296182
740463
724021
338235
690173
941437
763398
266572
593323
540091
202570
865287
708055
891306
786805
32671
758646
875542
472650
942136
43352
206522
903202
995598
940776
978297
685626
93671
566193
292779
616164
850745
55512
185142
668642
585128
403440
178415
730014
345319
187589
663750
699864
207199
774017
382125
758706
12450
464535
835273
143551
679360
239827
873210
271720
7941
237746
643906
4646
175728
351361
644564
605665
997090
519510
991133
378203
795215
132312
867458
52945
619132
730142
912533
503900
785472
234259
186143
998490
843417
855315
991929
611886
615765
655085
402450
420565
702758
30950
315888
587655
716247
426328
224997
290797
688257
717921
928158
65294
397112
350862
104138
369238
696208
842765
861330
195750
283231
463545
346774
105361
271809
630672
134882
385687
878703
998487
781487
71000
215813
758382
465686
564357
250252
77737
84289
651580
573336
384995
598782
876314
993226
836632
57891
544957
26439
638077
179908
17706
283188
210618
141186
833043
265028
215465
747258
737706
367139
435112
392254
93195
90067
395465
517795
914858
283946
30060
791880
920203
436973
315991
340518
541422
9672
118176
881147
937911
957094
131155
137391
309258
503811
685340
55486
525471
441250
519399
704579
150022
665988
779443
158105
4548
439338
931002
126970
952726
17408
123474
810071
48359
996529
639042
667494
335051
762975
323443
149661
669731
195736
398277
674393
742686
642099
400309
656543
882174
993891
151490
675550
379175
464374
20803
843352
83212
146216
879061
171305
236915
626681
203127
737505
889615
263637
417372
722916
240300
192472
760885
428779
577685
528514
662756
601586
411300
881364
245343
25058
58849
964501
73127
478845
861493
195853
716205
659165
111006
12568
156105
989088
869289
670676
224360
130644
878606
613398
403136
329360
734858
248513
355443
205696
495307
116457
136949
615908
377648
348656
47094
843445
440324
782031
884060
739711
440051
160046
852094
630850
294101
941213
551979
294860
639486
166485
507750
797631
375428
762632
456775
105440
434444
989122
435682
882614
266023
347401
225247
321752
142532
196529
263758
367833
837241
447551
13877
552414
530639
206096
251710
962514
326891
84993
93873
640872
336850
435432
440029
856170
326842
514868
325952
742369
604833
689249
346174
495656
23829
903674
91316
897032
284510
119316
157328
25510
152153
822026
589965
827885
725760
304053
473133
558852
949390
839842
10874
133948
718729
824585
207609
495635
767846
573178
800511
579102
428750
893096
945362
617685
977902
28192
911018
450316
750406
717560
755475
219368
641869
812450
213094
276530
11599
351726
158217
420478
871843
500463
380781
547614
451813
868218
949345
557716
482959
463990
603485
683280
952324
25620
967822
152329
865402
586157
660322
286384
363799
615001
180591
300776
983806
349824
510377
305089
922025
866527
193887
693585
116634
838267
110212
923353
302841
300471
919272
509783
401035
212839
565224
911892
138661
751728
199834
786457
738715
330351
464350
633970
618472
587876
676742
798516
781604
914557
126176
388429
60803
875136
636302
581766
997236
491283
188908
844152
270216
818252
859067
260480
39233
430445
571272
972656
362582
988718
507962
90600
947513
845441
8640
761323
315311
207871
106325
237505
531747
248015
197868
253265
260539
375440
247614
983618
374409
806134
210404
273017
771202
85174
348543
726339
408887
326686
496122
644800
162329
905955
708898
83576
605961
792970
476521
5796
507889
163812
477720
610337
251914
158844
119378
382765
217456
5831
8718
516472
757573
993194
418814
907558
650598
577334
42327
200096
792355
30862
508345
260364
698139
571713
965382
81389
477817
922104
611800
842150
201143
402308
999006
412984
372703
767515
362279
356894
514550
965575
319858
953659
205532
581383
470808
382712
32080
866306
697993
706500
759757
545387
886821
167070
28517
494372
305427
306657
558798
303401
822524
153948
309016
657593
590765
279399
562882
776307
435711
75096
645497
923238
559453
692653
439236
256699
96997
146380
306144
34297
500444
551052
620189
784675
822757
858041
535995
239085
960917
392986
596604
944382
624684
55250
14202
63357
846479
786539
471713
529564
489277
633624
284209
333010
576888
136546
513492
768833
889594
908846
572600
101214
769393
954490
55697
153948
667315
617189
885654
203178
503398
58093
406215
862600
76022
660695
251703
406347
50242
474289
989908
710458
251414
930355
179278
7102
113866
263174
540400
529966
475901
538281
423879
706841
259902
120640
882214
330121
966195
318797
661894
647370
439407
292955
288421
887188
171047
309320
322170
261972
291262
625558
349349
358171
550779
54365
816730
449599
210599
508577
513264
708374
292075
494504
559374
995706
552812
192528
118330
174312
51697
624819
594455
472543
654612
103476
269120
907314
574389
902157
550216
616802
546930
642900
603937
379982
421270
407002
517220
496798
563944
424016
59704
312381
432101
235227
740005
872520
360999
932163
510376
864077
108097
356013
256982
335646
827169
797257
681866
363891
314637
486883
130932
603141
453209
234219
396697
911613
733962
428305
704199
226170
897864
55445
319836
547083
551811
801093
93137
455022
235705
534511
751139
203986
861188
561153
187095
456019
738156
958421
331151
341335
559002
168732
245843
151523
840109
456688
794613
792498
13869
793879
257834
645577
758417
662217
312992
848665
931659
35840
816204
700367
145696
954240
9138
270773
281654
704314
838412
519295
885429
136364
561202
33875
552413
380958
966136
232509
83642
391862
201099
882309
128592
508132
657802
311747
209097
411409
551289
153217
570316
935089
813951
268349
820211
889775
598521
542973
80497
545685
796204
119960
360292
364992
514110
547339
960484
185627
384854
859570
908926
904528
238568
232112
873764
140522
218951
705854
802074
713923
421982
111530
753018
249785
592336
500234
956099
458686
373867
672717
396018
76382
762535
232181
559185
261207
862394
988581
58133
182050
903666
945858
33010
729246
113818
410329
754580
241135
182256
825459
123365
901268
334904
838588
678729
600742
388992
779062
245807
972275
782531
792785
11882
894907
110583
859371
805104
451311
189369
811933
512670
790375
548173
508515
861694
382447
487911
843531
729354
4894
275230
144715
669393
802536
48528
871328
729209
831923
103734
144035
489570
787681
924882
930146
126303
735798
669534
152870
717067
681358
953917
203116
148483
596758
643795
472972
952524
178818
792638
409548
717619
283854
882101
340148
966739
341384
813294
966390
161713
9854
366251
930052
743440
436978
387687
86805
708852
285565
40214
375874
899937
431012
585603
968489
452998
4743
682115
781342
158251
814671
57776
277411
228633
160990
46139
850244
626012
860700
67135
581339
371251
215514
929730
451188
460173
625539
119697
374503
562613
940902
872262
872159
443146
75820
944266
111787
150085
63773
810989
535201
800874
726254
657130
88798
963946
833591
268271
832413
233192
302322
164986
858560
340833
769152
916400
61637
370928
263844
484245
621221
170262
749572
455070
796906
15066
571398
95415
16449
951728
272950
282320
702286
767766
334164
833220
6515
447828
622907
599789
329573
274048
958870
891521
531299
826810
310753
554366
146426
241371
483163
691859
982422
807396
774811
521433
903361
857984
535491
850939
131032
894312
943839
251132
127371
879714
72162
890798
517911
765489
179230
314403
738048
608911
221033
767083
268922
949120
134720
72200
485386
636283
789490
16913
727545
340202
515786
945579
835405
555432
624376
634586
642243
898785
813362
93383
18004
381383
430291
898876
574324
633838
592172
497415
144190
312734
367074
832865
492085
652733
417229
829061
640079
262343
572675
181581
832219
370168
95663
573220
466648
398442
821534
410608
35365
58862
727565
79128
505319
889934
41619
676090
780119
864964
595625
834503
307243
375024
174952
529010
262167
514178
285400
53475
802181
366329
134110
624375
10338
5095
357397
947004
439345
509325
188770
532844
488251
606892
65466
804311
401440
816541
47230
261326
332350
229238
267743
913401
644080
491356
922834
536896
320159
273108
74431
279755
826363
730143
106598
178557
754410
917253
802298
130066
743336
831484
98427
418659
665099
499158
791890
337121
144630
420406
277071
904235
286004
883682
322170
418993
736078
908513
921492
830007
193908
94959
805477
956279
6112
171339
607499
158539
296437
480225
46742
225162
197419
671834
521189
233100
150790
159869
869689
106325
357711
979029
973074
224349
215284
602745
297123
938573
383066
972317
533665
737253
802510
68611
15697
891090
743904
630982
362348
804777
901632
383755
167772
154225
117034
303989
290207
237495
292895
456329
633098
445203
460048
863328
78025
877785
204985
646690
35381
441669
711001
222077
243905
695611
856250
217498
319130
821303
201672
369469
400573
905920
513622
261169
526975
386997
533681
780705
702039
790863
170660
928692
137001
347383
314268
948653
629359
858907
751205
350763
722370
544323
489646
456018
78911
974287
514358
443432
435716
183686
515451
5942
480191
357541
176638
465382
872613
687607
588089
414958
287307
158683
506375
668606
100153
31285
142886
149014
179024
951407
518618
473726
798072
482481
581429
128779
578717
998266
887426
624219
307345
611303
31933
197381
34845
97929
204577
187414
945371
183653
738022
360483
179851
190347
448030
566501
449518
488471
681946
915409
937644
789159
786153
34876
974568
3805
532937
863710
931395
407906
150047
689102
545971
874060
795152
632079
937764
797885
923824
192391
377921
61630
185065
420892
953250
954086
937440
79498
860946
992381
406332
242451
528249
532302
29801
831688
693702
506049
631589
841273
599024
268718
487796
686274
286848
481304
119436
302422
876316
669412
482481
59767
95962
161256
579800
117631
358280
195678
236623
485785
134174
430645
928016
750801
849069
379541
680002
247579
320226
934518
794401
699757
926813
261182
837636
606801
778327
129214
134542
408811
815794
552126
14104
593050
821724
363359
215241
166584
653753
411255
709106
579889
166117
626460
235434
768167
853396
682122
833392
553508
209864
223751
872256
739222
285550
474737
536381
250810
800437
807956
638860
313918
124496
917108
973041
253105
821364
218502
288576
531084
211942
811359
708210
895558
495731
789330
576863
982277
453459
454588
656631
520319
814895
160486
447352
966269
349186
538811
318499
34842
263853
791158
873958
465526
107235
707952
57546
757278
137982
315802
867369
645284
529571
703147
19178
630287
499610
779006
91102
411580
457315
389923
967704
508951
771891
506938
734070
495116
747245
357704
664568
37152
509218
89850
602934
57442
598618
728237
167623
146872
158276
371097
639445
762677
151084
864163
704850
557700
454708
207419
194903
398349
865207
560319
753283
392898
736843
975733
330306
971056
919875
586041
692911
560536
134520
66730
225532
329760
641839
888861
825608
774268
733488
326966
107555
957272
92108
447322
727428
670979
727776
126135
297059
539355
651525
739248
964707
919217
144378
629003
216437
863844
728725
975508
321177
93912
205293
563613
923889
850243
421532
348345
393987
991613
361525
303146
553797
848299
284675
48959
71946
272723
689004
254664
923301
138725
262122
397425
946802
921707
181323
991010
634064
728127
334844
606896
432024
407022
191077
838171
868883
339101
103164
325730
934492
426454
576390
300906
988201
480871
25932
728969
685860
770590
253142
5582
264257
631206
620277
106209
26465
246822
319624
579792
164711
701125
738129
155289
737862
901201
146851
537332
585168
559461
422437
932193
709532
459406
418249
950439
741328
692964
561297
707418
480693
437748
923447
626413
428576
823298
71871
752529
304465
605452
412107
810906
490133
705028
134042
240052
501720
343228
674955
148433
524919
607493
814716
25949
945140
495784
121606
659266
133056
978142
846090
226115
548757
894960
697433
140098
928930
6613
704136
634155
367569
111553
754087
878574
2375
918634
263971
780236
898563
733121
539266
294732
249851
331911
986129
379898
249640
595989
909425
257316
122222
918546
759196
138677
557536
591990
16756
912816
923438
951968
942801
908291
503154
679342
824059
272174
605142
639475
431751
339116
850866
897138
146239
63441
656517
997571
675026
518727
543940
966452
567278
584924
690993
654874
634109
95857
8612
757880
272545
251763
139052
659732
813721
855746
181770
417287
290605
931985
12093
507408
203561
368189
478463
633032
657601
704062
99031
11454
498726
933392
704464
535956
954057
856796
608292
300171
246761
868690
558425
867717
187294
54966
866134
744634
412231
156106
58236
501121
37178
302539
377585
599741
610451
129265
984676
837223
170385
512428
571321
975947
272314
936569
453340
908420
875626
616469
549856
341337
454590
541374
81020
706019
374010
747929
688208
194063
750531
749797
932818
229059
252481
194611
852623
785745
554841
927987
486777
394400
148040
439656
378798
623544
780788
570935
570328
157769
928336
464747
550726
918320
987062
582741
37486
116963
873205
36327
715147
820392
540964
836316
240138
515709
29702
584513
310687
457790
127399
444202
716402
380139
363378
664008
124081
235542
889312
286179
387966
839656
549631
358621
466476
245328
873343
483482
417040
923096
16905
348005
666070
913412
562599
996383
685937
403383
707420
736211
990222
99345
392332
730152
861778
195925
39394
636640
995069
774541
418993
135854
446254
240628
730252
205774
631410
138996
614064
85635
503970
531071
862076
227361
94404
405654
688826
941975
484846
884879
790036
217903
892738
154485
595894
800863
553577
237328
271953
437232
548625
956707
777664
556431
322500
511455
144801
268049
901755
232671
299662
422141
53842
920486
944429
877636
146406
24164
58240
710952
487622
742450
908950
142891
463347
976348
331379
945004
294186
798591
494591
675795
634153
215285
973298
552125
354526
873044
686409
47128
712943
382559
295800
989845
75521
36262
311199
473864
510525
318642
927775
872412
615512
843475
251495
642707
209895
474888
954871
985289
833575
858404
913386
940218
327015
384295
170927
511916
44778
666777
680954
996481
151891
947127
200871
37695
403079
620304
913956
142282
663678
248080
864754
617330
681693
273219
769075
840656
933926
358539
875753
486453
772029
524910
926583
128890
492344
266828
937901
8677
930324
461772
569908
880885
944919
328034
561790
660746
990694
993515
465291
146698
569020
872961
980793
560909
91056
902041
623953
400045
136797
837761
834575
317111
64933
961088
80055
892936
520017
741048
187777
233026
519309
363965
41222
765636
91845
370250
299266
274152
492964
155403
809898
796512
955204
217250
322943
282959
840996
985166
828169
58555
453688
518719
669726
665360
559876
677109
43544
833563
841442
570517
534787
415450
381155
541492
616952
31005
513375
315041
959333
361578
973197
966340
74022
49477
367196
191891
430825
728664
934406
812911
424569
681106
742354
226158
649403
845051
68077
65298
481956
923126
446222
290149
764659
744273
2459
36739
876632
604489
22226
866226
650629
932211
914692
820999
53198
582124
353139
923721
219740
622454
399597
698835
14200
227684
707761
706539
750565
48472
416895
75294
534530
492698
337978
712235
802338
60311
207789
347459
753265
495934
680842
16823
12657
690055
560428
202985
477880
496878
843783
866765
650331
228137
756054
260410
674185
41487
245208
779513
7041
583235
106167
42925
841157
739318
680121
485588
104783
564142
109845
362190
322101
471554
437356
22458
659377
536939
869441
112909
973673
948360
67294
590570
577905
508889
385307
326112
494401
503909
239244
967916
775127
517060
991678
443877
396586
203896
644645
658453
667317
749443
506253
572457
760030
514445
325937
76761
898022
260573
931905
228059
507572
820675
694275
407035
558372
865993
638237
847367
302310
910550
710038
658582
191045
394784
563814
718968
699095
257045
458787
56018
570273
242727
422003
528567
382765
608231
332597
487895
954073
759174
978495
418509
257189
778835
60499
345106
430706
91759
296100
350116
896750
118364
532945
379926
471363
672500
62353
406040
633627
771996
696992
286264
820640
669090
212587
44702
367238
629909
989617
417812
655705
206554
671962
330044
675441
251158
241965
103968
662345
693202
355745
90828
137542
784247
79452
523046
946104
553082
503396
581539
310230
447160
260940
558567
673442
592797
278814
965579
929813
448620
472699
849100
378438
768338
869202
326101
406995
166290
192877
607766
341839
549246
200030
491115
985063
350020
990143
524937
806383
621625
940314
850304
890480
924842
530995
404435
890963
644948
6998
186957
242906
494477
239695
936680
934872
153166
580618
516445
19500
474033
670535
950647
143690
748128
511159
935261
758340
765421
246731
343226
934123
362097
135725
574454
805274
607149
161812
667766
315913
620353
273448
578480
279246
500273
364216
712044
29963
632524
265569
848597
843231
842323
110842
351174
787214
793259
759220
796703
392
102533
159976
598676
178512
657806
815049
305869
299287
142477
147413
382060
733642
214994
361819
598420
26079
574606
402411
409183
755264
436644
835815
113747
847595
97054
345068
85247
1301
402568
232944
784546
315002
3465
984129
671030
237774
116520
318
96457
853848
548064
10558
420166
57082
698644
648412
770052
920968
550001
300748
925874
796384
116995
270922
815393
113187
163784
921402
964221
280567
911266
779097
408781
683247
648957
315975
992660
854938
859762
593462
191117
414264
744965
104682
53714
99929
367548
114080
196249
603150
884708
672825
906654
943119
527313
516814
805807
956107
924299
404426
573295
103827
242724
371540
58825
55799
996077
554586
482128
327182
532217
636583
296472
269409
64286
585654
380252
627764
445603
385305
496432
787497
982054
899053
433395
77557
837592
687126
587790
743405
352435
719740
327856
309263
315803
777804
924291
70002
863897
431360
240443
289578
88747
85682
968833
519353
245633
803180
976518
194526
729144
10035
344367
153778
798846
524646
732619
410804
140015
571546
435873
93290
112366
477864
371572
888735
154375
57908
919071
549191
193868
528768
466569
8185
225472
138551
345991
193882
99454
889937
614866
637441
240377
729052
394687
42292
244705
261100
994857
872746
738532
316656
928279
732710
218257
880373
148969
247882
671588
536354
89627
587779
604321
28017
782507
271078
43638
788611
905583
423064
252344
339891
565556
126343
8061
433925
844841
520508
451657
364657
491137
969082
94571
701249
187248
421561
47939
996219
393562
144731
754722
424105
708103
752732
694908
659788
764650
934552
233897
408919
436652
670784
937884
765767
663842
120730
119577
641845
631874
755060
548724
587452
479106
616496
569988
32721
463604
25131
710056
171838
502244
98398
581526
342439
415041
980974
837509
317434
312636
976105
400541
540923
231132
954432
701023
339925
759137
19911
565907
641065
15224
237083
168285
430090
369321
912806
698821
398098
731710
258553
598280
729445
888546
48152
227053
32377
326480
815204
290242
538786
617259
408654
873759
250932
114569
504554
600267
706440
285837
483186
823634
289341
649054
341311
676470
772788
430621
445860
138197
564217
2332
365723
252136
332444
206694
40627
765459
436378
255939
552966
145629
43473
460176
167264
160825
196351
885410
444571
394876
963034
9453
839081
935249
171010
155429
135753
444747
945729
911627
451043
978368
34982
680069
826163
452775
310279
542040
637099
597755
222515
289865
271963
198173
899613
949550
863753
247837
416571
885245
178751
954219
588949
199445
593192
608887
550461
770552
178210
314465
298279
134572
343791
874222
101610
885091
669386
18970
668068
803005
147418
611409
959607
326335
988931
648254
304726
300265
453461
806166
947274
763394
938253
373063
570513
744361
103209
151674
981016
371207
222877
703204
847970
888863
609395
63257
956858
336711
742409
565976
659633
333738
300958
298148
792471
34025
680939
740164
630616
636960
506570
799235
334989
640468
950807
493248
465703
187043
249599
643821
861671
861735
34814
717687
432528
384846
453564
993319
474789
1366
742409
482151
985225
993596
258368
573033
322321
432410
523358
557600
180007
97503
227391
118626
636147
352972
896388
164340
630986
117929
889027
961184
491675
981674
576091
559150
894007
764034
962288
762349
870435
285245
63151
47163
594687
397176
203049
386600
224254
195621
966261
533601
987119
415410
676567
360550
234523
56196
347124
96179
907804
148928
234070
972034
679810
363584
512082
509695
443306
55769
122250
592900
949793
918268
416377
207814
911874
972357
182378
92538
910757
631973
662032
263299
492633
990228
696934
730373
607502
120124
970799
81272
519092
722227
922333
237883
434646
104714
178826
705769
204766
911810
179816
359408
162460
254019
793068
967204
177838
863611
43740
477670
753885
574752
714996
873650
542325
263711
212997
824117
19246
147426
4055
345321
890265
670303
983411
885043
224166
943825
2822
79776
95210
784169
801802
990529
140059
989148
83424
378980
16886
539373
711820
997136
141319
641158
462041
382116
119871
359188
558042
325766
340120
866479
655760
803524
1577
27952
191727
888907
164163
154718
81418
959070
552637
539789
427507
249208
861071
56655
47580
458038
326817
244562
647789
856155
500016
661375
875823
738167
495167
978229
993050
232105
117947
657286
754248
908593
864054
774345
896764
613699
734971
749117
347329
422230
341684
239595
32382
97113
750993
771329
196841
447890
288971
260828
411652
47179
153943
547053
445315
560297
158417
114665
735585
978628
517157
530879
888783
231788
213305
164324
300567
473141
335716
372646
820167
357064
968742
424719
769481
582068
207700
718528
163672
164199
632861
93023
506056
439274
315527
592733
318158
101345
963704
961798
528423
403827
54468
972000
46499
711075
837670
122209
10117
229844
629879
919881
180012
411023
839947
423870
280172
339672
314101
244081
519893
405433
983051
758311
831636
925680
353172
772876
107283
9836
633965
305104
439092
351019
813678
440752
796685
258931
231550
510330
354567
129358
313017
97728
582499
345290
710822
311717
448021
434448
636966
215144
180468
945381
626356
908424
239614
344903
929500
143720
652585
392751
788244
614044
23564
193694
243614
121720
563630
842933
937222
561262
990230
186310
811411
418275
857164
194373
985131
225265
905789
335987
775042
664773
861228
694876
630238
726914
994002
567367
591023
474671
101681
327963
635018
733004
783619
906496
575663
162539
851779
281903
521431
811743
885825
208199
342080
63756
710143
774396
281519
202903
668617
980062
881846
713034
169858
417747
30937
857409
379741
647106
757200
687806
197288
90574
644021
214051
125158
819634
515881
189761
3731
943544
552321
605742
167536
82238
283191
397742
270999
779669
740772
852584
451742
267271
803683
539106
523429
778166
606664
891698
174305
249132
198952
859063
405871
972939
591322
760411
20157
387856
293434
548017
657898
725610
771188
605342
457563
501283
673798
709849
185194
427585
635596
753557
982540
120929
963797
969642
731011
895603
703734
883411
281997
342200
459369
644359
694828
721552
322916
239140
607507
705488
408739
686719
75368
980046
73425
769702
28484
296546
756241
277137
47329
706808
280555
862708
313586
438256
788249
130934
838297
353016
822718
327057
135043
970299
125345
173509
618597
932767
426306
840913
627701
405899
548796
500112
925643
301872
596369
476159
148909
426408
701117
184171
287422
833835
887426
174494
82274
921288
906240
479165
65862
127776
301716
162844
751196
69631
703035
380413
294580
200483
290947
861010
888015
228428
988743
517218
647155
446332
749995
994547
337449
81184
698339
626805
932001
441028
113140
616192
430924
513254
645527
919702
854550
283562
401733
282057
867830
271607
171866
36703
637916
752760
906817
698692
401616
5316
388083
449910
706292
97567
250793
852675
619582
231232
423830
947900
554759
372563
521813
607948
831981
887611
890794
479222
299871
452363
857207
132436
572486
74980
615989
451516
445764
294744
960605
967579
207496
922009
123940
502360
351838
780815
758941
405465
546617
370980
72576
104200
595874
463275
376832
764059
604024
69687
520380
923660
392890
151116
977546
233786
672447
4694
499466
274099
251909
50929
873461
237682
102899
280419
721643
612918
849329
339849
313736
902748
122412
706328
511956
625054
337712
183119
335199
583160
823586
977610
613553
848720
537718
398922
834969
637886
239614
238907
40024
598927
197778
212705
378501
591659
765049
984596
949229
615292
263008
164779
438567
176776
150680
783987
891372
436345
640942
449463
859033
879052
788932
295283
430166
137233
933247
637384
94637
825749
365328
288751
164721
80110
939873
373465
255272
831844
386368
742538
578755
745165
4363
660757
536984
412828
65997
166178
23717
562970
144809
470147
785955
652691
634601
717447
297644
900989
695087
49742
812115
834108
924472
193401
162660
349294
751786
624998
495608
856726
323554
385765
62097
271038
968099
286638
18350
758254
872666
460560
607733
543433
445574
733194
782071
956346
551647
865977
956371
771267
590459
846223
513673
431945
57957
224342
724474
20018
102888
598495
905585
589889
468552
130699
940406
642385
908266
312138
824872
613080
600811
648481
911549
243676
467882
440484
595756
767454
19580
402934
287320
62621
879999
818607
767433
896137
580828
976509
99744
153086
947962
443467
488447
241984
247318
742485
14238
138096
750522
205529
431011
482986
455520
943562
484647
535727
749221
138946
958135
758298
945303
633229
722347
111203
734022
649026
259100
34567
640578
637692
319194
339423
350865
667245
643429
461563
983075
901121
368226
53778
244098
577677
718454
772736
304444
445896
739915
810391
304343
403526
417414
806939
594112
273306
103349
733561
964970
879322
809340
831265
587958
832105
242793
459930
132937
542863
810601
670944
595325
584608
66533
141568
720321
302242
468688
532606
686422
680646
425927
929756
184321
131316
276368
802100
674240
920241
571359
754968
918757
590207
25569
357638
453365
207261
552207
43415
179884
86734
162216
292751
156236
804809
42937
351558
883025
674396
3836
515870
425650
411463
369696
964291
734753
894553
740297
890890
186490
66702
404215
76237
281409
8416
666361
619233
254384
488422
655682
424566
561330
690702
661673
998764
427212
986541
278371
483858
912764
531267
63464
778790
611169
249967
129201
267593
470887
840028
533428
690144
619616
62720
60961
609383
142690
375259
661378
182281
46628
445572
435045
732648
891239
428077
265929
903525
348240
105804
885659
271067
67718
122520
708741
403557
974272
108379
250007
142694
744341
723925
707540
254374
737046
678733
524279
1467
489247
194375
180852
60062
319961
425748
520392
536388
771528
661854
335958
939929
865074
831358
376941
702116
157989
303994
873494
545314
154266
777938
390907
922373
317488
26283
974555
302981
986942
531067
348458
559963
860332
586185
964027
300908
480729
324547
352985
250029
640806
727749
34029
573502
630193
358316
374060
159384
852081
812533
48962
100778
700805
402548
441975
931996
561874
982924
491467
186386
337173
100454
870491
849267
958200
407392
376533
794285
795672
21812
487830
874091
300399
273547
56516
88357
197311
12156
741032
597688
427519
174908
119924
990818
639121
775339
759592
66388
606061
850626
395198
438856
237869
276413
12860
113329
517591
542353
116385
17944
752315
503260
943732
578946
822660
941449
835358
727565
217422
709561
43823
721521
134553
536282
729483
977132
730756
174635
235572
925922
183294
386011
687284
856680
235219
760139
180392
40323
32868
361754
75393
365535
762508
49121
229076
996389
296975
864564
947867
691369
16613
982424
103740
281233
604494
245473
247901
801477
310450
185444
861119
994103
742786
668294
508125
591237
123539
613952
264569
948223
385079
166650
41675
548132
930823
162704
957198
554265
560182
420317
219793
846949
703686
919413
978896
554567
64118
359647
502709
960268
910355
232862
385925
310049
857021
420920
29394
643745
115306
610202
825856
555668
295099
252430
767713
610669
179275
758728
830224
58921
278820
137893
252439
502197
138363
317881
39233
578472
392594
582116
175651
304913
172195
950287
967832
605326
753434
485537
900781
802667
812997
385526
460036
709143
39189
707983
170342
555077
736537
88517
695858
745439
694532
691234
761825
974067
730357
846433
680934
801098
973022
938903
78168
880118
655914
94623
817670
246528
735776
963562
184558
566358
500164
142130
397133
50797
447213
910408
841754
100940
492691
503030
653602
959491
804601
614890
946316
876627
606671
130471
212622
794847
927272
20724
900632
517668
324811
5521
399382
170734
857191
205135
182701
848142
719388
807637
839980
136105
282660
450766
521068
730928
680622
985155
883692
133007
159035
215145
623185
470711
145406
976937
614419
846126
6570
721170
655455
756710
128984
553067
636045
139177
930004
322358
906098
89786
524560
125950
511112
209867
136965
430770
600965
530042
734846
699400
847572
827806
209660
412158
715342
945238
451729
859719
717865
443137
94304
180990
293773
980154
535372
167561
789631
118664
770081
590812
140968
404366
304586
194041
997843
102790
613195
875933
612309
711248
111970
119592
500003
863141
299549
170416
543152
480244
28614
792297
629593
712190
724774
587347
945768
520110
530743
747747
270352
409957
984143
136005
676666
839830
593928
219906
456532
833193
184261
678711
297963
884573
68906
340312
469681
595039
651971
439513
135760
585774
399483
696293
214102
195535
872989
263767
581534
374967
156340
120398
103037
811663
486086
888972
78820
924313
852351
338772
172481
514248
589101
202710
476281
998685
653335
424363
604624
377603
101902
34434
433431
557109
781370
539203
901209
367736
465963
386990
386374
866625
59681
492640
941002
668551
23414
795971
624028
834228
212937
41535
122226
835528
62693
117902
553301
305632
409515
122088
821782
700391
814243
220790
599371
649276
564968
423434
798109
638500
370090
937567
447471
225123
620362
253542
881919
151896
275226
475079
317751
611945
461689
357258
423369
796521
195850
958794
795496
914653
277610
439114
464465
757788
78487
192581
186380
222002
324063
264872
265494
465438
844256
471519
530858
508249
17143
210728
543014
653615
58049
714311
54308
227319
549077
172936
608995
361640
505740
146781
944287
681386
281158
613984
161645
452107
19389
42710
346051
978568
85193
176308
78391
181151
675578
532404
726929
778229
838683
783571
757134
387106
49612
772986
942938
454997
134447
243169
21950
73003
556636
120739
299460
442027
837572
387209
517652
427462
438256
953394
815817
704380
895279
946099
189728
430164
243523
749544
103606
123760
863953
636097
637915
241212
709964
237567
519683
105038
852446
581817
997629
890606
760282
877504
137700
800191
791261
648976
163147
373337
285067
610314
385146
357465
218959
152300
61778
103317
239454
531354
445329
337350
303970
261724
241381
366564
568967
71646
503682
54588
382203
422479
822515
447065
683254
393212
484579
2983
827991
882635
600026
96718
749859
175824
372905
43668
110877
980714
476642
564310
381189
131128
84600
406659
540276
476720
747452
493211
73039
473731
242009
501990
45508
101616
309208
734056
756814
112391
841440
758644
495579
250713
402562
467888
907945
387340
95045
242261
534554
110285
388816
718607
280253
981904
640427
489462
126934
36604
528485
388339
395443
458205
310646
382891
69307
48926
678006
486589
301960
601761
257362
190699
420323
879054
696766
367094
130998
168579
605981
913751
527809
161929
93555
132611
860819
180832
671998
665971
112203
568230
76540
233650
667916
872025
505397
288964
676586
378938
891425
74874
206960
468035
702281
779123
609431
811703
804798
202584
635322
841155
422273
570977
540842
134980
442541
365810
105901
405538
688209
85863
302581
852665
116395
414797
690594
866886
46319
527650
250026
932261
260095
671459
512475
408199
869293
520627
500722
316911
2615
356247
146196
538868
113945
355833
602644
359959
541219
66988
335695
249691
128660
238184
884651
647913
847470
600338
759379
976956
203308
771083
126358
605737
789148
390772
331555
359669
775276
116541
934820
653690
651144
328575
495624
972151
768380
121231
197090
609432
664346
498860
999923
908335
560042
94441
778402
574877
709448
558648
951387
249127
18050
836672
781175
57783
737529
327362
238515
214789
514332
760021
116413
98855
918820
223142
209960
2243
993340
820989
412993
570652
852549
432625
743740
712031
994054
903038
754795
77171
84446
747882
977555
330887
928516
580420
953608
854707
110684
980326
215295
270680
471709
544915
90679
605796
894657
205404
436486
350667
518799
234264
621988
557650
908130
570737
217596
28504
328894
478507
719787
416604
236844
10804
507442
820345
59871
354317
1919
710286
763237
89402
154422
474680
416009
180141
672985
821973
92981
447569
851783
659220
525997
71774
799454
470398
369275
94277
441838
713550
56309
875103
937487
293744
174766
45550
42957
255741
901270
611916
461842
521083
54107
604000
617783
810584
70920
518901
910358
285324
194385
290007
747113
431633
878042
241324
798014
541674
296293
852772
761480
326496
658491
951160
648585
22138
523771
623193
514883
518350
751935
150187
316334
509774
376112
796313
820216
169750
668787
678589
108926
539687
773189
683453
367758
270079
150662
816957
315006
761258
672045
976631
655114
132026
540067
818810
202740
875728
361483
619862
7945
907493
499628
341793
887683
382596
794853
4062
241135
127801
738170
434668
180824
258754
698878
663039
711617
557737
890873
812689
892916
276907
33171
226563
26546
93188
619630
363467
472342
3579
187698
176914
811033
513805
652486
756418
291485
182225
148254
1982
640725
853882
379581
397978
260571
568843
400314
24881
351829
591837
466221
645926
667534
213023
381698
403380
887269
428199
904642
684456
274234
269364
783301
188270
537712
591493
743653
326601
557876
783455
651470
793464
515930
791704
788868
550192
555893
508483
334936
986581
391257
349571
826588
277650
205865
482331
12885
815088
868162
686853
296381
996975
980200
922143
305852
411157
44
951762
616667
929297
634581
388543
764511
393746
665351
541995
913387
905072
789749
76272
129221
674367
751206
772580
611007
316757
124054
199469
260444
341466
19805
167734
364391
55533
635973
957952
13624
486854
933434
422906
819297
135822
784296
543906
661675
651243
420825
405265
617765
312652
897454
248136
192352
805181
686744
789445
8212
83020
798480
204441
15879
91882
525573
439825
125566
433334
986846
561785
465414
38932
950168
772829
478007
869601
921128
43668
24476
130195
28314
633485
577315
630298
834025
714099
236143
180351
301525
991456
990470
617330
36254
382036
359953
467599
32037
193133
121478
862419
679263
198699
372067
12351
769252
420901
495001
890349
801540
65261
610152
239733
498384
800892
740047
862518
71837
882058
59188
271755
825004
979128
882597
518262
621758
241710
820060
698307
403920
278229
367975
857118
895861
317644
623398
919082
773844
9227
433383
265875
593776
737774
525534
679051
941049
587561
537372
402875
78340
634655
508926
526106
230456
478476
571506
738078
927366
337960
440283
242365
910278
727085
406842
254498
135854
398577
413775
604595
709671
275327
186583
907287
337306
934924
586985
153120
683183
536127
365170
986588
32603
539275
201255
869145
10231
35229
950546
642564
5694
688788
732244
215054
956999
582133
95508
841362
452030
697246
645513
468449
684852
647781
976317
917131
134076
470142
949038
220370
375282
692532
729806
212320
115139
854214
551413
452953
88373
334605
173159
936520
535126
35720
470646
229702
636724
937315
83218
756121
779468
671570
814212
658178
870637
272792
88399
923652
544388
691863
876995
316690
211148
892213
294041
91639
767564
509785
917463
177185
339290
595449
524935
313986
434531
907628
945509
123760
559637
654803
470758
896519
199978
11254
741984
131676
270686
755193
263417
866690
532701
355101
589798
24351
41054
915490
400476
64558
215286
904670
314697
899505
784822
143045
368320
673633
567760
448382
186328
501082
322499
857184
662406
847560
729514
700889
364619
680131
131442
606545
458592
754773
737239
578084
746567
735856
128956
373289
102216
351613
2173
971477
747558
714332
231706
775038
19856
242433
839742
841561
263860
823099
255620
378703
696049
192116
94413
941057
837857
406983
396464
664517
818468
556450
82957
19534
615500
511256
803050
887654
334312
415191
464386
792363
722761
458165
873285
817589
987465
214897
361484
54216
369263
273858
901647
812606
531677
212272
60525
233070
877253
882857
754115
850963
33759
97018
203857
196763
412039
799703
361382
323829
739201
741007
493088
232614
868019
440315
101411
89428
250993
210673
657533
836780
28424
415912
116380
853699
45521
294071
286316
780858
862407
147821
950898
673812
593991
115898
692665
472692
922610
945402
811165
319738
283958
907936
622422
57461
754234
964703
691303
98289
989907
960632
624701
636127
202812
68566
761599
360490
857732
366317
877046
705923
677441
596603
477173
861099
428778
102848
135726
367012
53823
852843
577240
823531
712906
266640
512954
664199
710303
127070
79908
578930
523912
410368
252866
995069
163481
169561
906691
384200
589043
948118
423694
318400
547634
733664
188695
903633
186895
579423
718271
153872
373331
800468
873874
391830
404480
164689
361664
826248
994370
299494
754601
425949
463012
928182
340682
782612
249367
832081
931469
993008
483457
99513
214089
189504
128095
283496
592106
208264
586065
934966
253703
767259
714995
859849
669922
979814
650400
225470
318561
563184
692572
290574
293671
74572
648232
176000
944724
243455
260375
387128
338700
982047
363007
638196
589075
638257
52801
264012
758523
393972
891675
84125
679202
27630
683060
50887
998403
993961
169614
459437
586161
446556
999198
285966
502438
111414
631175
901331
761548
60706
231802
730249
308380
159380
60941
93461
720400
511255
275168
939036
805048
809456
450307
88034
515305
81205
198705
540189
522591
806074
197495
22793
985860
746344
691080
701813
811469
849561
244041
549920
401355
143748
884311
949289
888450
36949
631574
592153
569929
549876
260177
175099
338314
420793
340584
624024
893330
492171
719939
927509
124278
278679
533813
773325
287008
741070
26284
975936
984050
261148
692213
988159
973519
546975
272685
390858
855212
723009
473903
254674
797949
667586
259445
469720
776900
388602
707903
568675
961295
103667
619756
525255
738598
643784
148429
344054
127161
365094
399133
586619
183600
868379
16726
985634
145066
823052
630206
550059
262486
480123
614384
546415
848283
51389
597126
305111
104701
374722
354784
924975
932216
487523
53064
556215
858994
334807
814695
95377
40875
186868
534872
886239
805166
966778
731187
581977
65191
878977
375184
298213
739878
726503
143037
613446
52612
863901
473726
433657
56074
100516
826309
202260
524953
776609
744760
485614
523209
592144
163336
654690
559868
269436
923957
218572
258973
481763
333361
566379
248560
213965
364818
629828
767349
350996
958931
662059
287798
294335
700942
172777
736462
877871
18122
824678
319039
529431
669182
541544
155588
444534
670243
997476
66706
929587
816132
727936
567379
941772
86035
280161
878829
613852
823392
664533
606426
229546
109902
591270
537927
719925
537409
751037
424017
201181
945255
323458
332670
165873
106635
546298
506109
790976
817795
964258
356785
891054
120386
891789
221906
514171
603918
456399
547179
817695
179097
498029
25339
801613
988953
683566
594546
583156
440444
259938
392506
634206
38191
120348
573386
127815
665716
42117
391519
738768
863861
883587
695699
701953
441225
788877
963513
333342
906327
541913
403713
490140
85626
100860
540293
442994
274857
697204
99535
820584
835768
123479
999527
930123
418667
422092
455953
339505
378148
135948
991549
94467
586965
417049
953171
178136
618033
473688
423422
833721
82450
643612
145648
403534
707937
82962
994625
271371
310104
2238
719583
207262
906694
138991
716603
677813
636536
60361
443249
500063
868413
858664
213045
505140
789626
780011
77013
515905
715305
122978
474993
418713
47047
803754
268645
198495
79324
340605
17103
37822
599587
296525
795529
47127
874022
550929
156250
734307
805018
756444
76298
171508
522317
687858
168801
42151
388253
96008
280090
88297
639205
742947
841803
696195
655766
474033
45919
439315
285864
13997
382266
918072
42802
574920
928776
12681
621355
256920
49241
536646
128027
599401
358999
72212
90087
298686
852354
461614
35580
194560
992648
245900
279841
655625
265494
633532
869809
185618
929021
472086
868531
961048
793268
232622
707854
905030
787722
29511
70105
727962
347052
585390
758202
359930
963375
641716
694275
362732
239884
810415
157210
433608
53913
357273
987426
389706
915079
330798
90840
252820
215756
229803
175453
404246
338962
916009
542975
987527
41702
527532
5958
630916
251915
423850
795905
660351
723471
827020
587565
456938
44306
544669
859096
130329
887129
723472
510846
680542
142370
644531
171809
520665
607005
202141
367351
364081
253877
38327
514989
337077
455438
520763
983079
687602
429590
683426
83373
524009
902744
402619
905946
29827
91552
108045
497580
291541
951888
147861
651434
824278
646134
302827
360141
971271
750168
322870
985395
491354
65975
428088
465229
52609
402884
702438
702839
482168
243289
43288
644421
497775
815675
229915
275838
120709
762717
437002
957546
916084
250043
174874
380618
82452
777839
32318
571616
926257
418339
679242
128473
143267
229281
901463
246687
750034
772476
167968
547621
153812
179963
20541
631552
115273
356799
937575
757697
490557
80457
960159
966581
689849
461719
267917
173056
511379
123436
945537
924313
110524
126835
681240
562067
752663
245970
575586
970066
357797
810601
594773
781136
559237
686567
730480
431096
333887
33598
404772
786381
602761
978768
107880
584287
615360
171832
718976
597636
795493
167790
95532
510138
978768
657817
918959
586045
960047
238543
535514
172291
909726
426968
385656
836523
455870
525871
295446
916117
353691
694898
596023
300806
981083
158156
955300
866747
217437
66779
22542
98482
87478
45521
879386
215141
949242
508831
273143
573672
341588
441825
678812
852099
399042
261880
623481
523908
838826
999760
438705
482662
617931
96199
664510
595653
373057
818784
289097
216804
468399
647051
198473
353939
114966
961141
789318
689696
612867
670787
769878
584854
920151
286026
555143
884733
212808
706875
304050
884366
11494
135746
298937
510961
315026
619429
434986
593282
784863
95804
407439
632626
616080
886994
960933
271002
71216
663713
232373
532025
114168
41184
67170
138464
484438
523904
806812
877585
593924
363691
588747
435755
380465
774803
399564
125866
93961
105404
811144
55195
987485
650043
816352
576334
541618
271620
758602
287097
77674
14225
849272
15249
534221
122615
814152
281303
739855
191764
504972
608534
576961
319539
562329
611638
380678
317782
996987
593295
103465
934500
841538
524351
339686
839615
877236
904122
214978
206110
70379
418539
611653
721211
782318
505593
737428
382439
463844
291011
939031
431365
110713
252556
22690
189800
584923
729136
201297
983550
822036
874479
607317
768843
147732
622170
439233
460354
964869
69866
922430
87008
464476
146072
962871
682225
870625
183776
347089
726404
458813
895247
605192
688909
116982
422958
434476
746209
939339
412784
415656
169696
716107
329918
211443
568558
73458
841839
544896
425392
47570
838057
982888
966389
405388
272127
250881
701241
287078
855486
107238
77712
252967
182041
202841
510436
435217
840790
351330
681780
276978
368040
201613
538411
610740
905097
928967
785226
429758
837453
398639
728214
381653
127374
14733
675397
200038
524494
540337
871120
188811
193968
228200
681081
996247
903062
336474
977323
177350
659039
956924
946909
538803
281969
573514
642300
688339
75306
316940
345142
242081
47010
270869
417465
12081
946884
474249
387588
985542
951750
926822
961701
65989
792561
346464
999186
419510
404189
734936
273967
745137
847102
984400
777137
911956
601132
133506
91408
305833
457826
403162
530908
789984
16784
892299
538760
369556
833136
948038
994174
230061
347156
81167
530461
719466
2596
238201
494498
331019
15061
860145
626440
353546
291749
193004
989514
221653
552543
906892
226801
497153
657870
149047
479543
481235
612447
288810
11118
640953
120130
904655
104782
84247
915402
530106
651383
925470
60406
822232
526801
335489
109954
287989
194412
348254
284312
938232
301644
476047
176008
414670
598876
18202
461715
715582
885551
705094
471986
39005
695815
969772
751267
272789
955023
851805
334219
965576
431203
580882
826206
737889
377073
312546
846453
729500
734455
387537
700300
85319
782965
679227
521259
176770
336130
708620
387629
22305
111175
707727
864093
877611
310927
776296
265074
807970
698417
762316
84724
662460
681467
764117
107026
737519
379755
723383
57109
517251
371987
692990
745882
74377
67788
66343
627432
77395
727475
366231
22671
612891
869983
862410
326621
632482
547905
599738
619790
942851
844771
638263
313249
250586
42871
671306
485439
537685
178364
257496
313554
324587
197477
624158
11643
857691
885517
268191
578991
987096
683929
570912
775743
651328
804735
91405
935110
74531
215370
706586
864001
546566
23900
94330
668466
965715
169290
720638
515955
530285
76561
125977
503455
301721
28311
140740
197650
697676
474014
225998
2451
912783
734837
369058
734040
193483
216477
410055
719186
895072
339567
997094
688852
58706
264647
7258
513365
427175
106425
862259
883688
765774
172957
432040
31693
528079
14647
179037
676937
508257
795666
421983
836693
157979
337632
306310
269365
750213
368260
700256
810002
464564
774892
571267
712065
909137
111947
105538
699716
61997
23775
634690
173914
351431
450256
411100
603325
434894
399417
666845
243234
906201
202858
958426
390751
220692
72389
353839
900532
997875
360638
274455
677406
424714
836722
597447
24175
439852
321801
737382
707588
566310
464607
676454
579065
671323
376112
696498
154306
386672
408745
500654
660865
337205
358622
381026
971754
264696
643906
399051
430363
409116
37309
904095
214141
611706
69527
96249
413994
506016
237318
371780
397282
581589
30474
156089
142998
472331
853782
493490
675445
863027
835023
443023
510670
250182
746432
120539
451958
142430
3410
743241
832539
496757
613289
900242
65516
729608
677241
483918
533211
446239
170207
513588
486075
872954
514857
661434
555487
290652
264922
937977
884949
137361
725502
652463
776804
18235
832668
248904
902543
564933
428183
423276
600570
172185
968892
78290
496191
213780
24904
699959
180845
780745
309127
955866
943
154985
943206
101438
62992
267596
144306
526795
44554
353033
840404
953387
273130
954915
144136
8112
736205
499964
808505
761337
868152
478068
410488
291170
949331
345845
724871
384941
394265
499038
961507
454325
209399
44720
824652
29555
509041
585684
143866
143361
539045
177911
204496
746801
921835
722641
229721
979664
716181
715736
147268
73907
502238
313201
744449
374452
593851
469694
377627
735480
234173
108208
769821
133822
681928
880210
286057
534768
883915
77302
525891
608527
963865
266314
61350
610783
594847
22706
55046
109874
847827
675187
587239
89202
655369
108210
88667
781025
681705
815638
4595
523677
430589
742266
158276
541770
117292
583746
912865
788489
963498
771550
504800
121330
447007
89511
277722
179734
104535
872148
518632
774050
209284
244732
716132
367494
432335
341284
603063
715895
407783
304260
852026
545012
49217
645176
63092
70340
92906
819722
143528
638400
482987
96827
860170
955396
521311
774348
979012
679968
238561
99231
826091
975458
600048
157633
839542
677681
49794
594714
26732
474920
43379
353836
830073
231287
477559
465636
125053
933618
843591
835180
380930
762116
953031
302539
257689
686574
533886
615723
738704
933293
972450
869155
155170
189729
356286
280074
932124
203937
845723
888649
897744
483894
812504
742724
207095
489229
905722
994772
803424
953978
617059
561825
887996
337973
609056
814526
428429
705622
414809
634885
725021
584265
573857
26151
673533
452527
148009
676097
839603
542224
450233
781225
223333
865344
741107
650512
216110
179984
403507
370686
635693
468050
303938
272604
118550
965189
414380
525878
904061
152380
152028
94158
182153
870938
252173
336878
290434
171582
114687
541559
146446
709681
671858
768882
898200
296580
763235
395259
53025
170889
122462
41489
967253
513832
621955
896719
168448
2521
256132
463817
387083
556242
812126
456808
453599
24032
998957
246360
890309
102864
605262
289561
994033
509715
263209
310461
53641
941890
500664
238786
611739
434311
629657
664171
278836
731739
806197
988662
990924
574166
180453
214261
702828
56933
814578
407579
821923
479082
698211
142119
777867
636757
627787
927798
367002
935639
550761
931782
924816
723434
457558
747056
849190
409219
235398
230450
481156
170503
306403
317690
3130
961066
699863
601143
942752
215800
820038
437690
495934
638377
628520
248327
196177
924380
145642
508633
858304
813947
165417
405998
429552
499681
163850
676754
29246
509868
447592
958529
4397
128591
710750
114100
941382
508719
169537
88850
495176
898294
522161
158567
868179
803333
647780
813592
659110
899939
464097
444473
134816
439047
433207
940219
917575
915302
965992
400718
76420
757306
780871
731629
751666
839906
841248
690370
896964
597693
475977
879948
800970
364337
555729
69642
972238
350796
815115
407480
684902
124000
186154
302401
723976
562146
312047
503412
189751
121214
922943
908590
299954
912422
947564
91181
111789
669522
227498
703747
220822
397151
452609
478186
788013
893296
187464
457644
522347
610234
562274
769769
620157
709738
715026
210546
862176
915938
738693
889142
969046
411931
763666
614944
537542
374233
261611
148070
874699
679482
74410
721440
801424
884022
677842
631773
19765
761647
11921
391937
624675
545968
585498
546875
508921
189477
864609
193066
864321
113005
575599
702801
75032
865180
662769
945759
651524
105574
585518
178065
422443
79659
541525
837787
431102
635821
739723
154417
635043
645283
618475
73684
712251
641711
274943
115751
108855
687221
658452
472945
987055
342706
206469
498182
589917
397214
947693
514412
263237
697135
272609
999542
402974
206768
536994
60543
888756
68490
341697
948028
677313
789583
759475
852860
178038
656534
288705
412945
855938
760346
820467
805789
939328
203407
41460
465692
322788
492831
73917
3542
712629
860388
659076
582857
94616
671728
786074
630892
893231
136118
681086
807389
967544
413298
20466
851083
535227
18036
623366
295439
431073
102200
597113
772286
775476
319721
13687
568558
757001
750276
407488
15765
882370
96086
190091
819435
646
454712
872210
269558
300504
439739
137485
362521
795741
894291
372811
43912
970969
664492
438465
638254
243256
666827
421780
101001
456367
652353
125985
895063
712845
803062
137273
467828
31110
91813
230980
204028
228479
646819
8243
581984
212245
126847
68588
251683
872700
237395
406236
723749
518648
616206
605545
588250
969555
588017
370264
282929
263401
897390
593701
16545
462848
223780
130310
185075
935867
291532
119812
208660
828802
296144
135834
540879
472668
731886
308155
785431
131579
404533
258182
337260
406161
769923
47475
551567
15533
807756
833506
784778
311648
538006
654042
385554
581922
902498
283981
916093
59144
777030
522486
228699
599467
491204
114959
844548
149076
403068
801122
633886
505421
986353
191492
453008
222418
302955
855569
61700
187280
663574
204757
834586
999923
731174
329789
893425
431761
168245
332697
641949
966394
577955
637513
807062
208851
398601
840627
506173
247862
301712
218868
738624
713392
820236
576778
338785
577964
900767
201869
814169
467346
127015
130621
119244
676334
555808
403964
762982
484916
447882
644478
670227
701522
608134
552361
736704
725646
228570
137211
696158
775491
82785
267293
750161
642514
94008
827974
561056
361982
219496
320273
596144
438227
388999
649549
632111
726697
103085
301882
793652
929633
15362
568614
657418
558007
799039
609307
286095
891674
152512
620870
898989
277230
274922
478986
872901
43436
191993
159564
881259
185825
955748
542868
671656
2599
68956
296015
968052
175484
51868
445250
992658
481780
237261
286044
190300
436465
583320
504409
475127
194100
976040
112590
858985
208840
769488
782276
398097
251530
443305
623020
788714
561875
658442
383653
369957
368323
363951
370856
146162
963092
367112
136242
995078
435618
332419
5635
557118
223612
45365
629913
41469
374525
803016
602434
368067
671087
788568
399364
639267
269393
965231
214842
722936
672822
70910
27249
142992
568766
712885
798452
45767
630270
198739
232645
539594
385785
317877
838310
136350
613939
625835
763624
611689
358722
565343
147003
423033
419508
973667
631067
382389
973522
478126
950170
3055
139464
153568
553460
346618
432368
672418
424368
331147
311211
515233
64505
200260
601913
585662
449282
525488
359368
974694
221594
372406
693946
926224
335703
363516
761463
585376
401396
781706
855006
427015
672536
219174
215561
949620
323312
740060
454306
817332
813576
835897
23719
875783
958268
265529
651245
913500
283159
54208
100241
700949
892146
964449
910920
284630
905520
718221
191778
856475
469030
512512
31305
321919
525191
404871
413056
207314
553544
831724
58426
260463
90363
544310
942266
148494
909767
617612
224558
297267
71424
146519
963362
72365
270504
465060
487191
861151
762716
237872
625756
265411
255521
502726
742531
388443
209324
579420
775977
566496
436799
994195
243880
998889
563976
235514
153300
309810
94769
177033
811467
312823
470166
165300
837061
935452
309754
419127
813677
865810
906740
930786
532809
852114
640002
501112
627340
492237
440379
913892
8053
397144
122422
708998
251203
952639
700174
448130
556416
436997
101035
995242
968866
449969
216464
795980
635870
9840
831058
786723
477230
981079
501344
658683
601974
865004
792142
58993
601608
399954
559201
809460
4429
799020
783291
911874
115206
499012
555848
607734
817396
105513
653623
785154
199666
877396
945784
143838
751904
977546
78279
27489
694255
646737
90308
509551
461243
800429
212879
932551
418198
887490
814031
958963
830819
807695
670613
267783
139462
589646
33090
84343
872405
157610
973384
581344
83672
586185
788834
794339
241581
782868
216510
944202
820863
966100
897808
893097
541508
640726
100533
224711
143965
878192
981955
223154
798482
983490
441685
674695
830040
78570
390332
846042
761828
135785
676408
790964
954525
551101
460116
447244
821718
855239
158945
268732
869048
56731
450605
814846
784633
676250
528009
974969
875203
119807
746908
51443
708924
848336
391952
463159
545829
905783
884998
360848
938339
203800
189580
797349
11183
594825
251743
375108
606053
708995
818429
841780
459763
613264
42794
228162
382649
934260
789912
177737
611174
695962
764003
890242
672786
379422
745975
414043
534633
177724
585898
554711
400635
532745
199269
827228
100594
952142
466973
413445
284587
130095
889341
465009
872888
270829
52632
141771
699882
826725
767434
380764
485869
293132
509134
205469
607153
445067
669000
412853
209909
762373
176506
573119
910221
291544
441287
100152
777447
215155
264323
51005
136430
560615
158293
139003
128253
685376
357569
417160
312683
603444
454105
401948
592629
125588
369284
189432
904718
374779
110491
724824
864363
920794
5956
522919
880286
352624
231478
103430
32305
756665
322794
335852
107029
751958
85853
507241
690175
148480
48008
898866
965439
642382
106308
127312
882577
130068
684083
411386
274959
419066
196064
469518
392083
654850
454314
50415
474165
971862
677154
721247
839844
806229
520634
634818
528582
322682
606050
811741
593805
680023
756572
535303
238773
437720
819436
866265
803660
539213
592749
919168
547012
634023
854915
798880
710954
756159
777585
533971
286471
480329
499887
69378
722826
487098
572905
970392
499632
949755
826269
514137
419428
112468
855591
48568
360337
24844
928915
478787
479170
91914
863277
41447
474326
679138
905109
844189
304105
514555
169320
68551
19305
44947
273270
786778
17170
701090
112109
326486
387151
57832
883780
434342
386014
994293
327298
171547
121783
325385
495251
561701
157415
129756
253734
538753
58677
848079
31620
328366
520517
511942
705133
164985
873350
322791
247622
107732
991633
856864
431003
475189
524068
939754
91498
272138
404260
798514
196866
186858
592011
5513
343684
341049
46080
643144
424659
283972
847141
39247
217403
56349
164731
859791
743702
117666
803494
897523
200637
920902
847573
428939
831966
100441
714373
779402
60783
934986
164526
300697
298582
226193
887533
356096
656337
837650
117206
674328
983384
262290
195122
936073
260933
326262
442365
373082
928973
929493
77816
290653
394592
807820
417772
264048
306192
83610
800139
105147
555735
604778
533319
116720
869996
219217
473947
29533
236710
437979
445033
643648
428025
502634
363247
626632
338234
142824
245055
698693
486470
770144
559895
714216
530339
272251
537994
621554
1848
942962
44534
428986
430049
653298
349321
560707
877877
822675
818155
414415
423044
882163
995165
834671
568600
802770
609885
992739
77259
550261
548955
639202
514543
266691
579365
514089
65651
389271
401414
570662
397740
830444
162497
619047
348110
437633
184412
916451
969780
134700
91867
976875
845073
133204
757875
811551
857506
498854
315096
15267
809245
78765
630330
720525
766978
358806
717093
507154
521189
540777
292225
659881
16947
535623
426985
565591
404487
814495
267280
326270
3736
330648
409129
388273
15080
879863
172175
210392
479829
193682
52816
293009
920108
820034
301215
839109
364007
920935
844765
626817
726537
906145
304212
550785
932020
532805
735314
287577
716757
377361
466769
275182
789437
376027
169904
387569
389543
827318
716929
969807
95635
349571
969466
228150
634818
955204
589029
455711
152145
312784
666374
472483
827338
239405
50361
528856
200308
272549
679463
996662
700223
324505
16281
131425
323996
372419
244677
922215
918653
611618
347963
299691
1356
610420
103054
383500
315236
807921
437084
262667
143130
852671
42297
369116
254632
635663
371748
729892
645559
500189
291500
493782
241271
777447
589227
575831
798449
846550
924040
985101
74925
228396
494879
902087
210753
811851
602236
338988
502653
726857
385497
787909
370794
981575
89190
959474
646610
397534
818454
166966
67860
300192
977083
555730
819805
579776
516255
665748
739136
257322
403573
650312
168416
257155
884550
994721
676158
793448
460733
733858
590038
626889
148815
892440
489339
935689
281799
382904
286326
831307
909626
71416
832187
541806
850420
698876
726475
175603
884775
795359
385510
865418
531986
374799
523397
243176
615709
977177
988789
547728
671170
178725
981320
570143
187569
462867
408252
212808
843783
351
51937
106709
838546
966605
265989
725092
198929
623491
951219
282670
441036
564808
749813
524925
507674
570920
351669
934793
274979
171120
812738
262730
548464
902571
977355
970606
493036
657997
872945
707880
868289
749642
467232
378636
213245
339322
628534
905870
929895
612721
688930
876892
880204
682190
74715
337740
298559
989064
629600
587607
118098
527640
145058
185435
869625
198803
156129
420866
45025
814847
260223
256135
131784
664569
273658
281846
57528
712016
782990
150459
644248
156265
858293
590441
393900
710414
286800
652406
612413
789585
66594
754418
538001
394082
432687
658447
159166
632309
547478
581430
537254
414971
550783
992354
92492
468165
928202
589263
678061
104356
474518
243759
105083
298381
561611
530623
699025
629392
559690
906329
490043
441046
89970
808311
641545
544185
133789
96195
341015
525110
821003
726865
256197
480002
472875
571112
801820
488409
242021
9765
410706
285984
359765
88482
161441
20684
420606
840881
994913
488524
179594
731718
247805
788424
824326
430710
556303
799161
681416
845643
784941
925302
433403
179001
64213
444378
591588
844926
246598
525852
602335
245534
422499
833783
752285
848545
226793
562537
597694
826897
354933
838037
689520
963667
137795
118217
720082
500263
721765
714525
463420
955065
910173
838446
746894
74466
816401
187997
391042
403814
967994
107462
640543
365354
665971
851132
917868
947350
156421
555126
998387
337207
307556
842855
667810
516353
32912
262305
990752
537217
807842
345819
477350
992227
248362
743187
870492
222287
576648
572975
922451
342862
450483
16628
833652
438078
611492
814732
137715
542513
120864
684559
994507
457209
292247
352570
336013
516123
401223
365115
52070
833308
424453
791736
537194
923892
228043
38324
744254
558065
766093
435316
345907
816456
249858
8078
413134
494522
854979
469359
985597
219368
588249
73472
284606
987388
207214
395207
139724
308758
345885
534346
472898
226056
345476
166593
376305
633339
243979
383958
344075
385124
369099
609623
153290
136014
245612
329081
126453
971822
465996
249534
304775
391322
958204
554885
96632
642513
851129
564251
812556
758552
900545
273129
317152
369250
543335
612191
678117
314821
691552
738995
508640
464116
805678
899199
813701
348053
187565
289478
474320
348401
913431
875419
517405
920558
802947
361633
392040
205270
56862
731919
210141
605051
299392
314110
942628
834725
489098
546708
828536
677965
94801
672844
99693
655965
588566
145107
415563
751517
275323
321946
679182
48759
981919
962283
292463
816251
577946
958676
322243
440426
33400
438492
919197
359708
865213
538083
572374
15241
251660
39516
376150
718605
536282
234928
656352
794222
946059
415042
819847
470264
804224
949861
401484
548763
560125
276503
485127
713345
129500
927334
400116
351771
29109
996216
173103
944542
172355
80583
610212
246231
590585
721417
40191
737075
77700
998431
966423
442014
356055
855510
439977
640485
184204
767388
122155
837638
838789
858410
910983
949338
733988
513370
654414
764682
822722
401029
541627
891478
500167
675733
925081
343852
987348
653225
185612
688709
940199
458412
297045
742109
767556
68405
948629
192416
915659
231638
533730
672270
396805
542186
502816
831955
175923
855119
345262
14173
635470
266636
694810
638850
373525
97326
528757
31165
215400
998675
899819
318099
333262
253650
400916
296666
845885
658364
633098
303984
678251
787374
307997
504814
218329
269409
739616
748238
507865
460711
100064
85305
841
777744
49029
156130
66808
388819
590451
263613
420014
161109
867570
342143
435815
403360
890188
932019
661795
331283
605485
252331
19027
648946
56782
273886
574527
46558
501384
620366
127642
117908
139286
454077
105198
353598
683647
659848
273203
25088
524978
262209
668071
168456
183116
845481
350777
382720
933128
842932
887186
268374
260131
20117
359755
813650
709357
646357
234447
651033
626594
394060
912339
93054
71981
420306
521668
491867
279678
780527
504787
651744
104274
31761
965205
476075
688785
329510
41293
263625
111081
413114
691204
774609
304588
386224
121255
542824
766273
346182
827621
904092
224426
984946
135953
903398
567537
122998
177959
419873
575724
765426
267982
545686
840340
732508
325739
84065
666824
687651
533332
171083
631100
700216
112829
585199
389339
476281
376408
642793
368913
679251
77565
426005
970654
518619
209328
866428
470703
823062
281672
354221
920810
509648
28616
549306
254981
559866
678360
124488
499346
185412
43699
683396
53093
116726
390289
774412
464941
555846
276611
421273
196018
493691
842341
351581
985210
85744
317112
467146
421493
641304
816218
997920
299030
853189
945583
541479
90875
970234
342858
638604
805657
970688
563866
807988
166701
367085
120581
763655
193907
768335
936686
933573
784501
237871
424372
295178
785661
397235
130980
555619
916395
806801
694329
806802
537510
439349
979030
90215
336492
507022
689467
800342
534060
339278
63096
533711
131498
274049
382753
976061
455975
718234
491877
279654
865069
693622
817374
773905
685892
911755
667918
951343
671137
824379
354478
268074
423632
829008
974909
4498
590289
756050
375642
236556
79803
934109
453168
124889
811682
48509
206376
545723
622144
57892
532381
386126
441865
68102
984690
310466
473193
443190
898709
835933
404252
930660
739020
331020
348372
969321
467349
748834
468950
299674
241102
535109
765727
162397
295778
229900
318471
873001
236740
824919
18549
878592
966729
197607
207926
630957
603512
409478
664198
404128
976161
974646
642348
403113
461156
963387
180628
630291
777706
839826
240052
776922
372267
966474
540061
435932
199048
849261
934266
441121
782309
335476
965998
998876
373455
357570
421418
253622
562938
646353
146410
548818
239901
677874
590179
52592
280100
489911
427768
844194
234186
838853
513140
60883
250682
790044
511761
157924
636265
198522
766612
338203
902231
17460
841416
509157
2058
978523
675380
363909
565604
727600
375674
691963
410092
187469
762200
57271
236935
145510
385736
419183
374526
835601
622035
494815
740532
862526
332195
719889
74530
713238
582514
119840
322465
182532
675500
356672
513559
197290
21335
239209
745398
964951
660110
898199
880240
734945
295044
123893
972465
699693
296343
284148
37418
365602
353837
43652
326053
616335
271099
37093
759060
165970
944306
536885
716606
87091
749889
873358
243308
489812
884024
412167
815400
593904
250695
701848
34401
420977
146138
898087
927507
504717
806980
141676
830347
297857
84093
920854
249977
253096
24885
68762
220302
695477
426183
589086
328075
114178
615035
110689
971024
507569
721204
445669
782447
445278
377790
825696
995560
737627
662068
441534
672504
422449
891651
948527
145619
153109
994152
981643
147819
910324
372677
656500
213699
830373
390289
376052
588282
905818
36860
79891
951670
459117
852001
53073
110556
61671
878667
323886
708801
919052
363662
131247
906522
942888
888383
110182
414215
368054
176286
520004
836783
371655
765151
290414
450647
295314
647277
747868
911367
910779
41391
549721
231883
313849
780812
223698
487503
908474
42700
802145
146737
736119
83389
437682
792460
906122
979908
630528
952526
194199
61109
224838
823619
138547
675850
193016
914250
649012
473936
851765
238762
963014
410804
703715
941958
902543
26711
405432
75864
507737
853537
918653
189991
865016
279551
437084
131812
433881
865419
343330
156199
197584
539428
296799
934626
398605
832474
130693
712838
711795
392062
892634
114232
366208
597986
805225
547265
482649
426856
468521
293866
165909
156512
907830
555943
890698
240316
947910
570944
102527
984731
403949
781840
409336
117164
177084
951188
924207
863882
465624
73046
848917
505787
988659
634706
828685
611100
678497
485625
377874
218715
107694
782773
481225
92948
215510
25913
447103
100117
274710
697296
959172
997530
841168
876936
331094
201693
557303
955733
488288
833107
862834
289539
84701
279012
185664
725840
594400
352164
546490
605618
551653
98031
471472
444046
116600
727127
37498
989235
350685
75479
536120
3764
905986
449231
371549
188519
404458
454196
537749
973771
885412
937355
77476
121390
443392
50112
765958
723534
24407
335911
160334
796781
929045
809493
257320
266655
729786
426387
359950
574838
355292
313975
778181
346547
253137
126607
343079
322696
868404
329170
13445
838414
7442
376704
660631
55727
893835
880332
109406
753017
841545
228363
324655
807802
468099
882797
82843
232976
260092
563150
667566
930240
641467
911634
796728
310139
640174
41432
298264
811837
798735
688614
169184
218803
523637
8382
243480
207210
39955
359834
5601
104115
999664
526494
218054
112440
822328
325134
735666
992780
229231
142185
966235
850724
159641
661783
509081
361126
12767
285230
160310
641709
884976
317786
824140
365698
810521
743857
570466
319687
76259
704810
834272
629573
771275
62171
835196
190538
817180
644099
632293
838990
623834
862324
184509
522949
984910
653239
302308
555592
326849
180322
317694
61087
302193
409
267858
338141
580402
147991
968066
3742
577379
644165
558668
342947
929268
300730
954868
432405
494606
407540
846121
116043
376403
289895
363135
840026
569724
508240
917420
384828
557905
175137
567765
650355
671297
668999
89026
271311
869615
455484
121151
391741
816113
609563
224502
486239
203085
759202
803083
959562
720582
251621
409711
721884
782796
622830
856164
835974
508626
415038
83440
552145
560948
933370
526267
459617
341484
378981
660711
215442
552832
11413
832878
498812
158737
996322
728979
148637
801273
981962
11580
831968
315321
986063
644745
366214
435022
76005
836190
402926
34781
896490
344351
502252
361509
182987
609387
978120
397717
59373
730526
735299
646244
503631
969150
344131
484583
7877
947656
972094
684512
488245
64284
200256
80644
781441
683830
851955
407648
844676
175205
899275
992302
291213
370761
679067
440102
943079
551965
174962
315799
747354
427296
865087
696676
329265
625467
233566
490750
399193
36997
702847
551097
95606
501184
151038
464352
689388
953526
523502
4248
311449
465824
473169
263104
581548
500903
968910
998936
434234
223821
59551
188817
772135
326286
409681
213644
717727
343314
510701
204168
407478
396060
361395
937141
808917
773175
835784
542882
507615
936605
907620
240817
559101
789497
422668
147507
614793
303578
527556
677416
362932
107828
964650
746427
476648
503479
870785
931623
84565
983447
69102
817806
392783
929528
808595
446135
414939
983262
1950
842719
806772
571175
823027
907474
607747
110748
258592
426809
615165
952675
597634
334177
922527
195866
410274
744212
832175
704162
218102
637437
140153
560989
990704
597471
840700
379889
993672
842476
779569
118555
481174
395025
83317
266817
472145
663941
130545
296249
581199
492917
951748
643387
198203
644629
616456
225598
188365
110454
492435
900863
814074
671141
597219
960410
939411
747002
200905
780517
60970
108582
318149
429985
417631
804357
973785
129294
255436
599517
67777
18099
430452
78539
950084
8394
443281
396211
78868
482159
586442
556364
499315
286547
389590
196675
108915
861042
206264
999088
967988
744840
228392
565919
372580
45448
917410
773983
592858
387732
264192
642873
141516
907541
395656
611285
335015
269178
410889
828324
571128
279354
842837
585553
820762
131142
136538
926352
838143
526696
127166
926546
165588
334363
107844
118349
517905
765128
847107
300397
596764
660401
435320
806742
486958
983508
616630
326617
908404
909105
125629
630671
855062
989347
276962
985194
662461
820525
920807
951705
616820
41709
268674
383902
60435
850193
56406
741617
377333
19323
831989
636789
273294
81142
18588
71824
796763
33771
458988
908393
284143
549136
429520
390043
235145
12790
768464
706979
949943
334667
252865
638414
760155
293942
343125
167509
675813
888212
65824
310831
184863
345543
798233
579284
50619
765355
968052
959344
832721
539630
97971
325915
331459
757017
684986
503368
917811
907482
86158
920889
531147
662810
224349
537431
809263
514619
942648
447568
984274
801991
775661
795006
289660
235589
556976
112594
242243
210515
266745
472192
462516
474770
359150
470492
9259
502045
192335
257548
199507
273297
81481
46337
424730
620315
887437
58885
387108
767061
238360
573950
859211
528649
247140
337933
811965
198860
714945
161501
808983
64537
270934
547409
325687
266194
970027
273970
706347
792103
737844
726444
358101
707777
760893
919332
289346
269598
486526
761218
754787
934754
443645
147458
553812
70167
220803
387522
962306
57694
666416
266276
521667
923115
250227
297189
593204
388833
110844
573175
323312
163725
203514
672424
438954
57159
664772
660265
530202
728422
212537
437868
450215
814391
594862
947698
782325
874273
578558
122225
346408
340915
964072
686074
704589
212525
264268
578581
51372
201263
631932
214042
918370
177530
666895
469903
455599
51616
602180
366173
109819
317697
682083
152180
44756
399565
681117
611758
659417
456106
609096
650813
391060
560527
736037
475465
129428
745667
610511
846706
286663
34352
878842
497680
582424
768615
92412
710905
415666
86939
350210
828082
111305
416154
637017
937825
844286
785095
65853
703206
614815
985141
86654
51674
332597
817330
518371
288168
880337
953094
435929
681410
48123
801109
685524
444134
589159
799993
420053
248357
198483
492265
526176
966132
253670
718034
773779
162005
935214
596892
977271
777416
498318
518962
653616
437723
986206
985558
527363
268186
288559
405963
799669
447732
919128
124159
939880
101147
795136
515264
878398
490450
610920
334460
733350
191874
791329
75292
619781
541685
895400
667185
62287
64423
71359
596449
63300
963219
521318
963004
799175
671721
58182
186008
428057
150621
83041
763054
301318
602482
814689
517054
816677
162186
87970
613127
429701
92722
444056
14891
749426
725954
912767
727342
211541
473937
568766
179312
161577
173849
296592
152536
168829
145464
998553
37805
775406
798213
461985
921673
806131
505180
351784
65220
283938
74923
326558
90650
224606
39800
331693
927568
669579
542913
557952
68412
248264
253093
213783
975643
839757
356782
906426
715469
231380
950567
744561
264977
853051
625524
77094
782194
686602
322654
794998
172814
462564
324213
481037
541409
47861
250398
58902
168606
873001
640577
569631
170023
752498
279032
627897
285081
66904
91407
171851
783599
891941
64015
862004
944014
141757
758573
656106
232002
960072
183987
585467
142347
964896
784148
632873
559199
863041
824062
937122
185725
763350
863273
902574
313920
789075
326827
637745
137203
603521
43743
210833
368705
373952
571609
552620
290511
697031
800026
586797
142852
795759
394751
586100
249582
164422
229198
377195
306422
82505
108028
67783
498503
630443
321289
273910
509357
762886
620672
349951
687218
455847
669095
26094
433304
345229
178296
284320
80930
964473
393340
955308
920731
943505
302379
35768
652093
339438
246929
14201
49025
883307
407217
722764
627885
681631
851797
959936
281133
858529
732559
321970
642891
816490
592182
707248
184045
396790
162074
929605
193226
768332
74112
725846
940333
318141
31408
984349
722061
646241
155107
178208
469194
7998
200046
622654
903754
459555
43986
34917
306743
423128
975574
697280
452598
132932
315581
697708
660995
540709
264349
41564
18183
692256
830977
329914
732437
170633
574507
139514
440678
266341
587545
699933
57987
978140
121681
971860
601243
981024
308514
275394
216070
418404
986654
374461
978181
929279
102062
610827
705702
38209
225047
59387
376883
166982
69663
269821
1893
421098
168700
953417
626776
645315
541197
578587
930740
36484
911175
770616
109157
549332
356458
323668
173317
457753
558477
819533
884421
648023
168117
368194
230132
804108
516013
569122
254799
140794
346004
862378
77787
767446
585121
207136
119665
517862
432623
279923
413083
217725
67671
384550
928539
941680
941327
858814
466352
355079
947855
681398
657431
732444
628783
300513
69025
835428
632709
535974
388763
165744
919042
162385
439029
877957
815761
637484
939109
613431
603093
323525
118500
891466
806076
156954
475852
997237
94374
429721
876871
442342
591392
100320
461016
744688
968022
667969
970770
62970
947367
485508
815605
625528
73392
313176
34378
547744
142264
68051
758505
649020
258210
565695
776415
990435
212049
864664
315610
544347
646729
539814
644211
715353
879322
941968
116301
49869
150810
800192
452505
498426
65922
567032
542410
332337
270757
381711
469341
346561
436083
80199
528461
715141
228248
868307
463572
75915
873603
931416
819857
37670
774148
31650
93438
284085
502846
942698
586429
990923
573511
221418
632033
483997
232617
384921
701234
607666
624168
934805
180051
6668
488589
242800
670790
59090
9469
18818
821966
812491
183962
518792
900911
123153
908868
516043
999595
921458
284787
362522
653236
419093
465418
316093
559999
49372
2743
513681
852337
650570
70779
456381
405983
117499
388635
328045
571970
881905
194955
921928
109934
130553
452220
711741
964692
189862
965330
43743
23385
380443
817031
37585
514148
914673
830842
880238
35436
882973
294746
976090
697281
604195
665626
84367
433415
695489
103641
403615
732070
540634
37301
525180
55976
641659
830274
859758
360188
617708
107359
755842
51665
849596
87089
796139
898858
902342
393498
508831
741537
61531
455912
211231
74527
380947
310598
279790
862953
68596
99987
661719
649206
675310
78038
490768
24477
932904
508604
98793
927383
567781
366277
558446
999000
525009
28829
264360
304928
640568
514532
881814
31745
659392
562754
977151
696473
101423
19614
913983
194211
125705
598981
440832
877519
731976
989990
691151
798849
733479
552586
291238
822758
385220
973859
661125
771022
235830
3295
44014
170373
593174
818936
184108
778609
512834
891391
39909
706510
285866
110826
610118
707307
599889
634213
942139
183343
308613
584886
476623
772521
57303
981589
174008
393975
940371
574131
964462
98849
505182
996475
701322
766854
440989
815007
479200
29854
797806
32190
669476
264287
480891
899828
3303
73616
569109
900185
274234
901515
777968
441939
564298
814345
743592
140988
615292
84788
543383
962936
450907
56297
48323
591822
729489
644230
631840
883555
890817
617539
543003
465868
732326
243965
878089
842590
261223
645334
17699
146825
75519
729869
702480
11671
339121
514871
615798
953761
805973
869914
84103
701659
394915
168041
460225
235572
306870
647273
991305
335404
437013
994886
760461
547664
1227
982809
662837
615064
608262
748207
783342
460489
577431
678180
229094
772667
92113
763605
428718
917785
716089
133889
458269
689792
396263
781524
966286
197781
593491
636694
115530
288158
576034
976146
26251
51771
78040
899143
705365
896908
384153
392898
38245
929127
177983
407209
42072
370400
472685
292769
395862
490413
282258
748543
595151
424347
802875
359298
243275
895302
5731
37675
311287
269772
573585
107129
267397
87874
533928
410819
543973
545379
287783
147612
571627
961316
508991
667788
240015
94078
862482
365280
209272
192346
193005
915041
918473
307763
763384
756230
217293
449749
325024
465615
845943
893339
543946
703541
69314
2284
665908
442949
719942
450137
791848
302551
98021
364996
388209
135091
505732
151635
652607
542071
625080
352831
34211
241529
594786
454786
870259
919415
926826
22054
120244
434484
857795
117334
246937
900937
297557
364107
54455
7308
130814
494712
785162
229144
203972
423315
411988
659476
694237
413081
301169
931102
46825
936961
523756
663735
7252
805444
714001
160774
876301
759045
71898
427532
819256
3181
151862
872926
338729
233057
486850
128898
410129
188788
425577
973797
846926
828851
546379
664467
989412
530965
334352
625638
425272
514438
980572
750403
797577
776181
950859
620312
448387
33367
482782
540956
783046
850265
288439
413726
85732
567653
821987
88989
850515
767651
441227
254766
738270
219767
180646
32234
940413
419164
296096
14045
12430
543087
124730
504557
996001
649633
363689
845328
459495
432871
563170
100876
568792
969797
327153
747687
389349
500837
122325
160628
165339
705401
904077
926612
920708
119007
824872
308575
592772
366878
145470
55781
202208
80031
905633
519609
366616
225252
258314
386695
423571
558037
534526
276662
521773
59405
934025
956508
412282
494902
153837
958056
930621
709728
18482
325638
527458
768607
457166
595093
773355
450832
590900
809800
419971
268963
668182
823858
486165
614245
286951
218597
872247
896157
727725
24318
257766
378710
889429
639951
27572
771708
952353
667781
300782
226545
514708
172301
38474
902133
782756
160487
534432
780585
371800
488103
231520
319339
459262
967011
464184
989096
352714
762087
365995
952859
242686
837866
205224
955378
413583
736616
30419
93926
618364
627264
984841
381880
432720
613557
241210
911734
390349
223932
454506
106222
694891
851415
725696
867914
775348
407515
711525
847477
623540
806680
688887
191387
172275
898463
873566
810302
83930
970136
736469
230656
88878
554690
538509
911525
222386
348170
44000
995408
680206
481415
615173
493182
317668
952847
462886
370748
154640
448447
902083
74750
941611
871786
159683
994774
65538
141584
959880
477431
440609
804700
58990
319001
15124
90299
665313
394905
239211
362321
244636
972550
537356
47996
553331
411097
9799
530655
301109
927405
655348
455876
555388
762440
170810
743168
695921
26512
520303
422399
286542
995696
876981
245235
255534
746760
315573
110136
344031
92496
894279
736859
187703
508127
200503
362392
643505
145359
120668
733277
69754
469084
581193
697480
520559
57774
670078
797883
935513
391846
62698
640820
98549
797656
315567
850404
505821
663043
661829
155948
715237
124447
633329
107230
883589
267457
115336
311750
761168
422653
331463
198179
25987
133491
297945
790580
651643
910720
584480
343015
359600
141906
972016
802681
817936
483024
125901
910007
848410
216016
787967
142929
855453
441951
135192
224030
36360
348867
854500
163258
789461
894
165802
109187
885445
430226
906651
867730
787306
594022
863327
444195
384458
497645
628540
81654
136022
40298
593716
420852
129660
781258
121174
945705
407733
143381
151027
997851
219231
79287
845937
850937
712395
784572
410596
248419
49206
702077
688374
127358
226043
163751
549507
440773
462320
136455
892312
185898
974019
84577
622277
579112
359158
587155
38588
213174
156145
788447
756761
152501
134257
740188
26503
605102
155693
29069
43278
972177
682089
341777
364515
216403
83685
74986
549743
339068
46879
523266
8452
990856
689950
70816
109725
197485
872364
608485
231691
391599
211983
826991
722241
323478
632965
456209
233374
918908
34291
491036
430978
430005
61823
399610
956503
381559
72554
667549
491361
649961
216279
713026
905297
677006
690741
774556
231185
842179
653566
255861
689219
36442
202425
233786
386385
839319
251203
981254
541369
396176
510300
675997
295777
844966
335617
532711
118911
678230
695625
835017
546296
701465
768389
605269
659111
871734
236323
354684
899816
704056
160485
594825
696018
372179
251179
101201
528052
595893
219427
996488
73264
366455
269869
536192
738757
514493
993383
65774
86275
295331
32762
804915
888474
190183
952316
283464
725832
283480
766002
532248
854978
503679
834736
377972
518981
698600
689844
71615
422133
692028
355219
379565
915380
328578
473659
571134
96683
916606
500715
827404
58538
743029
575345
385180
749794
586717
192596
44783
831929
991967
345739
472947
511354
541217
168284
529004
76919
916549
562321
402878
752368
393516
964620
616754
144952
704443
431414
969910
378999
708996
815344
146314
571206
57718
877009
393112
273275
887986
23573
151501
551535
829333
578219
252705
74383
97991
389278
616417
960315
238934
340351
82799
515746
93304
334843
228761
898841
861774
89006
109723
86685
527618
516264
650010
230328
170048
763744
993241
516702
72733
626955
199290
809367
631071
780583
350539
40279
260759
794511
637690
988968
179982
740176
231908
113571
110211
674772
671528
22932
328027
746356
252334
784236
977589
451338
948192
302602
408806
674732
21313
902330
630539
655216
14730
304757
401521
43555
722119
649039
18394
508033
761656
523052
444948
674934
30605
191823
649354
272261
258408
210081
342441
521510
528504
813464
903714
898655
14734
128989
332740
106407
878553
609313
976419
313050
59050
762429
542855
413094
906508
811406
696056
671191
676826
555265
152373
71161
464293
265671
85090
396793
488167
947718
858680
94449
151413
281235
459249
721726
797276
245417
823526
188430
689922
247332
192105
974085
307576
60117
168196
814553
584242
77454
306190
591114
676530
363996
644157
232789
189028
490549
805746
199697
69509
802973
722269
17200
404142
838315
318960
427104
237044
32073
131953
600406
758236
23999
399177
890429
134953
94127
329729
38106
22622
289991
434978
525811
313460
731101
86181
777362
941182
844073
887121
524094
191298
352460
218696
832939
586898
213505
393988
192810
565651
462405
750084
97484
373028
909887
750188
811860
485619
101514
426208
957181
889435
585248
655918
784133
16917
331184
279229
61740
329926
478196
233323
346395
877193
540545
270022
960468
557875
969098
740119
904284
247842
872152
958092
972508
501075
216723
700070
193291
942099
578227
658889
916961
432782
2140
764476
70136
605930
470938
774674
422442
530668
856076
244261
393248
361554
384657
613485
136345
596910
705388
741355
178311
53415
454879
664529
671065
766014
951614
165805
808415
816660
141756
64573
863426
916755
522416
794264
638275
957626
794532
453828
201605
867603
707574
31849
956532
717811
287263
791506
148648
264168
410159
816544
104586
208966
992384
432663
771596
788583
762522
131833
530371
14027
721635
542706
758062
573585
140672
408356
645852
593755
190018
554620
763582
699956
197646
929121
891598
670995
786431
578391
373060
163186
239408
553528
731154
679884
649263
470145
84080
915101
927932
161337
686821
725341
347077
361369
235427
285903
342707
203969
740949
116949
270052
616164
31337
820006
87493
673633
324905
915299
669034
755250
431110
427769
434826
350588
430885
922653
940552
813606
186958
943240
532787
514186
59773
824748
757999
459609
642490
348241
475926
591396
744404
386040
889552
412381
803933
816779
877685
318880
93846
87351
559162
691297
767568
328354
247879
72807
854293
335409
566330
780293
644113
559126
388921
279876
474703
844617
370564
585323
49079
87230
701277
596038
593825
24798
147083
577116
153245
9560
61153
523761
639876
217223
829068
291193
889489
673287
68514
827663
421443
599535
621485
830283
975246
249543
547596
469919
188679
680398
151559
238827
471606
8552
343021
749277
963506
4592
378773
26222
804045
440570
249880
134969
816949
980904
68233
803048
51121
732663
535014
768641
699849
663531
221801
535525
379427
91575
771817
775152
250353
974718
785761
395175
558504
823778
354492
703102
685224
239024
928694
977646
404468
573706
201129
104219
492239
541045
755381
107472
581049
261623
138311
953237
673902
273577
892102
385875
244374
977413
239711
819491
189961
930076
109006
473098
293878
784278
589168
670042
205876
444933
234106
951846
654565
634775
182139
134952
638652
406760
127571
797258
619551
601877
277639
112926
629561
514243
83498
337935
737243
785616
282291
982179
460025
88785
654828
990122
100892
89938
644422
195218
323646
486292
6941
371342
662790
907686
158727
484112
111366
202850
933940
54536
612010
103614
786067
896200
449200
538887
216388
197656
84950
913234
136329
287773
417903
195714
899689
325438
108550
259643
274171
88928
174072
96205
927777
246687
873884
290682
874218
668222
993128
743806
355916
959136
145636
99715
218920
285148
467418
122069
482879
566574
964073
99156
931260
983663
228772
465559
477965
184368
501115
78176
745683
811581
694249
918399
937752
747897
487560
177558
121410
589986
256724
122016
723310
234052
585599
218119
32763
916867
555946
196463
41616
958575
963096
404116
150716
454972
20331
70023
277155
54580
361017
208256
923633
796780
285424
338549
278353
530804
6400
342773
155381
998047
460013
836874
998264
946361
194736
391361
681798
666918
108662
888490
531824
996717
253964
99039
646168
854236
187546
391665
387613
922266
761645
495870
8779
398156
665399
921377
64412
254091
210829
94359
639977
688868
132317
665491
17950
785973
56088
996155
487101
705787
619974
297535
973299
23329
499089
123216
234728
971782
576749
450542
94919
740537
637147
64346
72528
169555
111475
303493
920826
240980
64644
976164
187403
348652
843932
536288
431890
191785
518628
239799
139445
95307
880638
639808
669169
373482
690431
954938
551381
97278
536919
516523
587133
813076
356837
567203
198600
214267
247226
847579
171074
326091
730490
414754
300787
277629
23103
800479
278862
226809
433349
928030
902671
851203
603635
322195
602300
109286
786648
65077
976963
541019
139418
874788
342315
560413
222100
41899
608012
161812
769646
32018
324653
347473
859602
225188
6625
944940
361736
811243
819412
843881
112199
666884
45741
950126
794265
830620
938725
981726
414106
368177
847399
624946
406211
384481
232802
934557
730714
476577
1616
737066
887902
623539
71098
879587
489941
865962
683840
536738
725388
864261
28366
453176
835773
773458
961819
229969
451160
911415
136744
163962
178252
648003
996712
524560
480880
296558
173027
698303
766821
822636
832500
165068
942099
970636
961325
774813
897671
309569
696387
702372
818614
67385
853712
206585
742213
226137
709109
556097
258222
569285
426544
931932
590981
941518
805823
732757
436429
400253
426979
429996
33113
262346
26637
195490
725494
728958
800044
42565
608231
819648
615900
479496
671031
902040
357362
781748
871942
664554
702737
953454
155617
880955
491666
939211
762110
215640
127560
347281
311493
862911
556677
757718
39851
286087
359066
956676
44755
90071
116236
838690
380600
168366
190339
740936
712718
444357
272734
639537
707001
189392
39548
701487
801715
705133
346779
365266
535235
713567
809175
257828
479472
110189
33230
356995
678376
84581
517133
973840
963900
29447
739170
172382
725417
976356
498204
870504
440418
272425
831371
123100
886507
873123
950841
93663
648398
157711
256629
740391
607635
522022
985916
545494
769097
892520
23435
627184
436510
84917
109348
921888
123045
112095
397010
220824
104576
981809
455289
347025
866964
671559
409334
927739
524239
288427
352187
610574
748800
353165
873257
611825
894972
892776
55702
567812
817212
629302
342213
786618
730512
44176
165851
171523
529609
124879
465690
663771
349284
212387
150539
299886
796117
862405
163697
985064
545069
342708
158773
270976
413729
611926
90823
275551
378633
39842
278832
53732
929298
686553
757221
121763
909075
272398
444091
130600
886195
632463
804587
127846
757178
992639
918267
666774
89247
673601
474708
816533
445692
60298
949933
838757
639833
302145
726006
38876
723003
277069
851468
904429
934619
479531
999961
818819
396071
879271
919416
40568
705968
811232
969833
719753
255730
837241
616173
517372
426927
819592
752895
791770
735608
820204
480219
356301
84949
66182
93409
411688
29030
460927
594280
320549
164204
800515
261418
703184
494547
621727
494405
218540
687125
880091
780285
317843
886841
109610
817263
130126
834614
52477
651546
472806
509824
17177
896059
367837
659927
969843
792453
638384
813554
585356
172986
231788
891963
459972
446776
485792
503880
2640
987694
966781
564521
222525
670028
772302
572257
339597
761537
362839
115324
265525
327766
956029
556534
836306
353862
927544
503995
827144
631082
120624
888671
983173
888899
130461
450583
520529
504438
228833
127548
590766
254226
470601
606327
108871
555834
198195
579702
130920
339095
156162
819065
498976
649327
364933
715676
671691
231742
384255
808961
801615
150220
318464
341189
170767
559524
9262
443797
428502
910749
124292
63867
711418
606668
67650
908732
457866
833127
815953
459888
196551
404106
427615
379858
621108
839477
143754
542675
849253
340237
36922
617110
209171
877535
833142
274869
615423
776013
800191
957479
677913
831185
476863
107127
110760
738188
694825
218990
399353
519512
663923
842295
754607
518633
885401
97510
697120
536523
817298
289580
952379
774208
302211
623490
490492
169340
56934
717412
484250
211660
599883
35571
864837
813573
187069
862579
558632
788479
8025
384500
81237
870809
838441
491839
202499
935370
911762
91045
103962
653511
104107
967184
989229
630114
235505
970246
694473
996742
870910
527565
988777
465268
159740
413392
444159
723660
125229
277553
573096
686396
569442
454609
460994
223630
176941
764425
634929
189939
428968
6578
223831
757486
420635
4629
556187
465178
339157
375713
705918
938631
761448
559109
796915
770640
248049
903348
157287
826873
531288
694061
727063
896819
130089
250456
328957
848815
876079
905290
549553
215539
81140
934911
839155
593215
356569
838712
691489
198440
415921
383831
592283
69419
827260
50578
187100
393796
961982
193280
377580
156828
838631
870688
276065
216460
865175
776172
459747
281103
188906
841585
512111
755782
935132
200689
906817
341165
790072
73119
325144
395033
238513
240798
871652
132383
12590
137891
863642
81475
692759
800606
318103
117731
330081
179868
78945
179119
37531
928787
768799
720000
510363
510801
952716
139438
763165
98501
744565
797469
692222
343006
556739
964859
623755
396538
231332
527591
573304
287348
4819
798910
645964
135800
941043
655260
188743
852662
304361
286331
806181
464214
224557
438179
566457
119836
966828
83632
449365
812287
273478
909420
570405
175736
424299
742708
493549
155194
22348
867342
865819
123960
456048
950899
904352
256656
985626
278216
730529
980672
999536
806694
477359
863884
899389
978707
400881
476558
372853
444990
872159
318090
687749
752794
965843
34683
39956
932576
700737
412711
410471
260345
38688
885852
782398
571568
973549
692576
30413
157814
925315
403007
397297
792174
776373
414165
126742
595379
203766
46096
234612
969239
645568
833060
325537
40523
182115
63698
881533
2173
490170
607662
298751
226786
281924
72908
808595
957889
836192
132469
459282
258230
263728
509797
890151
629255
789730
910014
875958
19358
250979
398372
48499
297519
93768
95662
702053
77764
57016
619854
984833
933079
623307
750819
199005
635061
545607
484645
764646
657283
426572
785601
763909
234138
937046
200889
251981
37469
119970
983665
507275
540792
409777
392708
792650
811396
853620
752876
738691
630912
857966
735421
677849
650554
256489
266756
255293
75460
708305
590461
377806
387339
172084
694297
148612
763866
729857
728926
540882
898861
955725
691273
94599
311218
143397
191799
392229
795141
116850
239701
676933
248389
355486
827623
811260
513799
638132
133712
403242
416826
827979
123795
116728
405096
230741
924483
436482
217420
627547
725357
918673
660460
561449
832969
793313
856363
859363
367051
651865
629037
816105
573673
378879
642425
442684
513184
592002
116541
351879
503280
251897
721615
232264
219762
321349
211448
508180
48060
130014
444043
72986
814584
600961
806223
404491
811189
222344
74217
859266
542880
229475
924759
205802
21831
926163
657707
94954
688173
962004
705506
8649
664208
449081
744369
925987
38049
977986
72446
207745
755068
868791
985740
88519
439969
86529
861352
345503
417982
910979
887823
428604
292159
863825
331429
697193
228670
694225
893956
612420
151120
233341
567115
305944
82232
701595
916208
170112
222934
998379
680873
177903
847757
921060
430948
573533
142285
971030
281165
942966
379162
637954
95380
301496
869076
242863
955173
405952
441294
1933
932637
916535
487393
963340
251882
595846
653745
473942
776122
206636
180624
325965
111718
620008
453897
517301
124758
537444
645272
373426
383970
384698
471423
136107
410056
351329
945653
760985
461358
959978
929106
695333
327336
998377
371318
54772
483104
199026
475813
143930
175206
465233
243781
560243
401834
140374
75473
781824
150379
316062
387862
457179
846069
835522
856308
194671
971044
702484
972416
417506
193956
200543
748069
172220
201901
553189
584515
531524
65139
783765
348812
588415
985355
797848
43339
677831
440067
670360
904933
953957
274900
58961
294179
840595
619210
335194
704332
76217
308439
849273
733147
344272
258723
215427
31165
649083
972400
132415
465910
615675
563907
299727
126140
248788
623754
889339
609
587776
315613
67769
782938
727699
6748
161849
145662
80096
658498
988703
78237
216259
164316
718957
693081
286875
983254
428821
8766
543793
118858
720721
128773
767159
220109
148240
497715
990179
624522
468139
933126
410067
849638
42017
777104
717467
784825
17875
724170
415992
85995
170222
884154
182128
62701
294270
559478
319934
976561
285561
158064
831582
309151
21829
836517
236798
957999
92664
408492
162272
417132
381441
45269
360246
238725
228907
99119
23287
716023
384578
528329
552379
188453
889537
827586
90849
178178
843106
543640
263113
869741
573964
468457
807121
995393
870612
169086
225022
22292
409875
322259
550297
413296
898021
564189
518167
69433
544259
996197
509726
811288
387112
366757
961824
977626
492380
688815
830261
135905
3789
100663
57856
688634
300026
338526
416907
883815
927143
105267
858679
226879
604024
462728
321578
530979
467963
344230
442801
192952
928299
223218
148474
753049
736956
646257
970243
658882
425125
251660
220501
281040
43464
131069
763545
38217
897630
352577
219993
931568
197270
147646
480959
555964
109084
33093
44499
171764
548063
56868
542442
917852
604915
498917
771951
463994
285826
784733
581543
821273
720218
561346
664594
860806
865820
920030
817450
203202
755930
544071
971955
312219
766701
681021
27610
476895
520941
77357
570153
860462
474253
938265
377451
691463
263696
126706
839015
597781
271691
100146
461089
23931
228423
443970
411757
205772
710621
874447
871018
504980
480411
658559
59015
540531
228715
568527
949606
321019
852168
418665
60496
497381
656532
593032
313822
126907
628907
912123
766931
406979
279813
294750
811888
596058
468059
209123
97418
578806
880372
635910
952984
496048
751141
555772
991646
178527
288009
652159
978525
912062
897457
685101
56746
211656
624356
573443
595147
191780
256617
658787
200612
538030
849664
408499
999936
559879
678053
218224
172688
501154
124890
106207
915918
621617
142963
873986
27607
652739
835847
645852
714760
147225
946572
270340
199588
384279
521631
820906
562313
192208
500
711603
349887
645948
382362
707231
918938
63112
283690
643006
170884
77011
424992
72882
939928
173469
422338
67005
416208
389241
704746
881662
491356
191858
505050
327109
658225
439716
753147
937810
280167
520214
601927
338795
922642
984264
393456
842826
499255
322151
58810
897607
666420
431370
454775
280278
59635
190019
543609
967100
750861
286107
170014
370964
891671
653001
163171
341989
765798
671357
423256
508556
686313
401391
817416
533137
627780
607665
902555
574202
137110
714339
375269
137644
909852
706436
349060
272318
479418
169703
123705
844085
54736
986906
939506
794853
595866
511576
39733
860491
514841
20595
495840
118621
596633
53406
392290
923556
630708
305575
273606
230564
768714
245889
956064
510652
49092
53230
477430
896315
214175
189544
973572
426797
874245
289584
36100
667657
260855
821449
389711
297924
279006
849845
209658
542288
24629
940758
50809
105573
984058
304224
515166
923304
281204
186812
668460
90983
211382
45433
220311
296894
669062
939961
376686
178787
554772
448811
867473
684947
157456
147546
302587
838621
700378
198127
113288
122159
753761
347373
720433
14227
770261
769607
264886
695476
809882
220156
337388
382715
99807
766154
311419
101112
352843
838693
144167
262675
166221
253492
432892
292470
298779
971496
489550
589473
781173
645097
626769
764476
16642
33255
546019
473838
793746
28206
850981
181607
589582
192690
957254
274171
965323
31752
686019
822091
359477
410702
472642
1359
440618
989798
639140
890178
276662
605786
756445
181148
765995
93517
947221
454162
732445
803863
885593
775133
309865
760553
334816
805176
662683
211517
32239
304294
58431
121631
891271
853929
649190
4195
286633
564834
925326
863223
255809
730593
950002
461302
619898
83148
286082
577207
463392
484060
710103
990849
994449
461599
298610
696278
966594
775896
354613
762293
884567
242436
446908
207059
181736
676747
304190
564821
966375
930196
45562
5701
866070
767678
673291
310168
186906
192220
49327
43739
180746
534317
781032
652703
225467
470419
987500
135325
340414
628890
981196
671854
843622
787675
670883
48009
456926
892605
37994
333768
966406
50979
138761
805336
204594
679371
989003
988060
333757
683157
972309
706025
996368
398186
223944
498309
1983
762042
611177
151176
624836
86911
626199
350551
56543
767025
393166
55316
538636
364570
765055
835677
161837
67071
401946
526244
181888
630833
364236
878782
294066
950977
814849
998647
127532
653071
535489
467692
476410
402466
818755
214009
67027
995150
942894
522784
817297
990059
327674
870460
464147
633394
219428
647897
444103
831097
72790
745907
19180
716356
612229
594479
100181
904404
500128
861574
922692
122522
268209
983947
875073
979983
824496
639532
559512
989752
794600
478884
785313
594830
950532
277098
758545
840623
814239
878862
376720
269713
988191
856646
647859
398360
687756
786676
724961
173739
554426
266277
645617
111843
884781
372257
754056
313096
57910
221272
735670
327119
191223
913269
472953
798243
453655
43160
387576
855976
440204
316492
910517
651784
54774
939724
827122
944160
91852
766217
480569
571672
425045
917310
340521
590670
340378
156445
598967
555168
154825
781543
247942
866488
185325
259526
225437
575023
405812
288395
497221
224267
845967
599838
642830
818100
455940
843394
275512
762852
961374
704216
177355
457624
738423
325854
437104
187649
853422
400778
440304
349127
929120
485845
741404
384573
85831
199634
718441
145320
191767
661304
415503
928975
664064
468135
980686
383488
925215
527585
175879
223382
427808
483107
511417
489339
969290
501990
178485
820751
576086
588172
779229
601350
390518
960158
568596
578019
663206
357699
608017
539681
837619
773927
336596
742730
926545
765520
144474
129888
844395
35486
259679
498286
627278
421034
197950
648069
164623
136942
833954
618696
763668
491885
808771
883392
614064
913225
569665
455864
441185
481247
970983
875227
453371
946219
989942
50287
300552
445402
399215
717079
892548
266082
401918
834692
607119
798084
639816
390257
224223
452170
694854
276109
640770
256080
498918
277196
636756
52148
782951
266840
841560
492691
667283
671324
53525
334762
275969
915860
113900
67863
626778
238082
54903
797451
882591
692698
332556
283790
763129
705888
101669
444615
264277
808259
918807
194113
878909
626174
212987
124384
530976
384790
993466
960843
548391
806544
427961
884638
422550
70558
889635
582900
107743
787184
336596
647077
405597
52905
662299
38241
122434
133806
206355
6789
532207
182438
656071
337217
822565
776286
148148
376426
332904
459844
5029
667310
352734
471080
916360
390219
21786
947287
469778
356457
388114
489203
762191
423046
154170
955644
638941
742252
980374
85732
477618
340885
570776
64820
619315
578230
150470
647639
458886
210808
821886
984880
892045
824686
218477
168912
643725
845300
937112
563369
143942
470755
240469
385684
550350
408483
109745
70501
650299
138089
103619
874336
514084
891053
638809
198828
39704
678888
943931
214868
910406
878995
825655
479977
319307
768909
86871
969273
115439
965752
74664
454518
421913
109026
995728
404389
992298
81018
173989
947398
351235
779861
467765
714294
51979
988405
278063
40306
247088
692183
495096
206310
224812
322624
185242
311726
549702
339312
868311
630143
815075
674698
259723
357739
139034
546873
710738
268825
480013
258159
969354
748149
943309
8947
831411
347124
76089
303777
186794
357845
797443
775115
711095
607137
959164
841142
961334
70106
276981
730500
255725
898139
906375
653534
77234
128759
202595
98927
10397
39021
948831
88695
736124
753750
893210
642616
416178
220893
452011
354453
298697
812064
134499
658298
605868
70217
636810
185204
221753
921856
588210
894104
440990
575137
689472
238792
526425
552643
92691
760329
263515
556279
223376
590292
422546
174916
604867
726415
895880
350767
858520
836973
799902
607616
983276
473830
703564
196176
187654
519344
170630
730228
883498
403896
342160
473982
717692
151586
956852
270523
78562
561496
818153
474175
542148
729450
934214
543123
350786
12962
213312
356664
542985
651184
317484
809930
245358
262257
400043
177145
247616
199178
127172
638668
249817
375809
839228
247029
411614
836064
71062
340292
52752
170307
334726
814757
486650
811861
199793
613873
612815
339098
737050
867028
578722
583265
277485
850697
10483
742141
835650
226671
335649
208523
967988
755075
779552
688895
305444
199550
266417
84772
57422
535638
79787
208033
297216
351479
45391
463843
860778
63052
230964
715840
550141
951407
949533
574743
43458
201607
379734
334429
185339
172794
88823
340182
147325
204496
912332
448235
336742
149142
298690
440658
255554
860317
92410
755691
749721
285825
432977
510620
935002
879603
921405
175497
426738
777387
966475
41208
995318
740270
934083
380191
931066
829757
915226
83795
552167
844265
227794
797364
897597
821471
315577
76743
146053
975409
245620
303176
328930
595937
131802
767017
358668
61357
512143
501851
373464
461321
529812
654845
816871
603503
184040
981561
466309
365850
822632
352418
271511
271575
192692
169540
211619
954705
196771
210942
440993
734104
73146
189802
651527
613928
202134
651039
943694
217520
815049
930113
614264
435276
407639
795955
90757
963631
238440
449475
324512
397350
307142
558733
438036
688239
723244
978422
468043
575085
437570
442197
768868
130272
289658
83536
949936
834903
376316
785440
809109
859706
536592
112302
799325
502790
492621
494134
454447
633387
660972
894597
34457
60398
687543
867741
961180
879531
777319
100397
370047
560673
437755
754832
197326
964824
719308
109028
504022
435409
440434
925548
678762
962457
480380
684375
471885
149000
262986
693438
885834
668473
81869
352234
133330
266799
272536
792862
651600
327241
625989
328981
138338
132286
127816
422341
647874
750126
56773
632399
410354
379509
240312
350958
659110
340420
11692
198723
684359
322394
270480
430143
64258
345803
532546
7171
589592
478223
271525
582930
231341
568843
464302
265142
422381
57602
297928
191362
701573
808656
153735
92427
557381
835858
206468
365088
229771
113803
398268
305504
25528
77449
790834
821972
202577
24109
632483
825305
864661
858131
440795
365656
235408
498533
722960
521683
254546
418822
346140
167163
78126
925735
86832
671871
484430
409514
451193
451575
664956
624711
177652
150875
746297
364206
235205
544943
995500
521015
204803
239025
558397
282156
684712
327886
11453
735867
432813
656961
190513
873705
985630
399729
774534
721723
616065
25277
547297
647104
620581
318620
312807
578487
158622
333957
882133
101258
714839
835482
503088
404026
578309
157074
522279
876128
841174
763958
562610
541100
604337
106865
30749
591586
302599
295658
156505
374001
994238
499583
159967
158969
347689
803099
338099
867539
846922
406250
523548
232163
519363
210537
415052
260502
556239
795155
283326
406485
106730
266623
768060
730318
475304
81726
405445
100525
490493
603671
611093
681784
961755
257280
472807
195950
454915
832741
353384
12553
187203
584395
72558
349128
464604
773379
145077
74676
256071
133871
322667
658089
729537
436718
845396
418036
186958
550012
287943
565966
389652
130064
33816
766028
577073
389617
441081
751638
191053
250101
979548
683604
649163
435368
293622
85872
470107
421807
607668
806117
504359
140551
835674
724830
793337
822884
260402
365382
405704
692542
595678
42881
734796
769306
564006
550395
683827
416805
119629
100004
493403
482942
334254
517455
176123
642203
484078
41618
210121
935945
854694
650084
927041
734363
693411
874720
815293
554395
754041
659007
530675
537809
632058
388142
593158
83360
609143
659007
752037
988192
994628
496562
315672
587663
189826
372155
940034
45660
789848
157253
843756
395207
644920
276300
425656
66144
899074
211346
846174
232105
223970
747387
847490
617830
482276
796182
135900
725332
58055
665021
906937
868334
491559
345108
799649
983797
882962
152006
192122
129535
513394
334272
63574
141903
49939
837769
219299
168301
375052
982570
231711
132579
48814
464899
621353
349146
719490
121446
241350
620399
611936
487477
377078
582037
586880
488006
171156
465602
960904
869058
535999
922304
88247
420592
258377
711421
760599
847790
268709
755024
513827
805230
675182
346084
751228
671997
71893
523924
333431
502569
553688
361510
278780
907254
967092
322052
798558
635428
728632
540623
691825
408600
732511
915824
25718
402952
29350
654662
120645
12111
648455
500299
234857
942202
851853
325778
424034
76312
223428
273650
782125
798438
733466
188151
710667
736925
128810
29117
368901
910045
124878
84498
312049
42729
635632
49084
328714
356230
532305
306880
482459
178375
893209
458685
381162
116858
168323
980228
508402
764
833366
832103
886659
120005
107045
332186
134816
849426
169538
426326
405847
499182
210942
304278
533967
805479
60065
668092
515260
922851
915989
179330
83363
43880
3721
940646
135805
781143
16355
442605
299458
921061
637608
963082
681107
908573
522021
325264
112036
184582
934193
903640
969213
738392
524497
330745
412343
989165
35966
349721
879596
249959
884640
13005
274287
663552
556436
147487
674572
489281
677094
259561
989231
893284
512725
603119
482287
50633
137602
393325
603370
959630
214567
91654
578350
479728
80686
852994
421747
290544
106502
610137
775834
387449
862729
873080
363160
675590
629037
566842
126881
847359
466984
987647
146409
848552
627895
257425
74580
731333
955692
626491
633828
907734
813053
2324
40442
250349
86224
17123
959187
107958
484396
266857
913108
139051
946190
180329
675236
233166
248984
545378
744225
69005
450052
567682
917356
972997
907004
948893
590695
929396
769992
842875
66187
856278
684602
523334
712501
786132
524492
784001
387745
749186
856410
138680
303018
553335
304850
913661
175622
433552
319273
390358
100229
281439
24934
828621
839327
640819
998419
846334
11226
580411
827184
962610
528600
583351
188220
673549
406137
715534
817783
430160
630749
978087
20292
315713
82128
59498
250705
816514
920416
864872
428825
226618
864504
720915
725567
804871
512776
507604
939782
854748
98695
947318
485057
562105
174308
462884
331236
434609
365912
192741
798474
598314
839579
891
624303
231916
277663
201832
868358
639405
346965
457400
272660
652498
38051
944625
624802
818552
523386
885793
277291
9743
226728
769503
493221
774238
940619
185771
590573
402866
850632
723691
796626
796988
5840
905662
55327
346435
184972
965307
678533
600251
994895
210917
673530
136516
36417
881913
225853
311050
531391
857947
43910
718570
885029
389624
216416
704042
577820
888164
866141
781898
614798
849870
30540
616765
76726
869297
310941
105096
233088
14343
680639
371427
85886
382316
925054
267319
454076
13137
250736
544954
150300
506796
678059
379798
585177
47509
444682
678436
301559
870020
794192
933401
774983
85776
516564
47677
724910
713714
518329
706052
33707
117557
365804
394787
16974
658071
459876
235331
221754
657505
109094
732118
936053
682212
591456
218352
374356
192956
767738
656876
582824
321963
47440
339411
604391
628426
2887
332526
224670
925366
570448
290991
947152
861367
143926
488058
685142
380450
461123
795611
543166
475894
446002
75658
173215
413242
895526
178959
252357
216489
170543
626680
293187
391082
339379
252925
842690
825156
468927
594198
149792
737801
827301
374184
173364
805284
375650
491144
306022
179
507719
989452
429880
266272
931625
150186
964117
764566
91443
942229
305528
381105
627827
619126
686630
57889
116903
318629
386838
121251
92449
394994
293477
891302
477415
930841
428758
415334
296690
749800
503005
249960
674380
184390
491778
242950
146947
629349
766754
414109
635976
799124
426399
198940
826612
812200
877103
681814
687427
445051
954150
166491
370818
720304
81807
712053
282505
459515
539757
280659
314177
598718
568455
808499
634893
429511
349651
715771
699557
53627
77120
541549
795127
41286
292355
785044
933913
481972
55106
486095
358257
510726
169117
207565
171761
180276
920240
428386
262462
281550
517298
131217
116396
375518
825816
675745
412555
824539
335617
196280
639985
317286
327801
314884
581483
266914
129985
436778
606703
492468
877261
129305
133709
990850
647191
219088
818012
288026
236074
376845
951657
40664
239450
38110
488238
422489
507670
146446
473488
845583
314778
807029
774847
804013
994413
70319
255517
62173
95285
77197
748385
435928
499070
1132
415521
754167
199584
995767
671418
469225
243127
975317
932026
718910
781874
258926
35808
254360
790528
405310
431698
124527
894790
17167
594264
636871
818571
916238
870471
944731
893651
61840
638160
918865
944989
311904
867787
595907
956641
200274
632392
790362
22876
68711
884485
618703
368689
528347
22994
245722
300579
688667
24431
446054
677322
837848
420975
946414
601705
342743
106769
464927
402510
982198
516567
107579
80229
835950
337424
386843
102344
795809
430216
466532
325623
224028
386945
451108
669923
820183
553704
986288
86561
151321
770043
596007
980115
724310
427808
992292
442549
512641
635180
781952
197575
239724
239877
343666
537845
794343
408794
150596
461925
444549
276606
837494
92201
637808
579898
190579
185001
582673
622698
508814
631035
588766
114355
37241
669129
94574
833577
900849
740526
182355
556523
645237
61298
435602
497275
687758
168315
257804
106423
104204
805690
671204
409291
493550
748771
86539
591901
689047
387099
738574
28860
755615
934399
484546
572781
443824
535255
839911
79178
146015
977346
150749
403424
316530
622483
241511
216826
980878
700139
723042
686441
421963
736360
852209
173056
164402
718895
524983
437843
583885
268369
84671
805327
879431
648671
913501
528834
59885
230519
529890
738326
131277
4748
391041
500941
997808
568920
424050
713359
817884
982945
327117
580581
96924
31888
24655
570006
173095
444448
862929
28047
56785
952697
458521
102800
492033
980316
580639
656386
148231
423010
240173
640655
267739
540873
67932
962020
524301
161152
356485
562393
465513
534827
432354
339109
449739
29997
918659
721733
487077
265157
603501
467767
796163
277480
971555
653602
141364
167294
972551
445272
424778
209996
278118
368194
239042
28713
58158
649247
743638
259741
175265
67514
244644
834741
753766
596327
178497
579114
679292
545616
125675
839316
464803
888255
658892
587888
36404
838087
81046
477371
2805
346638
152659
594923
550747
933048
526381
859281
812194
310363
199583
374573
81083
445952
309801
728272
265740
945049
361128
399698
349349
177214
853470
475000
805545
230233
173531
98193
92607
72262
263238
61402
511413
779755
955675
714405
609300
712066
316738
299032
233949
271119
39883
125550
313883
128474
74469
236393
760239
496503
662453
692237
494811
763849
92787
872563
418236
352528
100004
337078
292454
217027
713696
556760
887089
497772
901395
909439
595343
369171
728728
841208
612684
218674
593184
859850
510010
365603
741379
805972
935037
935017
622892
900489
369311
4802
137200
569389
154115
306183
472069
439894
738457
395944
602112
668190
134924
611377
809064
843133
135310
658849
704980
589057
999973
170268
990745
489417
968668
203305
793741
5623
45008
971120
189208
75431
599000
100663
662099
384717
309569
805208
716649
981897
760812
972616
3777
990677
391953
536326
101829
523626
99573
384301
890767
963776
995337
64643
685131
29133
295431
44962
447402
846064
17148
909346
501001
855244
854806
925376
238569
955435
782117
969619
650135
140330
139362
307002
330729
209155
475096
835597
577178
54203
52902
49038
768788
982439
687279
688586
997761
746518
595396
640274
232187
687378
656892
637788
790246
12781
774763
777035
634097
838608
784962
132294
522077
345804
604428
838142
21657
164211
536232
539248
926125
37399
831175
418271
587692
642262
357174
42351
307600
159888
604842
525652
635191
349473
761282
660596
172674
628780
182072
938797
721914
137104
439304
873117
202516
940490
844271
425934
820944
949871
740542
873274
773903
390999
526093
686954
782922
426349
709428
838754
341291
870987
609850
303540
870214
88231
728192
752618
919464
14635
48997
287284
631286
22592
211328
935860
998265
903730
923162
440266
111607
770547
975963
762676
553835
422391
156940
964690
787503
853679
195348
769284
896317
979696
744541
530441
198968
335232
850174
79711
925365
664969
773813
82628
812018
433150
243566
447815
379643
219981
644436
606112
817435
720283
747064
707973
930141
827262
402911
220304
586694
351016
415559
437903
791241
175472
580996
34552
554093
618419
342246
401774
248403
426772
102652
194904
684900
630368
737941
452421
80335
922678
958286
562141
703312
338882
304186
255449
379889
419630
496129
482791
530918
379188
688593
947186
830369
607816
216663
257521
654174
601902
853691
13730
17503
605507
758000
493980
599192
628635
31867
851962
101710
304522
579112
100014
939273
385469
18850
718252
772826
314025
440033
320273
563457
978645
481160
235428
129826
59303
633485
990931
227643
595075
977975
482771
111976
777892
163169
35201
841865
791120
674994
108485
12898
442590
780047
889922
436185
751629
32007
47244
810574
823567
189861
546641
25281
926939
458498
17718
711882
23064
13772
238564
833220
127521
983750
846393
928441
138656
541226
141168
523528
291584
813084
567088
635207
209311
471750
682039
783703
554575
810680
392336
465295
589348
808078
370697
419399
896798
944180
823244
955959
432662
983182
611837
509688
320174
412646
946073
755150
4730
756160
121125
301658
72372
537542
726723
509493
286601
499833
639923
647001
289566
399652
41504
327901
500958
192701
656804
263152
187244
212569
763847
48754
154217
194186
574076
740381
921657
167935
171024
282006
302885
2490
517621
772064
962019
97876
227383
572939
289867
450067
69974
480843
666008
756131
88531
875500
672980
5606
242584
503962
972239
699596
494268
684445
646448
575910
603269
142320
574174
850947
986369
722363
194800
403825
760922
333954
204317
915539
308599
884663
604596
486330
57933
249578
69907
790513
373239
676523
869923
961028
91756
834389
494014
131373
758101
861682
484907
879882
373952
991561
183362
325321
872019
54342
497665
778501
517985
76148
370971
534921
127289
421628
474539
628629
127703
889013
255771
839344
799591
105393
800697
763385
361081
766134
578953
674713
77651
458628
376853
69106
771186
242288
792028
2221
781501
918516
389766
699517
108038
825670
517747
926368
739318
766045
285751
3048
529990
956169
328928
640755
14756
236695
296339
599971
562445
761814
941530
837970
24737
495247
925583
835195
754484
730271
963792
75356
813060
897819
414480
9788
563142
926656
112895
259825
969763
120232
202221
225327
915126
779370
675843
209947
483277
153935
354990
503595
484133
184287
261945
880151
98027
341643
459092
500616
835730
966682
942504
183514
3738
137923
621565
683383
376813
564826
114364
770521
481542
567678
360123
792614
436074
881352
356572
749605
997310
33900
81480
826350
233151
480366
44359
8528
656344
515390
558823
652939
892343
282865
22190
258553
954642
349589
648701
887880
441265
243387
234734
697523
684961
485054
864210
774465
525134
357942
664430
584223
88149
557390
851573
978539
505249
584835
19261
978723
113494
67650
26515
999203
510249
753197
444396
347925
690091
383225
487125
115767
156283
391504
505014
713703
414028
819979
621250
364579
728118
939670
276405
119222
100848
784842
798351
136736
827421
22436
783810
416345
333762
904968
381486
546840
711045
832264
269801
931741
404492
356522
123076
276433
369041
826077
674808
272217
511917
559250
301186
569504
354112
859003
124242
863904
38040
36001
783989
346877
445627
644022
28822
304845
838951
400300
945806
311521
89599
7042
65926
721988
487561
539938
938195
67251
226013
563499
4822
757248
497924
144278
911890
114974
386393
336941
434821
712553
819286
61551
74039
50310
578439
808623
499777
774030
989803
289830
779774
88906
475494
122019
855925
123393
665583
232044
126346
703691
107631
118405
221093
665856
331737
583865
857574
643654
732260
532488
223278
130245
760858
432800
240540
913479
918556
210547
754406
438248
990607
911503
653970
461807
128761
56680
951356
6996
970747
164788
328216
429809
335762
67195
633532
139263
25059
293414
524447
751398
823258
645097
135204
602029
584412
404343
818379
713771
282304
916417
202047
389336
26008
420967
74035
798018
278174
360969
766540
887471
824074
296585
222553
553474
943422
236481
334356
603638
939728
784234
898540
256192
654689
233655
583734
132594
293085
666514
607170
302308
397587
793627
462289
915799
59247
602754
254290
410623
216567
338268
305882
44132
940297
906349
369030
444620
120431
340116
754336
151228
562560
562212
710082
162921
870477
28864
953741
204237
766344
639010
10748
138183
911913
431953
25015
704152
996949
199663
241536
780703
740809
637007
491181
398676
998378
693978
906100
225655
869378
864580
564111
814121
643058
105086
957367
38906
518702
884216
153898
487112
663580
29638
74070
941322
870971
184487
105148
209669
384193
969709
642482
174808
388056
256030
772963
250068
724740
139313
904869
987384
498657
129562
596344
171983
325441
424459
198822
566962
58511
745462
368439
810677
253902
930744
634610
972855
192127
498629
428897
899240
525369
579247
825119
406712
79243
251343
674194
135504
377971
116004
409260
658617
490668
387672
948731
800799
384167
642822
638222
7656
832015
698807
760356
760202
96101
565104
429906
322514
618399
202585
596481
218117
11227
58793
78849
904417
757248
707819
425238
415409
178472
848047
829009
39287
408416
180922
524764
979012
16345
826366
50641
922867
286280
850546
733498
373367
843958
145667
865853
777264
912327
804449
210153
853600
179406
965301
126165
951159
731878
929194
351290
790876
750523
538481
181478
898828
978298
125436
420834
741830
673232
582916
345793
731837
429162
559395
673308
251374
339591
254734
715514
412161
789319
565170
269516
928574
377620
150381
146920
211353
914465
985912
137293
796070
171016
740831
101948
696981
311136
34291
611478
289893
12643
623853
264350
67302
277356
606498
260271
473979
391817
264807
320093
393437
288273
39353
251744
218622
714643
686082
623770
165537
3649
721594
252649
787671
44684
181976
804322
675072
571181
247611
742614
94421
732805
594209
998217
803119
787981
901004
208068
459383
593604
1885
409196
75294
686580
789666
600470
551081
50880
946391
832444
108837
860737
355938
706980
275653
390695
729353
123161
915377
486283
435035
791478
162671
729372
12654
154755
699512
553626
183427
874918
433901
383271
327950
46642
105059
965595
976727
992304
203546
135020
528456
717257
409138
179367
381656
141996
713338
173106
385003
175574
651148
477452
740117
359249
960427
563827
283996
384141
719792
514222
503528
996480
822942
898864
832913
435319
634542
975097
43170
690992
47562
275150
426432
328019
866421
955446
30128
568620
993476
420887
73398
52845
25576
488181
838572
497838
435343
407508
860376
865874
640385
255972
857983
997694
975643
984498
53871
57805
730877
411328
311213
561578
217504
601713
296414
446408
636265
609070
300502
381215
107676
611247
248806
691562
70740
866354
547550
415406
63776
488256
790361
469287
114061
868779
760608
27359
99137
742726
408706
29198
511310
237250
485459
757731
751046
831076
464357
125348
86053
526596
601044
142766
264647
710071
813777
162863
419995
585323
475953
408358
651704
978158
209141
500091
685116
869800
8662
58878
411741
739504
650641
395595
347244
240119
666634
764887
748080
697264
571689
292757
835178
938451
773135
377260
322310
536649
856310
782675
317274
43053
900561
140393
631643
505726
334289
494690
59737
227497
682636
759235
820229
844578
380256
573856
478197
324513
623065
788870
385482
697368
473294
938915
99073
730827
246238
953481
64685
849078
500110
822319
78675
667795
139427
687903
881110
909943
593062
526154
222772
19561
403220
674022
311179
934546
331255
557701
404115
830368
547291
661015
313942
946282
333576
168316
921123
305030
101725
465335
74304
106839
279120
751937
545149
563350
473219
753512
971524
744281
25172
540104
125244
159682
896828
11472
37801
799186
311629
875114
488049
466168
107685
951962
627507
747350
818566
593824
686457
544416
114243
315856
756192
694245
337797
443220
60391
548119
480651
53893
735536
290358
216058
589252
951317
185502
41200
77039
594408
623724
131610
176990
19986
236466
726574
365482
39287
342730
509477
323356
615691
175037
845639
190144
83429
53017
675599
910347
251740
225295
538213
765121
113838
622146
978689
29212
662664
331425
287465
597868
842597
886724
180330
826342
101650
88210
946982
555376
884238
184581
571229
940053
351116
632379
838148
515673
782468
887921
794627
99182
845674
822039
545148
975025
967531
391798
535988
485917
947818
710456
354188
427428
321107
859466
922541
893963
29520
28392
54311
534531
802250
73027
694
569488
496604
287335
344752
993384
22988
229496
861710
41716
354074
686060
929812
432078
733415
808050
60740
784053
529299
325418
412092
867767
761325
630026
307397
445830
12907
630235
170865
396118
724051
103247
396811
121839
32275
848215
580434
406059
232103
508562
601637
918577
725521
743253
435479
75239
384922
560645
441945
377386
15225
475380
749788
479465
253385
763783
342791
946371
601522
378280
824783
490241
143253
190761
404259
506040
309473
360758
798285
511613
423371
60733
75663
459266
267724
628892
839875
956031
188776
412985
330576
510414
218056
673370
166039
281902
384213
529396
762382
95148
120690
87362
985087
728993
958961
698616
441825
890395
96859
433628
410431
545142
541911
790028
829859
68221
945734
191959
502142
49117
584306
623083
841333
123049
826123
763046
374451
686078
684939
374118
954862
284663
479081
446419
115294
175286
540391
315342
908659
510356
815077
684144
398871
278884
97526
116668
570526
224704
969429
271679
452444
747567
173280
769792
298875
350438
151504
206535
129921
252220
613493
278268
230067
77421
563202
318577
581404
901382
486496
142937
481904
186284
332374
347915
375265
445323
663126
988427
234637
578901
733927
232306
356720
279707
503131
290446
569516
423227
153550
131444
7734
164638
156288
786900
588969
62414
544122
760481
823520
565022
169801
634452
534691
450236
126080
10647
244163
124246
645087
420607
700955
160587
658164
284825
489877
484410
159587
65649
527212
340466
119242
945098
493639
438152
873231
362236
524876
916400
168109
421891
164785
539823
385470
877781
502968
929338
850245
868475
60487
74276
998863
699527
922
826033
624025
369994
288183
891193
439153
409172
127459
921782
417299
67018
400946
696785
10401
124192
519349
613912
89373
725630
433667
459067
488741
629416
499670
561385
631833
725362
281965
171366
892355
234001
22682
69148
992115
401728
577968
130043
384214
909717
227531
442034
471261
486162
810885
880049
131723
242202
304155
797672
990762
94943
742945
232916
939992
328129
941925
121685
893430
738733
193533
504159
25775
741086
16907
469438
334044
239030
664043
141936
662555
57411
583695
23661
492381
914663
147372
864111
977459
365560
292765
834626
342081
639469
110151
67542
901199
142990
648266
791337
723747
473163
877170
682245
597487
539468
621989
631143
745236
34344
895236
341594
796792
307169
586446
457949
338407
323867
994859
925584
961998
559507
475824
21717
777073
21329
305365
846115
147272
78100
838510
650662
738947
509781
48049
614415
542816
636699
117568
743272
617399
873935
550456
372962
995880
291044
190617
738950
901750
912150
198041
534662
993738
596771
245890
326084
739303
508755
940136
452339
191808
382240
200590
728103
847845
526956
625110
979690
567730
203834
96072
982165
706147
309222
553772
218821
398680
961683
310825
775098
234248
236197
299956
919835
221776
45518
439140
486090
380437
83784
24371
866169
49494
247889
79751
619362
319507
755362
784988
142027
512244
438119
300121
885909
589546
505881
501104
379772
885388
132782
650858
52024
375937
510995
87212
956939
574517
445360
226501
600726
180620
959035
394927
157160
558200
802276
329577
509458
120947
663777
601755
29265
433518
541106
974380
54345
85725
604062
682246
614151
791086
188199
233111
654947
901725
939915
101678
265671
462973
622337
252103
756363
353018
600986
294916
548859
704283
922592
370432
628382
621011
476973
314905
186641
546505
128830
193063
78315
299939
407200
43864
594592
222470
913114
531137
548223
642880
463513
633744
145902
672793
216503
517091
564228
281793
492772
498393
323479
438083
360183
256793
929838
588627
143513
717770
530557
965849
173184
32623
138763
420490
160722
576671
698543
581869
100030
283932
102766
544263
496868
514890
96330
170214
381646
256320
922129
524012
674055
485336
993108
242238
464709
715977
433355
448794
202433
479417
557796
673844
650756
80231
317607
831990
279079
408803
286752
62962
266843
98649
694018
884907
622058
21625
399539
978927
672620
932749
329269
933754
552330
385449
825303
863288
45847
990170
585039
932208
837609
920638
335771
960324
787529
172862
8367
804222
31421
181256
713400
828377
581987
572210
250660
592786
965835
947635
929862
315100
268839
974874
170613
267904
79223
602965
63020
7012
894164
736849
9308
693553
330385
910454
610491
908997
957944
178182
964751
356844
157713
57304
513874
782881
713289
208370
480539
406378
749483
685181
952823
899887
113406
97595
238422
817090
478216
816179
810210
310722
764426
195351
151720
406509
462825
293490
928599
97558
592927
986650
108382
779293
802886
218848
65203
496841
999754
958749
17219
395895
632128
383119
441157
19837
939744
603966
382981
776336
525238
581323
30245
178641
308943
145345
728036
690608
866677
405106
463982
311602
460435
412444
734740
754085
353449
613639
384517
501983
749802
64492
233439
412085
957959
88921
416917
843217
901615
226606
245939
713327
688209
957018
871282
619857
502608
762631
847252
351414
744852
255210
848704
77247
613298
822172
434171
946222
26714
77633
552732
684162
335234
32744
510377
46224
923627
182009
966654
180641
75546
986034
712751
449703
764676
10119
906813
622125
419412
834978
31514
52573
46137
524419
371837
819819
660430
312935
101620
242701
662411
635086
718623
348324
336376
705531
98802
951106
741972
333905
495939
556919
569404
287445
52349
606198
334704
121248
462158
632621
722480
89510
45245
391714
321095
151420
759360
955912
812854
36670
920648
25807
45385
519990
668896
803995
401562
995420
223284
794396
616062
169105
751925
680779
226103
369874
196570
37112
719768
989679
332767
301964
197940
746210
46261
88340
573828
134676
747529
760358
216300
289639
725768
676172
164720
500105
992508
215826
471320
296119
701174
718860
381851
793266
946144
190910
880482
125550
315252
152808
100798
642721
256378
526869
391748
715878
270682
104620
912966
727134
870464
32951
658940
955214
451639
836067
950075
890907
501248
453017
158285
883225
865906
433612
431196
198726
635801
298476
460910
294772
326918
613391
9366
582585
573636
502138
604976
613170
891146
891088
843965
953706
465448
923387
718766
42855
522132
529209
985486
42174
282647
324338
222015
101287
39665
835979
115261
550379
322906
862644
815866
519625
362191
311313
490540
988907
819886
211660
16794
697506
141895
386493
317827
794725
480605
888922
188417
164478
630896
64390
700155
35823
96743
240996
897365
821818
234927
970446
228242
674372
252676
350007
490529
548425
556360
635872
363538
659187
830090
550274
325520
431243
644692
830011
975468
459898
340273
682830
762198
311764
601947
645236
748551
311577
215969
908513
986134
322798
965460
525059
941925
891592
610638
66959
760268
113043
88249
674462
112583
961901
291647
933399
855220
850833
683671
305655
320671
870215
957393
959247
938452
936806
974763
481703
645991
190353
931986
648011
492708
527366
398180
207489
79543
51886
619178
484462
426951
205077
747883
971498
517772
80513
701714
984186
165031
940128
422258
747261
300430
683039
692202
13061
978035
177715
841981
798933
382895
184007
40321
153249
924593
511106
334973
134519
968062
744558
818496
398829
397928
803115
299723
520280
299310
196514
623422
76220
655359
312898
268157
683315
120711
132305
625234
953131
760308
55777
43692
56249
853225
424512
223041
203186
969048
514201
2130
878720
562884
281194
430861
21880
618456
203613
100596
912370
212024
453327
627165
922216
844429
703627
851679
643154
508993
795932
567279
291531
887780
547740
197381
773350
830975
526461
830197
995355
759721
202501
472292
199747
475598
691775
183100
681831
189065
66601
951111
358116
265938
359019
754239
569253
917497
74715
492189
740770
106851
231224
543929
907354
417253
354900
738858
105502
993469
528391
763801
522527
149186
482161
248412
260632
997136
889770
201274
152569
887394
264713
617950
448889
648625
814479
503194
445753
380369
848065
170479
333383
881725
187693
893285
641611
195030
892926
281191
547800
360992
414896
506952
43052
799514
872443
737064
541944
817284
291576
622883
469596
663763
235431
662768
993872
563812
141753
315565
191427
192674
143762
600001
364691
6688
37554
820850
593645
184671
263207
723244
44742
666812
551835
135224
960655
766319
801497
84234
627207
959275
144613
15955
260517
934802
960527
503966
229953
427847
93774
19022
316042
155759
508912
593936
329001
583049
2116
592089
52550
906658
83320
788540
769436
626426
35378
339998
589685
235300
692076
436197
373263
253211
806073
292303
915064
295831
669538
808597
931736
9907
570125
182531
506501
943655
543908
377662
161222
909867
193737
618206
251235
255731
935320
992267
934612
534588
538560
223765
258701
2781
211015
669845
893294
49734
474550
784702
70971
511675
809110
443751
168775
74386
636833
526327
425889
608609
938790
803783
99159
445520
761067
196321
670911
679320
764565
157980
66290
611858
215627
177817
509242
123508
881268
258599
211769
106442
744247
337662
139993
148142
836286
884277
766701
584467
575569
902202
996727
7120
895529
708860
733357
643449
408484
948910
418076
270342
24552
919957
732349
748486
131429
956691
664596
685229
2336
532087
487447
930110
761859
150057
471982
201316
270985
958426
467946
860323
742964
481200
978910
244308
359169
876611
918726
420787
247948
633769
85930
633668
532269
944944
337362
52832
964302
814779
456154
718437
474876
118562
493086
531044
584143
280684
568184
80695
54897
65273
284153
382471
282038
591771
614657
259283
108039
154098
738587
479639
955202
427092
750465
189294
286672
896760
293856
17921
379040
864674
319397
657502
880912
239267
737950
873808
328774
351420
34092
459743
449372
134729
964433
534665
618931
975208
162159
826601
506936
480073
368503
772022
622156
876977
180905
377146
987104
824487
24394
733851
40977
67278
930796
561627
135551
998670
789344
681469
868729
3111
786637
508390
276466
406743
57193
343406
516980
747889
886236
309977
874847
4461
856997
149211
778262
992133
178289
174083
3064
426043
720858
827304
734730
551768
209637
675099
804025
232465
851429
9217
200773
321157
250641
546225
828879
789808
267877
170924
151910
899449
346687
684110
547519
433672
206761
495056
40051
568872
141704
237687
579968
753522
501932
46035
916136
966212
799849
527244
104735
552848
740519
161723
422670
574349
556168
317224
476902
759517
229473
698419
782908
102647
657735
908821
304825
596578
473495
977435
639369
300871
689746
706345
316155
130281
851177
921396
293773
197141
926024
189444
10885
95181
998928
403062
254981
166306
313859
590237
620741
996330
35851
36135
41735
833685
814556
446066
539105
229618
84354
881505
945174
453307
857438
327283
437310
16979
134906
3902
816170
75934
955310
144023
560704
937571
287191
5722
906197
189663
440213
767504
392352
468394
926281
768475
305848
975620
726085
801213
183935
733003
626960
699959
713071
183950
985428
910119
417628
812730
8659
724864
765335
876768
887063
784439
802571
593362
474706
639073
268748
108051
16448
4538
866226
249949
606103
639096
301563
996608
23405
995540
444978
868910
372663
116698
251267
182593
421974
961067
997906
266267
447068
872443
986054
898228
368374
230381
651216
908946
952791
311344
305626
459178
200940
838372
85841
443785
290028
571132
544823
823167
10718
550544
840848
921861
485854
933365
223831
505817
81829
479909
200025
454697
684859
437440
133473
171704
959410
476683
921665
61777
198149
820000
626973
835989
179406
265209
569028
459232
101103
808654
709411
786872
277214
599791
26542
555401
770845
919545
277991
780511
923807
324583
442446
264540
571787
554409
990657
281456
95328
532177
640487
869805
321870
319701
750061
75938
581448
327170
853720
745031
747876
728820
72589
851965
660128
364543
869593
366476
807237
566403
236776
460944
393677
284565
918794
919579
130330
233756
921576
888321
197214
521065
45513
758867
195642
666096
240388
958080
196832
131427
916026
858433
896375
715567
948956
939376
735686
675136
662034
360112
460008
764735
119653
849232
940346
19061
711613
334292
61540
940144
306331
301889
123897
588506
144102
896543
44083
393926
275886
420432
42189
756854
628819
693194
744592
946163
643979
223194
465914
75833
858540
517749
921777
965955
364177
942460
53293
605147
456212
787422
42586
32180
542632
953386
229445
278634
338558
823399
206627
97092
512626
648938
501552
2182
666919
868786
855663
263272
185506
806824
836284
613475
940572
866221
69883
771144
61108
459828
289317
525731
739931
404829
586941
829626
715571
532630
622615
602228
413272
8058
82260
53133
850380
908860
749296
282669
300681
32913
786176
458334
349181
151021
652268
511280
32372
452156
10730
222769
977982
335932
491297
967299
398583
282684
470423
452274
285430
237469
637693
235949
767899
16435
61423
227086
549223
984292
242881
941516
327698
144008
365671
571536
633628
213434
197977
547019
923190
383582
554635
323311
262310
802696
602377
96124
278092
577193
659017
688917
739764
486791
372681
492979
953471
272185
446455
474362
961604
468853
960081
92166
850211
657014
148944
853502
603440
366412
150246
639279
465680
451286
263966
565376
189756
178433
970342
392784
701540
60195
761591
739802
202620
273790
203431
45469
550792
814894
333439
4866
525056
105982
577806
115585
439166
351123
19078
153000
82817
817534
410529
387737
875508
598164
337579
766881
721454
440148
370506
411963
182820
543320
813665
219509
89979
342425
909110
881450
5139
290347
782914
527890
873106
714885
143928
527690
395854
751795
418655
733355
346947
442016
51809
62720
747588
819335
465330
656650
307846
253252
422967
827900
319342
626523
151021
386044
133851
157668
818298
456388
507977
201481
88268
682830
390386
197119
131516
55507
872961
837330
853023
769236
771964
237485
985285
627669
774214
325035
222648
206835
557443
596942
733805
255012
550730
977283
300292
408037
179159
202536
937496
589675
653870
762578
82129
494377
396832
55560
629166
105160
807633
432937
837106
406818
763523
203394
321277
442318
565447
337952
147391
732219
325636
802123
624603
471672
775560
339652
397270
934287
835858
315321
232296
410899
502229
266552
755179
34749
932947
558715
562216
200463
909297
887291
520943
156550
492827
149624
665069
792460
350776
465754
893378
573561
535008
519369
938327
245853
157962
404281
450419
691045
94474
408000
820054
922199
1450
506241
420788
101298
466474
295066
140757
814476
49833
681522
555621
967661
115235
415192
972499
566394
733030
104811
310251
26614
99647
979738
486097
708625
980420
526443
610384
364038
689708
56933
771161
567687
629264
475992
325149
842602
142281
68258
69344
483687
673493
786381
861509
817075
433663
599012
62327
334961
773865
792755
687826
836086
463555
191761
161838
943521
289599
363038
934796
664273
210383
15777
949372
434760
717108
159622
186472
803683
260089
984274
873833
169252
117002
230951
379232
588484
806925
254759
77397
766508
399497
769922
961425
667352
836041
230828
350667
398026
668986
797223
353468
596732
102308
131054
200085
934483
707370
381059
833400
564175
836405
760147
856887
831623
441553
632542
360980
993819
9174
869585
770898
916003
448586
303895
646973
57994
227420
638423
695363
530364
51118
186396
791206
138747
441375
371815
59647
256143
240454
199774
974588
73193
649104
669844
539037
253914
489757
441092
155219
652503
475064
207007
169318
865428
171966
801779
838827
230062
264137
323914
666618
162970
361376
288366
745792
493645
34549
842899
923346
314918
409222
43766
661706
522568
635380
495690
602318
158000
176162
464553
732028
535004
505845
494562
666454
906503
237298
445458
917151
573297
42639
163999
931507
820711
99677
942852
928654
262807
52915
323147
622084
28664
74446
42544
971684
710601
433190
778778
658660
891598
593410
903942
994913
363633
477684
730906
512552
233188
413893
837052
80619
258475
34784
161604
25225
309563
349077
57727
337638
627403
461695
987265
431606
754169
361099
559437
18961
238804
929721
142931
290256
878799
13531
417462
151005
288365
251054
573279
812947
298256
961746
640841
367678
549456
62417
572250
711290
900155
956310
384688
873111
401088
445841
113179
178090
447528
484259
959022
49041
464493
43042
637925
253779
834451
611799
162738
403708
469587
367274
327805
150598
475752
217869
783693
753840
56593
229530
846454
322106
886121
551351
43754
201006
907102
671972
727526
413387
539949
175733
812210
602133
19991
828216
322526
937339
696422
106706
590527
861033
938615
820814
338856
599529
312811
610823
804808
913554
76827
550556
783902
145629
513466
842634
404329
280723
226836
475619
557153
866936
725918
270074
775453
854632
363492
421470
3355
383920
86494
977079
1615
435929
377640
275874
435022
158812
349238
151497
158523
61413
385544
3919
917346
677583
929
652935
908476
33090
206466
275927
796589
794700
195386
551759
919106
223289
594352
599724
192503
157335
941763
289199
962157
369481
551126
464968
299942
243501
355545
117720
623462
116757
421544
950869
541913
163799
996638
892139
149857
345740
94887
473788
542855
677523
229926
478736
517905
428607
448929
126666
255537
197628
149697
883231
959288
920430
178010
929851
228456
521851
800816
905015
444338
286329
333227
181380
825343
752735
532228
308753
879889
286217
864538
522685
530749
211972
553630
566541
114985
754880
869139
193645
936596
574841
658701
333938
276174
241155
481669
413154
360173
587193
408938
984796
876656
807166
307729
704886
167218
98128
972782
545497
440054
294343
519187
866300
106972
238141
845133
177946
400926
985525
408773
931678
430498
518173
773486
785665
189769
990605
862251
274091
535833
710468
966827
840001
149367
520069
505707
896713
158786
883657
419593
166697
521756
370117
661234
14015
834018
433331
915104
829257
614997
363848
888493
582331
21351
565905
54170
316568
898724
519742
577155
676512
609319
41588
201005
949324
836447
779726
636944
698804
394154
123810
592438
936778
477402
708661
521447
333905
886678
686392
805969
942597
922970
343932
84981
633626
862264
367777
680114
966938
616362
464314
850329
302873
255196
401224
620426
285068
216001
306114
41043
889781
613478
402488
550093
325099
181907
713626
938361
595305
296222
971750
730604
11493
379523
140119
958084
280956
32134
852287
398779
63646
896057
228711
248795
763600
105509
144262
797147
608790
410219
640838
758239
930991
58804
175425
802727
66218
967829
339358
335021
634080
773530
747994
607267
661340
224609
195668
816767
511618
320601
47843
473280
190524
415446
687608
199672
196322
770431
501843
120960
956521
956092
680384
971029
826203
684248
859853
892937
391553
740745
569512
146808
868141
406689
551365
354143
197728
528753
286455
878727
424916
395865
843542
678757
670158
282222
131069
544073
798680
562105
4200
670629
700841
432572
318757
842234
402899
318960
495389
138523
910232
951946
311978
382285
599840
629895
359268
47895
978139
104979
796830
565528
588948
749983
406418
897048
174898
853932
731979
367961
287731
882936
716186
736581
330500
609549
186814
793960
677701
394813
677628
92298
283879
915453
658213
376972
877104
22635
7912
488829
963354
883074
391767
8001
766551
179569
545825
928817
978963
645267
460889
670693
771859
962658
340673
71128
404991
488834
745038
630612
999458
786395
168867
555548
441998
394048
746601
227200
435162
512295
103193
355843
949363
842420
114171
577766
168106
732964
521709
230948
355700
34674
95055
178200
930984
209298
80834
453240
894936
712388
857582
129054
220471
729168
445002
33876
61246
18269
284207
844699
970079
2049
942516
299224
823007
511127
316129
552430
74834
438124
911088
69743
704501
920941
530060
701914
146295
445168
348661
912523
200235
670351
515669
834924
30082
731799
598756
750332
590018
730667
879848
860678
798009
748991
868332
773548
778921
916036
254975
725178
395086
627677
852123
847916
935804
220035
886817
397982
914960
470005
671678
214047
789768
334314
564530
909231
277470
592484
327385
88767
563596
832097
477953
989330
132086
141868
718616
644132
456878
376341
73250
465643
407129
781733
175423
735853
830767
40706
129764
644710
559493
465402
141406
438614
437937
395683
425916
678156
329680
918710
398841
767722
47221
938249
848701
810348
623399
393083
687586
759592
232277
335916
60180
685768
175284
745036
92767
248620
124224
355522
971626
957762
376913
330485
447655
409658
447173
132190
568584
989258
305837
74170
228796
82727
672490
167110
929857
433147
560090
893733
99816
797190
542618
618449
773819
814723
903416
770306
660324
679292
636190
254304
848321
938494
494388
365583
915600
426224
292667
360488
777730
13043
372520
918309
587826
382427
667729
455974
43966
196761
950362
662456
13956
903602
743474
512288
851569
222090
281761
996986
999117
90627
358830
578611
285971
806366
221605
189568
927517
732684
578443
353545
618887
109764
441857
73122
318726
10977
580098
130021
156334
530880
832648
805757
675345
856991
242081
590888
543701
234149
798803
603126
248444
718667
828778
246432
535719
862134
290044
881879
326056
136805
282228
765413
61975
443857
23896
918867
258301
192362
772932
568318
467328
253343
327605
184485
442623
432166
486451
194371
520928
779138
681895
819738
267418
390601
517848
85518
552003
974638
935624
361422
421682
50381
351421
613729
749766
917443
754257
287663
210180
845322
719334
390056
642496
518840
435
592491
176614
611944
600477
136170
556660
885714
194225
452494
223027
171449
605623
860551
273991
698490
894758
371178
853536
357459
459508
326493
866767
554596
244699
1316
576717
712714
756724
212827
950729
146812
625356
219028
30239
798332
888739
265520
607192
398508
35809
494916
829495
480715
656206
476633
319672
316420
627922
84125
418394
22181
527887
615862
172698
434358
641508
621762
621667
760491
440093
587575
388927
726261
919160
824077
625778
244236
918087
10415
782790
303364
490025
88634
225405
596125
372162
871218
205876
823209
361006
332847
772476
781538
991056
62604
337191
714009
124292
768606
634091
871729
793800
231542
717488
46483
164064
623346
532030
109099
4378
131302
506376
659627
280640
54503
677677
844931
269874
65201
169397
871745
19940
605319
146915
80199
205754
646828
719473
61529
708396
180388
407418
796143
574992
100160
465473
693747
23848
468975
874505
453875
841381
914303
934991
168053
471774
88848
685314
708733
50835
838079
608930
625217
91480
597882
344844
53266
343833
559333
191514
388372
84890
201941
646873
255121
17060
769633
569531
879987
747887
132079
400988
2121
430026
365279
331029
246688
983814
211407
505609
805439
523565
992746
269271
990066
76323
439551
6253
575029
45626
503959
136518
365908
281913
485108
160156
705413
468517
243395
972589
97404
970263
472673
54784
325943
605064
384034
392484
450913
59962
866489
879716
667416
803590
189313
147426
223118
661874
329491
743332
526897
950745
628346
896789
948926
743044
669813
787643
617516
631471
303779
199861
706235
850708
451499
541223
227046
722356
746244
400554
224041
221056
787701
127478
260808
340442
997994
847512
636998
818953
401112
546489
505626
454446
765903
585614
979705
82040
584361
660271
238709
806675
130772
588359
811176
454017
473409
317586
559510
920991
964829
934832
489784
745231
662697
679776
628437
370637
369248
637994
210278
32517
541239
106397
921147
280383
488180
264719
728476
451805
883279
228060
486699
387007
444440
532665
797160
698655
26070
365051
103553
891914
901939
390975
920219
426502
337986
388590
473542
518298
22813
873756
140262
81445
888959
645715
114675
955253
218091
349090
636790
423394
363840
452049
784763
261503
341924
230796
49133
21542
967030
716640
725842
829908
284804
80785
20055
675810
190222
439462
471617
266024
752220
514821
357729
87676
816469
153624
827806
459211
843089
686804
800891
177522
272459
588459
997699
380237
372118
260590
731243
430521
905319
350344
203709
42847
52141
336537
675021
875014
733123
915613
835406
810156
294190
599435
559843
145555
367622
991633
442583
737481
84859
452031
544090
383119
39693
178501
933950
325691
473332
294639
469066
595757
96532
11164
251903
253802
765375
435489
425263
687368
839801
26716
336581
44226
152335
793777
250032
965379
829636
296861
35113
445666
927348
781642
296754
189853
934806
201136
609843
680900
152925
518144
779313
564022
833928
59909
254826
401710
960405
160898
757793
621588
999663
581225
681640
794211
140796
694273
838188
781731
302555
274241
978099
743481
267544
505710
698492
431313
204670
910769
30956
481723
563620
806673
72003
548319
813449
685723
821444
136401
555127
159719
682191
601046
375468
196401
140721
440577
907201
998526
993444
949585
195199
378873
374133
456609
684119
167944
400402
454694
685446
4633
117143
646920
346492
90156
55155
676015
85517
437603
227443
724236
365606
50466
637589
116872
200639
468657
314657
612667
518140
778597
115343
50250
640452
685197
219712
234423
228494
781641
289587
248509
694271
331024
668683
792573
583357
84336
758312
473488
561607
242872
769516
263816
617652
392517
951647
877838
298847
589207
544802
280073
133750
448156
547466
893270
878896
726602
550714
397819
724382
865889
863730
591406
133077
768297
238976
343967
825107
400321
485599
333487
635615
298039
220499
922247
978554
542374
451201
506786
967806
184879
59220
287867
460320
783652
512150
213800
653122
519081
992531
975082
747106
724306
950723
933167
443268
899631
642323
672302
994466
793639
110423
973079
455818
35275
753086
481859
260315
715764
489583
820568
744140
577861
28501
301918
589050
796043
587373
919032
635134
130276
224254
911655
412874
499490
570510
754672
769464
527573
621703
361990
951880
803358
149854
661241
55979
954833
797892
318459
584215
143286
332300
214940
508152
483392
539783
947277
268225
62256
810317
798867
725207
676234
588904
611985
887443
385512
487129
296378
853713
593216
445278
654608
159350
971377
437712
169825
182377
322347
619188
613506
825684
134591
240684
760589
494127
721974
476152
732801
436677
161150
780741
929330
878209
841269
539086
971002
904620
776410
280297
861806
695293
89063
483665
604153
48879
176107
141049
605353
583065
846043
40862
605121
592913
460697
58610
777998
249598
539291
578075
246599
104575
43571
167182
879559
874513
607549
553690
968617
815887
975658
233893
68729
745278
905965
958521
459034
715207
936997
344304
296871
106463
549152
614507
248841
771098
530580
861964
723466
243038
708289
794560
871470
108351
723102
257599
312275
937217
263016
930453
426251
870615
542654
137190
381365
505828
587345
823968
436529
838059
79922
980677
171402
122894
724039
992220
878482
26955
601140
216214
37619
575303
318731
123544
129216
873341
100613
590670
154306
95719
534650
8892
742625
653380
742882
514802
516688
930459
157382
702180
304870
705738
45197
159840
974259
231652
251696
866819
426941
833067
220263
971517
994622
612329
457622
179422
48713
553184
234774
162782
993923
467752
568615
695491
598383
389351
52937
840789
69368
878275
981281
983116
268767
815565
687751
706239
708944
286264
484595
320546
230031
420268
11290
312484
520774
531613
889943
533064
666254
381757
866663
52068
583336
137010
763127
173366
807586
367953
636303
228605
659593
221714
971359
468086
801620
668079
25608
789386
8468
319577
85836
168800
906773
659742
228488
992697
749245
819850
91717
32330
984002
800451
745921
679181
545930
579151
758779
299078
887325
155669
583318
51669
597108
847618
355263
617634
955620
603725
151490
418681
847928
46572
336548
446702
279370
496346
52624
205871
2610
646984
536784
775824
934227
568945
982621
140408
249324
169028
318818
804178
168421
201706
54619
966297
439105
465633
647833
492510
187911
151823
852581
41730
744690
628161
617628
357743
402694
947329
920957
893141
810193
571796
556044
576974
610324
543627
34779
154460
776659
612814
908337
218964
34049
595500
352666
987274
815243
792787
68071
718557
274776
259928
403724
393592
995886
850198
474156
294579
933535
298817
791131
858121
143626
907653
223813
297814
163972
683985
397341
609704
979207
715224
1017
133383
730596
439821
514681
311674
395734
107318
845607
166491
263469
693615
216902
16595
933862
901055
952407
856731
175761
873247
594856
285370
537484
15929
428955
797837
240217
999186
161070
937577
772328
842670
904405
918333
28125
197874
121666
954938
349265
943510
555473
578662
710939
235969
558043
764869
903044
951096
552042
383927
899886
156305
427361
76
157688
859624
44442
237
845578
953333
959688
323842
284961
926681
26763
938611
449664
256877
704587
697280
583029
159797
310585
354331
189153
51531
686044
14497
913386
850231
617545
965051
435460
318185
907046
79183
378183
502405
491192
189947
595456
371611
490005
221427
512529
843486
804018
521497
993093
511320
137600
761354
193734
599923
655765
369596
836061
658000
857964
661946
968599
797288
786176
204492
500146
426913
558737
504949
13863
701657
53225
444053
489590
80072
64700
828974
55852
753286
746545
338516
692450
46363
620354
521633
787542
221972
968540
250882
411142
265564
177790
433146
794235
443286
125449
468698
41987
213775
470087
23803
594855
550725
517894
934308
198423
854650
157339
173
335544
827265
954315
559128
986885
956007
126840
692112
898841
561074
569789
681890
406039
470910
399550
564256
542753
813558
865125
370486
302836
101023
522594
185053
591304
13156
718778
701611
616078
941119
485894
638619
948617
847160
219557
793036
676401
519597
13791
209773
242559
288696
35082
343163
908213
404211
767417
452784
980004
981347
989702
46070
263202
35369
955417
331604
879797
410665
384789
870568
125553
360302
40569
484336
119342
431764
945789
696515
965908
143672
626387
589731
833701
44938
598385
971017
552905
428055
612687
983737
150115
906709
176650
683348
174472
274639
213173
740246
477975
661010
630985
270926
757339
522984
325222
290631
828338
971018
39321
649098
64739
602675
186101
979016
80337
686718
574172
948157
190614
45665
318962
930332
424663
330055
877213
970889
130933
984994
13232
290142
738837
88215
589482
44754
527249
359969
306654
117365
202663
121700
407964
328176
625170
84086
516284
674137
800235
760965
469021
553776
401358
36808
303648
907600
238425
182900
597275
867465
646177
358965
171481
3419
13620
757017
89670
999451
498017
366756
496166
584563
498912
487610
554433
968544
321458
934739
20009
627153
837702
166451
151178
493532
594925
605620
566038
402697
125343
3844
749777
476011
529705
615760
169169
164893
316026
677419
136522
151423
150324
388796
733636
554076
343578
794099
275389
513075
361914
115847
731919
814172
210916
934758
594039
745242
669193
723224
98590
797328
270326
484039
322055
715283
417624
982797
288973
254630
244930
972203
633986
222501
607020
317002
44077
246397
416531
576104
519199
580859
983350
329825
405178
183954
370371
880986
637357
227293
344960
616565
752992
890434
995047
892723
837639
87328
387322
844051
444244
43817
301561
81101
683436
61931
331466
13051
893241
763462
421676
55425
390280
233248
821951
756462
542244
428746
177528
349575
3724
17060
172409
411095
906077
959610
627891
648346
877962
841318
631697
354243
193313
796193
983160
933100
896837
760241
320341
506499
521760
437837
654079
442750
597520
618905
629702
73852
354640
899778
473897
758335
564984
26379
658269
738068
690270
994054
199686
425537
367915
513887
230653
467475
813736
973340
936588
18575
50159
193031
914352
198986
764690
965213
747465
625353
843577
657444
260588
388711
903953
195226
562237
497841
38583
567948
775145
652763
929746
258998
619656
190525
522205
660959
868858
52239
883046
220359
529858
13503
356806
133669
79133
134867
15182
480473
328557
864983
83222
239974
198464
566845
450166
723690
640643
774537
547357
479732
977953
727193
991201
344943
130250
844208
216821
547805
230642
288795
18750
9961
884158
984457
949343
34641
438169
79322
572241
851441
818640
223724
245835
449316
973150
117349
62444
168714
499933
716618
869447
929509
994390
399166
984930
161434
217823
333138
629289
716449
778943
256544
281745
943424
302657
987073
594459
190374
914442
217609
234624
811444
534688
996704
342331
937282
234244
263783
933025
882201
310622
657546
215466
971274
206798
19
612686
18260
306348
347820
641559
776770
809656
806350
640274
998160
528070
350347
110910
809435
67794
601628
98272
24594
445419
109206
940469
375488
246752
167924
105498
127324
264039
834507
3658
263430
776339
782390
537112
714102
510534
234251
595661
248627
44165
782697
62246
892850
201747
129764
894036
28891
26175
155055
561958
672194
922715
861542
561194
754796
623856
205790
348433
666749
146202
664606
14435
51407
562183
192900
384010
444185
355885
459184
685660
841241
563170
912069
592632
918159
546186
301310
121504
958773
963693
959736
863898
994636
64381
302758
867121
774072
140627
594328
428629
214451
60848
555259
607099
917351
749094
518994
246419
447722
225685
553397
141403
743050
582691
554175
119818
545436
582462
103055
854609
131442
915865
367708
812371
947070
149173
443465
204770
155067
710792
643125
782304
662489
665902
419955
610617
612913
431936
230431
497580
288453
705332
192735
20516
476409
682606
30567
123046
640649
409006
224753
446156
160585
540918
643111
166961
564707
141272
418273
701714
505262
711011
254071
676022
594075
640299
80849
219188
717546
305024
539027
454391
39903
577577
18476
612505
181892
785489
780955
36589
800504
455592
15568
258921
411874
143402
364493
821655
399997
339675
492432
167507
986942
424635
81647
265704
679337
685244
484341
961301
550449
770982
615865
162948
386372
810806
817575
165330
508682
984876
960099
789739
425017
861315
955389
738908
254797
684309
224385
719419
638264
234063
904301
561970
897937
549320
132334
713360
662925
196362
825149
180143
146755
990470
125300
633885
164429
43441
512027
797219
208532
993688
465688
967506
398595
779772
821900
14040
966625
217283
144399
715283
3585
119977
81222
750120
155347
748949
438332
314018
970189
163251
292287
330343
863039
333565
47145
474107
237514
202204
977435
41514
566114
646396
13612
478125
538121
27922
157912
520540
475344
252680
437015
85227
583656
712544
555814
683835
626236
455521
566578
341855
782381
583312
957399
280017
321926
43555
305205
887670
739346
508086
997936
799689
74858
558884
887934
243160
165300
569228
878302
345131
963672
823569
566045
851862
699828
913711
616176
336934
764351
415301
905821
28929
444110
11674
119063
690584
961121
870697
160676
689948
105334
410706
650218
330848
609824
583481
777105
809105
605817
639283
138844
48362
428522
762969
257777
652723
466615
619013
831766
237031
885824
81778
142345
397793
957446
619115
93541
720366
451594
121616
793690
49918
424858
945212
432802
723817
645926
329284
416501
395841
830710
296862
932341
277295
403979
76534
988889
218721
767453
155794
768002
367140
804655
880955
656192
528981
931893
817179
195341
501444
457842
436768
595866
741420
163912
843496
890533
55457
372080
478159
80247
602890
857501
750436
722994
150007
473689
671240
758987
52650
67371
31563
601291
840240
564655
81359
108982
568673
579505
249644
695643
119462
774255
245443
348644
262340
573428
249516
894273
423619
711862
651370
763478
663077
186760
532860
935305
852496
552623
606943
315207
226404
94696
120341
324105
933435
596562
518680
382612
798077
735998
706555
555510
131483
589901
792528
362498
822725
546747
572152
349803
303765
553146
35815
449875
813245
912437
218769
230760
892722
500658
655264
872848
913968
72468
670872
233660
858207
869713
17272
621816
56143
229493
810371
896357
897155
677781
220497
241709
457810
203523
696652
742129
496245
678803
666953
840685
481171
725547
185151
517562
899759
445147
690942
463801
497228
133184
411028
33330
650420
58264
499366
885686
807437
784941
558045
404370
836981
396171
844721
292454
700464
670302
950203
44045
180167
189304
909804
617835
646339
192505
145887
591512
804995
494174
218489
612534
473307
571156
520968
608657
31473
94362
149524
197568
211246
387753
130056
285965
691602
502890
123159
483810
309272
988979
801892
666282
838328
338622
821123
586964
120302
932377
856479
959891
701017
57348
816237
493104
919372
806425
6808
237601
136022
968183
86089
387618
239592
807304
47207
521616
97688
73224
108055
654094
871327
554751
963614
503460
128467
344613
722808
528301
120084
810078
89192
480585
736045
855478
135435
854911
486336
271709
721285
169832
94051
340367
28630
249953
745223
365147
504460
851000
563260
565430
828599
10387
527323
558576
860618
714152
35310
895427
449597
63409
601828
575125
47094
301869
428589
659633
55974
647632
641008
630006
916350
349153
680693
748447
143326
380112
816384
987994
426022
425984
13004
474355
861491
182591
336250
957950
669446
307260
364753
605368
592742
556496
354461
467975
987428
638832
603685
606488
636933
898593
544547
295434
825712
949716
231105
43459
777295
218367
111413
119765
741514
465351
191685
888809
194731
787523
450111
37072
159365
828545
851935
920915
978949
915703
965171
491623
815850
461676
10459
2431
74204
362033
759158
538141
729499
553395
344141
138345
823029
830591
194487
744921
779064
973569
901433
773374
823290
524540
92875
89052
709906
146353
613852
175681
612096
692030
386801
196459
721244
220789
954537
10405
590671
68078
504627
375793
791557
544792
816060
878448
742864
69889
812228
670743
195642
335586
614428
173030
934328
659992
915601
533286
13574
589485
205970
194809
989670
681096
389771
478880
240594
341650
43929
588616
153313
651155
536186
698997
229404
96348
582720
609355
400467
331981
265646
402135
694929
30932
677398
354417
308264
729532
758087
585181
425795
739234
531264
165437
203235
902478
970212
138864
418279
173642
105220
796388
777310
146671
469298
180310
757944
800263
242265
196201
848468
274696
384722
178379
496672
312520
770105
95405
939166
361432
304607
776174
144605
282676
429680
451494
820383
924112
195175
38544
469632
707987
293975
70717
890905
108332
956734
612613
673645
178972
339035
950921
473715
397551
381198
228212
406146
776396
310463
74132
688465
89420
678455
827700
181282
830450
36180
109242
43349
915948
705569
484701
670598
521955
643768
434862
124456
374664
649331
709965
462046
37313
911160
405712
316918
661568
357947
268051
164978
426332
105871
746464
756541
263399
943843
667691
622892
330492
393106
584076
878982
895309
503248
684916
662408
101025
72793
997564
433091
782602
181614
27631
567816
909673
184157
281395
193486
346939
948999
717771
557307
664106
675247
976851
823602
485455
923824
987790
627653
542404
587355
321371
36249
501126
784764
462031
162100
129236
245939
850689
534834
125957
392286
968240
73345
259084
950467
387578
297269
759108
536212
351761
985062
247865
114316
160190
43752
548138
449408
154100
516664
958058
851062
426071
569364
991806
356143
577233
600411
386688
628197
181252
679952
43456
871987
727498
824987
959101
386509
65284
257929
224876
752052
663526
730602
734918
994863
264125
442128
57041
854771
89896
929527
956737
128952
522240
587835
84968
37094
802537
511894
59272
457402
631858
665116
960163
894507
507426
72930
638714
942942
277067
560047
260691
574343
431909
980928
341934
689017
795891
437246
672748
470197
478765
712387
490371
479308
630905
19451
896883
980056
243034
686725
924281
671545
986361
395559
669337
545202
32451
237973
890527
57711
360550
478300
829544
664767
651048
441545
423748
114623
415031
801104
329797
112049
321409
86826
769268
818226
813020
219041
347543
788815
265947
73568
635078
426245
642508
231577
783255
362835
681415
95320
568245
807700
41510
323941
384697
362306
258645
629266
395449
122736
518527
351971
815309
882613
429755
591985
708628
340401
668051
491060
510185
164739
767828
644091
515988
914358
842538
978575
104274
755041
883834
674939
930201
17268
750588
751591
467118
700901
380245
849335
409112
800784
15618
442841
922075
173271
7240
868237
663233
681746
229975
792496
689017
620846
549745
466054
960638
533793
131801
201991
155626
375635
489977
249245
115420
116185
956259
504799
278963
95636
109895
349376
359745
732784
703338
921746
267400
242752
656649
29649
549060
689634
665107
237795
181207
440502
469923
176838
283395
87864
134796
705032
994682
353989
411533
534259
183230
118113
588798
524252
998324
99114
753758
795057
705455
22008
583994
419704
618084
96202
941936
30346
54654
394394
960894
761492
449204
685762
262502
943173
484334
266631
431964
786541
942372
739209
821017
660222
649147
272057
780671
526579
718852
863216
726482
591761
887001
888365
298453
190169
48240
914153
849948
154665
254328
775268
935540
305838
881187
953036
637033
207091
501654
311322
769614
972113
592661
473556
796632
873338
423614
792893
612499
574447
286605
372889
650593
942546
450055
435005
361458
16247
500809
179142
849428
321214
794269
138297
789208
103327
59716
917965
701572
35824
656219
592310
934192
647526
526216
101713
779804
869642
358388
244053
599950
200975
454417
923437
109656
270354
331627
723185
900057
215261
488414
485868
473811
261825
445361
665147
351815
928387
911666
961365
626859
248076
703048
968388
455350
647646
900020
709211
300156
511983
590661
329771
105604
367897
809092
68869
21252
286569
85746
658695
104304
589452
924882
12187
748387
379605
371974
350759
762880
479067
700847
547937
138058
100444
743436
888332
70086
36174
793167
357911
803508
228917
232327
365337
109701
163958
157906
760556
385869
122899
508007
861902
326582
584584
662150
856457
514711
867808
455284
825905
15613
24199
120386
390547
660251
872650
512313
807382
686851
900550
628720
152248
321902
134850
280801
394697
716654
831747
971370
205945
351974
381158
445685
465219
971516
772102
87971
771424
262447
471349
360448
381241
138741
685564
278945
82559
722609
357482
11849
884772
947992
768075
100509
751002
706899
314379
126797
390955
864141
892251
371294
449291
671737
947423
492026
510566
179183
104921
509298
200173
886134
856855
543683
370460
178940
971082
543204
734347
14273
808631
68490
39094
196607
997079
681042
443006
720893
980809
471149
559131
627049
525754
652309
988647
634620
861661
521667
959031
426986
471449
98147
250703
377022
937431
812373
179265
947614
742751
204186
531243
731277
195636
53309
590597
761075
325797
578183
717364
551376
86313
520969
5157
523667
375484
725312
207976
254736
573165
425201
52497
141369
595773
646868
517550
637164
867070
642679
406436
255605
79486
582814
225565
209864
490767
763793
113300
441987
211838
221917
931761
33345
316249
495317
444361
642371
475623
493379
409694
372822
797896
543340
628663
449567
692424
66125
647773
991562
810639
368531
227971
908613
231602
603527
273164
600091
11817
731510
632890
327492
337660
810214
990182
66427
78190
776772
74750
661524
793755
29926
248886
255465
743802
254396
292882
685257
131827
967431
831279
926209
651917
368084
273022
128674
377478
65068
646264
750963
805793
339435
355421
460580
470751
205484
368923
333091
627388
58249
917354
552708
432090
335441
121715
514927
684505
899493
194960
327814
242420
111659
506002
336468
856557
64000
714773
840330
519050
308561
457411
372436
173003
350694
175777
745262
766756
928851
66262
767635
117114
309141
314722
164954
800978
497924
936524
208080
528412
539940
817199
511828
523844
250851
613771
674783
734391
532570
437269
386175
702794
199086
482947
232386
229587
880245
850480
496013
44773
224537
761363
418620
372749
468102
951169
115908
501943
864923
887938
136273
972263
866725
924374
6627
506730
327229
812723
160911
542617
907990
728249
168289
189442
322771
852994
531422
672927
633281
691535
728007
423988
849579
269156
759820
365828
685110
221490
812628
21404
309849
349659
807518
883880
892355
534071
490358
936154
700707
142456
369821
272064
363583
398461
544601
3609
277570
290834
28019
616452
21793
150871
690865
698619
563360
773917
559387
134813
708213
141027
594486
394848
462829
190146
363021
197482
844696
549741
734192
894087
445482
504618
421128
698240
919435
68322
617147
681790
668537
378616
387830
1510
207059
368262
232067
580642
627152
924559
39161
580655
266489
846441
802506
737308
761135
504749
430605
432318
513882
796284
675129
100005
774239
180580
899231
989352
479117
926569
848186
791610
430314
41232
944655
473511
68993
285611
74505
408472
623108
663151
513461
955783
430856
564734
419824
323272
712536
917240
914246
485866
523998
127907
622016
983909
739312
870991
878081
813081
212895
917980
900613
950285
911507
120736
382526
971487
106400
881050
621567
797665
333812
109119
243792
509587
877728
321278
170684
681116
570088
494306
678464
63292
614489
447768
205363
610384
974373
683336
848167
539731
151964
508442
89288
883631
806660
846202
938102
745245
3809
113603
329697
210777
473898
855245
25011
395301
499382
27142
864242
798204
181906
943418
669320
505653
288236
829968
279465
636204
995115
793754
469711
477371
668111
590409
141407
89180
891663
408688
875174
172214
315927
518577
337500
660204
978686
951793
906374
999931
638879
362687
253837
341426
225550
601394
476524
879272
737167
273599
58981
379722
380580
405064
759179
537600
315571
880525
464831
647536
216294
136614
287463
800448
568817
67766
563249
189362
443830
580710
285324
473518
324964
865523
705005
991757
225607
374207
438281
30627
547540
733951
57709
239483
337900
494666
116440
475024
128495
968195
170129
31314
419183
454558
838933
172202
770408
925463
92868
690033
343485
562308
308341
412090
443985
115026
199588
501283
734158
699092
71482
536048
672585
562587
843507
511691
279179
582554
406663
587442
337943
410815
248662
835217
963155
335654
674448
332
256605
72852
389235
222783
689296
57923
218585
59376
430828
150838
30227
605242
70547
930227
42148
441632
169752
976812
684764
325843
828237
874346
864959
769697
491973
849
975532
403980
326796
217323
242406
608577
357980
113836
647695
705482
751470
962812
541838
260785
735866
19975
640649
289598
477801
246766
497496
475978
319421
66931
642692
494844
176668
335576
113138
723650
674556
276243
767807
74579
206223
673179
864460
35201
324850
860056
410918
654986
710996
677637
406073
955422
245519
351822
260943
387658
772313
680324
11363
237481
358750
500121
437100
426829
975496
41395
878400
832975
853854
157731
719997
146507
391357
690162
540034
850011
44654
276775
923473
404783
36254
126766
285766
474048
677546
839768
655413
872027
543349
837971
885923
568022
412481
460214
606288
443897
435978
366727
704808
968751
195359
728759
301562
848511
980513
733657
561643
426042
290559
244293
134659
700853
199885
150689
3101
304855
599721
350433
687792
905737
777016
485118
715757
586924
398008
748997
354623
795267
587370
864685
792975
572777
441183
877407
157507
320561
128866
912129
733864
842524
156868
756647
217677
276949
947580
172691
922567
510861
901176
593837
826314
316297
11706
338912
373990
953605
711817
503437
402002
417420
768786
983489
957471
413318
514883
717780
539696
376293
929955
951167
828440
590617
744061
363312
468818
581842
594630
503219
848950
940537
408391
551562
282421
686299
22146
309682
415711
976136
33978
365219
399115
907822
968140
660179
303269
210223
933024
212794
130923
19641
738613
570249
577207
291119
862594
649097
506509
581660
425283
908276
660075
269995
356299
210592
618219
6741
389350
964317
227979
622983
694287
178155
832015
771422
778022
832902
258733
856373
851770
926968
956346
839087
24852
272560
67858
762097
739329
384707
307383
715325
861871
613750
997188
126517
500566
152434
105326
734440
706566
28536
845184
235717
475463
140508
838620
542500
851810
398051
525660
757841
726510
715707
352596
452230
396715
715628
757569
829727
450811
508186
855033
300270
483124
156258
779136
528473
9043
4011
468997
174069
591761
143414
301221
161123
297493
295425
207818
943254
450727
339033
132595
532906
563750
319264
839818
809452
624756
781147
418479
888570
18062
244473
135901
617355
166138
591849
511997
882423
423222
252044
171127
267750
5791
442044
318126
977552
978120
665598
138589
94100
823507
672271
970473
119354
959091
133833
116830
418313
72670
786060
617396
322357
903847
275084
220752
754514
298190
294017
728777
633414
370933
633998
363892
207451
230837
853613
216646
753437
683112
420320
980644
740191
140368
600148
100793
571040
342055
825155
849627
454680
640835
148994
597582
699215
712206
739315
93508
656645
470392
137354
195069
434078
849890
722728
745776
74753
874353
50427
437154
897955
489543
176894
406070
502004
697165
490124
572273
632
742881
647943
951259
908039
744430
333170
270997
659148
692359
584213
257635
420879
367994
309078
56586
390946
83034
185875
765861
256100
857238
476531
169638
824341
148395
195754
925085
288006
72197
236585
59997
458638
291193
665478
197556
495661
953652
981084
221280
428002
462640
971178
846040
650172
918933
439348
419799
371735
659441
833355
347141
230198
437426
535106
341518
674794
424110
574354
667784
466732
300095
110284
992393
652691
181877
611715
497570
483585
758936
536427
287596
869833
252296
665438
591656
578793
997475
122531
125253
497965
848954
846770
993669
912444
350381
798913
390670
372368
135397
158169
339835
774213
637614
409091
285997
250251
209529
957853
886355
156801
432545
409985
72472
215467
856102
211302
76655
845380
51283
936923
483567
813651
1370
741149
899638
655282
156857
956447
328243
115356
193616
686949
144963
326412
732815
737291
520188
120209
957681
339720
917185
21110
248709
729806
571065
71074
202900
887586
318003
674307
741863
737722
992859
242906
535329
532183
80960
683599
58340
194738
296821
274269
903543
294092
96952
400551
299417
668061
950020
466726
872984
707286
164908
969255
960038
24426
540362
968168
832831
346203
126452
793902
875463
8234
436110
42612
495014
167627
686015
686679
374194
701578
819461
283519
24072
476705
257784
548870
725044
922376
493791
172572
567163
319913
213471
132019
296729
497669
188079
277768
405009
815600
441656
298516
908748
11882
736641
808771
266410
200219
940022
191704
466295
618630
201385
916765
270326
485704
560686
577094
177439
380476
806544
409174
954455
962996
870545
224336
492972
887811
212861
571728
44115
502771
86499
253400
848101
107070
866203
981023
180483
433798
11451
833680
624220
523776
224893
28865
724576
396648
100715
896442
414811
967827
671166
445052
3931
730964
570844
353892
364825
19583
658557
240510
396826
560419
47582
213270
874984
160094
821452
532265
829558
513251
553387
639484
363739
929675
877198
444446
942398
163721
363372
944159
383123
487443
596981
417215
277546
547099
953250
951585
38090
965153
587988
746066
248890
26756
319552
263907
761280
751204
791800
524925
407920
497512
680278
380625
466415
654687
435804
344616
104999
761526
58657
310826
220716
10522
506482
842980
248522
263594
901654
737572
192375
613342
563337
241448
156821
740114
388134
297786
857969
896545
463001
849367
124201
562025
981445
240968
775365
784126
21919
263108
374977
909342
343420
910558
39702
236450
878438
287481
988533
886716
584583
870405
275093
271184
405281
855459
223208
593096
313458
399401
118205
665986
637790
726981
621591
273134
635054
127994
607512
417956
897854
545172
170036
800522
849708
65376
773152
518487
499835
438610
169011
470400
603052
944406
106990
805128
909534
137672
318951
739362
634350
392888
831258
962913
480625
798917
821389
352111
135746
159751
920215
27022
369241
396203
422013
272810
370437
945019
625843
389523
438201
508291
744226
981101
898155
447536
750633
738974
63428
733287
638654
348245
824423
839222
137453
517086
267614
7344
510687
640996
722755
203210
621415
881052
614301
285297
712181
320378
122934
852865
31132
642728
852733
637947
574681
87622
116994
411118
438936
96257
593751
962183
109928
441756
176899
755346
940244
196464
337185
178709
603469
667180
687067
414834
303769
699728
40460
506100
253578
200390
501941
620077
630381
737724
631463
493939
640948
1041
426421
93651
535190
536384
936576
264879
607509
755551
882406
580449
873101
549355
643343
763647
784316
259283
953301
744543
610063
671882
95757
205067
500524
447141
241642
37824
795828
958332
872724
650382
205370
68144
855301
275503
626035
467890
567037
343802
814735
437968
844740
510037
2821
526278
799627
855715
4476
191471
201873
518482
365164
414869
292273
235765
715919
626388
266732
27405
882102
338274
218799
595985
497106
781292
918793
963580
953254
637591
380723
854815
499473
288534
577054
669597
866730
423221
27415
564649
119652
412033
720270
935289
236924
10489
966867
379082
643591
230325
605636
93269
122255
589127
960905
687927
473395
570359
976618
522298
438268
531161
642324
337833
846704
52329
371200
710575
46026
462310
738291
437890
521531
535153
512486
758796
545989
84233
586254
285580
59213
917603
935688
576274
949457
101556
202160
956646
316917
694242
286576
127910
120285
543738
3315
655429
737912
133154
761615
237377
729331
425542
195244
735435
823617
436353
190573
301926
727166
834650
959998
188827
972483
457278
965764
241300
87792
592836
772423
776342
311511
524098
925503
422993
744084
225718
320288
885219
407160
827174
106719
332371
916965
772499
261858
982493
557540
702402
414713
398638
984818
592508
821614
529775
314228
181655
630603
553573
393913
969303
59831
928058
998415
418508
182868
467300
247899
275572
587377
698940
745843
767645
326713
335216
923976
977446
684980
979965
785414
508907
25309
872877
439833
745273
982371
479610
142335
668827
186883
345911
253461
407092
319594
790461
982902
672395
270452
677804
130943
569480
917160
932959
582373
436565
270540
59533
941864
259449
19473
658487
717394
965872
1106
944838
457932
682043
383620
876228
510913
100760
891515
248032
553040
994676
653153
24153
264260
997475
197955
469613
471126
338872
222066
101635
510142
619732
322606
513808
31626
656263
962795
425240
425303
208944
377182
276707
761128
873326
475137
881756
604632
474892
232637
635033
775981
606592
327881
719943
336737
819269
536851
923856
225878
386429
392611
733623
745144
380236
581310
853767
541077
937522
269698
939929
493249
170591
441353
415979
173193
117306
351409
416634
252125
86276
20672
831904
390661
199798
925653
5018
75783
76297
512879
508338
930411
630725
996149
40623
408066
339985
587777
946347
812614
315499
140400
498107
252354
91515
79159
438185
31928
754992
425292
991555
577036
263221
733689
806890
863784
828196
769642
327659
636639
575622
172379
598654
721434
250479
409487
285831
101639
18987
682974
962980
159123
757748
215468
464345
822186
38738
543892
572374
461811
601708
877842
292574
308493
9768
475257
623012
789165
701087
851330
571333
635646
22752
559095
62660
654873
212029
800046
246693
246354
824015
973558
236556
717202
563793
947956
734197
854165
852947
640488
206109
322659
522096
796997
773784
910023
47930
171771
560171
120915
307378
965029
103583
794019
564625
211892
242108
788385
831532
641033
240899
35679
300501
970863
973618
680407
931105
341426
78038
800054
356144
1918
765715
350653
485979
819584
546193
102285
635958
214146
281900
796351
994998
492894
785841
601733
567542
399340
729677
312626
51750
479591
167251
257896
728711
816015
615700
37736
132047
303539
953195
30505
209626
518967
276794
30931
838422
399245
495983
268528
624758
121696
912525
38356
402843
331258
992548
352266
746364
998535
230930
373475
913929
803709
375692
260550
543394
754573
868878
985299
487084
39901
395852
920174
355524
504047
215142
485050
650383
826070
542374
213897
473785
930462
638497
602282
199720
493948
641327
394524
554082
333008
30632
132920
342949
368836
123644
388718
183493
279162
660722
316833
603463
957918
396166
546061
283677
202326
85379
419068
427666
420081
548689
192111
511202
55150
949717
438708
156738
751831
882458
689071
387476
951119
453445
154820
254070
598651
660952
23685
142918
648148
388986
61180
574404
13895
377818
807281
535095
823832
970724
699621
196481
575522
364152
556962
736595
135908
504599
375664
232226
803983
232922
676290
897838
893986
876747
742138
517468
139425
743988
442641
967917
155534
403802
611673
463907
272391
895659
782830
709591
230896
566563
91165
656720
596815
905551
756578
718327
12568
466229
883716
832805
449054
520851
62326
864924
167140
320597
380608
584889
753430
182095
699501
47099
716579
527271
858670
275309
531524
283522
454968
18425
264336
29212
432615
33941
35070
658432
933379
128634
917595
44248
18494
3271
604031
813675
234281
889946
207229
918113
617819
929844
242814
860834
597483
663465
205393
3315
338545
599216
283870
609319
270044
907177
354982
909747
955750
927972
204231
340328
553503
651167
732699
966202
298768
120255
515016
394066
442682
123411
415726
147312
834241
300006
607302
833377
225748
413321
697384
985019
48392
751464
905288
860153
414033
361911
252834
557244
449143
211002
745141
859613
125237
269416
599202
9648
630766
462310
620363
465043
285333
832353
795622
164836
543425
324429
281287
210801
19317
831610
333085
30559
873492
991410
53137
676362
433976
675797
348241
69750
891437
482166
253328
625392
796058
87754
753388
775098
644277
865470
643580
668467
133871
507504
132445
288798
384029
25953
391982
333116
338646
671743
949991
679776
668719
250195
37522
175796
622629
844278
607512
861484
740211
621544
689008
273550
733145
283784
320605
303735
793269
892521
159689
210201
600384
723625
575852
936561
404203
85493
121540
358610
593622
930045
325023
177273
858050
718505
491765
691327
25959
78881
905838
990617
346699
682054
909173
357840
851816
828423
229412
697124
895719
409151
732948
780789
922941
633211
487699
186413
968121
929207
88378
442122
251961
970136
88937
122963
995771
287621
238151
762188
77044
162105
607471
889783
61840
217373
712698
94058
188152
622649
302489
264105
892039
333543
444073
984501
918580
707916
466610
280212
547633
198368
351044
919524
663896
302475
290014
338147
270243
565812
854559
863893
871361
644155
449696
903532
630153
105652
863556
50566
353630
661890
40719
938911
608883
777149
401840
986224
595176
985559
478047
393844
455179
768317
310898
271245
248156
717776
695102
869079
780061
999291
886014
254463
513818
456718
164244
879191
805424
849890
375338
966941
60105
433393
628361
132978
228343
530671
115987
769871
877077
755878
681936
592044
90936
946797
609834
649411
101482
305416
660405
52903
737826
500581
567401
459247
616340
939650
154151
231539
41453
201377
94166
229300
159258
761572
941210
362591
56538
339253
122417
607762
239223
248175
286672
727528
519896
971832
401325
727519
95612
442627
47049
186990
546908
37256
174859
215960
378783
230284
708342
589789
878613
951321
968205
900449
616302
520840
936417
509549
345832
184009
476136
9835
873612
969579
856908
378433
749448
753367
829626
883860
760392
26960
680962
105525
771652
854205
928912
630166
440119
423882
791123
387325
243759
559402
105211
304589
227935
236502
190845
762752
906440
509978
809452
489539
585848
841082
660509
785278
955233
840718
139460
175309
812271
514029
413613
444
393338
276200
47487
716825
720568
445274
677489
818649
982354
432377
202007
637250
657018
207354
982921
332922
794997
504873
948441
595077
419907
814003
249246
533855
794638
283024
164904
290937
645799
252666
188589
39983
543363
618307
662876
644814
250314
460851
407071
107090
439494
588072
206787
820514
325313
115088
732017
961862
62269
60250
32871
591208
342785
189474
702036
210253
665942
486869
622158
604429
495134
54818
712342
220966
396660
921497
482589
824929
143545
923240
760452
882912
458251
871438
89124
362956
481783
715081
412545
997169
666707
667711
556526
497488
771122
909818
24435
129515
778181
584653
961166
470607
31491
585531
300671
648895
674973
725310
949185
828587
870302
809960
36815
368079
776672
482502
953779
705568
796808
17369
214529
681049
386211
428839
479017
96733
701133
141247
371499
228070
415145
999888
358898
39279
952068
93018
350407
136861
443403
706403
388372
235
255587
966056
15096
283018
255954
28211
871804
507634
274715
838435
485030
861042
390536
683104
675851
280764
393872
313250
429160
184732
360261
148139
868106
784434
154055
852614
647935
302292
554182
481474
488883
470153
23151
614064
167552
870996
673597
639510
674220
18111
271334
88534
86880
100112
6602
612746
533988
408398
296263
66195
608927
911930
395931
794373
743441
418918
883851
208391
40913
202462
320662
591436
765766
684166
988533
845470
688227
22882
979138
992635
764646
381503
985450
845610
667981
822425
707755
744209
153209
473655
224291
517041
129141
865933
773644
324908
134973
375134
544332
282331
62662
997173
61629
363705
804895
773323
701999
409470
13196
363364
605064
183694
480923
392415
715371
946966
652941
563967
26730
548848
705923
59932
327951
793323
667828
234026
64054
647875
491560
989079
713705
588159
320508
100318
345122
491676
848898
876266
811412
82469
810007
442787
345560
52289
852559
354896
958866
880414
785616
196019
173281
932250
769783
756907
348600
23371
632921
277295
780150
756581
656217
340061
185430
507897
748686
138050
986387
368703
195643
118753
444329
798279
768514
967268
991153
635974
503548
664607
718842
873786
620552
132391
844600
407881
875474
932432
699201
134476
153327
790044
459007
429814
223618
998333
807882
295246
193984
102885
947176
779510
565925
407775
738932
487961
750021
304873
591902
520774
216583
960419
194286
115079
758391
445066
49267
391356
376231
341330
458701
102769
196057
723140
284688
701301
143252
708818
10434
626368
997186
999453
354648
298548
75649
930779
917063
769952
779845
860571
173125
557915
100913
22558
404820
214374
821429
283122
849484
466661
780776
969939
737233
341795
959652
134319
70724
540048
586215
178780
232185
359365
321430
606657
266735
637716
515371
128589
293393
426958
471810
450094
275440
46542
143711
28388
334580
158473
409363
663606
791575
95497
564975
110862
521568
904574
360818
938187
468333
788987
80771
328464
871492
522386
58622
841196
731931
390079
844411
540907
681213
451430
587611
997096
65417
214449
931115
705558
951620
262185
923681
66988
377673
339066
374766
848921
637913
321707
475978
610457
509905
174067
965684
182621
172706
104256
888781
151291
486950
593921
224562
48159
178744
939018
887054
956039
331364
482800
947322
731796
22948
111276
973778
906519
718499
638850
593272
553380
785496
962104
82397
776426
447300
842491
774230
953318
933568
822867
671993
61606
110444
913681
947842
924124
343913
991819
160591
550392
63731
697768
738806
412798
792369
236324
888799
437254
837183
6819
597146
762763
621023
759868
569806
496954
822121
835722
209690
493733
609515
778479
256129
790228
921696
894292
473344
652
175467
297690
430212
282939
777336
927875
186372
526394
939569
856125
833876
142604
621847
179117
197607
319978
688521
985173
287340
470337
779578
189163
498805
546989
481465
324616
931124
940145
4092
149525
895085
766278
534209
120086
868049
340243
558985
844279
316555
189518
914022
47045
775450
705042
774122
696775
383581
498182
442856
122329
350989
662698
911915
370380
864950
642867
328261
691227
262113
64618
733850
438186
630566
97286
954597
729168
385286
651044
2319
727941
316940
665376
551650
51773
416475
17163
314663
642905
37296
784361
26082
424699
506481
133105
646406
578202
4444
261393
743021
959204
703457
332003
658464
782578
108289
962130
267196
382101
702695
878825
902654
475875
338899
649436
645809
900261
958206
320273
620897
547580
679103
452243
589175
918103
638572
796026
655913
578965
824199
766075
767506
540560
691357
514886
813839
640276
385014
435713
779785
433033
18580
756144
479198
283441
133761
783090
571433
70299
742426
245700
559211
594336
658739
860766
459812
381299
805587
825118
316850
579050
337693
728485
264913
196481
444934
103381
568036
821979
951453
850747
20549
110078
845758
830284
368359
786629
688816
996469
850477
65754
899179
915031
498670
176666
678963
734513
736048
427230
629046
131619
52050
205332
365122
714805
423421
458650
827605
361526
223209
888010
362768
12551
350006
961011
873189
589275
212215
583860
22686
473366
814528
495641
546808
879156
64900
315251
1291
857073
561525
928549
991187
236657
223778
364044
261623
780237
934734
776785
330186
907578
738802
776042
309688
404612
407011
318689
491374
965826
594431
186689
975631
750543
990860
983318
632183
988941
649057
652037
366102
405812
487
280573
635771
268631
408646
775816
967063
532738
212065
411732
392409
806990
781506
873165
752193
382127
620447
125777
84240
933639
462392
180588
697588
414208
998638
366258
356350
960507
666335
442169
193945
308467
684711
217854
549941
526975
752797
56286
430708
581147
377579
714728
178714
836596
947066
151259
371105
120010
256583
654311
465935
415742
533414
860101
61270
566035
907953
777050
99297
478881
403207
748887
674964
396762
945290
310046
623055
272795
224721
697497
965554
102932
545271
114983
348143
126786
501243
274438
361646
9218
123394
62252
247973
946952
746808
164201
921741
139460
380573
171281
303832
969953
843233
865049
390087
235033
423230
68042
914515
79546
458732
42770
441010
705540
278888
414360
211677
742919
229081
149946
473043
866358
517259
100494
780889
496607
487035
215764
830599
701752
666115
711370
837560
311816
345982
893970
527927
660721
375384
707497
825134
830948
439369
922252
600223
427994
310340
206485
498625
814458
402166
87506
279499
54569
830128
813140
228624
791759
760230
950927
225481
222654
885619
25574
717554
531466
86758
693984
489744
520
950201
365195
771132
315953
567333
595208
241602
184638
9127
991606
443029
251878
804927
141610
988238
523122
271649
689730
477117
631788
842670
364017
97120
984525
321726
163745
982498
28762
504253
440919
683874
637432
483700
396404
843107
98307
91855
76056
792205
631844
452727
579882
791459
623707
886249
852161
80588
490686
720157
303029
613055
57413
90571
31577
254334
622169
424258
839506
626464
242697
428097
855063
167859
238493
134798
728309
644232
941522
434235
712057
325750
956008
462098
1390
284188
372380
399972
139546
920059
189367
833953
490882
136
544822
218921
779749
384836
825327
669776
265439
174471
101773
261864
728408
593705
295691
485730
202554
976156
356463
376137
430462
980275
420585
844509
991512
139071
119525
333816
872235
305584
849149
574944
659849
101115
53883
273075
449708
83835
29151
325972
380224
439471
623417
979039
343225
295387
900609
678717
778567
845164
298873
613511
292256
357252
777938
73362
978257
340462
711878
46955
763369
63928
643160
608694
608088
395470
954722
778488
123699
765959
716853
817151
416110
156630
800439
815435
373322
111954
702700
962254
734676
794688
265817
520006
453952
389341
672837
201716
230021
375538
12451
710694
412129
702582
925936
203459
361167
217634
215321
867183
409162
437443
722440
593929
544461
320029
964825
515345
711223
864891
895543
620076
88850
177758
814741
493026
856297
204620
357007
276247
114722
876229
253433
803292
441205
664445
288127
535917
967877
604987
21089
716859
290806
261179
706465
680522
753172
856325
871016
844429
839025
463648
997062
702708
643818
318585
544838
11134
147351
632447
603497
384330
845672
960017
466292
701017
504736
86760
401968
369743
295384
924843
61417
815009
998806
377890
530957
814114
152831
748357
259065
172663
256502
478602
455370
184434
627497
515716
164001
878821
318804
649032
777712
340671
212214
392849
635756
62262
508649
917429
824041
15993
179479
547528
862426
295327
351837
88337
304557
598167
493304
513487
800840
250818
544746
969919
845231
210482
801513
188016
727444
596270
916314
467656
205507
538833
339676
855065
597916
584173
503840
497968
549193
210072
538690
649568
851327
909206
285136
229384
278540
799743
65782
585112
434090
339657
697261
667258
4416
646937
44411
989376
966555
500112
363524
70815
583767
236418
643428
290206
5541
499491
403890
262602
998719
362659
315794
864342
785394
456298
988356
518467
545223
916868
36105
286332
648402
619536
771287
634551
148422
661516
108272
135982
712117
968731
466575
285866
508614
10747
418500
69192
23044
77467
350815
185140
119881
398238
438267
929635
908678
922917
306274
744288
152536
747412
513399
962633
804840
863813
407411
786784
77308
580587
920472
610173
60085
260412
927935
846855
967210
991287
606005
119765
562013
107801
918033
766298
783560
852946
583147
738649
689262
446231
614751
156514
191274
583384
226027
814660
238251
119011
605729
618402
198746
186353
896779
100022
841082
384599
61664
563603
569965
439928
820956
216859
172370
145068
293675
699728
693223
493600
898796
652999
76543
495474
480143
27576
351274
31521
408904
962541
71626
356818
887436
499704
811028
16815
703680
484604
634942
678145
139146
793795
442386
332536
905681
867207
297105
635677
996430
334662
51846
660251
538859
126066
323385
856258
852410
162909
130141
9680
996894
255054
938010
500337
351949
977033
552726
299495
774893
223934
705016
753313
210731
165235
752164
799909
551230
821037
146184
247966
143220
670200
589664
251014
902519
696584
880799
675109
631460
814837
950071
151627
213059
91507
851833
675772
480177
39298
455015
669993
721004
782998
362558
332418
323849
126076
917962
39346
594280
707201
710842
256974
102829
614495
297595
310112
994956
460059
61669
96668
452030
462083
602689
279824
639815
938381
120973
764573
930507
845759
493293
133719
349218
993668
762856
979074
13283
371081
153308
899461
373437
635848
416019
68246
418308
88847
65902
214074
439976
413661
685785
266467
762772
324440
906939
830667
943860
472700
184629
528213
888324
691732
139789
751296
410843
591832
465176
166243
900886
478704
452244
147697
497602
196230
543929
991690
359604
327525
294211
372862
516055
732390
140711
38390
247885
60238
27801
274053
779995
348074
224263
845086
912084
132633
733006
752348
329163
411446
863212
815066
373614
49223
464118
662187
548242
365405
832964
244070
856704
902197
233009
304790
99566
41421
596183
187556
816226
368899
545560
886398
603670
405176
502435
966769
539109
589408
597481
209737
244881
429
148189
843087
976010
491537
223200
594090
127314
463400
10643
810656
508193
259828
513640
193025
436495
180703
763879
503288
392320
608273
830439
891964
142260
927312
503695
843216
306504
527912
24382
64485
481979
495488
315121
415944
174377
521991
174882
602779
815185
277689
860888
988909
195316
47659
78665
513151
181353
611318
29871
576476
597489
78399
583386
467833
26607
941812
8881
877790
689905
709941
257277
688339
988635
591949
970984
310653
642452
878819
63561
866720
972133
26540
607485
888138
8055
100342
931192
16009
331804
916101
796141
394902
965857
662946
102508
316767
138187
283345
783280
400485
204753
223089
123916
286401
487507
83357
906783
434091
455114
259900
226117
928899
595229
456752
585298
825587
353480
730305
768957
402843
816854
762198
76982
158978
930038
442160
755089
927642
243121
124884
404514
452226
564281
726740
891960
362153
332668
239586
622700
898423
397770
198097
922409
2370
28615
867761
76746
325879
371376
437414
449407
887516
903129
406412
410500
320774
240117
946308
860751
516928
366737
880796
542110
853096
715352
824759
698387
446029
212930
785647
531094
3538
567356
427229
203117
741521
763433
394789
958543
639320
468559
557857
232205
313742
894122
182526
616348
923887
180380
752070
650128
322482
646577
800443
222926
398408
29089
927265
742117
406970
297363
3702
488561
418930
220527
852661
9757
814246
914497
664790
650778
780966
940477
858775
235367
843706
797918
149845
685614
146347
257187
215935
781354
111464
441841
274540
34755
320789
624657
311920
477736
839250
908750
538048
562180
984445
123342
562998
146814
616785
693771
956994
385201
105615
543472
470204
363121
965507
349427
259989
924847
133955
696990
65158
225104
527800
774238
792294
669503
802577
560978
140123
718942
686114
825309
581392
391769
855622
253541
159000
610309
632345
476074
128713
813928
536215
907073
639930
116041
730249
656450
711756
154288
561366
301376
285838
540765
652040
314885
711747
872456
387717
16735
740497
844657
615766
751105
150639
202762
128599
341601
786127
459305
444305
332952
801472
743275
680287
402732
565311
114079
724429
118197
288079
315821
539709
106648
824681
436404
650280
61382
315981
566470
319595
201086
723435
71348
631069
298759
784545
375745
191001
435117
961221
873484
935963
187413
832737
330366
159420
472665
978807
879000
535089
445641
213491
715646
61320
453504
493751
231430
159206
109426
199820
221132
358156
534326
86066
650163
961569
474397
202215
750894
521221
860352
275925
628124
502752
322384
237462
464759
778895
480712
227884
728468
417072
569347
819443
107065
875238
980631
430410
122993
637286
558588
684936
171500
392099
616438
163241
513624
23569
83797
113984
281840
715086
29350
445856
727942
700804
813071
624873
449249
548897
707342
89736
320114
438092
583887
118138
866166
140195
626592
260620
581786
253820
213802
567700
400149
378080
73897
608578
430116
207760
792441
66444
523613
520569
568237
503974
933374
481462
103399
593823
981089
580517
165499
548997
402449
76078
879230
637887
894599
572984
939738
444349
372087
525574
643674
374258
673186
127640
728914
60278
640333
889067
624587
893880
799039
586824
502335
422181
868703
111486
497346
749964
17079
313269
396161
693740
108094
719360
206492
454066
299281
894431
138024
469738
52669
697966
514358
980774
247874
755557
706535
754765
959708
375779
589473
860237
764364
88241
661285
185722
882882
11132
889869
354741
260009
212384
415240
72345
341921
333441
605966
439032
104387
778707
82705
551059
804650
616236
227985
54154
416293
475673
790052
334226
826182
856123
616257
81222
253378
882648
589502
543341
124825
668428
104510
56881
684133
709659
576137
820023
17206
612929
122994
800236
952911
176312
477010
455248
418293
283414
763872
412284
994204
239976
303666
899440
784084
801183
834311
621722
287384
141217
496496
32560
443992
988577
40803
675908
289308
501792
279228
254538
694675
889810
136838
439795
116717
713423
860457
494089
133256
199234
367114
205157
71395
694223
326786
622917
815455
549446
485943
13230
85170
852062
745551
776802
50593
571581
320522
346259
306758
388558
881392
439096
789879
311216
753829
845066
370304
574398
676603
128600
54383
298476
713137
749355
655531
524446
936095
596670
279986
196541
527746
590194
314900
264577
879793
173915
75067
898993
367352
763317
73662
459709
600867
335634
860116
424642
448084
272159
35627
557485
355016
744669
174568
815839
377002
204821
758716
474729
698719
330541
588624
864479
661617
890750
948903
448205
71326
36099
893813
658593
23782
514775
513125
270583
71180
861341
177928
494153
704633
746408
397573
684436
493072
836754
790804
892576
740151
880281
90105
843584
810692
974481
685048
217172
589203
2990
691174
961902
781039
155172
882073
807371
626722
412649
27359
857063
820099
577077
681636
933257
983521
724535
237997
316614
732258
146496
630836
520725
309135
113248
763159
980756
339511
857088
268567
488993
653516
731694
142113
753400
50046
786036
650388
902362
489389
853360
474598
227050
337303
173094
309695
676186
298234
892840
820899
131091
455227
545444
93268
301568
672597
250108
983429
47150
409898
678696
982701
944734
750160
654845
897514
860209
64326
919592
844623
648321
873033
813234
447114
402588
948800
511897
238219
763005
788695
669267
814207
665176
792547
232371
590114
398640
512710
365684
762039
616048
637737
155885
965532
28104
658799
548365
728477
380574
633875
294225
432912
448937
114940
740089
537575
448666
674049
225730
443602
367959
670190
864294
361213
802550
97538
902426
821761
66217
238325
692606
180807
883150
621432
163328
417603
652759
261088
887278
717509
701800
57037
481091
717739
607612
168587
673915
487126
872440
473547
254886
176564
272626
686374
877271
846464
814071
225525
743285
540399
131129
772712
349102
37733
105747
487083
214962
210524
681662
331050
3221
152034
380238
999408
243861
82338
198337
511091
607469
597534
748741
87129
726494
369549
300860
300683
185358
859130
745247
605455
36671
975020
224408
720063
88225
568217
639373
77982
413652
354752
183641
185725
334675
788980
310741
336163
339693
948552
515240
61388
925228
139790
9147
199519
261832
378886
572571
966279
780846
489847
379924
954092
874832
145790
366716
320379
551628
18917
323487
88474
630736
964539
502529
872795
571281
353240
114311
507064
639024
454208
319627
414835
781689
431931
934577
961537
496891
143532
602177
974607
300046
226871
580520
415442
807373
514454
822395
514845
553703
362425
163980
107201
193704
167601
316492
775387
941917
210353
381963
303652
342668
463984
925374
183869
124609
195969
926254
862942
347067
874879
661732
944697
616041
345869
92745
453761
256460
655544
580890
222221
909613
593800
580725
166517
21499
78280
385297
670071
68749
17454
536739
78500
503372
155178
232596
734675
240316
879279
124476
663206
415024
454820
221765
900217
808843
50325
440811
348421
652600
972738
256640
707012
192388
100947
225184
616923
598561
254697
593451
568060
165782
280279
946948
564589
789453
493657
912884
480563
758631
390940
105705
467203
537020
82824
3876
420092
113229
562202
949298
125995
863381
213293
492604
330279
610701
451060
532706
931133
656026
992634
644635
259521
130250
981827
20633
459116
618596
540377
855162
104028
52721
254556
907864
633744
910192
473372
165380
604274
368010
282131
87517
807156
407765
342645
729384
786781
973204
210706
803111
26035
898935
177126
683621
638501
517477
406472
532496
248959
153481
505756
211801
430766
497987
612016
794885
714226
704839
229382
844978
799329
490661
918157
330314
819611
192201
251795
302247
816406
116150
14859
552260
126019
862864
77498
154827
144221
350390
889310
486760
874626
635903
649153
619481
390344
59419
840370
781898
505566
414719
190636
414577
547270
986840
829954
718313
501816
751579
247993
360182
562480
309098
216543
66806
965965
97295
115911
970539
245008
901475
239722
116449
454580
472222
483954
619369
534332
737983
206683
462517
873488
433989
197089
397971
877934
666747
407012
858245
731143
158589
434405
715999
187637
716397
35821
571877
235628
156128
330791
300578
775358
851457
647878
94050
981174
172755
180159
899426
689584
241846
32966
286552
480438
793934
635315
870163
736268
496543
220601
178627
870523
261726
270735
70864
601117
585892
883627
14939
23038
584079
477781
363084
109502
805001
299351
970729
177710
803631
752574
765978
649140
440389
259304
14713
133225
939308
429573
30513
917788
537873
341672
74222
652448
569809
307846
710062
468519
557625
133507
88532
509636
76855
6798
852719
418364
804726
824707
816276
766383
917924
779035
942266
305841
127077
22987
474487
895995
277740
271135
987923
356881
455355
450940
417417
695603
822183
295105
773524
10587
716693
247225
655449
716911
992376
314439
113819
392970
41435
516605
372602
221514
935789
232770
623657
137674
942980
875226
417399
737264
46251
663177
648966
55489
295290
376332
847056
122029
171575
877392
114308
53738
476571
43279
840231
860879
160616
839116
440195
917581
787205
605774
58857
971691
277124
66245
880634
444177
61638
731599
196769
899822
918736
440695
865254
841578
777608
179903
381251
895303
284108
241695
213055
774134
723679
16882
911969
891271
38321
170764
71053
665357
858177
958115
123751
827559
823642
282613
470322
836520
156515
184602
553987
280407
290924
170211
504359
455219
754746
557205
736683
49534
842393
697214
448361
823840
971903
141546
839006
938035
37570
860269
277037
423287
828020
239298
625356
775509
700200
760500
219656
849734
267332
511569
935056
836486
740448
63756
479384
843623
133999
725474
677135
958644
650609
441307
467556
795855
908924
582909
457922
406983
859268
3634
947755
683378
544808
843593
877433
807684
854717
453090
176892
146132
182958
507867
649693
217489
711758
220590
944285
615665
978193
516606
605654
152571
15987
644445
799082
496130
756053
885081
253026
564122
241495
955369
108115
726525
12454
594044
504154
189273
7316
275862
407323
422410
573058
237675
172294
790516
30705
990911
468040
240991
580957
352602
110251
237893
462955
836657
398797
73868
714037
7950
390733
953877
44048
146011
11900
513623
494205
942153
78014
306500
819339
148144
341625
236164
589864
34245
445975
593627
971255
822179
877251
807808
750483
838116
210305
408176
74165
983579
340157
480500
144504
387145
269025
571510
176014
788514
508847
572354
259745
634468
688722
671347
300964
132369
55712
398735
668927
188069
326653
815307
259002
992783
32296
423208
74989
73915
151587
813096
314156
407611
858168
269531
972099
328070
831265
205456
914686
152116
625507
634879
745085
691096
546830
626317
184144
306526
722734
123607
320569
679696
944629
564014
854347
528573
112336
608736
290210
407864
6105
962597
570527
90323
534613
607892
347270
599612
57698
331264
143628
560388
611919
807635
110358
255631
185159
852878
975354
938426
291179
584237
908078
871351
992458
390539
766637
333509
564942
971382
528162
557539
417859
478617
837034
891019
364162
306496
751544
127229
179003
196129
576527
364958
889047
409637
751126
922234
333369
214718
712114
652759
387074
425399
767085
503658
637329
646494
233997
170478
562061
233520
637519
378522
431731
745867
363905
495305
457801
714231
287415
542188
91257
974858
579712
817511
16097
51640
839065
581810
159569
302373
282056
301995
914968
483737
770904
645234
430551
7496
257394
606140
759868
282585
935326
836126
7887
37123
793117
902352
105678
855569
945554
43799
647002
332642
284407
391315
464747
676581
612457
825256
275752
651221
614747
954190
267505
702044
870551
848715
564048
558443
777655
639918
624387
180051
86522
15406
477572
446265
603604
516700
696111
892797
274137
374414
886549
178440
975106
71723
258099
285167
5955
331750
541514
321429
377837
566985
520058
658901
818294
288175
708162
713292
518176
758246
444952
11227
50116
634272
124000
625138
226008
963079
252840
615633
810666
254312
350409
211992
668375
619184
643584
440966
421004
775444
73366
915371
719210
498568
747848
91076
880470
607133
489175
234246
660153
576203
554566
269052
516845
261266
953180
270680
485929
278075
678461
681979
927165
180054
885796
526760
905398
107125
901696
250606
915657
118773
321039
428534
48841
606756
502320
596262
479725
454875
704825
633200
608967
579668
433690
162675
154399
468627
298021
176115
326245
877801
896177
13541
588445
286794
651560
349060
455304
292387
336863
457803
887576
948085
49671
531670
606395
665954
889569
164619
663621
213311
788818
642945
795302
970964
790218
466837
475594
301243
223582
37448
97765
636013
422765
139579
785699
298335
587672
272145
816489
641731
229442
851926
212482
52524
603759
996092
48257
896389
983113
479333
676548
589197
438751
350694
773410
123308
760421
111036
164168
886950
934874
156198
950304
618370
236958
754075
462165
289588
445036
46629
436429
502265
893902
424761
855415
570294
184302
502046
605672
667641
712455
96529
991508
876561
379483
584880
867476
63045
389154
352511
797890
763751
792413
587273
972603
939267
696718
836102
419860
491175
759406
698852
269534
103059
76239
491195
340282
530821
497079
877880
544347
324204
308200
422819
35239
935034
797217
433720
271298
331588
81007
990460
382100
151604
171464
535321
567916
439933
258367
29006
567674
493478
359931
886361
670078
758935
883602
889416
891682
63250
119197
753385
292662
39101
22038
677546
762744
538945
261081
730946
836796
618657
117165
611682
782332
371084
954205
919272
659285
689284
10677
273480
803894
541281
41201
600456
234851
50612
511732
417867
620876
917485
332283
576538
112002
757215
56515
943622
588204
116451
461110
769708
318413
525632
677774
310898
299865
367084
445397
225063
541334
779162
677691
282123
518483
134567
130968
303978
443686
304096
826387
395745
728601
671349
734288
10646
182553
237848
709507
264649
409748
332842
62650
218179
627861
907066
210193
260158
400191
116184
649367
600181
159281
228340
9394
151496
872672
946755
886022
443316
707382
876801
485304
531015
771885
795767
105801
127648
323866
709870
113685
866213
796358
104457
749305
213681
469873
446578
969195
289939
425120
443066
944948
851258
916638
53418
438752
790893
181268
588644
735138
862741
221825
347144
83043
651791
705174
94513
659781
150094
270945
187447
87197
875543
672637
228224
960188
739356
39346
552900
278999
556796
385429
875003
364242
920918
393252
317292
856741
349926
222521
21007
681020
941358
163352
872177
260465
876637
982009
513063
254846
743279
465724
723952
320551
21495
914296
898228
735474
72914
463707
20129
934707
660349
486917
243199
35146
136687
200113
574790
980926
212478
618803
34569
587404
200473
647007
42720
967349
360268
54864
651820
137026
812128
551369
433208
623921
224741
655370
578001
266263
346621
774943
601387
94374
65214
70598
335032
174716
923450
284327
921428
538463
306224
421695
423178
607347
922434
560633
413636
868802
960329
382513
605847
66176
159100
507061
773413
999216
710086
481061
542724
274900
145804
864362
657603
124128
167244
172261
243969
354172
227905
433411
39240
630562
778137
697469
913370
746020
341732
706654
19980
8418
66123
978101
168771
867337
541951
324614
421487
262169
236520
222828
930663
621137
119900
304688
878629
284554
435501
267599
860137
869494
60371
851313
982204
111720
663755
328551
373054
693186
81375
420523
87527
507737
122162
802052
711794
691333
568219
441247
470959
336422
971499
973972
77616
109523
758551
72084
675930
944952
140524
745772
245041
548164
87568
526134
204826
595607
485859
91028
841740
231956
577201
434042
403084
218459
276875
433995
194694
600895
893981
120731
772735
860021
723992
955992
127157
422166
136758
70410
829789
409379
890921
519407
914655
213957
724440
190988
326468
740970
91675
65942
748041
121482
7307
566741
179592
324462
222160
487719
956192
259590
163994
585317
320257
14887
43329
58583
846577
12895
952667
715489
584892
619501
263735
604171
384285
839560
380423
924997
663520
457190
267195
74037
581231
245011
708104
232093
239205
212147
528863
671927
337383
924428
566727
825178
700294
674095
150825
567009
576060
371218
164478
107169
6749
921757
789785
556129
538282
421914
684334
770424
798643
453145
406316
367560
151259
531221
898732
954825
56778
172082
590883
905398
589448
352117
603852
884322
375281
458275
5848
661703
845059
424129
349682
423506
924019
933183
617753
97457
147813
99506
101433
911262
916647
717182
523945
296608
962400
182000
343189
756982
400017
113295
436603
876421
873858
338174
671527
614675
157013
397287
378895
372905
721494
447509
4147
714889
62383
530189
125043
464507
905609
557261
882329
631487
361562
380012
689799
535506
624176
351057
938092
395719
185574
608866
65205
424713
59854
663145
257643
994313
661455
221171
933338
651686
578770
980510
981397
902519
416173
687825
21711
997084
388307
863651
864135
451496
840790
440748
742156
401841
586529
43245
182214
559510
489291
529929
561022
389269
157090
967180
279300
4081
282099
471624
804817
747494
780530
792842
629532
512316
967368
684311
236714
36682
579134
264771
81397
516517
309716
331346
839369
761892
118832
281231
910546
445254
800034
203718
966696
144708
231461
794128
317325
144820
263434
396305
448941
302911
385288
191156
240973
881854
954838
659815
815935
842384
876579
306230
997119
536006
459770
577247
488964
124414
329068
109473
342513
365690
335317
221769
94848
263885
417801
381458
665099
199192
787509
451216
858755
399415
215502
919180
873401
351916
408042
15622
808859
737853
841156
672984
694288
420392
296379
347726
594842
266478
52196
865357
986866
888247
252596
726077
166331
698678
613863
552661
202921
154827
890110
257589
579433
788674
968450
434492
621766
696110
800673
404772
627629
909808
185514
563852
129962
819167
479148
685252
11130
822846
153440
541903
845117
98863
195648
552792
413028
525748
674236
143020
248141
497216
331801
338047
395046
300043
107469
391513
833727
241090
619579
159624
605014
115481
856184
548435
406519
112058
395636
392465
405094
8058
601960
613233
913311
484542
812774
288224
90043
970687
421291
927558
2817
167463
786021
509101
158153
220710
88903
556878
847324
939560
135410
405647
821713
233038
967310
547668
746099
595482
796366
16303
144369
925506
746905
884029
939311
510836
145303
348981
141883
632663
163161
103227
203048
669630
365852
339038
463736
231494
33786
959568
831153
773823
968994
182553
338130
714254
430375
649292
471353
153133
865178
214016
797366
431644
607681
542061
39832
34871
94729
325654
241883
258373
545069
450239
10201
223963
760341
680485
670443
662476
598751
734576
48833
254713
492978
434720
103566
250515
630502
397821
999030
73626
590410
582534
893557
353861
460199
495664
578271
564228
374745
671330
774578
824406
904815
582141
17075
801936
972367
21860
780378
76058
28359
719274
574248
743925
540482
327505
535302
509072
346857
612893
974637
794434
727769
740822
7150
17277
735090
847664
136601
562746
362243
724151
1434
650061
346422
694026
680675
934496
66677
320518
320758
829216
805584
24239
966094
645704
325325
71421
999331
512461
360809
858292
31347
807578
468961
191031
517897
558006
817303
678227
478264
966487
284765
531412
811932
526992
147691
465216
693640
744064
12267
441170
72262
781728
581526
898611
333825
164671
63164
369059
938622
240191
579375
585429
741834
510859
140701
733444
133845
81983
821058
367105
631403
577072
888764
541625
750179
499922
158740
369262
232205
492933
826808
615307
357701
210011
916112
828809
580613
253834
901694
229745
332778
33289
100889
20871
108390
382369
829546
188232
515375
619754
967252
341581
31069
377800
659013
577847
77955
245621
318672
371855
404826
3413
752591
469986
154479
186886
752445
563511
717967
981798
896481
694319
879147
906174
209075
40658
914836
248275
20616
894729
535240
300143
130513
917011
725291
630620
304777
221180
261123
292784
41496
177475
75643
952796
30521
701230
529057
81014
466583
907875
965890
144760
343838
867099
918221
312779
853286
853174
311593
201121
999664
583063
177542
956452
749170
766637
31258
325907
504940
452594
429305
816157
720978
528809
918683
301858
277195
494823
596544
525184
613217
753407
246003
273580
125792
291286
802719
170591
335264
469530
67074
710568
676508
923974
84292
748459
27841
229230
706501
162354
455825
696398
168576
997334
900429
762535
593599
365290
44937
558625
193799
594480
691998
924011
239717
471786
213087
407676
426289
366132
314498
596680
681365
145667
464462
563704
808166
393883
836750
310334
466408
780082
178626
954977
699676
936379
604744
720115
902935
553813
551463
989095
345689
544267
302588
290469
64841
902852
140680
670587
81017
219125
189608
555003
407561
75146
643553
817250
56875
636562
955347
86843
394024
286996
2059
61589
993431
221473
26810
15186
71138
805219
478899
436588
401494
171430
455710
979223
73437
380095
980882
812735
756928
395020
797217
808293
100561
944910
363215
158950
80680
673967
331143
522979
18664
825585
576885
494692
518560
898700
334803
879781
809124
16004
579105
481524
810405
347084
658877
356193
934738
670838
260853
846989
972478
779293
183210
65213
845650
358560
587068
21833
73003
750375
971932
432306
391810
881871
148620
203575
507359
726201
978409
829936
712027
965593
648291
557691
862782
680487
576719
567842
729414
296466
774087
437409
129800
322280
271493
606862
887101
366081
75264
208090
255070
422145
656670
251479
574455
331373
124359
205227
672392
975280
257812
265936
393791
471560
270947
83950
982295
94957
927072
259285
601
666689
642238
860428
770397
987689
694831
657559
629894
994910
106838
81195
662806
356352
908345
65791
389852
898604
374161
855685
8508
400363
772381
822294
276870
479494
417829
393609
537809
988324
517065
46229
210228
834183
230874
574422
435044
851502
393018
151303
752684
25282
218839
465355
59741
803088
590031
700661
274562
397450
238985
719754
801853
926899
121157
682865
518958
571486
157463
587384
312836
71208
921501
830126
857814
364706
56596
731483
299145
65531
774907
188703
548905
940300
576584
376295
554552
618403
96865
426419
462629
100247
130170
726752
611327
145768
462312
333997
948305
679336
828408
372343
257640
838436
761432
532112
254958
810787
697932
199302
912057
4219
283962
827723
867314
616477
790808
746817
940208
38682
230718
864345
674595
49052
772969
122261
13298
159127
690845
959760
967912
170398
489321
104793
335419
813000
857151
870819
375109
859219
57859
346177
40146
195705
384651
515185
945215
181952
101140
413156
128206
927994
460095
37393
399985
475781
344902
644190
901391
500361
752743
710299
730561
530161
620301
687615
987760
449012
682428
792529
274147
50684
399826
463106
56704
176783
535446
843793
585028
724187
595732
803262
35143
370402
736266
571711
753840
579521
924690
852004
193233
9611
305600
617292
382009
648610
513894
340397
697275
667014
3234
400900
312352
805487
843988
514430
263154
864741
475218
149722
897288
996373
131659
188094
524691
325328
872746
54574
245373
46474
802317
641292
864922
721203
711762
416366
452109
72427
755266
78037
126705
134909
368543
127967
640445
856353
465618
256546
414192
748235
561058
421440
978311
940218
228013
71407
294692
455202
660706
983583
229183
449115
981999
955279
51035
731670
826547
198486
987499
834065
201429
709995
212163
785270
950822
498987
71582
335850
313321
331346
604123
294354
551939
963806
40274
168113
599364
57446
784808
626237
34007
625674
167051
400010
596731
647404
172518
486331
365320
849298
692769
670789
413786
31958
461627
98365
972492
151560
574423
305307
561840
389223
304505
663732
68862
572543
11023
289932
24774
930224
45523
665271
434431
223429
104926
409317
899308
854053
242458
247679
220804
875752
62158
393641
289235
927395
468988
607509
876707
460517
377550
637512
330662
508886
86045
599275
189534
411820
690491
25398
111795
593128
357148
395505
772827
818763
837241
982121
554161
399105
218754
383851
113505
111578
245287
568790
705787
624353
140168
247387
283177
613353
242214
999806
689772
94549
885677
21257
885953
703153
205534
293631
543181
859843
521392
268476
50027
57503
10732
379321
214349
173947
17239
549142
101978
326955
844205
899239
565671
873247
247121
909054
470351
19873
957215
552216
338913
413051
822931
898308
353614
518833
963596
361186
543853
330209
305715
389707
752536
409340
656282
423284
487499
400884
355628
331756
296248
178765
247510
438435
946094
369304
244171
189716
113641
201895
424468
736343
349852
195265
117498
810469
45426
245501
504628
594784
83997
866262
831553
693820
659478
226392
346941
81226
296831
701838
25115
424456
938396
66223
824716
821945
292498
620800
719774
232103
173204
401668
182155
725752
195590
651491
965609
551533
571934
663813
405095
93890
290625
959242
757279
155653
693763
494246
759074
309354
15677
925200
637183
282951
41797
872291
25522
520653
382200
780528
87716
44958
34512
970051
765063
893490
341077
447366
870442
810067
821422
948775
748520
132670
23967
427953
727058
951987
67128
135720
627938
630346
293013
288129
793996
233853
223717
426122
498162
751215
908860
987545
935188
40855
796902
616346
55210
638193
269232
392989
25613
235701
588903
403977
943835
155532
863253
768583
896935
249935
234166
258774
423163
324648
232295
746968
60818
589245
757091
445008
670375
30743
151459
772378
55826
429877
596343
135211
892086
586502
172456
285983
570981
503551
427423
916859
731056
915931
412865
345982
904915
962178
565747
568439
677134
655137
845878
859285
154195
734923
36459
274318
659526
626713
850902
403605
633259
935078
128412
770008
116234
728234
294684
515620
714695
32143
348064
721618
24927
487510
848472
69648
40861
442725
208726
638326
761060
401659
428444
107369
92663
92177
664667
243260
903506
984668
2565
79619
650618
490448
937906
652607
620928
811111
994918
637656
681721
771147
796143
641556
983365
66678
825576
635054
209223
789204
430105
20946
444759
221872
828078
56355
904743
259995
632696
279039
208906
129471
799368
483020
438818
427985
396911
669244
83190
329102
699845
619161
145703
874602
638450
526422
508144
551567
330414
419423
887774
133943
113924
602589
404217
476597
45883
387614
104848
537257
37215
907569
556827
210476
611695
882872
729896
414171
84683
189830
218326
702508
369113
404059
350499
92596
497147
93220
68424
318845
42156
696768
714839
201790
293629
328492
641453
84718
582144
587365
95954
388246
956475
287130
579121
895678
439170
760952
982837
847336
908035
767277
820150
747712
38173
88648
408691
964036
499847
79935
459119
885821
717461
500208
199037
647702
860498
517462
445574
720348
282039
98694
356609
255272
137180
606186
707068
481031
719320
512349
724014
196
910193
446300
247973
355033
435649
788754
269522
251307
765196
606055
477129
437167
190593
181846
103608
543855
92001
90471
342806
685898
208816
403369
380486
181820
43410
899182
993955
246139
136198
516493
610839
700027
924383
280986
655943
866295
178975
83580
824752
782320
401678
231523
985160
566333
161747
757976
150215
396243
556978
111275
441204
303962
273690
283520
705276
968552
506100
496678
834593
113262
149689
262880
861056
161631
645917
292224
142865
12881
881735
644612
593238
893220
811062
451880
171124
6919
452681
645278
209525
193403
655392
528340
220869
497809
799293
493209
100713
410917
72690
210490
342521
730906
143630
242452
439601
618131
86034
610500
477293
344869
756918
405798
644221
849231
655390
360258
759327
657540
912308
874727
743105
948646
270672
833759
737032
828550
954925
226932
926716
725320
432493
631357
898829
597956
141840
152198
278118
786495
741597
196797
873662
652863
485101
446408
935578
485688
680942
950447
321720
863095
35862
224578
489162
363175
509636
52128
872455
219448
883683
543980
59741
182594
637933
708498
992652
20829
457576
553271
519893
803107
650690
125316
216849
387913
545400
653229
456233
615184
401166
484117
127167
162046
379223
255364
65391
353827
411998
896959
467970
540574
850942
921139
525465
981895
929299
592381
272203
207314
209180
453764
23847
376916
38739
97412
340341
381335
977531
903971
895553
937742
525143
269257
457905
514684
195474
479555
450706
236969
703070
536047
687241
409234
655573
212229
671586
654220
596536
484358
827409
556243
667554
692470
539375
247621
25574
725004
896351
694748
470276
608467
759313
43950
13956
907197
845268
918021
948716
299287
34475
2943
318809
25634
727572
465310
83575
292568
269153
680027
648799
838348
385171
383389
866712
157067
332881
829935
165572
981219
117006
312391
725688
858864
145928
872012
455753
185926
713039
711775
302333
838358
390193
517639
790038
226341
451578
378620
271956
566280
527702
89322
105909
456833
713801
887400
374720
971622
950135
249653
561706
107877
739575
878944
312501
921034
447869
104669
338677
66904
816889
92890
54653
606724
625330
129456
614714
984033
713175
250649
61123
731068
368119
194882
232420
783907
439672
303327
467020
268647
714678
694651
621152
711170
472512
684387
460984
313732
410404
309168
885846
570942
109522
220623
524996
233992
849221
751016
730416
89134
428704
230054
442046
339528
882183
826630
186040
412158
724611
169689
187052
446629
430197
486483
127107
149790
866486
634335
100809
209651
608782
670426
861690
783885
575379
635689
184117
468180
249778
280227
134533
49143
784372
672976
829365
237122
25248
483113
275628
8863
478684
904395
320207
313883
841799
978383
248903
898488
18371
301920
230034
489656
693750
388161
630986
119180
620442
180652
56074
361543
140828
743669
978123
435753
476177
459972
73972
662084
194486
195923
709077
159252
415170
30647
301526
238000
605305
648737
537918
677241
234085
853020
160802
312557
79079
960188
444310
684780
992481
459349
188632
609063
768399
523667
471160
46947
791606
470169
432499
175458
357599
850457
103419
834128
804984
344408
256071
148056
796224
491436
497982
92744
25101
75426
759360
747521
147641
278314
678949
25723
239702
656825
904269
293933
236795
248401
738167
569905
250329
412841
393097
599567
336191
268639
204743
639192
592266
215592
777154
91601
388597
280999
620627
556790
251591
634813
746529
444845
603900
358356
676468
143288
569587
219636
432953
56867
495956
7386
955083
126165
756363
633262
62852
944829
683906
694309
14242
247442
267852
887863
767326
778016
19170
596504
621517
542402
983823
105674
666922
304823
551689
96252
774786
710746
636833
948663
894413
814567
58310
39682
355641
592644
993579
795448
649195
351431
73928
823920
558314
301180
703258
24478
189659
998237
189632
365020
609775
435336
476410
450454
853660
40803
436414
229434
227501
266663
402363
271998
371629
470186
784792
892724
683928
414371
84263
553556
6477
147698
941333
922943
112172
192346
515544
131201
135440
38957
405646
195136
740753
269069
597869
719002
774179
28037
57311
519724
6480
180458
377597
759230
728672
495753
950681
715861
739796
525964
248912
412348
283636
597471
319412
554641
198772
212632
302140
889054
559558
803520
53797
670946
294444
826022
319778
837462
530388
382671
745258
601004
8425
559815
303495
997144
804430
965212
155847
952134
892814
873771
782273
718391
664193
147260
743560
693533
925681
505846
931766
279194
529495
308121
803943
103276
609968
921154
418320
856938
249188
342032
743399
840623
45435
608732
706875
6544
757323
394139
286127
580917
727754
728000
259407
204875
175860
719930
662935
256334
331140
630891
613076
976181
235792
803452
569440
73328
812466
868278
766849
13418
448096
858060
523403
675754
514592
126997
366286
755499
109005
157651
774110
503957
215540
835292
308045
435168
102636
501772
465936
607800
645884
425652
631085
906148
954393
91353
946430
257866
547948
836624
502306
517557
64011
319997
795976
742010
13007
92419
566386
235634
74555
172850
395518
183522
456457
881650
264787
555103
285788
997760
666562
159976
195862
328753
661982
913778
768280
584556
332878
681486
705167
564405
703315
312895
159730
479696
497384
631344
202767
456796
424387
502000
957092
395562
663171
365607
95749
805847
296320
947460
510282
231542
608282
937503
196617
378505
91480
926805
682641
116752
13342
680001
495243
535985
845277
260998
987713
743936
626680
35124
13497
588707
979356
609447
873507
485678
770582
886231
278732
887278
939713
954608
993695
929471
273034
411304
193746
739505
982737
782342
134734
26785
591618
607615
189813
56588
206831
807715
182262
10125
752719
138711
560349
209239
707439
722705
176306
514800
411910
843779
921978
968737
976173
637336
656154
890899
982340
212546
209554
911795
647982
778169
527126
500892
552609
307732
669431
931970
228009
954764
470023
491207
454024
985831
410535
441711
471621
634097
444764
852480
855806
58674
106379
915642
659142
412285
464625
640053
114166
43649
860208
45237
456951
75490
196203
873710
199610
557919
230540
484366
910340
270467
110634
68554
802717
653884
283060
197974
851554
336281
843123
939269
508990
857865
831903
821502
920000
460616
653343
997735
66802
327242
995883
891068
41464
167895
954288
371723
18385
22546
362225
42981
157764
647032
86250
31823
135392
358060
896980
123493
742415
458939
843820
103820
974201
465095
233855
464345
43502
587483
711947
753381
731948
55703
769868
572005
510925
910398
115052
478183
96033
3686
808718
611521
4942
607008
456316
847704
375999
439372
955660
628518
181467
797667
228363
206224
286833
778637
487978
415147
13148
219172
297596
395940
15315
950888
955073
956034
380676
301221
198655
743438
337243
637465
990151
557401
536359
490376
137459
447101
836232
681498
890748
792021
108781
7788
889659
711529
986886
141034
547959
473653
138599
734913
282979
817608
715711
137823
351645
791442
830345
647462
580374
520458
271459
338420
595257
860300
542503
645491
590143
644836
868033
75367
943998
313853
105505
599230
134151
973484
596955
653194
363967
840999
900553
87413
30713
72811
642063
724098
548113
678519
996919
993684
17235
941805
950905
678682
549761
187733
525422
48346
701143
952285
762897
941073
502053
121512
737556
154938
411477
337351
924177
92231
226759
166621
128237
15151
716553
466205
838376
600382
373953
411636
648799
343175
322547
335170
709838
56442
451079
79107
446880
115353
426495
56087
303011
783129
801062
496177
251973
491602
955169
873508
322279
129108
152573
980927
751754
718491
276597
233937
895347
629043
764415
503820
592797
962336
832074
994595
63512
74222
32314
48402
133092
471968
108298
318689
679421
556849
548983
330113
477541
174146
17790
377362
578977
880355
40770
202240
740440
115057
780137
10652
232688
531948
776438
344851
644779
719846
373704
38168
841938
823988
396122
791532
389407
499868
899504
726527
931873
377759
505415
304620
136255
622043
633901
188824
24329
986533
181122
63522
892415
619370
35777
284819
22002
444504
471130
493963
880966
202315
948301
594627
533251
532130
524273
645271
583907
487125
371319
567531
347295
637973
609935
301495
977227
138129
109121
701647
172735
484303
85445
896583
653956
430250
929744
485836
909230
471503
119645
241434
880467
207311
11861
413659
530259
683438
989300
423055
310721
933423
517015
984340
661867
812949
35465
242741
17063
962250
653105
58697
76194
959850
162449
719761
985798
261494
784787
565411
589812
857392
457977
581646
536597
370947
485983
936885
60121
43728
483563
801134
904595
430727
337003
727742
596330
209580
268104
121930
896422
710641
349624
648199
850371
611524
154539
690967
894990
235470
355595
835741
646034
947544
220986
6179
122132
483159
431369
755215
108377
622564
817156
441489
592579
411718
132781
292107
426199
551090
512918
943274
51033
13747
326670
378656
235631
375209
650435
924863
702015
213959
775368
407485
779938
612421
141907
759352
699856
172753
339981
215643
325017
983723
12537
632081
365879
796352
504172
564223
759196
314906
884232
909544
815382
327486
131316
679127
3461
413526
488756
63998
68602
374683
313491
950486
594891
145252
317931
554709
517703
879688
493601
721985
63825
641074
280278
898135
311102
516386
39605
21547
956270
289170
846168
455636
357872
80121
927709
576688
10771
340372
408791
232134
664159
861519
737132
558645
537278
814259
63238
776389
454747
310377
553497
870462
806567
873885
314587
740484
773826
602812
486296
801196
269978
390602
575395
954308
280480
723395
74726
322943
800476
742317
239828
465364
446623
415646
395800
509024
956122
890143
250558
298996
995925
476706
644523
273324
227031
503595
854301
804830
182856
682353
374418
859037
134219
405939
44947
387658
572952
369548
116812
895935
770026
347522
188251
537518
963109
552162
855976
277306
791667
305761
220034
645618
379037
922908
957719
487110
173154
505495
70014
752029
229656
113613
782028
360532
697617
670321
338759
444235
924416
546914
271947
254249
223690
755463
752843
776350
811185
925962
499206
767316
806961
625363
235303
36425
185155
290775
980762
456324
758936
141750
306378
662511
184133
377547
322244
35947
489543
839218
749802
329714
641702
13768
229871
574154
472645
992441
946030
21258
615189
171423
787634
398544
725950
740182
800070
723225
833723
818182
229633
311623
260949
986978
592459
420620
551027
852483
354180
896463
863012
334259
807155
665079
763757
890384
72740
391535
734271
342079
812101
643832
114615
997005
397893
853090
662623
306766
426322
336119
96849
610921
698613
976326
964950
806463
136199
568877
509669
754992
917449
163722
145194
44834
673286
106488
805120
747020
913466
718860
609447
414170
158081
413243
260624
238738
14837
648351
638108
970315
836747
545763
650878
173114
227748
195280
66596
351234
133253
708429
680414
602060
955231
901083
327102
832781
336602
121905
599508
973023
702548
969594
167333
72847
182500
82203
255062
702258
552856
705803
913360
947127
889891
182075
633628
943455
2400
749008
565537
139959
280701
700734
190202
222069
876717
920929
233495
682855
609402
934896
841145
225151
372152
305587
141073
851696
884458
692645
70066
802034
637189
422599
61874
760980
725956
38372
768252
616845
738107
813298
804488
574180
347623
542710
835741
609781
23831
848067
69932
420879
452586
954929
173370
318751
692837
336129
220101
187181
656337
228026
651156
357462
85760
623494
686901
893223
602769
977545
559259
595424
437044
597571
864121
596934
806637
967232
89942
358777
457658
325411
350778
573900
490579
179456
342617
91141
752126
837496
640645
438855
313695
775770
575302
540425
840347
977131
541008
942640
721000
642050
597100
510647
586180
53529
546759
285174
695514
437043
387858
419750
478725
256248
872840
406421
850127
370720
51490
500145
768301
510658
908668
473684
232944
630330
727506
8728
968031
992638
395994
969836
13039
280796
408790
488432
347772
776479
617017
953853
144269
564544
771054
623507
335549
617259
422063
37145
889054
251780
130069
839674
690663
539453
374158
447039
463175
966777
299720
984867
284370
548006
708666
274842
7168
530932
556069
95329
599684
439865
374829
400772
251455
831384
107668
179816
301228
265339
109209
263422
54690
115465
127776
979811
655204
134279
611213
933130
975325
791387
216961
507782
873421
38983
833495
76682
943144
371082
118712
24947
165530
160210
462860
388816
416029
309626
913611
797458
221834
960775
659007
307756
562834
381495
475584
360529
404405
174689
178609
988304
252869
645209
478254
22012
356222
914526
814299
193767
607836
751282
299663
977420
584720
37098
881601
164153
549028
261006
235786
406595
652163
829270
673972
565891
353940
663958
618574
245319
363970
410803
657532
650133
214686
58604
682910
849501
764668
305257
504565
190680
172147
448324
955373
20832
810941
676249
58922
36750
70010
426784
760134
575326
470821
573208
153936
194436
642773
325394
475470
537448
757485
66668
828573
333612
621557
399874
132553
45599
815404
584414
505600
742371
258358
134045
315411
554255
487561
353531
947698
497952
238416
18874
646379
101065
604135
698691
169102
501904
496009
382304
938301
288720
219192
667015
85717
367156
622603
432066
459610
583405
301435
846280
665028
725840
658036
797247
691801
800139
941430
2264
865000
136005
558237
263642
403075
542787
328620
677209
406680
357776
487531
624183
793422
781896
242085
80329
606449
361681
199396
226382
656974
252222
732645
209964
500370
317410
581355
804827
416050
67571
207802
7693
970701
114077
400137
659608
463581
341451
663293
42382
819624
147692
606547
741439
287105
918875
323900
749502
418755
22470
780699
538687
160381
959853
258263
711895
992694
508063
143279
415351
718616
113674
611783
855883
724790
490648
258850
644480
718583
178552
738774
673207
889427
237781
168896
463862
55550
961909
155717
931813
13700
422546
792564
249882
790123
698448
973937
888403
92968
368033
102632
994645
411330
317647
598932
372215
371286
472604
379043
623402
343769
654523
420050
211628
313107
347741
827050
682174
999769
421833
395103
314907
910392
69385
518773
743283
20596
933808
205111
71413
280736
39017
690258
254705
796994
105401
396663
617991
275036
142216
198935
487689
476171
15870
842271
416005
653351
806929
90315
902928
250020
998176
467731
472358
387168
317305
139613
438466
942444
385150
216607
494783
277265
763286
637871
734051
221287
190061
136357
836574
755277
684392
11354
320922
826189
360384
541115
926370
886599
605912
852643
166238
769057
690853
405219
337040
62042
277988
367636
862787
425864
539024
533216
847347
984898
996861
55383
713843
261558
986546
260543
496567
137866
505716
613462
761524
592124
104126
404489
942626
718568
596286
360260
161228
968536
22802
75624
931208
125224
855234
842429
541724
471121
119826
716574
425568
587246
28287
377121
782060
49951
697446
283873
233181
245082
803972
890159
747995
753042
934899
554816
99347
473403
6686
116696
381465
674077
101444
523981
525762
461361
701054
999201
780684
808069
233041
932768
836570
678814
539989
579193
130213
671883
138303
805444
585214
682247
106885
563015
714522
112885
594154
833484
986337
823049
345942
8401
574788
484080
248853
347593
779015
229777
227764
706371
252864
650930
440072
393648
681825
212887
723207
386164
540588
841463
991899
141993
159621
975051
971413
44254
362343
401282
627159
631546
563998
253198
825312
786318
182532
368241
37503
661899
514715
266750
850211
774461
581364
582090
974901
566824
520558
26317
417251
130235
612254
79940
804727
843807
744999
284800
248213
621549
209391
698251
224349
898847
810284
135434
296268
687428
780893
202121
513266
157743
297673
346107
425162
696242
52860
194008
411569
904768
864040
618597
271943
388486
440980
166434
793321
568793
901408
985076
441373
450087
291131
101519
757382
474390
142161
74733
251235
546107
187424
57562
571458
293418
997031
774671
626892
103493
492735
5150
20650
263482
473627
734872
371470
845651
372142
474003
548695
863519
927076
172519
596179
836426
960241
574741
601837
510998
519105
321941
63175
466805
453586
381577
356114
857424
745860
982495
617524
502368
18619
647338
181202
654798
101595
573045
476249
372158
551903
496056
550921
656285
731879
333540
36012
243309
789179
229622
678173
347648
410947
861247
399526
211522
628994
535045
467962
537270
837234
84007
437395
824683
574737
687292
417757
235095
34701
119792
72486
653904
946869
384669
783377
215403
296526
896905
571917
951100
212149
104557
780416
305539
384659
337560
320071
913104
683043
571654
199950
799030
322330
901721
673284
887176
821140
471986
231041
105706
421775
151732
296388
458652
65540
763923
582837
253519
988396
68249
811227
800786
324798
491960
435368
271159
492849
285479
269153
450027
870291
239277
956912
879653
300654
711854
339806
46216
70609
207494
979867
871509
521797
120534
880567
567626
929101
425870
7900
39897
924529
223565
610566
31340
355986
985380
639391
310440
352241
830354
360244
660892
605590
128311
992774
953354
295206
584777
335066
178190
381642
476007
295139
930318
798018
806544
273326
178396
155521
4660
67239
883597
65522
183584
722023
309993
279948
791129
681996
94443
88961
750023
705236
313135
427822
614048
784427
53771
428856
460595
917076
725659
344060
786539
776899
509209
489418
261672
142733
797826
528108
959837
857013
164004
667912
352321
691751
275688
274631
41207
663137
175843
384825
735920
241481
642020
258032
310109
953713
925112
252749
770877
53383
99009
949220
500885
272673
912911
749976
971591
537398
96911
969668
283646
791237
195537
371845
478920
929861
6217
488236
580279
780020
997728
434764
274258
636749
309039
83377
799607
406290
271441
147089
942931
903133
129933
110177
704243
27210
77146
396568
52879
941178
904173
281392
947022
98992
345446
660475
896483
276899
931876
429282
119511
327209
21726
168694
145040
795762
8882
725818
156598
240782
786611
286756
149535
884811
568507
83287
542782
391791
746019
382338
535226
978739
638366
119755
964278
946808
259719
936892
987461
493142
557218
300096
3871
230576
820193
344689
304587
426951
982722
639523
474286
838673
624319
690025
893970
769975
975265
693438
856076
175225
421380
71122
358289
969628
77061
474278
713474
921507
629657
972761
411939
220138
299655
198066
995111
323877
911173
997911
466008
837137
226847
159248
409066
215663
292617
743298
374953
255486
388270
581353
374304
925342
78623
899273
155357
754527
697946
989944
352282
245620
122902
638380
775066
53698
565159
621469
917874
803220
97299
386174
722620
229994
860438
856035
244980
704441
234870
300509
506053
627889
746824
20145
752468
728827
24060
415689
190693
746585
700372
385334
880970
71889
208636
58429
355699
380931
977546
468198
48022
752235
172500
565822
131044
917918
575628
476240
879776
989964
226305
957645
197640
262465
425350
209039
245607
176915
373103
380738
409956
56850
798661
886530
860368
710718
909349
703918
287685
967904
747531
519810
769912
765409
431104
530395
263293
410319
664734
167197
980143
394328
387462
591925
491963
648670
284385
999618
247711
252209
580997
614677
802205
92799
757781
550398
310899
978577
804200
869744
496639
128914
666938
246147
122748
179499
339825
665889
18183
802014
608563
569255
444752
895686
988715
144479
922012
456220
275284
265354
292247
255986
943463
391888
708353
768364
473775
898562
454058
317351
719482
464501
706981
814105
104761
737424
847820
539452
749203
399837
184841
949436
255384
201529
420422
590419
150232
949505
538115
301648
99038
521534
759818
221986
339515
382857
893625
358810
839047
409020
980344
254618
789563
824772
571623
342480
884499
405989
956811
256412
482026
610826
489507
142599
442895
629925
99947
891414
67501
498781
664946
378991
558852
11821
367934
117560
44892
218925
103778
872984
674635
55965
204709
392746
370258
812555
26727
66307
968740
264739
916223
241560
943123
629616
643410
772532
625018
797849
413566
510817
447335
624833
452199
171062
121446
826925
48999
117897
306648
797865
318683
764031
248262
991381
164971
764487
868386
31167
896107
933274
61992
113851
873050
15598
99568
772542
302600
463962
534090
48091
447074
372227
709084
284799
257976
412045
372299
408555
941291
483882
198144
521610
937443
832170
651012
994222
785243
848105
473374
990644
350649
97477
878668
939429
654430
115299
59562
858771
502703
826463
891563
726766
667902
338316
630022
355807
747796
955002
325611
385589
325067
977630
273656
964666
606577
614550
796374
148886
322701
901513
258303
108389
679214
220735
334942
136269
726239
357565
15592
985089
536594
846647
30380
406403
41735
497350
851810
240744
793079
37987
447427
265490
861068
944258
860729
169528
92302
453797
199479
902083
694665
261050
669476
907636
789802
329351
282334
391607
529544
43127
243889
355009
305913
773021
930768
55698
946029
902555
518986
79672
216375
256652
87478
966607
638209
80524
173528
313569
719671
606023
308047
705391
138355
329934
540420
438693
112166
567433
359257
719016
759244
310040
125639
863528
903428
699734
564813
245452
938527
793943
252544
489424
862634
23394
742863
152374
357998
643090
540600
778814
132522
698720
593392
90753
877375
14423
834638
17375
865619
225228
985803
931106
751400
497397
75753
697644
721728
777698
292544
768002
535998
84647
549484
721248
751260
804933
183869
607064
869780
847109
250561
394590
918356
620814
660362
270469
24675
289139
972635
925169
117438
351473
73151
943420
416577
594492
68848
848283
691408
133329
288240
191276
903320
573198
854327
960281
144897
85069
991113
14344
72833
645239
999647
747774
873850
957294
117110
693841
360473
669445
22498
637116
506001
733375
479234
288993
160828
24150
276552
464831
476041
863180
411521
149280
320905
979598
425733
593832
592507
430944
979493
912564
555895
526877
415590
173597
197523
336613
206567
350962
852576
577884
545997
19307
307047
219389
542684
77411
89980
398997
797228
662766
520773
732325
149181
180680
979527
473029
813433
924436
470495
523642
355055
84472
452930
104909
107252
80440
338493
98423
396729
321740
63871
107750
82143
135877
688784
581352
958652
715949
390104
696106
236989
865360
348426
860330
382750
839250
343325
271608
223082
820483
102818
61121
304637
996155
473029
196035
582140
323265
652751
825685
730306
918187
362513
539306
157564
218
883053
246609
235640
494549
614717
424679
995838
727731
483335
826336
109116
695789
145482
60196
495903
678257
707875
362329
366058
375131
896163
143609
145879
896113
608798
502106
204897
541180
693742
57471
793844
218820
256333
755163
112472
989072
632650
991348
59464
508296
55259
953285
516982
872243
797953
698422
282227
381821
216190
208134
504994
180836
320679
146122
612909
925696
21553
291353
886963
544612
455750
738065
475458
382140
831432
772391
2790
791980
256996
447380
164195
189107
353391
760243
657498
681757
279889
529280
700258
231814
609280
426803
636154
25490
373436
233874
689206
595211
727120
227035
166907
826080
26401
900601
822529
420142
688070
628793
306118
913348
764622
278220
589309
141698
699957
921902
962422
143803
733319
338960
539677
330614
430662
620794
699368
390443
682067
815384
43239
932801
211394
693350
960522
668059
429046
452040
907638
652068
799964
446286
747961
965276
3387
508656
883128
195005
302189
28540
958533
104855
123737
353244
269610
594224
780430
272816
342083
527581
44195
110261
712145
656947
687794
536881
515425
700911
119150
809167
522587
124965
50719
768354
76830
444625
166181
282440
882772
716827
599386
728349
926341
695249
316869
529672
100183
763414
330391
638786
218392
451346
392359
95269
92846
320568
848142
142293
79867
153641
709404
170795
924789
463111
274742
364547
847057
149279
512963
8299
589153
777362
697257
285417
184815
140055
138330
866640
788570
986429
147172
212612
100764
502003
698100
714819
231857
755256
530642
22018
686084
603863
942613
865946
880495
62882
80413
920225
484280
894238
677551
65055
811586
129757
673792
744777
364568
389444
843287
334242
387003
616826
732499
197664
764223
172126
392399
680703
160426
529777
275178
952867
128729
677695
309578
51954
802095
328328
733108
161002
475723
868717
519476
532872
3417
675932
875339
435119
890092
971926
271938
570135
465160
551022
400631
4112
534775
284975
770901
231099
836593
905011
252478
619055
344130
772218
696877
158471
29242
992328
257215
423700
99764
363494
16464
319711
906637
102363
368563
417868
281140
210437
103674
588107
334372
10178
224424
967030
762246
225835
562892
172603
379556
56634
828480
499377
213395
796211
869442
291713
472887
524902
3190
956299
80759
862800
420340
820137
113667
896171
646779
15254
96841
974622
827518
744809
797245
514756
125083
236311
88703
984526
429363
140680
666168
445802
128885
257221
714104
439545
518464
905201
349769
730483
461954
797721
349357
108065
531521
622485
546817
613354
133192
694258
255773
24466
866866
70850
204816
340454
546869
231443
673552
560278
236007
483950
375451
943383
95980
419413
368023
126380
980169
147305
845278
138659
366734
127785
592803
782222
801724
994434
952698
705004
445408
317525
640437
537331
627113
438483
218314
727109
837749
178724
166699
157318
60031
211772
116970
588753
384638
671086
669645
230224
515584
263992
162816
829323
463905
518299
267368
517143
34524
118326
525373
422621
370169
538242
729013
607728
679521
342376
152930
55115
110818
338609
23517
1966
1627
39883
537991
159035
481436
937711
913502
201761
790942
209731
819170
105734
292000
983923
588522
300521
646359
423167
596168
789202
227134
716200
351200
570638
610441
605847
53880
302593
810842
29947
177189
186170
438037
678013
643433
896502
917660
981304
407434
763026
399612
19932
528287
934090
554880
553764
614155
326940
680173
129640
808578
661970
840097
176548
425328
676344
242858
506476
496146
922555
587328
914145
712480
71158
636238
960839
129976
884800
445945
103823
637512
657429
320465
790352
980243
67764
246365
311433
178406
637693
622123
894767
988534
419946
608876
57919
206873
547343
219438
295132
589363
724796
881258
139723
462345
759711
140206
6355
242201
662892
63339
663619
562934
501871
923995
839729
826748
388779
236695
351966
168487
572039
534779
873193
927689
779208
578552
282268
118919
973756
975984
957979
892560
960215
386754
455809
54194
437265
995624
597218
688231
321564
174368
533464
452038
127978
120008
637929
298946
256563
474323
136552
36634
35215
378906
357642
325147
920382
362175
599794
890888
237828
124060
292163
408875
7981
533542
927882
759250
779681
763591
694979
732527
61166
602606
412471
319006
667290
105819
431212
139639
973346
319194
865403
415808
152069
748843
624977
557869
487351
250218
306730
494905
929176
212515
366113
751851
447742
345353
773752
920785
273782
206677
792429
211164
799330
898795
112698
312570
77188
731138
902390
108760
972421
950546
845711
102165
200012
38190
247811
872152
403484
278639
587133
850073
340544
721326
570167
595379
291419
180587
231708
433326
590589
729732
935987
790833
349462
89266
511901
577178
73838
908412
404311
608480
561561
818944
76013
62124
885543
53692
6442
458053
919989
633804
516849
275370
57012
677215
559355
886320
766107
835671
739968
753925
109773
310606
491389
645547
884006
697815
435952
102206
960323
813613
419401
954203
533953
275612
76239
662173
918596
665307
175783
536796
171898
199949
664095
22081
116895
41712
314732
698271
541349
743848
131223
313039
87697
567629
427204
550141
916157
673804
812894
9238
852541
388274
897900
356193
396880
851967
709331
604918
669559
706083
442347
648974
428014
83828
696704
359300
312878
183688
116986
914554
376816
946866
263125
816975
872602
568470
84622
933586
264699
678990
966320
546225
236983
36624
525237
655273
288708
197669
316620
538876
192615
369878
143258
657684
80659
318335
164459
388704
147317
664092
22519
886096
298660
830945
300807
305051
189268
255598
94772
814314
483037
191057
592239
838452
821053
194467
766480
663013
391121
999171
175621
907383
460096
735984
756729
640520
387907
789413
954959
173345
16600
956666
700232
880022
225639
844910
801873
695262
408016
854179
297422
888082
420682
363622
35145
27584
900068
505577
548143
976313
502347
367539
277341
85906
206597
526067
925962
474935
258848
825264
948197
1895
132160
762991
106495
992523
558104
157756
620531
413837
632427
573028
646625
623313
716294
655266
69430
834633
2733
42807
406277
953683
108722
706799
620957
799032
733184
915896
792885
989392
396442
115804
727402
543211
98386
626540
844081
372362
950892
612277
679164
734849
635786
467302
488292
108214
684504
164717
276286
503850
251946
13725
805905
17595
742555
519662
521445
895888
875494
133965
411769
162036
687526
324416
368590
441663
522436
598079
791214
474304
248448
307139
506872
65827
438618
987395
340298
314065
555714
311396
590482
203403
706295
220486
436732
76076
120786
335906
405409
27664
520092
379701
542305
634135
640854
683074
554552
926907
253456
453432
947174
715602
622753
167291
365211
798738
732892
175918
460546
444907
84699
723934
126656
134782
695040
973074
221376
913122
926975
763701
781285
69928
271927
539038
826084
264804
485552
799823
789216
211239
927374
905917
473885
312499
361283
347516
717536
240410
614226
357051
251998
261076
653173
520317
587911
475377
587020
455748
188464
991346
105136
921758
22074
929290
57033
249164
128407
917027
385893
584782
783114
367861
584984
912228
539945
260377
93583
441367
973725
943916
816279
534993
183733
862068
769497
938381
895653
737038
225152
985646
852070
163941
371857
118943
972323
911219
78099
158870
790042
38883
82064
226441
371886
449147
908532
460878
383393
978736
814353
821875
352803
632752
394
595222
668187
152629
410323
292002
401534
923770
450542
500535
774838
203719
681430
692995
156865
983900
237223
866409
168106
239410
249576
839952
501440
65341
840424
740176
636207
102261
443212
748347
872352
27042
623946
906041
308884
661516
717966
226180
177642
198218
666506
296803
136332
736860
864067
653763
648812
251458
450334
120310
678480
793005
920488
343719
773501
19335
996441
321032
327884
353453
8830
932919
410055
958224
284860
689314
379609
996591
541401
406544
813859
31225
430469
471267
627510
933418
298176
465822
42650
795270
388163
940056
242615
311196
337777
552365
516002
851805
212530
841803
96536
165727
828003
33866
479335
61670
966284
820082
895039
709393
926299
309320
455518
631201
703976
373821
366362
804287
599795
312546
520132
486365
453210
460082
517593
436697
544080
461338
439446
368478
731132
111114
518805
597170
178122
902691
786437
578491
222915
305650
153135
521687
119811
389759
126573
986399
535255
529567
377783
613823
599837
141735
747761
981803
911216
458868
849144
667235
102185
80026
767844
32195
669154
750629
144507
703493
125885
844421
146661
853882
887121
913702
932782
939269
795432
218489
60400
725055
108095
863743
337654
87017
449266
66032
636529
199506
383477
941865
171180
284665
408912
680474
942148
337841
398870
358133
400397
121256
786154
582554
81913
902551
376627
896912
600093
918859
257957
953880
573997
203717
67465
17819
58296
711436
974468
597285
315745
370020
92635
284793
518765
455065
181475
972676
661964
231313
488326
33430
322679
914614
140328
326308
170485
584068
289454
828916
565213
418334
713734
83484
460211
567221
723609
868996
431430
617210
389066
741185
463652
253550
643917
456637
274839
636726
623288
229712
677328
843617
612862
475393
755791
661499
623457
646753
294026
541437
417735
283998
31258
202084
744019
9445
245396
222005
3576
117604
903017
799846
57055
488777
139493
805160
701949
151948
667747
328097
28835
293951
108983
831060
135141
13976
329761
668329
661460
940365
636532
638181
714308
412688
828855
760966
661084
466561
563287
417839
255607
489851
214959
213091
600875
126343
592011
801703
981347
596519
478003
642807
119281
569866
989294
105568
683055
515818
438790
654227
574833
575982
827896
376125
274999
175396
554112
820059
494792
862320
137068
153319
210478
815718
71342
395628
957840
464148
184642
686570
446449
997937
811956
760329
495650
541632
442848
335110
38803
255297
514058
659712
774231
631597
246596
852147
319804
714265
550134
173592
262273
196443
833817
282712
142035
615228
888387
60210
981141
66247
735491
407713
356918
685102
512935
792281
110208
414092
683766
784779
310332
325166
535279
101493
260109
519076
474411
30848
19177
713967
990365
102820
493737
166488
973929
747102
311083
585739
419942
1115
259349
497190
596398
7190
575436
527183
295314
243865
396476
802655
192011
43311
186386
976689
648472
940307
718140
738280
572597
403899
407713
229434
359509
210050
398410
251382
421235
311178
866347
383079
966216
276406
73040
42711
374080
784675
29280
767228
176537
81613
87461
527348
607543
128145
616436
362344
894909
348361
862097
995267
930666
817219
897744
922891
851127
210857
93549
981731
583159
977132
4040
266582
661226
284324
643677
687769
551208
156633
250838
894767
582182
210984
187760
708870
608806
451436
390558
305849
12556
961586
786963
584733
302913
487926
767124
259421
969779
860583
636905
55678
220969
665364
947865
865179
880189
962253
591420
318574
662350
641983
82522
784874
200757
941832
237753
110730
682389
313752
443482
996034
228496
753745
513476
516404
659523
36403
796673
76631
724592
418412
174252
447319
656747
35503
678576
825903
365412
691150
925154
485132
223082
340170
879555
422504
138467
961939
526163
384522
423534
848603
211397
90085
634481
41611
255003
76108
47964
709007
152194
745228
243498
653234
344475
293898
606476
462084
851327
716338
969371
856210
937837
772880
736929
763015
329057
397721
221710
433160
383027
55565
437984
778280
912095
325212
137064
22266
990555
565284
618454
136043
358766
523580
157202
261867
608463
792957
719690
911511
339112
298901
611251
330884
567238
244809
479000
867369
568697
970039
614683
248421
74935
715269
607494
250253
466528
289606
188658
685906
397363
916889
280106
978693
363017
574751
260882
776869
531068
748178
261184
267634
353754
430313
148948
32408
88823
670599
174055
162353
816307
158645
318888
229672
171524
973770
834711
89879
928608
300713
369693
408394
399939
740451
638419
54635
195046
586531
251450
748746
336603
867822
50599
380750
652023
471338
489495
199948
423714
247749
783670
444764
907167
61585
459477
751005
856643
862893
894802
533271
849571
439578
557638
608409
53576
466314
758689
7695
191276
303552
512017
362745
276719
504725
97399
802703
317434
855875
276655
242544
927506
970050
572996
674578
1707
31163
888110
96430
891013
423134
784159
492641
530775
757681
255561
484596
506035
250853
292413
943135
731925
619573
112990
823951
131012
389113
940778
976249
29192
196992
170988
407596
830618
643573
862467
233123
463884
219610
103314
206401
545648
550965
500575
678918
591382
206578
786854
628077
231443
677589
119081
274001
145572
13686
962754
385786
674762
173498
765163
467089
584110
479560
407212
300465
257140
90142
118039
509746
559874
761699
19374
717039
667947
887377
112529
501752
436601
201773
688208
454911
910874
732600
777415
803769
421796
674345
898436
21847
640405
639248
210257
330259
741630
484309
677354
567150
374926
181525
28028
953663
153374
756963
641347
686124
560354
24270
852381
668891
691599
22932
291734
847856
648599
171776
144190
230603
449322
330363
592655
407278
564939
679819
249887
735254
165481
439812
183907
984396
71721
49588
464096
578821
384881
47621
736769
482434
966712
354915
624711
268789
525764
846307
731404
642062
75088
393741
568067
991901
919789
383578
529868
737678
491875
609891
15569
411012
743370
235911
107982
576266
293532
223805
689845
543657
448722
822707
620279
619057
176157
2379
769334
40990
676893
275176
434429
102621
537307
382411
830868
735568
578126
110136
940892
342406
383575
49099
925817
84977
306438
740129
422845
528875
228881
933806
845025
347259
356017
722485
299723
343543
638930
487938
324486
165661
14629
346469
429358
754429
383721
929116
610526
436527
576036
232854
683253
553369
91460
545097
642159
245894
409765
850758
594955
732120
501224
566642
130635
243363
257743
321006
207633
54856
404354
813382
687601
784735
998207
138601
564916
474546
530994
578140
117855
420556
649359
282262
711094
647089
794331
315486
235758
714742
758737
793906
384847
785744
644188
277824
305764
455205
68804
692796
994725
370140
526883
731457
581231
855778
43613
841534
413947
230204
832418
8336
485425
889478
458959
971126
589541
166559
465079
194082
794819
453811
558220
271575
340374
915353
501171
722886
27626
335733
910568
440627
621525
487606
226944
968721
711082
922582
175124
408629
893809
827336
229877
460785
751056
903201
364635
461066
349839
402987
219611
395734
865363
167102
677670
878316
724069
104356
455122
104291
300996
458718
292577
251263
181598
143404
383199
321139
695402
587585
730676
47982
402093
149145
67605
333874
160251
129545
694457
878070
514378
532724
568762
894706
990295
112182
425221
657319
358088
845347
572896
23109
415313
482195
172525
890682
99284
166562
700385
421116
829543
454452
552860
922717
445436
313472
571115
612719
888552
125914
675695
622109
171902
95208
375342
29319
674351
400858
874088
736694
514201
521829
325405
16836
271072
65563
851971
699606
787454
546606
666977
116417
695107
614668
118885
975896
631356
310015
127000
735314
402936
197222
854192
725176
923651
376406
376453
931342
555665
779909
183050
718802
393442
608213
603496
343424
192799
643202
424861
55244
987457
965455
173298
606186
424674
303589
63797
938223
445366
207884
395525
805963
202064
953486
56072
535905
929619
685972
203653
60963
445078
978230
54011
222721
100390
433181
960411
899038
387485
300519
576263
795845
786054
633350
969902
909213
104121
507283
705906
698757
773074
890722
81190
234664
824413
351245
803384
175166
62629
962773
706297
893038
233345
548447
345586
723378
859489
680390
409086
554056
570552
898274
448871
514793
246636
555194
248747
7208
127995
937000
933566
711321
693411
932021
638886
381655
683345
408928
717566
783084
935040
460572
941967
937237
643372
965313
810478
222702
770750
377032
480861
915412
662223
362766
271479
666986
873249
985331
850526
310761
831437
324383
499584
487110
545539
109131
838251
9917
525442
123329
10453
452168
31572
749434
904777
643933
260926
734036
166753
76791
221927
634176
618089
190146
601265
710504
788550
774893
198764
512675
785031
15695
155567
53229
374442
495347
477310
8270
905798
594442
806801
567596
726880
482457
434739
918088
47889
21550
987875
510348
72814
551477
946092
772363
288536
319540
766999
498651
577863
579719
134526
491275
287369
476775
468481
254382
240191
735310
174084
46692
398232
774437
159622
715538
914813
392712
955866
857415
930201
517681
202278
20860
566258
155046
129777
847711
980596
704596
679204
398203
955222
941567
17630
623920
908795
956677
160335
674272
940843
654170
268452
904422
250439
605780
870641
437594
881917
744841
634195
135745
558350
42430
405804
748624
394810
292174
663740
2055
449484
884670
161846
260112
132982
847844
18788
725031
163838
66125
759239
110611
437376
105588
446163
421624
283925
122497
359199
951421
829916
613948
989590
619527
624330
7058
205061
782558
91745
99814
511897
389058
438972
551194
998048
825844
593464
463993
947965
571224
4363
520096
452027
866322
89055
741619
167059
524364
194554
554567
269561
443918
772579
836107
378430
577787
758274
189506
55753
142057
477356
145416
995469
380664
583109
157371
428727
228710
461809
119258
243675
903598
937792
704207
951603
435914
539957
677821
740013
777835
257543
33996
947180
174484
297920
185993
895078
655043
842007
239537
700067
349766
95448
921124
381121
429231
369043
541227
341160
812162
426542
472702
85384
400650
980099
889339
415079
322570
798702
982398
249142
395493
939080
133892
716526
286420
280323
131819
495624
455928
371547
582692
418340
283877
168110
888996
313193
348909
832417
835629
410032
451445
220248
561623
535843
135657
621796
432520
793737
855098
914574
341159
611477
643237
991515
24875
320679
294956
648881
422512
838911
259194
759080
518321
810741
261319
407554
915971
584003
567977
11387
964820
572008
653496
533534
611649
234007
597270
803672
198261
283800
634327
246073
115468
997723
32432
351223
973062
379100
421404
773277
816136
845176
303374
379798
757695
535666
599747
659535
270798
160371
908480
67513
534319
279420
298346
119854
664901
207463
142607
987662
980063
256219
472057
248037
288177
508782
153270
986365
987742
948084
905622
86066
585449
271060
585795
173869
94695
892182
892362
104563
378045
539877
205547
178885
863411
217640
458566
959719
732198
543875
712575
152798
294645
314354
250522
530329
219572
279395
26619
160314
903633
333604
373085
688454
31388
292058
251406
541261
350483
396579
739198
649956
697408
318151
41551
108043
372631
96052
743356
290604
163105
883066
634107
949107
441950
77304
640037
663393
606597
972494
728443
783330
432156
556652
778287
697668
375231
784365
440697
914079
891082
422443
123013
94912
691605
697218
751257
682536
932080
808467
163546
306096
818781
571016
313589
622374
280079
673281
161424
123674
550289
546248
37650
176024
822503
41700
355240
393083
178700
288456
203325
280430
154617
954466
753337
976403
873787
290359
266992
315888
356410
865048
285736
147700
291722
855477
661034
593276
190642
966166
564583
782783
240243
766520
203787
413884
678539
240517
243186
765099
575748
39276
219850
471006
838732
704282
494551
348303
819766
413682
765991
603731
6243
685714
690145
477833
303339
216571
259482
898816
96987
882963
864307
475794
43391
104026
244222
347410
836419
364031
510746
502091
233446
822063
378162
673558
803414
29242
820759
669879
351461
662463
996140
147748
543111
937040
483326
553701
80415
364848
643885
968746
510556
721687
988986
334283
666280
536990
148103
199481
478793
252542
533979
633022
275184
396232
693061
7037
781193
227653
204839
128084
82033
705675
715218
760517
526107
878757
768627
864760
187151
579619
690095
198814
660401
346422
454818
530447
976270
443611
715112
56083
469531
1359
533745
16246
697713
584044
72255
801469
291837
923910
726558
974169
26858
458062
191692
518928
100977
757632
447125
374416
926885
736859
812259
468789
332430
18199
359391
23978
223249
200019
244193
138401
92026
125637
935896
758635
584466
674933
220615
225266
279445
385340
488417
476277
512089
495152
708295
261577
889802
325290
731270
66379
465293
740064
738672
497965
133514
615160
20915
641079
524529
788465
472284
932866
364853
491588
597179
902993
279768
10758
136570
54102
419648
865842
863267
737182
854109
799124
886541
983333
573683
259055
523512
550491
896575
785223
608119
390142
127529
659217
377697
648923
715231
571534
740397
984428
765175
840354
686631
994058
147506
71311
495993
544423
220277
954659
4055
197400
349007
629221
15009
383970
133876
235571
741547
205482
237438
128489
717289
154068
977947
631385
223585
55428
961936
621543
633131
945200
516563
954406
628983
104958
613378
916281
485972
234065
875720
130279
465738
43321
147854
510937
554533
501331
417854
868651
26594
983645
759407
135891
93198
769491
417296
101499
189936
447604
17510
102654
414550
613922
430498
590047
21627
875147
977517
193446
466622
188973
35562
302387
61972
229870
936203
583676
945831
408048
204713
587014
127010
348117
529919
944709
282589
988895
973975
99085
253516
707834
653393
985958
29358
430328
922477
281562
743016
23123
663840
656165
554829
996656
878474
411424
105058
9542
345555
391632
660046
286535
499479
428209
801014
839421
90358
291376
541114
902266
689873
599437
763829
84490
307347
690400
303391
645971
833148
206396
785916
214297
412917
642931
351964
492796
501319
120743
826500
107474
575210
791812
376596
753433
263904
337119
40734
827866
498495
237804
354752
467505
469239
981055
362191
726331
495173
33119
88054
168759
222419
913374
709914
54957
523690
588758
709982
428036
580195
639002
150179
141086
384254
806291
513556
146951
290311
208059
769391
812111
909904
383556
42996
321512
850661
172342
854875
480204
681167
947414
905668
381363
634868
394509
90134
439603
58030
335042
347290
645244
190413
572182
272702
189537
45735
87675
444309
844228
802462
625329
895167
623447
619057
349340
142990
479485
134923
999231
193140
343259
405744
249089
191749
633278
333157
374011
764764
362114
659178
505050
294748
244275
928703
222989
224743
235870
289540
397439
459300
357761
339177
332945
143889
277223
90276
228951
363994
853239
974891
375633
445874
264589
231215
189683
471650
75047
257496
61858
784859
862989
382551
707122
984667
656589
321962
211932
923209
492032
349581
398307
708699
163837
495794
380150
469749
60055
702720
19258
469842
987180
208134
213732
662989
91833
296088
407611
416744
679312
716254
851029
743800
494797
231562
990770
334928
896782
9380
290015
656978
934541
739285
600131
642542
610288
684237
249553
867961
37086
63007
127669
68766
523971
368572
984036
365762
598172
336997
40756
665816
877592
207155
939451
711930
545269
279483
580834
746797
662048
640576
85226
374617
633572
347165
143049
803133
653667
969701
909126
685272
397668
687405
383684
466975
991687
789688
84156
706573
865521
674109
898079
915285
462325
927828
50645
635681
984007
665002
14553
65477
938959
518446
133164
357856
384148
512713
246885
640870
180312
821827
523140
781083
282458
1574
615181
670029
596920
369540
946301
653854
245403
869458
631519
425351
444555
822410
848235
323334
565939
408482
659247
37034
457430
97150
156789
979888
505558
987325
885990
196903
580051
8260
763643
469719
634726
711633
646519
108073
88394
223033
294107
661369
887482
863206
899977
250341
51306
12304
741248
632691
29034
350737
582184
916317
641900
410796
847336
344089
253620
81043
25871
324962
955403
745500
303022
724117
64327
774319
740423
134103
149043
184944
399920
797340
424751
421749
587169
527299
326924
820412
857197
644608
191050
99696
97553
511093
484173
844420
356417
810864
459569
66959
966449
737405
267206
72102
182162
604404
970637
636572
129564
620406
487536
767626
81863
217506
427220
229108
981574
2607
74782
192870
59296
423531
377568
364624
52704
598421
789480
365270
301426
229490
73204
115600
766577
461788
41052
86762
253944
652277
197648
30805
890354
151383
136409
65314
666433
940228
198887
735809
337184
670743
483464
843781
701500
33767
321416
355748
992983
497553
257960
35333
345693
546006
423037
675943
553986
75376
590867
794458
503845
266307
611808
567280
726488
322416
641704
259269
110249
637991
715972
498528
567085
977233
334211
62825
730644
477442
432265
915830
432486
292974
905835
66812
596411
940663
579826
682006
356287
735333
358884
740580
499552
449208
775444
209892
944062
776749
812415
677648
771419
97336
423469
14039
507131
758468
621633
985241
534688
464313
766113
285710
167383
874760
687979
396966
234264
595123
581849
248275
300483
425675
110261
168198
716121
320347
224995
460977
839364
152135
176978
315034
566663
133994
912447
355235
587212
282252
324346
516218
918560
244911
599654
890913
4428
420559
190867
217481
866722
990148
414117
472294
776219
871224
980560
687985
295085
299081
995079
865912
944213
40586
33747
920587
18002
771737
590842
820910
626402
512331
232925
416027
688042
968377
502766
724045
579828
554842
138698
190735
983638
807200
28345
953984
165568
880204
456959
70852
781996
780540
362126
170448
462875
303149
404811
982210
96159
433904
546135
307615
40858
278843
676976
804251
729016
169312
731307
581373
842315
979314
933485
373378
278820
911254
405657
917941
326455
638278
773389
963564
653587
849754
580246
153398
633636
151259
63800
222133
924094
701769
315743
306240
428890
675834
855803
332477
940876
182963
605009
196346
302378
459732
799815
255968
652387
273306
400484
238195
433470
123999
917192
71615
610701
306864
606307
20920
552787
769650
296904
405589
322296
24002
242900
900728
284927
379945
370605
86115
119056
61588
316678
527689
390005
124034
203496
882413
290033
184976
310676
327460
30734
62433
819236
531297
274432
924431
535539
18302
18076
813290
301451
88928
666833
905779
44922
242657
563531
192521
519248
970687
736965
881476
956667
66491
697366
460574
163110
286837
210756
135567
282561
407832
523520
326930
283293
221431
157903
872449
145628
131302
152035
525668
328379
55667
543828
265404
853103
347351
409883
195424
210880
881942
294295
383063
823613
608843
821734
8987
737046
61734
67958
330169
190008
298050
880618
705689
387276
87939
689031
376386
565211
854559
687502
671060
682676
980861
248157
495602
195405
467160
837388
388803
639722
260480
877651
256936
456744
794464
324479
872841
976504
826071
245429
799830
154136
869084
757692
537488
768482
997303
980533
514520
62538
439861
104304
190811
193877
713081
189123
437442
715174
487303
298737
323770
792270
57791
362440
48378
80342
609979
751044
946077
293620
654223
685513
273537
562658
676035
678133
677536
16462
256103
144806
278285
931833
607041
20565
745775
375869
802582
193624
419629
203778
114402
736362
69392
379253
475601
964777
615862
620456
68282
691719
726802
496338
338734
782725
124500
373347
235371
232840
223025
27196
142445
559623
478295
767491
924100
348211
281327
94687
387564
909072
356693
233075
928594
757272
248118
459649
766674
494327
182951
939405
71316
343014
948167
184858
193390
448722
510022
771233
55423
787475
749740
275183
866897
575451
967214
234554
173621
637433
151792
453670
156010
281690
112294
336839
850792
967392
552981
813078
635046
214748
337615
418503
540672
5469
84492
686674
603745
245604
749053
650258
606612
398836
206260
123366
481002
296417
106818
11727
43378
971295
949572
108834
414777
120124
953204
737302
941665
270398
216811
163448
235288
659976
733771
711152
143827
683816
24089
488767
686683
458460
221090
409393
99422
677536
612904
563265
505569
455508
554386
173604
274953
561798
362928
918115
848825
161097
528691
436513
868749
280454
631283
391480
446061
723850
731393
198069
500306
602145
398341
775681
395011
30044
274538
743224
829925
26041
373474
757259
699420
667499
193878
221615
345089
610267
16329
859253
98428
316332
93702
100014
642858
295782
869734
735113
77588
184211
231331
265668
312951
445208
642050
333500
76665
525471
998555
266710
581073
696578
403288
304470
640520
992699
476056
356632
218914
534867
720719
153601
778821
525642
177454
672157
280753
55256
288663
471149
961848
824270
825054
834530
715398
252310
657548
810239
436369
590538
87459
56994
162292
321825
394260
350604
855429
699552
159427
588793
225216
305765
981496
368837
867030
87027
502311
489064
988492
482680
605924
261988
218986
849680
988669
908357
881018
34466
172108
799855
622872
421867
682195
350850
259104
988843
743256
405118
167050
80761
910300
706996
224460
831342
378861
487736
452010
598738
163764
92817
165436
5917
601141
169364
946202
712730
643077
316156
307076
654960
978293
659136
554537
917839
957343
664108
191315
351934
261795
554654
684811
173789
562387
935471
938599
655075
958734
338565
510861
240021
102901
405430
797272
422907
409239
433842
641553
478193
543793
765836
529342
596664
20912
506092
336017
530879
67391
57317
557485
178820
94393
341505
362989
554318
867551
125903
434851
441123
325027
279207
251107
837355
226360
819975
125255
527105
684889
554033
179663
247927
53266
592045
304069
404142
968885
278703
448656
840634
709430
261679
839243
881529
183136
18143
627207
176063
294653
374039
98216
148454
394933
528186
681945
285899
674193
478977
958138
312779
531246
672678
98449
573095
733166
754740
559389
994956
418126
609805
514615
362938
560181
317176
82623
888348
187387
53694
774690
789263
354207
999560
198624
602303
151300
580489
344337
930998
89597
118729
511466
273625
11127
423062
771106
630766
236110
951220
597590
240024
332325
806081
50374
453216
259844
635395
397194
826947
225761
676070
442096
843437
193335
660245
102172
4151
357275
826515
227184
810461
646219
480994
305665
346629
223569
81584
399444
106197
610188
331547
98209
491162
366171
895892
215361
958907
141931
894724
913618
471760
571810
669568
759183
317863
432820
520267
627202
430891
410239
704387
176590
627687
899044
596719
15107
501853
580019
72212
768211
180041
161774
588244
486875
316047
139454
748700
743582
81935
893583
984470
278015
232847
582095
988795
660682
760597
253703
235495
970729
849133
193520
140015
885993
219550
771508
273711
385709
713348
301602
796370
202675
939156
256026
861458
715691
67592
732909
937259
93974
946215
951368
406275
413453
201817
644425
387379
20423
454055
425490
888555
825683
130673
949176
181471
415491
604658
993462
170097
993049
494584
741979
758121
690647
57159
452902
910066
732773
304976
520579
812437
212627
312827
979824
567610
965118
508177
225551
780132
339
348109
874345
136042
617356
523141
998464
562658
910464
615261
778905
966879
208027
499715
450126
691706
700858
468054
431002
21674
24230
565601
302056
431203
376149
419430
39960
45387
404727
143770
914054
130195
839119
113993
186092
106034
80182
423340
886873
751835
213246
882269
9367
35137
359811
67886
187427
73054
678699
867693
24443
997580
959362
154746
357271
246204
778220
167881
920601
849103
657867
254853
713223
408155
230817
965496
541482
842747
518000
596640
432791
266255
214809
13523
76154
153378
122151
508662
53339
66532
623614
736925
663513
54444
55908
671092
454047
615580
343807
439593
294482
159764
382080
185002
75970
653686
788883
213213
329686
858648
605612
941459
766193
439851
197634
662442
600341
633997
605536
322725
499727
582761
780454
602594
553125
537807
171100
789479
412869
841994
792522
632400
886810
990291
835838
414455
158788
558789
937552
409697
789972
283898
524676
433053
654818
269637
306402
688307
267908
197334
582512
597796
589751
113878
749630
914355
453809
32784
250749
123824
383396
369075
56084
190877
321681
8928
636242
225002
9052
170159
460710
33045
287548
283390
487368
842042
940135
48832
797290
135591
380586
350748
27671
216212
472679
465358
340249
663997
399511
568970
120827
665555
266359
189659
689031
17857
639570
277955
907761
175494
539488
337889
407456
72325
281842
200234
752674
185075
825310
408689
104323
197487
29208
205647
598949
544860
527712
307045
345228
940919
449850
324912
109865
848819
105990
926142
367267
783198
241432
788460
83879
175327
246232
925157
194374
641100
392806
146893
182879
738333
31420
38546
370035
44825
491278
255586
848772
957746
943494
292648
170307
706156
128011
936505
306731
614663
43310
853671
78677
783558
582287
168103
457733
833100
377778
992372
719480
633099
809267
645929
659050
121540
518809
256031
118755
574634
304403
587400
781633
78992
60328
49543
49034
666153
63360
718621
902258
150301
283523
601755
846841
645935
643607
342683
234829
806341
186679
229407
171517
796039
995465
217121
748917
525258
429249
866650
943479
466553
154961
768121
773437
381004
139752
567714
262762
838455
577315
203699
195652
169002
616526
334335
559115
934315
143406
961105
441335
118675
968854
536405
197291
621412
5460
329526
80486
831477
277078
628354
506802
561673
90104
964114
224121
52685
963700
233287
239914
41976
91707
557651
460355
488001
134014
743472
931025
649375
498782
472108
188099
820496
48747
493495
655654
355302
987451
196997
244573
398724
899972
711397
212874
875257
217752
87870
275310
586907
948269
425207
771040
270934
176096
313510
762575
435229
156800
655701
381668
577651
208324
157474
201211
809908
931687
189451
538189
223832
43979
579905
141146
489165
816722
730668
866313
879415
867754
42374
132830
482228
978716
769433
732622
985982
799839
347523
80998
684521
214404
743402
303273
596142
36017
866252
240791
642740
772548
424257
215482
908468
338136
662695
234440
211653
377933
483111
516572
549870
480392
27954
525757
184992
412922
123741
66674
49068
619056
300533
664235
38196
731778
863095
861893
365566
159261
7441
99018
384128
869181
667007
246151
210128
489104
361642
398556
711856
218179
507930
524682
782726
548192
823788
738944
785029
162525
517499
500643
175719
62379
426906
332247
35340
47635
227205
921557
991946
106011
95061
714867
704029
814182
295670
278279
228972
219517
144876
444982
658826
103660
356921
446678
59094
199975
658090
641594
435996
510758
585439
76975
843853
108823
761481
575543
117297
856066
355358
923543
767075
975435
981597
804832
514462
102283
174868
723374
322225
969006
254772
970478
594665
231206
850657
758810
199809
17476
886683
568416
63218
273762
846695
618484
305726
608981
181860
651244
434612
994273
818851
365106
547428
246768
118293
730557
897444
574318
284704
394124
884025
977958
40661
571890
265568
587510
567062
317256
416124
881376
626793
878036
773280
449247
324789
709084
225797
832303
960640
281983
830728
616065
318509
649072
774612
862747
387110
635327
779040
824793
430224
150852
450787
945403
38973
866516
15257
361341
16240
310510
302367
305643
451778
826808
330717
427687
438271
955243
804408
893507
113578
938487
96239
701121
274131
452477
369994
291942
452787
696246
425252
360714
12572
492126
838986
167954
839940
118265
232468
774727
232151
463057
92395
212875
128108
615569
633821
716328
240184
193041
947256
61872
72522
646903
633313
454105
440949
624351
729375
52199
548225
19003
256335
824307
42836
871237
467602
30944
4025
443927
92079
565031
973533
926357
867574
583414
474963
95007
758611
671398
641547
672134
214679
82925
922902
123868
389500
426295
934849
400620
388284
837470
28798
227957
397050
992144
397354
295139
598793
724469
134795
718098
349905
754180
720499
65940
265853
193446
666456
237021
395447
247617
109663
727613
123854
101113
26972
645253
630343
578925
972834
234941
857895
289925
842111
726479
510201
715074
617638
916488
961240
245468
887463
126873
479668
136206
729845
776096
154190
961231
648581
476399
72660
955523
782864
873056
537568
282394
65324
578660
381871
895574
346056
344224
507111
261132
964699
285846
525245
798967
432796
137605
399392
870738
99977
200944
645797
436541
901511
927853
170086
322779
350069
941370
229798
190229
258102
997597
926
486989
279461
852536
704764
550921
206506
309490
934720
41122
854952
977059
305213
949541
555617
909964
538783
326114
196400
353848
906766
41693
315172
663882
33642
678202
265343
812303
176043
419194
972719
459296
796676
98917
547042
371179
735118
791843
858362
691314
649759
353422
329218
847242
815290
617007
668227
93779
553858
684307
604184
617292
539019
87751
711751
77840
32083
876609
168621
950844
79632
777052
781916
144200
98939
276553
720067
272125
425521
65881
935970
822794
198590
480552
43590
639328
2671
310883
728118
364807
238868
348158
133308
995419
693423
270963
418623
459940
322877
603127
364231
999604
94177
233416
487985
55194
841224
864272
959865
839945
901386
457466
315761
797697
60071
37461
998839
61619
113476
24492
835614
935862
286188
713827
168967
405589
638807
456295
14669
355092
676618
911157
820037
184505
907489
367786
277195
100466
570650
531651
784871
474291
559274
598347
114538
287300
201621
381948
192886
73932
139860
68122
427582
740280
266796
385435
471549
297357
700856
896044
858085
64930
286003
997957
568832
813519
322592
58307
955298
584251
760888
513466
526387
747478
453797
517721
319660
850371
930013
440817
895341
329025
965169
890092
868980
64822
298337
456505
144435
919867
639237
586912
650301
70423
665993
985427
645438
141508
926551
97467
100138
269890
993874
379814
480687
916769
68638
881037
752462
884518
985647
376772
879152
779779
998331
976039
497809
962265
138571
703558
608353
307010
927051
697209
456664
323742
272043
670977
445879
288663
347577
516363
768765
753061
270642
87972
465910
490617
716538
217179
544658
400878
153842
514526
581092
385570
261292
607618
429718
107616
658017
478771
443462
449868
378531
418576
169149
942141
786944
577946
712662
848604
284706
287268
795876
109488
581569
900848
661526
725613
98915
478350
154131
570276
723423
806003
162465
773523
783712
377606
973921
789945
772521
319036
611409
876484
178637
930576
567158
929047
763110
337734
754309
859521
662015
300104
95437
240951
231903
264701
693144
848382
173937
698196
213608
431663
364110
40526
810915
758493
607827
364469
670367
215906
196439
747080
699309
824198
568423
926686
273161
472644
230328
317197
720921
834354
367871
756161
540945
721802
306950
784804
885397
180620
389200
79992
416403
465516
262513
741312
660655
602159
392563
902863
44979
299207
750181
938852
49217
38223
870188
896073
133430
373140
379122
864574
435012
49350
306880
811782
568531
380683
658051
481784
713246
989029
920169
95351
906715
508583
143716
563877
940944
623002
317131
177567
519270
597085
557311
633791
142508
844126
582036
978784
410346
618909
912833
23932
918019
684483
374948
349976
866924
62792
275523
295390
821024
476015
383326
653403
896999
640927
547327
681431
762276
238660
182697
373049
149363
363332
358970
565216
726813
625368
148169
168204
549084
791925
91021
403743
546135
164246
394805
740904
136332
850164
910188
765124
837371
257224
850156
48953
422729
143243
406435
286292
16972
58055
185818
523291
1670
537175
163893
434299
151286
113015
222214
81601
971354
193464
663658
209733
866795
990201
30185
708431
952739
65413
273955
645168
533099
776943
135855
351901
186439
873809
901322
10282
397287
886232
486694
420146
817081
341009
216333
478723
341038
650941
275210
769770
971191
776037
21883
543234
511782
777671
749563
153732
781478
463209
740620
774033
169137
753809
970862
375782
324842
328209
389072
445428
38595
521820
96351
388967
711798
587577
728474
767227
297413
861851
794649
327730
554531
73569
270255
461776
598514
846769
694154
501780
834439
402135
937478
680874
11734
250582
956085
320973
531692
441795
407792
266357
198203
685435
666185
530642
752218
14137
218113
416684
695445
878192
189692
202134
341908
847836
842821
39824
741231
788618
4910
754522
357056
497637
570842
990345
732834
222526
280538
658791
611739
10429
266752
690695
599841
657225
859330
399282
206280
310682
208011
793084
543617
154140
477234
420141
50769
454091
113656
823909
180584
624430
921977
458543
221544
288925
170502
443158
548746
188248
385032
265711
932491
583807
608849
302257
330199
792290
564597
458027
121452
119442
280447
195545
309907
11784
917509
114916
981928
146593
77849
348141
7926
428803
496916
776948
417495
50818
617096
656856
413511
758707
370627
281113
880252
710357
115050
487593
389863
955852
168594
601322
413121
812162
418771
232944
490421
513204
801785
895839
288716
94338
511218
862190
524172
378162
689178
73526
651500
973307
836231
299525
390381
212138
14936
209939
603485
565780
325833
628463
500139
49234
650585
917967
493757
21091
94923
328174
721212
459411
331803
767351
395590
16161
125598
9089
640235
415063
221802
993085
560961
900698
903011
164393
865439
934980
257072
644796
144072
499374
423467
386482
862844
34318
651414
453405
945093
470154
553750
366312
718347
783817
504159
81049
557920
771723
51312
424863
675398
433307
774629
72522
561690
604337
441870
287887
880415
841733
86624
951722
969655
656465
544169
697287
513027
415050
275659
159969
63323
218945
321111
188165
931899
318267
1316
274249
854728
615894
123907
227082
239406
68436
696195
234357
403879
535234
143242
608311
308414
244656
709666
502065
764660
84245
456976
58048
176069
91332
886484
722767
584597
950084
507684
87826
73408
140077
796542
356403
554809
74197
549230
822165
623092
167596
150542
652931
708732
672288
977592
828691
549921
892505
846524
681073
400940
884535
261431
560883
666390
780922
90191
433441
732776
487634
699984
68017
295701
648806
843690
306654
31314
185040
937687
321577
686175
301388
31353
849900
19265
358973
743362
86792
408817
489049
593060
524688
754352
83099
456341
123548
703248
484442
993764
726462
672286
398826
10088
18540
875476
874497
526227
222130
3404
141335
217024
197045
270173
503854
381629
312091
683939
697613
718596
515095
915257
102157
342357
336240
141997
167640
37998
272182
866894
580141
780983
975468
313891
310125
18622
650464
295408
409231
442536
448164
201953
357669
731663
394013
89361
277240
431995
443562
774472
8150
493032
706916
136237
522212
681982
490555
712684
454010
564772
377712
896385
627534
154350
486601
429468
28534
431168
816534
715090
868728
579980
721117
594471
328785
835775
716710
812624
104822
762423
92532
953091
160768
338516
877478
802710
326001
472228
723646
483118
253926
411135
787388
427008
56897
934296
850612
326859
432316
962854
264686
411116
346186
64109
572151
28531
806652
972292
268684
800171
825502
356589
477300
859721
94317
334474
506348
458648
906750
275148
299316
849876
305380
461926
163653
409799
961343
741505
511713
761399
982105
34502
615021
679191
942022
370440
844472
495104
328057
251510
307975
219835
194747
745551
375962
962587
270436
202097
597475
573147
112681
660649
403178
502428
445615
440603
668696
921553
182697
766620
562399
627410
132451
949891
940394
316117
457654
201979
75575
759624
834613
773543
55471
974342
939968
138299
905710
666158
501192
787186
690812
457614
316856
119216
699793
740318
533227
684498
35697
493126
26925
617592
356441
252536
627321
392122
529954
953975
416846
973807
43968
102324
577445
591896
315709
798362
320268
515510
229487
242756
379207
748387
951960
848512
363596
42244
858570
371023
377688
430528
24368
29087
59019
354317
308712
857934
840009
120923
647672
336418
685073
633703
214529
410648
517243
800119
302379
249968
120339
429876
634447
517824
110242
922333
31463
546518
103348
445137
844724
960470
869272
897055
889110
325762
504446
809704
355869
680119
373524
501406
488962
168102
281031
220518
126328
190267
912661
313732
350049
273378
749893
800264
150626
8087
13491
494315
818500
614028
306581
628755
709251
740995
930949
451248
520494
304222
761271
832134
222321
686736
938830
618087
313836
794720
33563
537138
482660
694226
897110
815217
678906
55970
749527
389697
445118
520258
667525
917183
954056
417495
216939
204621
795788
531271
517030
912427
183288
813965
451850
38335
625075
219746
459000
551705
832221
936705
9335
154445
895601
984993
159911
758786
521296
810469
987189
757028
47228
510541
125110
316851
580487
840471
854986
942823
939581
455852
444597
758536
821560
682283
395224
65717
967096
551107
516128
963110
610010
900009
176238
916151
785606
262443
976557
755117
823804
828137
310045
473803
316150
126462
214165
229982
103012
591916
232187
969264
236543
565846
469853
40211
35448
783261
890569
505899
691618
32887
698050
658234
682675
297108
162146
942673
628876
736167
900385
620207
249265
733650
42770
244289
176881
303524
916912
919370
47090
251183
818385
64894
548558
615636
253391
366103
763558
494120
485046
426384
575647
81257
737762
504815
50821
865336
366515
442553
816954
211827
27689
130594
435240
864209
994225
456398
247393
148915
309818
849347
64057
418205
462441
356246
516614
684355
661433
788725
111597
703782
828885
319749
54576
682250
99987
928777
911526
959280
780465
477539
599667
4837
907834
500265
875326
650625
413664
887279
342689
818325
386206
818926
938540
933225
7006
647713
931616
50606
458626
356757
21451
934388
480469
330200
610115
241231
265824
204398
499923
994701
73011
92013
132334
703628
830410
702321
514590
198986
338010
511658
573760
262205
941477
145649
636399
9119
187234
909178
628648
187691
33309
495926
606952
581390
58995
288624
818200
411475
505218
532451
63491
887196
382540
198296
695699
637491
686218
392645
23774
392015
931391
210003
50681
652376
812370
706089
808163
889946
214831
38291
362807
237599
248883
270380
903474
832830
182183
932524
222675
648014
425330
440099
424008
149203
42633
156545
735019
467905
99262
112736
285950
578884
126557
370958
447334
71085
632530
794401
125947
75088
701943
902166
698810
624642
138975
428597
568178
114632
853055
373528
771606
343646
942872
783267
648928
447517
828331
893157
795529
260251
127686
57463
871316
208575
162502
897351
869169
174987
706181
193544
85896
636809
861378
364180
384485
832828
111749
675810
143576
829392
763916
416887
32837
374087
380826
11371
520087
594165
88844
612334
883112
272307
578848
332776
655760
485756
801164
533574
474814
394860
419064
17006
635221
162930
707066
486606
406686
368345
759836
298165
838045
597841
889936
583821
688449
61900
48328
586198
847659
141736
775244
513940
798170
775370
865136
270053
59778
361421
431578
157080
955113
941373
529131
652750
322054
390085
64951
546604
866957
835994
604230
852764
280446
905330
52513
767514
619067
952595
392728
673464
911482
791883
996056
265532
68510
899228
444319
132505
695447
507336
22121
717343
976633
317259
34805
589212
58491
526358
722413
341302
566252
278066
95721
323578
737234
4972
905347
843752
418656
302628
443925
812115
281006
484210
629095
493844
329250
722306
980962
707116
883777
896743
44023
98231
157906
726751
996497
762431
846507
34441
596598
239240
43499
478530
428426
271072
207744
108486
699264
48675
468863
107208
49332
647923
687852
972605
476152
847101
701609
509419
156767
517124
237631
152855
715775
22375
898765
73478
4985
429548
755233
189902
2634
81832
390333
564806
38165
265031
170631
257257
868493
989762
830708
299473
588784
778674
635264
528292
178390
570896
355483
706777
187776
543364
670506
696977
765833
733157
787857
801302
158353
600217
418573
756803
223685
640060
220772
744629
169159
980938
180589
21234
822625
421659
709849
153746
732691
228594
198268
2483
673943
269527
670296
389385
49878
434216
467310
474330
584189
873249
586065
341769
703823
395506
381066
482638
653752
558161
736306
555897
903903
408484
424944
796827
516092
506175
649461
442445
168593
897634
876892
426851
963882
282558
110756
670782
599513
782261
638547
228301
793046
756141
181399
29864
754519
458195
170646
690602
719084
621069
773398
953693
614541
221946
83248
598050
172035
704974
817672
444330
261890
898228
739134
282038
180099
633298
506713
391047
137877
429208
953055
589521
368157
865922
750585
246836
512228
926879
977489
421989
818467
532086
435516
815228
975634
534085
699716
227873
283380
245681
523661
940942
115553
634334
842107
347970
498802
566297
833957
699035
129518
970495
163642
952029
566551
566376
490311
168665
633808
525359
335384
19881
408903
109529
666752
827110
119774
497821
928539
385436
894666
798399
967414
632671
752995
322400
566880
201031
858864
881711
90849
217438
547775
4801
769413
439006
387775
383042
652586
947927
436150
659212
893635
286456
774879
831030
491356
805759
150026
372686
664726
370865
66565
296165
363403
701072
860771
976629
622417
620126
848581
975067
480684
381576
983813
176791
220297
942929
417897
453957
929508
856143
438704
738033
594268
389407
11151
459300
52911
288235
657903
548098
856586
421603
435443
138585
668356
328110
126185
756577
389636
251023
668289
990916
393948
76339
611290
725694
209660
678198
763839
615184
542370
207340
230027
853209
771875
548204
7057
721474
482247
283939
852733
408625
702229
715311
488991
862060
42796
857833
146805
957434
660304
475912
118275
61820
657218
685589
905168
285087
898311
596972
996084
312639
701161
934604
624566
583177
435288
996363
773175
559506
583507
685217
866524
639476
343056
21788
353265
733314
473823
953572
485521
767327
962292
393685
345638
22397
508468
558132
298827
602472
867804
558976
529060
202488
470936
159737
551171
784414
115916
280806
425966
608978
251701
364333
486763
892179
373686
882654
373742
841942
942892
67001
476097
475001
293300
654950
420732
781763
682542
918012
711228
730157
197917
360998
853152
76934
873265
498929
807057
193826
581033
296220
358972
121646
531986
312710
327102
787001
859168
808327
728002
346590
573283
603488
538851
551833
42418
924360
191209
154378
821560
144740
504517
198151
810693
205123
623383
517083
372532
484633
74990
825974
648159
505787
432963
381584
257511
23485
370024
718278
525590
346571
402249
901989
967057
651398
582034
525998
589962
446734
507364
131234
471924
591147
165096
788293
240097
339683
409439
15285
567228
108546
426506
184180
629823
419152
368431
419998
596395
51806
51381
162335
237335
190283
504780
973615
348017
596418
37012
61775
593537
629172
589434
471836
252756
879844
903109
599350
854384
428141
825654
696552
38435
55364
331009
703033
315458
232705
614532
998170
944124
855952
643397
218256
4884
961950
827598
29294
143216
335215
772215
255006
223910
377452
773933
455242
693491
302125
503117
481735
699229
85199
788899
505468
675090
658320
278012
528966
307171
200155
724193
297217
334131
294768
419258
931267
481554
326654
444907
698162
9916
291842
983403
68185
680854
861598
289818
928494
129563
652135
158955
750495
218695
453642
648584
160505
503612
446902
544413
86271
34464
922092
784531
851178
288897
261315
802005
944483
953608
392873
193021
646711
399598
343041
269376
222802
397958
931396
370535
433289
493160
602311
997715
978
372393
600478
597556
856035
14575
944841
996061
941074
459354
82882
51898
652133
198026
760400
708727
214749
746726
37955
325587
519247
557137
564905
388688
934027
532054
325688
639703
155328
588566
983291
614405
887983
77522
918726
303378
791680
855041
260904
838729
329871
458924
446131
744911
880299
751941
557514
65003
90293
111074
947732
21976
934285
562001
626392
545854
510331
445001
76896
419734
660441
764881
775914
689581
43270
453137
502729
835907
839940
713570
710946
726936
13668
347802
75718
665655
510680
732498
792025
118614
706412
492826
758100
924123
276694
377991
315809
228135
795431
635610
354830
140267
815215
958894
17792
103597
968046
8726
3832
396036
992496
128198
615216
195365
744134
984098
239205
88309
665164
656690
137108
672900
391343
380481
289565
347146
576991
141590
973990
859251
418493
190875
848656
668600
515760
347519
604526
107242
115565
668165
70566
709021
168967
429693
32165
628525
812795
509274
189013
306793
980021
725693
622429
982672
342475
530533
358102
189894
344491
465355
179002
821453
486563
555943
831049
661046
707820
739647
968965
36346
964267
26542
823824
337408
244640
680813
424385
719859
460419
365715
537330
807033
295424
182112
954516
623966
894876
863948
239502
904170
778539
663183
944081
878574
758300
221884
370453
605678
566350
673541
585041
194259
72990
898353
427810
83786
488017
52403
969569
218227
82848
489647
102749
432449
249864
854377
637018
659957
292082
201865
99988
713510
752786
553124
997984
429862
139495
813990
10026
525868
985027
659310
855526
814435
961901
162744
299404
257732
972968
250895
978367
589939
187850
574811
826974
434043
65340
313487
840340
556540
375677
744272
640813
2918
429001
179212
143141
888306
628733
842180
486456
366108
522383
829174
528886
193261
781484
150164
501561
44948
157555
733026
763940
832369
672017
401251
709470
356370
431665
549629
646186
220802
690778
870144
421395
962594
685908
106788
566824
763341
293105
601101
55448
349966
262961
698379
982910
456193
600110
516323
899562
312499
801569
422723
764060
98662
397628
523164
173329
524435
784507
808332
240520
262925
426122
281522
210880
378970
147121
140051
521254
692874
937717
30277
638653
175268
254224
899435
223268
559177
423837
609927
727339
806996
694844
313292
801013
726972
196809
915985
201659
431674
930175
762323
347760
314114
735395
748384
342065
594048
937495
407202
454972
157782
782958
603929
983785
532979
295179
376368
349688
16956
740882
198294
418602
164471
870621
148320
427933
757915
983170
553333
255472
640013
101507
542673
993534
627694
905974
707058
553446
23500
383498
212541
161808
696845
347722
120196
727492
562057
665872
280770
254615
536085
983848
424814
585885
245403
429821
537212
578426
494201
948885
534096
342723
276141
10276
58237
331156
684141
530393
128308
95524
490995
905325
599809
408373
41010
74590
737102
557209
681175
120265
195387
462577
251961
940240
991274
829020
616121
159481
675407
22697
717799
620331
833443
329325
619381
240299
986207
361360
28636
682297
852583
157219
543989
888691
745301
41467
486242
749484
39833
365959
556881
835109
889068
180794
223810
148886
380615
776059
780062
814736
526309
912672
159095
107636
22705
495214
908970
821425
946021
93499
860764
556465
232617
750163
673189
916645
466171
316279
708059
765697
503011
109909
365523
379721
586373
721103
522486
114714
276120
140162
510282
997516
353114
545623
389884
642878
140802
538635
502139
129981
71731
663282
467155
893903
822286
655775
503727
19002
16094
730577
595377
78540
186385
473037
121376
14411
145240
586960
420877
378271
920239
391616
635790
622900
797821
841540
869022
437402
880053
363895
83477
563637
828885
914198
532523
382782
950142
328812
168155
358177
398750
310931
475230
674018
686867
356288
660237
378356
337311
407311
743603
704271
237214
168063
266850
938054
283481
75226
779397
720993
157514
332124
456031
765958
841107
331348
496174
760698
797486
792736
674556
560639
12304
469701
198262
939696
559824
28816
777179
682427
595971
470319
776231
835168
483041
449351
778851
479924
133782
966284
108967
477491
746746
51732
958770
719601
801837
306469
800724
193387
818700
398454
856086
560499
840955
583235
773048
720470
590948
4456
23421
51947
656708
390980
989988
890995
561090
120744
931206
991543
957494
208157
847135
366957
425117
360053
57670
103672
175029
954807
245981
524319
580165
200143
886331
920592
793700
646785
273294
139819
746199
133985
970501
87161
729162
655805
194359
175429
691089
90999
960729
668652
134677
56180
65284
704513
753503
165168
517639
674392
916231
999183
54087
78301
169921
838807
212753
593966
854840
133696
621471
191917
488902
297917
625404
5990
695563
735440
288539
671132
871441
762487
42369
216720
748200
544024
802929
17642
821566
50296
61339
755137
629150
861435
69879
178748
107695
275943
10887
201263
783382
768369
192182
13064
961761
986865
382500
23307
902175
837016
310870
232879
215074
201096
727933
802787
69425
651233
670224
831188
261697
52774
424049
338705
725620
8817
413212
629797
332437
133028
177149
795544
530010
937570
205271
974432
4596
501742
163504
402191
928364
937922
156523
326601
923648
114573
759088
959405
939749
220663
311559
710741
117110
688466
405466
425084
887089
440407
450786
515848
586796
493382
419247
689164
418894
880887
718412
72260
449137
804900
729360
314830
961566
233157
448138
837360
716694
736082
586427
423555
561012
630783
853536
421653
939045
535256
819823
772429
42565
343939
521501
732956
930363
227112
14187
143197
338313
341857
310343
189503
704237
564100
354404
416110
375339
684766
206844
453179
237614
101410
651005
443077
616287
869172
876648
376602
558203
545898
519756
351902
14345
743581
712593
677049
248614
344705
753735
496213
209853
138791
489207
416197
348005
726184
552926
38480
388941
716452
781084
675991
688259
561835
278184
146845
415785
59923
511649
849629
28973
493605
583911
795911
346344
649770
113617
217294
203324
888708
555024
836544
821783
715085
577694
338747
191800
204626
648971
82933
736124
784599
287422
545254
823112
377496
278436
245751
385087
661603
340428
127860
122943
759665
951652
519210
579067
667233
906857
119125
825549
20745
90166
155617
292584
600196
159562
927441
857725
622060
32826
926897
141146
121466
94934
320082
489529
927951
125119
967786
343702
826394
601600
624647
120810
188749
644642
261247
117573
167993
406282
521929
972055
468335
366448
351083
222643
260782
577435
446769
369586
967642
60571
552770
574848
883394
649968
450987
449497
373212
7288
370282
533284
63792
272083
806071
230263
776707
66635
593274
171303
727693
412445
741264
564846
140114
707686
873580
540857
309712
908028
79935
913809
850669
428371
674722
260214
483730
124374
328674
23837
524989
173687
518866
910179
483361
94316
911280
730168
492226
742837
394505
312751
543239
699183
529373
409583
147784
231816
801125
315471
969555
39241
116034
981368
528076
363299
644481
315563
894514
400505
449549
277080
444720
708584
692517
435368
358564
701057
202800
389660
800882
817682
979288
767391
309238
683001
878597
72521
601239
218323
434643
890030
633778
330503
632227
612220
166788
918406
515180
293709
344777
368717
682526
851641
699798
954955
118001
4196
439121
418374
665327
289642
230529
204798
359743
798225
736750
339267
635637
321035
96605
166065
380566
69915
245603
204835
284901
576776
771583
96954
843650
982074
416158
200092
334833
380233
867332
793775
873971
191515
631007
898157
811281
119084
232608
870268
755343
161156
183963
423213
642103
802398
708525
822313
844496
212290
398689
195967
657485
746643
963276
418671
198772
226876
352484
549336
531922
276055
536675
910652
420654
190475
941869
1818
43197
624829
621899
34048
93292
311394
583426
949863
661367
121457
953043
675796
249220
641626
812454
125170
930962
913753
569980
808011
185824
324951
575421
344980
756875
500322
673559
961304
417276
916000
80111
508839
226479
939874
537654
219247
619073
910252
919154
578974
466646
340036
374365
147381
649149
152871
695231
918721
805320
662053
605009
208981
513728
863621
240957
144096
646891
319963
25226
114860
703781
102235
486637
525415
655424
931876
320248
851311
494564
185945
237910
833806
797530
49292
888674
990662
816677
199082
7018
801241
683165
436532
294660
796062
815213
832792
179663
244050
768360
76404
796039
943055
596876
311612
617277
613701
552428
412100
535258
136339
626250
715562
635654
348723
334973
608424
730198
118814
531435
622463
929031
749129
657757
830571
336087
636126
647192
870757
839326
552064
558065
737250
965897
490929
672273
407331
235346
501764
895621
582307
705440
767262
109994
526384
866604
762952
4306
553365
935070
165157
441143
183902
893254
510598
817427
662110
344878
804907
492251
301502
685738
8449
470092
919716
838387
859416
270294
631723
719410
370258
634915
832001
715236
443470
751480
477525
91747
740264
68328
39468
496976
957104
253339
421185
322672
661747
801672
841193
692345
536937
452616
947089
358219
804708
842330
544557
981225
106477
409707
686297
170750
904110
573614
819913
27777
333232
731517
552607
423926
74219
673465
870481
664991
531313
33681
780367
826174
93423
962311
775688
48755
915298
504898
43636
59785
642852
908657
342288
601210
126621
114059
296003
471096
24053
957016
124862
649645
972400
393453
541819
821317
934289
24884
567077
937758
670550
894104
519595
652413
340730
275023
492455
391944
221965
960108
344175
737443
923992
237998
710729
923899
783202
510622
141835
909655
656464
721035
405470
923481
337323
479453
443956
343440
490226
101466
155069
599128
251656
387000
335815
765960
900874
891201
783580
849689
382471
793492
834661
790902
541852
54053
349459
991775
254051
340219
6573
805149
972941
193943
615174
482509
270163
752131
228009
900559
99533
156396
211049
76155
975024
804541
169610
636780
372900
202855
665392
136958
418642
608582
514034
191235
219511
527902
542083
789464
54135
934019
525711
430569
959156
944474
958752
224596
916433
473750
128576
573157
719136
125793
206978
985761
34319
685175
351657
920216
548308
108195
232273
328925
826607
223914
922412
637771
693319
43233
128750
880908
696056
686634
953105
260360
27111
833939
756798
3783
617028
350087
820337
491130
989643
320086
54617
258152
541381
618414
113838
754290
764322
321372
629152
504258
245474
294959
619506
731185
978415
220195
556084
568096
744071
326683
801933
357614
345393
100474
633004
959068
214857
611208
735990
412564
92960
921683
34040
61125
4406
74557
697648
522991
937360
511729
874627
594020
761250
432845
171158
400821
472713
510019
396551
104531
920488
493265
461933
630610
166763
142642
447960
546097
794237
896404
221316
341457
755310
576568
355228
274359
853983
915998
611706
735367
955707
107308
925519
329075
217161
343985
133688
22262
185495
641116
61898
19876
471523
265009
921097
433947
781316
795913
787654
239103
865777
770565
415222
511244
714867
737421
868479
794513
269327
577751
503339
717265
389179
330401
58436
926410
450245
350108
38939
322234
31223
326394
817057
963408
208802
766882
748541
200961
120167
675948
485769
355394
415097
591466
597650
56323
856315
935883
857794
910811
324362
978971
159962
696482
330747
981247
612106
802617
861359
291969
299900
829546
983044
346317
417205
434181
380472
413048
976996
632931
536651
882320
453852
292748
251318
10815
243109
692252
653679
900037
250285
64718
172628
484864
435730
184699
108041
311381
306485
326408
57712
522087
355323
918824
649419
77907
277674
257658
409416
391673
216742
141264
7673
850652
601311
436624
426072
842135
932504
857183
49201
32217
503081
839182
398351
15001
704582
489106
508469
12627
838137
321565
241479
532044
355919
878193
394041
478543
471499
696978
179713
888542
267931
520180
931644
478636
243571
519426
828596
256408
447272
19433
728485
916608
513728
789503
186256
136175
94179
264903
744509
264910
472497
340426
521669
147071
606251
355477
874847
413941
775437
860311
566561
255211
29228
24707
855547
635413
671669
899551
177834
193295
996855
253119
107224
655721
910926
39241
172494
322258
164321
944053
270910
638446
694922
783056
862690
897284
56455
552975
419432
731836
560423
887785
97030
103542
829906
624354
153497
938836
320805
816993
529619
829157
409215
323326
3364
300990
773692
25012
905898
456419
716748
972590
685074
534896
569735
934703
987641
929085
557538
928263
463576
546058
397326
647288
254646
379732
615626
389584
926909
624386
515173
202638
460322
490403
749752
85145
6104
757085
942886
615985
894763
556914
774481
312214
551819
224413
394453
216552
465896
546601
93303
657679
538177
797214
843342
152518
246070
909697
186918
441884
352336
424617
636707
414622
999576
337966
878684
436963
949406
70821
604649
736048
692131
63151
35315
155855
766343
460380
332575
24277
566278
300978
3215
172597
665322
132710
899431
258701
681701
860549
42359
139110
142515
520107
475360
910558
833240
661559
328842
148222
802558
731067
692969
745600
601688
810504
681581
872524
678557
892489
350472
877247
447865
479389
957241
321118
246511
219077
946082
953941
288470
804127
80219
395938
358326
701275
191113
275390
94134
854241
178218
504425
894737
984922
155813
830215
979907
363299
791975
583978
359789
880208
560631
506811
826655
703334
678904
642349
643286
974042
869882
557886
447741
186581
55579
663510
800442
402796
173509
855585
363739
597272
400710
93232
13778
529033
992923
807924
654959
547545
719481
469484
514587
20589
500954
983658
677504
802022
724221
633798
29127
574316
728470
739091
871969
167910
66586
797661
106252
523857
587357
784975
939127
702799
762235
19767
788419
163942
627028
742716
481159
129631
141129
540084
264820
309918
309727
301077
409158
454654
162948
256772
848638
102523
728972
19911
346733
462418
473658
97651
362350
479942
248100
484919
386238
684026
691306
683368
910304
857882
796107
928881
319251
665038
253203
208794
916269
319863
437070
128663
302147
4474
63255
763093
579179
735023
456305
170299
802229
109958
767040
863116
23130
25428
833387
837486
638718
710669
297182
708297
878298
505642
153157
551476
487875
248969
867975
22799
643457
56591
912571
813901
737212
150121
540249
760425
10754
949509
807061
499962
285429
419636
773343
672315
411912
74560
255888
182169
536409
872559
908023
324246
721452
734499
828306
55971
5792
714199
492656
167034
352123
411075
910887
158709
660557
117403
562976
399495
643085
22965
929146
328636
653958
730299
966021
831976
784383
385151
753755
324974
265949
11639
956452
854065
834528
541202
817043
171938
233157
754345
892140
394993
560503
232894
815532
351347
600780
533504
801081
579909
751058
127066
628240
674606
431093
577014
702523
661967
617512
304866
540215
881204
819481
167314
949850
879857
939975
210511
314027
954975
626311
329707
11331
327345
549006
614280
114539
240867
868680
581089
414798
491241
911754
611471
828538
19045
802621
85298
801179
896979
988029
284561
839950
660187
971186
222513
482292
659909
147271
90983
313426
171908
558111
66304
369832
469867
974107
632477
95579
193141
262045
574731
192100
489064
340339
5781
228941
699080
898759
333169
511606
939216
470970
926887
567897
203989
789215
100897
68526
772319
613398
385827
613651
266980
409144
644442
787501
219258
356391
297152
753445
661923
715542
42431
381874
869291
251858
24129
865352
183816
535424
462504
112240
111652
829184
256139
757699
478975
962009
522347
764976
614661
38921
825066
385207
165509
491479
105714
122383
753346
242351
221029
696646
86260
441587
504692
162754
458206
114277
455824
485818
78689
100532
372373
9051
45303
974383
495822
519533
50632
969690
461213
898460
577983
794374
95429
325317
778386
294792
338073
271573
505128
617358
81846
263634
635736
926557
174064
74915
47602
779176
788157
929515
110840
724870
870609
126373
41977
506695
126401
951227
590342
774318
322832
316450
567689
807746
704270
601417
320210
953705
509760
412146
281311
528263
369125
627450
204638
468490
699803
857110
709599
342714
235422
258967
372609
565523
829364
579361
529984
474510
104343
130352
9385
133682
792563
507925
802082
677711
230314
256994
88755
930610
148020
518397
302336
454266
793031
427323
458514
338456
340174
399544
401889
700533
628121
828445
613975
730172
767538
358176
79481
784888
328836
150036
312381
154051
664075
650727
380086
658767
232777
652253
274621
956253
735343
691697
904085
979229
306305
742315
358718
153856
72610
223339
458887
773806
234423
33346
757526
865747
785571
694264
648476
533098
382590
13909
853664
671019
840463
865928
993274
796074
499273
539827
355535
715052
19464
701136
580223
462486
912307
305373
309510
532043
171432
691277
373289
452641
61846
82127
161268
927145
529628
928098
898559
894166
248153
80576
104698
222646
359258
173756
987646
235675
512639
99519
134685
618174
128088
724950
367299
103167
417908
767744
816290
777825
742732
431071
446936
93452
449141
156916
278988
775052
500472
980079
404344
585244
421451
31075
793592
729530
446275
634230
156648
284841
49009
735407
715712
565588
151093
248139
852516
613843
726726
841357
34125
689157
130539
306943
805389
281829
792631
979496
574808
901144
993471
447198
521973
215638
33276
227024
354335
615301
528939
903300
535672
152394
867794
456327
576110
91772
708232
590621
3280
396143
911341
59047
418946
349999
491383
751671
167437
566945
946697
96627
558609
396302
11707
774197
870285
418342
221873
665712
489719
936410
708253
504587
529453
425311
772266
215401
854205
593449
410433
990524
619072
288879
506442
424331
731458
47159
65327
85489
335910
671058
122352
784605
190538
819168
332623
120154
614196
671733
330910
226400
587122
752773
421851
256271
890666
809944
234634
216919
257204
660715
977315
912471
903824
502906
126138
781408
882815
258143
828175
433010
581569
91150
796477
961104
668890
667246
324864
308012
48884
360002
191911
875513
861233
766181
752357
716163
332211
432191
44260
417057
797492
169506
784732
940602
737213
26443
306780
615252
794894
906003
499165
859317
45275
831213
61949
299633
496446
491174
409437
747881
242368
576222
699131
599107
728238
492571
977715
662696
555690
606397
966431
726115
712784
598221
947742
141538
437574
972015
471034
515598
520331
320523
324911
662184
294989
267054
151738
73946
698779
531863
440616
542877
209395
86279
632804
620255
384023
127382
312624
781076
684840
874647
133603
567337
705172
203910
670189
930289
586879
424265
9988
909794
615597
830565
86654
687649
779403
370317
691887
173108
759127
115511
894309
852404
339284
125258
247860
943094
874945
393270
92147
554838
870258
332084
971894
185284
828542
513842
799001
291006
274255
673311
787751
37346
781846
236955
470845
211969
179697
935771
494098
220936
495282
568516
765173
585363
358618
725309
877027
535714
630094
432277
826805
604587
295845
381380
505932
243819
450160
755862
92347
118871
912728
517336
684732
95348
215507
692330
1818
393394
559563
233150
584669
241905
221914
164189
143384
319567
191670
635456
60094
233073
308439
771917
611012
652025
632858
248358
156118
960328
327773
206495
710309
721619
290376
594111
84001
584914
776382
911203
170283
427630
166064
558589
872529
224471
288084
965498
254035
228951
546457
501469
944099
327013
813172
370202
419943
817846
687998
223093
65718
193104
447385
826741
67468
939945
572929
395556
441638
985574
641326
260990
580635
890015
201229
672148
575781
578443
118684
874564
147103
382775
11662
76146
46276
760813
972284
324222
738485
322668
185837
987936
436293
820657
522160
73853
888527
614024
792900
892757
229909
914248
377484
163328
926373
268160
280419
779012
749902
8023
351141
751413
501594
276753
477349
243128
40901
962105
489464
374543
8140
677829
627142
33839
67233
553001
816151
58637
945107
439390
199008
800821
931297
103252
973335
707529
93246
221775
836065
177143
974889
517684
314690
54417
147091
670748
972443
506752
550522
250933
388725
433221
613542
44925
679300
80406
247558
592307
530554
831348
689367
870401
778515
957867
141102
934571
499081
230160
77339
129948
84458
490677
237727
212531
716609
613521
591968
59758
417841
40117
472627
769108
992503
532729
750011
133048
715957
786341
627557
642564
683833
823564
48794
658819
13677
303540
751914
382102
115168
588677
262007
231029
982516
671236
333083
205370
801211
741072
399137
546561
351420
553550
975397
701180
452703
93172
588171
218060
98767
993356
844740
497544
25134
632439
286711
234995
822143
446984
835625
420614
450290
976267
874166
1475
114575
800635
853248
969644
675567
347766
214115
387150
270530
642504
787244
317045
868467
312949
550216
15465
773466
875150
187359
724053
690702
31066
967679
112603
720742
9052
166177
116976
893433
743376
321995
14568
373385
465151
347301
967746
884154
219769
440810
925881
950508
17588
850822
541073
220859
651705
703352
704875
905646
352476
815326
994974
915907
263620
162759
351104
674264
602606
981852
159158
23361
936389
736409
56857
91679
990739
288756
536422
571767
211078
196465
241835
458569
660306
175978
461884
115759
576000
206817
182280
577931
912775
207816
334289
633513
769119
61329
58230
778117
145587
335575
313096
809689
311883
312650
447106
802579
488462
106268
440386
987105
684114
460832
401645
761559
75614
702459
33473
226510
942846
158779
346603
752205
134799
409445
467783
175880
771829
20914
415686
739332
74823
108997
825930
516129
955234
525527
450336
589374
893536
270210
803462
104840
464237
891897
324835
546547
834733
384309
678703
942969
425608
577974
676145
129273
684057
564552
194299
435474
575646
865280
825632
728416
95288
110076
672759
653774
27609
625540
264472
541992
222533
105605
951947
816926
753893
204812
312045
126504
896880
948652
341121
900207
842270
361656
547415
585695
260129
112266
488542
205617
251067
108510
318285
739640
198076
31736
874649
676011
420319
160222
774957
241488
941716
367664
193619
975894
899701
142818
8375
925625
665979
788502
733935
466872
83096
547775
608690
958202
539733
721204
337636
71155
761166
937311
285146
643816
27740
913475
739006
7017
940197
199109
216726
421550
839038
826450
179466
174811
158600
184744
27341
742253
358812
154687
686234
933125
879819
683162
991518
792982
216917
334135
36350
221900
195519
754969
819658
665146
321395
270853
358423
234517
439742
775853
345413
302137
74725
976523
517235
659461
853069
413987
485283
213189
304246
695573
611481
134525
980327
821233
637604
18361
621534
656114
964400
518554
297809
976169
900227
930761
979804
943612
933187
425550
129381
674391
125418
394717
188045
128026
797724
736852
803692
134256
429150
909262
1741
49517
699736
557226
863393
937620
227637
763492
310809
138064
907711
761989
135790
416094
372795
883029
482140
651710
711982
257197
523987
928680
199868
447268
491221
456788
842095
76369
359543
315166
650043
873465
381664
953653
813453
622145
37235
461245
121903
819701
78226
302306
299876
314578
85353
3992
562200
758405
23105
41431
334746
819248
403193
37165
506901
217964
641081
856107
495874
841115
443369
28081
339556
951778
418123
391201
625386
923314
932814
315858
841614
796515
460186
535858
604809
673156
533179
694584
440957
505117
476952
313953
342602
495935
757277
980831
370640
982877
972093
412521
420133
210577
646424
24775
167075
174859
175863
796443
284394
10981
628873
999365
181686
738223
589588
917284
683417
627963
617791
316645
831401
768948
633616
580596
166276
221717
74226
468344
157483
551889
76703
900788
73430
130112
948170
598120
645076
930380
928702
259461
458020
142351
718782
902006
649277
639340
834646
419157
874323
435839
688405
10203
916031
357653
773759
284070
454018
465708
673348
655122
957313
376095
910324
62438
416826
900425
252720
660236
453123
616870
512809
482413
434358
847974
5167
295691
726061
1680
850643
260481
200108
800061
197072
166327
480586
26979
929646
739488
913336
951776
405921
627246
87491
340006
622516
114944
171364
114044
488993
259411
112784
621356
793612
502323
331065
331604
784919
574624
690395
897025
797686
844824
359945
587564
86250
309955
628919
660849
862525
25415
403351
589376
899801
94635
733416
280530
735384
411683
37478
162063
496629
328956
120093
510398
89065
809823
399155
901389
420649
650839
826575
722646
303424
126870
808155
346521
878100
746677
213494
281498
407252
972264
876813
565606
887612
287965
360817
915472
665735
846942
240221
785275
848589
122563
942538
610291
773353
118811
732941
299164
484299
847079
133183
159006
588877
580383
62476
633472
225337
390051
320244
511623
417067
580435
786238
743473
940178
475433
426603
621780
641276
817807
260138
934726
938451
193200
606519
873945
123639
379764
417477
769451
659145
931586
623093
124958
267363
771057
475201
872601
390842
129530
326316
988684
573854
964683
295422
803473
902298
162467
178201
772569
85013
810012
317973
710310
451324
342816
248985
69906
400361
82704
498875
901873
274311
862324
975500
357572
751619
122895
529294
420390
746740
709323
451684
165949
269059
507767
729697
832407
685979
569962
81021
411804
827498
376715
53142
869442
702224
359230
511174
910356
268518
911966
503473
964627
345963
768102
670979
635759
192561
186011
710788
885147
656637
437086
853580
979167
631134
531863
648613
550580
297022
408622
818955
245122
81359
261819
723332
918681
538287
380515
72048
286152
938679
52492
98710
441279
780247
507424
676052
809410
246875
204115
152370
485277
247269
628483
547434
954598
950986
583634
880998
101975
634929
193251
602333
95830
318852
899548
620181
313563
499689
581618
932574
13685
184075
107345
140375
232646
96739
70790
831067
343227
762054
895096
949577
448719
615084
143124
586500
585704
775710
766275
872010
844081
906089
338432
78745
893302
49442
243606
994999
527635
595715
729715
14609
778764
649720
603493
194431
264985
707167
983619
100362
986582
119779
884682
204330
125147
14890
998265
331621
996089
641185
348246
854147
116181
909851
970661
850704
232826
753032
352667
926792
480036
101047
489144
445850
670365
94328
815766
626265
96740
237716
367729
240153
249229
403854
36887
238234
237759
786988
511880
212855
468315
354820
750248
314454
722203
255248
768508
328220
791911
160427
982479
397081
63170
528779
386152
978285
599539
846257
763455
356476
114625
557861
306452
904332
686096
855383
396216
869665
653499
140407
180750
530879
271780
552716
16479
894460
392108
34368
38163
383597
931381
747619
170303
162952
913046
982151
110701
808856
11775
800381
249149
160090
64135
551790
908782
280723
780234
909673
282228
772214
89242
443123
257730
891926
295903
461039
868167
808820
588226
269658
437692
92685
484440
421204
981460
170324
982883
864420
984234
38138
720127
235619
470764
303099
12290
431024
882468
773741
614524
685224
108025
954356
232251
909692
850522
98405
693884
815113
121105
698420
546756
73002
254215
742054
60605
864907
911235
976109
231540
630731
503025
566939
845476
234520
920190
16649
357039
295902
347038
838079
614738
111528
248781
680749
311876
184236
27155
156427
592626
457140
694497
891697
491822
286199
138623
231854
373495
973130
105122
793603
589252
461375
556700
836254
456743
638440
84892
876678
581175
641083
92126
212424
585051
44301
790408
974302
811196
675211
655491
483514
601793
291705
442542
680807
178917
469968
156
748876
742224
490561
297319
924776
444793
181431
549630
265621
816853
866841
926886
455902
428574
239235
329170
545364
383590
477186
15571
387390
458999
762590
315556
791685
135014
625609
47935
531825
688777
224632
931735
317470
296819
251088
125814
457928
821296
511280
741475
319220
620217
584990
500977
675360
555364
455627
218727
998847
606121
181970
18934
974881
973366
321931
821172
633545
796916
9511
581521
161112
758263
407164
880650
299238
74964
2038
360095
471298
104399
825500
395575
640735
714563
979144
373677
752704
234902
172823
30951
617618
900504
459917
684041
517286
525233
339102
264202
953386
500537
320224
127383
246402
204053
101398
605771
721858
719875
841392
529597
391807
666472
425226
507145
696008
481115
581279
315405
665138
530390
768254
439901
389439
105790
904068
683910
1084
127216
580577
911841
239888
807328
490178
527580
326529
828814
395878
305423
227564
310492
192137
784008
56728
414677
829225
667509
975079
525439
618889
747880
369228
404725
349988
339108
7053
643148
298190
659530
405321
846144
823674
1351
230454
717613
616088
922730
308442
99395
6292
276691
977553
607596
548467
723889
97678
249143
138089
813644
376216
301401
61372
638110
973402
59537
145612
131758
155109
700744
956508
735786
691359
129458
999305
259622
188699
253189
541118
859369
176266
226707
20400
437480
152515
596354
152933
446793
530772
155181
147638
309366
6822
512739
605387
482763
46335
694826
926307
700898
231015
262440
54318
930794
921681
287498
310951
222970
110548
256968
52573
977316
482130
569833
878979
70971
591839
752762
51629
412463
287484
693313
788142
572797
724127
24233
466959
527745
994023
927023
507928
851501
805020
567810
880470
1476
556413
363601
709555
393080
751190
864767
67253
383041
951581
657243
646148
428822
703532
534349
351192
556305
140844
401123
450831
566264
467559
450716
642390
411374
152735
412118
408907
971607
130196
498039
520344
542730
957725
662612
522739
609514
700474
33291
183261
622960
853447
425694
871324
838315
27241
14784
272388
709983
559874
27341
845533
399912
831461
85392
705301
749251
849564
55081
862468
49914
980931
989714
169142
813037
502557
214501
591314
329778
68383
58468
294185
606163
548084
78547
843248
833894
133982
286250
89182
914485
240066
167216
177995
686823
182283
852215
203570
223769
763090
692933
627507
394936
950083
904512
104669
218427
78471
298845
267493
633401
688897
275298
221375
222742
419225
628119
621526
678641
645660
838919
695711
50167
835916
401294
490904
107128
833603
801793
649706
174860
792262
616190
703584
855056
181832
831146
979728
177595
348040
483910
842288
657392
377447
101369
340186
174529
972594
326767
477514
258512
341976
760990
241129
374842
1491
673077
846317
763008
127818
872762
955281
385425
92194
231547
836285
684067
495164
76736
598081
159593
700738
727638
876376
491387
711071
299482
259698
908702
266923
170341
384211
229935
829659
749744
624040
463684
669828
103978
831436
711474
761313
343753
870929
224198
781619
567264
376374
872012
116906
725270
69968
829772
94832
290275
966483
228121
928874
587064
358720
432546
651454
65316
368580
451290
107951
202515
378473
308248
886237
326272
750713
58771
997953
42060
316539
941367
361293
579158
997240
471579
480868
497307
358036
763966
935114
442912
965608
337707
708050
785579
745437
315621
455024
473351
935912
433054
526046
84203
869025
420994
400584
833168
1115
386329
801497
63038
371329
760267
512960
177419
138553
306967
560830
300224
125380
205239
496177
664833
88037
812315
265002
517961
493050
63187
595943
260207
637058
861721
637412
918342
665081
442813
147625
28931
691040
36720
355640
268025
457704
360972
827487
157015
692876
252684
261039
521167
678989
217234
431657
736571
310701
704319
543490
813432
104140
562470
47701
432406
458014
858400
512959
447975
451997
135689
922770
293268
856758
92911
222422
312583
37474
355434
112831
909363
471396
980758
759364
987731
95159
159042
916720
436900
899962
229604
810258
620899
100784
17530
764964
636663
178251
528949
385414
672752
803836
833938
933589
261891
128527
803111
500283
84189
977986
282228
253947
482434
931566
37681
886405
145649
430674
982613
500166
912031
952345
556983
628547
579941
874137
634585
313681
997822
809626
156738
331756
926656
310382
338240
403119
918658
46927
567730
759148
580019
149129
200778
953753
128282
963078
641779
854752
185900
817071
592481
691197
380234
170171
279924
269988
813383
474038
29139
742613
599873
926325
704032
3414
651400
435517
48560
107283
133160
997249
812502
688377
231788
607240
901063
259408
10584
582522
853916
103204
261482
718951
792744
246623
251685
359566
10218
971905
135875
551963
220479
76736
171495
673084
24674
792984
622105
269167
211594
966851
312274
233441
416248
604313
805918
699187
672411
767928
31430
828760
364109
728333
820675
826752
237314
730207
213660
214873
872816
449657
15687
532848
961076
37680
556677
792308
547033
437447
977289
13551
664340
865190
224103
673421
427252
483183
993140
229527
929106
175478
915544
576737
279943
971043
983972
192554
429329
53348
140358
589895
707642
557274
9929
202820
455290
757111
644598
796031
400097
936657
426246
469875
864207
139636
102730
73791
606059
467782
435289
248756
102098
993716
333857
928421
685371
765377
373181
325300
722363
39268
962000
711153
623333
227699
949038
323027
777283
926641
253387
773081
425280
601579
563030
661985
659917
715993
547507
267894
544599
76461
918344
731954
716976
838595
129423
398176
937399
28697
749112
963369
454254
61080
2300
310442
685434
217381
253079
20715
619997
416827
683475
498924
420658
591878
217992
192314
818284
310127
667348
996709
17908
817080
185925
945355
473450
909748
928485
901000
367751
591592
711824
643281
609631
51775
50743
212308
77202
971628
212984
260568
229922
928574
936308
173707
456035
840516
166643
728402
362536
938045
552219
758875
990243
299876
617814
411493
7524
478560
995701
372320
506867
867396
875541
47947
314598
132757
124860
776871
524048
109467
420509
543275
74302
622987
283969
928795
380381
750686
921220
818185
391450
812294
628378
607371
403512
596228
475126
496809
626534
635057
189782
657288
489985
484099
534985
301546
900520
323243
563507
100937
252585
203574
191413
993533
193528
992404
492021
142937
676444
20120
869354
195137
84551
759902
672832
655978
349779
577742
598452
23267
902391
646785
303292
580513
313942
842064
930121
311086
570834
170998
256359
605262
799476
392492
274663
649170
992357
863080
135073
503059
993417
981274
836384
856603
733231
413909
31215
559871
489601
145193
192678
49839
369605
321993
120134
98435
456562
967253
887839
792488
499552
395592
485975
147630
450285
399447
885539
261581
766058
756768
131124
835314
952234
415581
113452
582840
960875
789484
58643
547116
215978
37833
45130
43791
72704
365095
879658
724455
639658
917131
326801
783006
669876
437542
444288
547065
317303
783991
126320
243695
221682
10016
502647
891892
927758
304355
47438
754676
636583
913256
82268
426468
278693
734053
588719
845196
707537
476946
582678
41375
81187
551731
923882
804932
809179
558942
115938
629057
327218
946260
73519
544063
393789
132593
745584
190762
531968
28498
444938
141475
232086
133749
979885
342453
227992
945420
223347
4014
185898
632620
494862
601664
162836
595782
591421
555115
288431
886182
417870
529293
895501
357267
832518
991935
71883
416766
732325
646725
373333
464208
349995
669674
535433
996775
692670
896158
340323
637361
134915
131358
172154
567251
121520
307635
570612
117472
135693
949460
93327
200771
73141
109156
273448
510870
208638
943139
102694
556157
876403
146414
425340
703096
234011
646161
616729
204003
89495
634226
98225
531407
137061
308890
250239
285623
227856
852648
509090
415559
210406
836159
154908
533460
930551
25222
