25336655
22453542
2653614
970053
25817695
13862837
763494
5780768
869363
10450065
15088853
15689956
18954897
11522313
7905989
5735144
17679089
9426997
26894075
28110816
2078906
14454175
14779664
8863827
5687251
5565892
20519064
11977655
11110616
28103302
4642056
18805512
5612576
21937563
22333967
12610407
15232913
25508765
21044663
29287009
20418309
3843124
17262925
6047392
27861846
6923973
20698099
5369105
372834
28766072
5981545
3395009
10343044
27198941
16139245
4086843
1874601
24686380
11044392
1968887
15217332
19846399
5932368
14546670
11009152
800683
10436579
29699727
25161347
27561527
7904512
5524213
13660380
6761503
18099921
26898404
11429364
21729036
1926776
4764626
16823234
15206789
11531825
9313270
7776566
14346201
1417368
25509197
1901064
2924846
24856329
11315744
21171933
10999016
15190917
29147117
19966267
29844098
25603278
21670311
12038741
14957768
13918215
15094598
15901450
26542575
3040949
5500470
16102571
10631012
25786299
27737710
26073064
18222407
28367867
18864767
2400757
3375365
5427395
23159905
20213435
17267929
9068613
11237328
25621801
13287007
16391136
5982818
12491208
12358106
10169201
28013641
29599091
28569748
13783993
13078978
17086484
25836543
13023451
15545342
18195790
13569712
4538699
23942250
6117084
20454024
16593800
29944842
23709049
8979081
3040135
27824647
5498300
8352179
8958793
14627838
1782625
850569
16117728
5788212
6724667
29736680
7269406
11274169
22906151
17402149
24908193
983549
18634922
27732536
20149973
16322076
28402264
6354163
13320959
20259105
20369977
15328581
16337555
29686209
1122423
16401292
29173759
27214616
11602768
29431009
7736974
10158851
8598026
18838053
12325823
2288437
10150630
14383618
27551956
26612690
25871486
673830
5880272
14801783
26454868
17309041
25649476
9174261
8960533
6883321
11852587
22834556
27178836
10561890
2105020
3824999
21524975
8290249
27937718
16704370
3587567
22242084
16353780
25132647
18451805
17729102
26672834
24148139
21559245
3659230
6839124
26115215
21097680
3583175
421149
18665104
22022381
13341235
3608930
12784484
27840046
28770824
18077019
20943226
24766566
2719304
23956154
11682699
18777937
4067054
22525418
9348258
18750542
4270597
29433402
26404613
5826882
21429598
17636765
10017420
11017073
24879792
19589932
22256640
6493966
10767753
20486281
26194606
14832978
10611016
23610757
12357240
19521966
3766541
12686911
21934895
23298377
19393760
825800
12383157
17404555
5220834
17756695
11540598
12861009
20175699
29887558
22783946
29740470
14294173
28101652
2059496
16448700
2564873
21052732
11886268
7723883
18807574
12890293
22567924
14620230
25769453
21402410
4132158
4451327
998916
7786233
2681189
4302971
12011121
1899501
29526650
26024980
19680117
29401637
6917251
17580064
16044906
26361053
12021511
16178101
19769639
4542093
5450268
18088223
15478549
22041413
21407149
9906265
2251188
4957944
19387673
15228295
12792968
25587818
6934917
3684903
14892990
1945998
16037944
12390305
12571231
9904636
28576194
9925961
14858492
13279922
9804375
4272009
24788615
23787110
21021131
22454904
7062236
17731553
15627389
19673352
19333814
14511998
20593272
20572328
514072
344572
16069958
21426099
8061633
21738595
485942
2913144
6576850
11570338
1910356
13603073
20219982
7063964
9435115
3459311
6954402
9749629
13528902
17601650
24219693
7259285
13491474
5643138
28035206
9422260
16236960
16744275
27458592
3117752
8469527
23360960
23599351
20474330
9801085
161064
28691113
15252891
25712116
4177476
6002695
16997442
12451249
21178490
18058922
4653468
8892596
27698187
11881714
29508975
5431977
17030838
10219042
5142703
15348910
18249267
26094603
19414052
19864552
14591332
11935615
24859040
20690789
25232540
4157459
2567403
27838109
23066783
16634160
9513847
6105422
8222428
25917181
24724911
15137950
2150468
20851285
6799470
8961220
15838024
12510055
29227749
16656455
21798367
18790267
27085293
12967363
25315180
26326124
25018308
2868078
17248592
4067535
2947503
22860847
25695855
9353380
4702681
3423825
29752030
12035026
9421474
7929497
7627191
19289433
14417707
22393817
24323467
20414691
29999886
14863246
16205950
18724845
19372590
19762382
13209534
7607455
8608474
1948691
17936630
3874980
1384386
23089023
19708291
18644041
27650048
23269319
15383604
9255165
10070455
23203581
19079868
3185556
14931272
7676405
28240042
20238180
2259080
12062384
90870
28747429
23451067
28183398
27286378
8557428
13296603
27563970
22230852
18023236
15936165
9549564
14774382
8607163
25793464
17617255
5044244
16401228
19627722
24020266
113439
16976609
3875298
23926147
16623371
2300526
2264557
14475289
7645131
3698078
24202109
5537681
20196299
8339314
23285480
22325729
21223149
5922926
25842237
3046705
17116908
8256877
24994815
24360871
19614899
27586778
8778559
9856137
12587339
507661
16008092
25033238
25466999
17374529
19428746
9857417
25988502
16610229
10542415
27913538
27246958
22268351
24153089
12178896
17493479
19188367
22847590
24928756
5289577
24870939
9052477
4251782
14464646
26590892
27669925
1296249
20189350
18296596
20785770
14801359
10097202
21277531
10057653
18790337
12839540
8567036
4963417
13113172
8054884
8447705
1993056
25574167
27915394
13441026
17299872
12075021
17172772
22684230
29355784
4664915
21433092
10983041
22783037
14085882
20778670
19903524
20300048
572298
26234453
17968623
19016234
10737348
4318704
24180756
816349
14018694
17972317
22450203
6754746
16817591
14455388
29180080
22658544
28696840
23049785
29333470
14096674
16812402
8448239
10589172
28681561
12818323
27423928
12296818
28711538
975249
4034598
20068853
21084907
27505241
19471098
5406009
12634571
26704609
22327056
28631837
17687430
15890296
74482
24969783
7808686
29247050
19526527
12512943
10079631
6500888
261451
10945089
11358882
22873726
6270944
5981834
15729899
27600427
4282315
25109480
22918578
20898015
29033598
29345275
26100255
21098566
29659797
2268187
16196818
21295631
18581479
18809583
2243667
22312061
14119534
19525776
15047132
24217714
10984882
5974862
21688428
15789257
16635152
19982870
15453680
2778587
5513341
19841133
13025509
21205709
20406232
25496476
25787710
14971
22013829
19912824
5968406
5920152
6277927
5356500
1202718
24575966
15406890
3009339
26341999
1975305
6543184
19101874
25710030
1712476
26054680
4498517
23722854
24195431
27922999
18697202
21900940
28219715
17930686
20325012
20898051
1028613
2298884
18227276
12338015
14364682
16214118
9030553
25045170
24253797
13284433
8212389
14847671
17320649
18765833
29098904
29617094
23633553
3071624
12089332
27565912
27272701
16571356
7359380
417862
20889310
14637971
28179932
2839464
18812003
226226
25087948
18528258
23009604
13648301
1624594
165234
717146
23827652
29893754
20268204
23628222
18627253
12467671
19301543
11976582
28335766
7444821
2476610
28238309
16175278
19248600
1356920
21843035
19531639
15296538
3975791
479568
24818699
2140354
9319390
14148947
10096732
16975088
22528344
2820580
25533271
2620740
27078787
14726923
9760312
13461872
9701678
27873515
14109963
16573778
9095590
16841571
11644843
19867209
27231124
22707583
6192746
3471610
24194898
26303646
16945875
7653527
19870049
6685111
24925778
27297020
16751290
6478333
2277769
9191478
21929266
16952102
12019072
29706369
5382744
21813334
1065922
27607753
1242514
1271397
5886234
19126922
28262967
16836126
14673766
28092047
18781183
9873432
17638038
13671983
13047192
29998965
14889335
17530316
3476247
8857792
19999222
24891544
14701698
8397127
4795487
12270560
23396600
22509328
16225527
16335566
10520550
15607808
4889992
4029607
3024438
17542176
1562020
18702761
6483420
23448295
18831197
146800
21499820
10099896
28801003
14309173
27335586
14655736
8597791
20901027
15096372
12481107
19960868
7250094
23196064
1691501
27292324
28334
21199128
11493199
11779716
20733504
1262298
18287497
27956655
2137232
20007641
15449991
8505509
6944139
27892171
6969529
20891800
2624930
22232364
19359389
9663177
29439197
2567329
900891
9498491
21757588
17648376
12010598
7234778
11611413
16044362
14539277
1060639
6617044
2080704
4187534
14172528
29364329
6062382
28994457
24136255
27854480
4637041
20809807
23663130
2909622
5603619
2684202
20613552
3998118
5343277
20712799
13174165
24607662
15960193
20130024
5610224
25511975
12571559
22363433
12084006
16868291
18281360
6353335
8941523
22606133
19154683
19953960
27785849
20656280
1653946
11333941
29895251
16470401
15392605
6897377
8800886
1486696
23180644
23800492
15882707
13815510
23555019
3962221
24299301
3713021
13723536
22433798
27214434
528002
24724620
18068940
20430141
12892493
22350544
29035611
18715950
14126594
29576155
2194175
9145691
6433669
288766
19964027
18276299
12820520
5583716
1212633
3342299
22657674
17358227
13549228
19484688
27117597
25309226
23563761
8798201
1756160
19501762
9887029
6123455
25374455
4146438
2994804
5485623
14129274
26876491
3752260
24175232
10738187
23268052
26145941
23358470
18830030
22531928
3651721
24788029
18993425
8392540
9810713
15293596
675970
19622728
23935434
24590124
22314509
12271882
22737272
17142821
5780853
14168244
9486746
24888192
28056246
23404425
16849833
23495052
14369120
15616150
1924941
13760084
14202110
4406472
6866046
21632620
23232332
14342210
25479987
5874029
23584201
1386092
17403092
25839477
14938344
1594677
6280758
25284183
5279717
11333187
663265
16583028
14620537
8474785
29126920
16134555
10843044
938972
28621395
15557709
27853332
7451996
4536826
22616073
2626025
9222462
7920211
13213809
24898410
1306003
27221350
1062040
12993853
25274867
402476
15097021
17607648
26722264
23119529
24852059
2701754
2795850
26713554
7141859
908889
2645482
22630786
5866536
9725065
956169
14336652
19045927
29313976
29707588
8375606
12269654
9715996
9011700
12807518
10135331
3655642
24191673
4911860
2012691
15762771
23599952
25220327
4620842
24831057
20624759
4858893
12312607
19865001
28150595
15511370
10662692
8300334
18175601
26754862
5938929
1179874
2765519
3522530
21626977
12457444
21059823
15760759
21294675
27476182
26314424
11424631
4696243
20838016
18003692
18130045
6111763
13221318
4794441
22780927
12148974
17886504
5404477
6478429
21421142
24093874
8288599
14116246
1208901
7495458
16816815
12259470
23084931
14428579
9925144
7166965
5692276
21487585
4298415
29278019
14778072
12324957
12204304
6934963
25186311
15065765
18047975
6722036
29143615
29806001
7422669
6580084
22826733
28040633
25372212
15634525
10924925
21125547
8209593
21870582
2837767
20901108
22182740
2325737
2524934
16638836
20039871
20247705
4087618
5258506
10059249
14613246
3235160
22736448
2059920
2278734
6609289
226634
26631153
19202473
24761346
17396207
13129701
7316132
2940563
28489106
18951406
3722086
13709612
27462738
17274141
28617053
26253632
10420622
27964465
13693674
21458232
26103915
25917887
15264373
8706074
12645932
18679107
7591344
14263446
7385658
12457296
25888155
3027402
4720718
10099034
20032117
27499920
4754810
1940850
8150119
27991193
15373196
1761475
12698909
2506684
2553199
27543321
4001777
3016815
7601336
25779326
11920761
5183100
578495
24551108
7891266
12931078
5918509
11218972
15331291
3832636
20938627
27357951
27846019
20063801
5667343
25088490
26438821
27214503
13983317
26546601
764729
16265169
27428922
7837645
17368576
28134886
2865027
12270261
14582504
22060547
12451939
11847470
21139575
4484014
16434026
23958563
29147429
16929692
4923999
22449184
8667206
3236605
20344099
13174483
14480241
23331252
10775392
23081364
18613254
25605232
11677918
23776079
10854305
23465174
26401325
5112245
27345832
15247997
18603867
18213043
19091931
5907178
29094902
16029106
21426832
11569841
3719539
27462435
25279366
4443491
23066223
24380383
20937353
6891058
5689642
21369965
28373400
17962173
28149221
20500465
6102393
1556748
7472270
27183768
14654914
15220269
6185913
1726106
24830947
11272784
16379559
13536941
11459535
5397687
22438568
5924929
8131501
19373412
9138836
765650
29152647
27826785
8002323
27954645
9803124
27150406
21689416
5706748
2175333
1528678
19507652
24313566
26984400
12417080
27600452
3138891
19899668
7887454
15599696
1688944
25019865
28810709
17655489
3178308
16614149
25645482
25959186
8685420
23743666
26019333
26954857
2885321
18711522
20130979
24731059
6980170
29895986
16650589
15294559
26288067
73879
18842904
22514325
20561369
5828262
6463257
21173147
15574164
1185319
10397250
7214453
23759282
4381375
13294223
23315207
11157730
24791167
2913116
6485951
13493557
14647682
18527084
24928026
13305517
19216156
8423226
14561060
15157209
4703488
20633078
2624977
4206641
2370915
10998692
11936348
5673380
6413186
9938330
11424630
6839542
323231
7348560
11839200
12945819
26841580
599214
20704633
3707339
12549374
22151487
5602982
13761720
6985340
8889964
29841625
16732580
2139329
19600920
12536232
24078410
17569706
16797414
2521977
22579308
25598582
25995710
13319071
17654766
8216017
20044032
20888782
5788737
17204134
13860749
23980477
16967107
29447638
3033219
2617713
20151254
256178
5807826
19447641
23928697
15711894
10983447
11619101
15317105
21942807
21733895
15698193
9057773
22286305
7071913
24387166
11579911
21330789
17369194
4985057
5667712
25968498
6419986
29057829
1460864
2590181
978371
20845448
1372528
7101880
23108961
18852282
5774384
18827597
13425580
1968261
18184402
6923772
23026857
12255000
11357764
2554210
10754565
4158403
3126932
17406816
22140542
28675569
7094079
5403723
12809760
24509315
23028901
13973758
24916671
12281662
29712358
13459149
20632333
1060303
8805718
26576155
25046561
21551840
29258011
19076847
18500668
23920016
19923112
24270218
8163605
23323743
25719816
28591553
16545667
16484235
2500232
26007702
29633428
5600780
12409882
3783506
23118826
28545614
7438304
16170668
17295918
15295294
14004416
26039694
18724252
28895341
15883650
1983763
13422164
24885755
2337333
1668020
6966481
12432700
18726445
21230283
22886403
24119202
29405394
7002650
14008807
5447708
1427710
25897988
15508072
26499006
15683263
17772712
12890589
5330301
24595392
6536440
15274331
11925595
24820863
6842237
3264389
8799543
25921092
18262330
8772529
19103338
6173109
20528584
19995306
1809759
26620977
15674948
21619278
6194411
19740377
19914339
22338184
210642
20007712
28872505
19083616
28377440
13902794
1384977
782481
18427586
15778828
23619365
3632925
10508577
817251
14874256
696680
21264143
24619142
13566980
15556942
2883074
10424143
17814834
16738908
20744467
8000032
22199813
13064759
23728160
11674999
20801143
25092428
27484511
14168505
21099482
9668866
1270658
23745732
29283701
27370254
1556669
5440787
1223409
23013269
22882904
2767919
3902724
15401405
15885334
9756453
20029570
12704318
9993
11875731
18986088
27872678
22068887
25395822
5383784
12806964
21908886
7750187
23949624
4934988
11733051
490871
14007881
10356518
9721118
8593616
17083793
29016333
22493164
15667578
13389360
13492379
17172512
16152461
25609021
17103197
5435000
28192734
11645965
10032892
1403005
4011612
10791776
787880
14348226
13915676
16669124
19438914
18970393
10114780
16126772
23106368
20122284
28424987
17609432
19189329
24322374
14333808
3488599
5279140
15816214
22710425
8639751
1113921
20513694
23269450
23819674
22871954
1172944
18181497
7774109
13741387
23886212
28754407
9417281
15285688
13217461
13116744
20571052
13157492
2089864
5108763
29261505
16755917
21107626
24143129
9626300
16593194
17332710
26796114
4086082
18169079
26321730
14200837
9052720
10644881
17054973
13632490
5861693
26543946
27228361
15183741
20875725
23535834
14808449
29341930
7481344
4535071
2325486
9149717
29136943
861924
19774263
4991612
23731252
7506519
17812779
20062601
2386992
10317320
24636419
14747253
3931722
14731084
23123404
26850031
4384031
8916583
28873402
28012510
15075479
1266011
18063923
8200424
1891816
5591527
24783868
9162138
10456676
23314891
1496284
16658597
10958313
18620001
19327624
25505128
29036947
7472044
22458355
7065371
1180272
16085818
23835083
1640917
9044541
19661723
28522073
7204768
8117663
4061613
27154130
4144465
28302332
29550576
19311991
8161044
24571268
20389548
21521692
7608091
15642140
12712141
24870533
10195320
23839923
22434410
17817977
14971276
28992641
16462470
9141811
19838345
25596566
2400168
27014684
20985953
27314178
15884263
13559329
15013920
19913385
13106878
24437707
17989848
26790367
17262909
23707784
23022100
14978268
26186680
6589125
18828749
11058107
11150378
19662050
5530522
4749449
22311729
11295063
428730
11394684
9848496
4062854
26669315
6711251
7643067
5197375
9518577
26256343
10054128
8112522
8638729
3072042
20133047
28619883
5947600
14575419
2736188
21253126
22029367
21181211
22062393
20187442
9373555
44667
2320948
20260355
6906446
27052216
24985172
16914200
1444763
27587356
26989968
402095
18933021
28357717
10590949
18147604
12512912
12459149
20340992
8056452
4040651
22043946
7840257
13618112
24841811
4164325
11179494
42730
25146531
23099004
12520477
9982847
5751350
2589361
27576599
12127321
12134925
5602407
15053306
26697844
17622824
28018332
13764931
18613507
24620058
26171433
5500717
27959445
760087
7592720
18117812
26807039
993514
5386524
26263974
3096884
10486997
5443546
21351080
799354
4770206
274086
25717605
23567522
7215468
1591362
10387534
7407260
29101800
10594512
17587177
10067601
11398775
13641000
12303974
25558462
11692773
19185200
24606506
11753527
20016156
23284679
13795362
19506703
27525316
26898675
22428792
27761856
4594385
12969922
19277
11531879
29896527
29943950
4853973
29926692
542691
19886329
11920334
12776588
26321466
22498742
21082861
25242313
7438947
5190878
29526585
20316400
17917926
4641175
11094552
12800118
25986805
4746369
11760111
92297
13760073
24659361
17881715
25435871
8283457
14343566
16639941
7505149
14854166
2878216
580562
383299
605569
12263975
24884568
12211684
407286
20624952
18841910
22255556
2877420
22432716
15540409
7210057
2181300
24510370
9023899
19140814
15017471
12775057
13465390
21923839
14804569
23106501
20862346
10464260
10371438
22468509
28746009
24144871
2191487
26766944
24137258
20294283
14718680
20046598
3385105
28338031
27946776
16371945
20630418
16192660
25773012
16689466
8277512
2154294
4097347
4976411
6776582
7021314
15977644
23320519
24665571
4093261
24199939
16664049
8581488
23330986
9352962
2659296
9229726
10773858
27127891
4530248
5770940
27340177
27670334
23641755
20974688
11371832
23843738
23206362
12866758
20986211
18545031
26865798
25528476
25557853
20213794
29804648
21980331
11253883
8706693
25368673
3065106
10280068
11769888
14280016
17478197
14247508
11334144
10560336
17901659
29234199
18882762
7618288
12775446
245779
16593245
19554049
6868220
22417685
3396150
23735016
21953797
22920184
2833840
2177290
16444737
1165319
5340285
23067028
16991876
4186569
8015552
18943066
6113143
17137066
6029176
20905675
23312359
11533235
18291906
10381728
356910
21541058
7074481
103839
12131139
9879352
1243761
10444900
2130241
16884372
25022469
20605548
26300628
7948089
1201102
7624224
24812402
197120
6381694
20696914
6267166
6635120
817280
26246054
21737422
20745390
10080566
20879546
3173401
1185920
20205758
4038882
1902866
10864354
21632815
11959565
9255259
12006601
14616746
28091017
24843502
26715781
14924894
26352141
8726798
1674815
25855904
24083033
23936726
7942244
13335579
3725252
17156725
19471707
13236181
18754862
22316075
27354608
16711912
26484036
19041839
14510353
9275602
28859512
13710999
2992393
18182865
18131249
7485890
28848076
14621070
1487514
29142728
18542583
15072251
28940569
28494362
20485191
19972028
21317212
10443605
26572390
1864702
27210373
16043004
15001155
12593198
2288702
24643674
5699341
8067898
17402669
9574934
13007912
27788112
5946801
22804803
3077316
3783453
26119964
18607776
5125566
26064626
13237285
1474330
14038568
2489444
4313992
12061442
22866136
15495521
26928376
2943754
13294725
12299695
6223078
5394295
19808583
11988374
26579632
5094067
14018916
16125392
6132132
2724838
24172159
12187722
21465416
15486840
20504278
25120476
12269943
20259461
18404851
24564761
3878308
1690346
22612707
750607
7448102
22939410
7098375
29108588
3278509
17005075
28027502
27209546
15874776
28380032
21094125
4723467
6517231
16939288
885105
12009935
5864018
21861886
5998779
19265588
26304629
17350196
12686703
15864835
25491509
1409496
19709047
7822817
11691111
5788486
10368905
24215937
27041172
7263566
28586217
28035126
21046836
13242646
386307
21221033
24439103
23797886
4275157
11623367
6615681
23127830
9888273
25517317
4585038
20022620
5939541
14879816
850630
9289756
17465497
5549901
23786523
3075317
11031994
3886893
12918386
42788
16376645
8375222
5937104
15135512
9541587
29624522
13743832
23629258
29798905
14330056
27648227
1856063
19416529
24474870
26479609
17305254
29971135
10317512
4594899
26336507
10657263
5469579
5992804
6628057
24066618
2655384
16708539
5263912
10330692
23467355
29396434
20453800
6467447
2223141
25936395
11021628
5888280
14066957
21427629
8876538
18600140
20306288
7238423
5145562
18142869
9004743
12477954
28351146
8965443
15276748
17156847
25132070
11976036
6038300
20714408
19116850
9440146
17090670
29047116
27135627
29959130
13722449
8559546
13752688
15083115
25722691
12587301
6289136
14430192
28177666
14746794
29494110
22460097
20059911
1155398
8651669
19238904
5780897
26865325
28848339
25333452
29025186
3178870
2716877
10201215
21925746
22143498
2366652
1432322
19239291
29177223
2401543
7522911
23248691
28184934
24779110
211901
21050567
1239978
14043850
24048494
5577736
22066127
23671643
9646187
19960493
13237192
14478319
16408029
16770215
7680603
12298061
20605180
4180737
3434567
29050886
7288335
4480024
5810347
13530176
10143370
12736754
16040161
15885071
16944519
12972441
7815112
9984302
21238176
4193948
8628483
23729392
16278162
25541708
6158779
28138521
15936507
26949153
22939519
25849567
16042520
7477567
27123370
13246074
25402731
29720096
13778004
17762904
16331529
3218569
11232995
9478023
21275158
15366119
27962552
15129171
23289859
28342718
26732614
13604815
15424780
20752746
20822148
11651039
3723239
23567402
7006106
24127385
3512603
9057320
9404789
22782452
16998952
4569378
6704895
1597357
3671623
2083674
10154077
20703057
1558163
12500692
23710452
5617587
15364701
17072215
21752757
287938
11785843
11957661
1091408
15361849
29080348
20840652
13479406
7977093
25490639
23823287
23875474
3319197
17773800
10786785
20542712
11243749
3916920
22380501
13387750
12041285
24504345
9115934
3918566
4896271
3246775
14594880
3561897
25525452
25284950
27609676
21524990
20114806
7348881
25705297
14206054
6348101
27582202
7804150
27018441
27086715
23035264
29517680
23866577
12621206
25865651
23756147
4639423
2030897
18146608
5768968
19180289
19950715
16872058
669698
20432677
13649489
21765328
11559303
16741659
7839837
20122171
13256173
15686969
4868687
6710875
341705
6100609
1124477
22647795
508160
9687717
11326656
28788529
27890725
24667454
22710328
5021247
4034732
29560601
10148807
8645711
28667404
1870840
29930774
16248124
4967223
22316487
20712357
7320582
29402753
12739575
23724678
11719570
9720543
10199233
12780551
17876077
22753306
2561761
6885890
14174736
19184622
22060707
2847776
17620631
14172419
13141688
9828138
20760636
5687549
9385527
16628723
27139154
4522952
15992085
15041606
23575766
27720456
1043421
8840653
28377126
3784342
20195514
9098678
19644162
28276417
20248684
4628378
977983
12064990
8576983
10526297
7599446
18631938
17023478
19146948
8509775
18105654
18926027
12933343
23871196
22175426
13745253
3823409
3681298
28318696
19290306
6272988
9071208
3528721
16802357
2835994
28183747
19332481
14363477
8510409
7338469
16403425
5593174
5610940
22966284
14726787
13050495
7320822
12929357
26688618
9558885
13308445
18015096
19614189
23365181
12939231
10523364
9472747
1049798
13670435
20008482
10837133
9884091
16487038
2977158
3994919
11718439
3098894
10676835
21967804
22429785
9641309
21122738
11716272
12499677
21323007
17456394
2404937
27050057
5290630
6064942
7390203
5595952
9179002
3453951
28595458
3984580
22338829
11771274
10236762
18098532
22393206
2015544
25268052
9011360
5771012
10870737
1504435
1621060
26173831
16312872
11810388
28142673
4505731
8262058
20744764
12585452
26630876
21967856
9206340
2012912
5664722
3208969
17517252
29283736
4064237
24517755
6793774
12648725
15032036
20443090
9668221
2577324
12596621
25358257
11066446
13946083
19324544
22972950
24726746
8039123
29333020
18966642
15201086
14445608
8192163
10893067
23267890
25840102
10609708
24104495
21464354
8520033
9114128
23310819
2030675
24829330
29424854
22161729
3121496
20051169
16703765
26646152
23446473
11086678
23344254
27908085
2595552
9942567
2919187
16984201
8892306
533574
26058425
16090291
26665698
28954959
27827112
1716233
21969703
7099223
20726941
5355108
6467116
24492705
17212193
17637961
18638438
20280636
4982357
20349808
11762376
26921315
2519893
8750664
11728756
14802072
17353075
56921
16143139
5325470
24695368
16769954
29575629
15980362
7562970
5199796
23724795
19211888
20664709
7151648
18760538
24284022
24433963
10734352
9556592
28256612
4814099
20850562
7344537
17858592
25519982
22605855
19817701
15417855
11263287
22140741
3071599
3008162
375512
20489533
15124069
24623759
6099335
17531975
18149473
20458262
10434387
17932713
9464657
2773037
19288512
7009200
15028439
6041569
24397729
23589399
18367763
4177810
19898504
22775566
6803564
11960304
22243595
12688827
14915485
23784069
6701152
8055952
12970027
1582384
17438138
9525242
16349373
4614663
19184663
27974221
3616030
10034608
3715400
917670
10342006
27971975
2410668
1518981
11704379
7122129
17470037
1202138
1203905
20896670
20917157
11472075
29636930
3603634
12614226
20981663
17671101
2488721
10401232
19687048
6138120
12689741
12831778
10825931
27677913
21166647
5312489
2506211
27637870
1393296
5644023
29633598
22852717
2043760
8118117
25582755
12035249
4047367
10586083
19602373
7577007
21684012
5972271
2360294
5787020
8323086
20796989
20083397
2395832
19058225
632479
10520637
27145529
29050217
23910792
119057
29784587
19660778
21485593
19667381
13729005
13515224
918435
25638981
7907952
2944277
6515580
8023190
16731171
2192480
6871331
8308871
25196928
25097106
12701730
14944692
2252501
10452450
14079557
25229794
10229858
19509565
21162005
12303027
1202805
5984054
5686013
14804434
29366219
26119104
14714980
23881341
28848441
18799239
2239411
9558659
751401
28486501
15417589
15502928
28787810
14357506
27071230
29087542
9108841
13906643
19558694
27419306
2878641
29489969
23951738
5134913
21206046
23387173
25863309
4065859
6741375
22129698
14536822
26967024
15088101
9359755
27423530
18733847
46049
21965953
8216373
4818431
9506438
28675268
17552005
3091626
20337213
5763255
29275389
19717348
2309635
25790956
3218353
24068873
5834090
20223546
11784039
16254228
5052467
22819317
19258767
17008932
13232267
12639369
24899024
14694750
26740494
15129294
2342564
28977842
26218376
2159362
16007038
19701604
2739077
19371025
17730708
10250122
2625264
3484057
1279448
23390934
2716613
23444220
23401950
2768342
1687259
13294367
744430
9061812
17507914
21481296
12753367
4692041
11992492
9591120
4389381
9579599
5830024
29781755
9189187
6087625
23994245
17085521
15901076
16835345
5711248
8699095
27155106
23544575
19503424
4707238
466627
28424312
21513520
1891062
12408205
17460853
14771542
23458151
11655309
13519051
18989493
783934
8913791
13308747
1119784
26046534
28737869
2481309
9712413
21989574
19401698
16841818
139788
6673340
10924202
20211331
7789162
27121374
16837847
16584679
10877306
23605426
12317688
26260237
26896800
22938166
29182375
13488368
10314521
1097561
27546927
4313140
1378027
7068371
2042272
26754200
11157421
5873259
19108642
13040460
667032
25082720
23830513
25877164
5314210
9625174
3616439
17506475
3401309
22650639
4916461
22200167
11044461
18423248
15923660
5716128
20205689
15012768
5537026
7828439
9907855
28333421
10927165
22789683
49830
19226963
4446182
2683776
12705174
21596723
12679295
19784441
25875234
29656596
16484966
15669449
18831284
17173728
14418846
9232843
12660458
21587162
14241650
13147500
9836747
5955710
13630654
26959250
12987168
24625193
14573902
25202492
8430960
15732574
22099008
23447181
23445689
5480514
27759010
23632144
6017918
5742311
12261017
17004428
22594446
9213465
18028915
4222567
25622753
25134192
25876781
13838560
5110638
26060219
21775623
21558494
269078
15321776
25556411
23672382
12207805
18346123
12902021
24532421
12731237
17014700
730629
23210932
2595045
18761683
17862251
14180728
8485497
28250943
24292155
12306327
3814517
17613274
5329838
19335548
14854530
29110684
10661982
19010303
5176927
26451143
5074115
22278742
15320625
25765302
24164628
9786096
28717439
10369619
3078846
29498083
23016468
10513996
6660119
8574039
8924608
28642730
25222861
4083922
10952456
12062497
7394457
29032625
3943034
8419453
27412648
2071224
21611082
18376934
2227844
4148629
17862478
10963711
6343208
24542920
21891429
28533795
3065813
20367675
25461820
14149971
9388132
4660134
17090804
20234325
33689
25984105
4062037
3939588
24997891
1938558
19939958
14904051
1863475
13657344
15678736
224096
23118643
18304414
10191955
27639433
9769325
26129495
24949252
15966097
9214004
20395862
6510041
26882653
17066566
1385556
10047226
19037994
16315452
34302
22684592
3682485
23942591
10718860
10199687
6337199
12027108
12005269
27977635
3908746
17857942
7076030
3454074
6172844
12424991
24690626
15703494
28804461
9434366
26868792
23894618
8197582
10494366
19067914
7799433
27174540
5796410
7294295
4258235
24024880
16597040
15823741
262657
12630670
9442072
2728913
6710280
5552861
23508283
7856671
13870509
13053687
25914155
19001924
12838492
29565840
20666185
26521952
1991837
25728175
27421831
22164518
1887115
22085125
8673001
25032953
2051528
2489795
11562433
7451230
4554243
25447799
7348137
4509607
26757547
11522325
7671041
3069078
26683597
17970867
28443734
12333560
20028993
7571207
20982952
26415452
10431617
5182852
24832784
13881214
8949524
17895859
9107579
1662544
10551998
12803020
15620436
20289991
22988859
4642910
7030183
2426568
1807183
13798751
28585775
21644407
1924707
29954716
29509881
1532766
2222079
19794668
29451888
15743559
17624902
5311722
21779114
17958782
7764033
6087769
23360485
14805445
11614029
2062625
12052521
15044566
28700233
11128087
25846589
4996778
16241584
15225813
12457094
4162599
9524800
20851804
14256266
17741915
28938372
4501220
23568152
5084327
14105329
812138
15016419
18737084
15934422
15668473
17542240
7151039
5701992
18378065
6673163
20302973
18715611
20151573
145825
27226907
13720470
28413773
26941872
8720969
7354462
25534737
20043048
9868057
3148729
5118298
19339001
17642399
10018042
22459896
24819550
3827326
2641342
16720612
12990594
23329073
9010484
26391005
23437694
24167229
19749392
25476149
23526354
22567353
22840974
21939200
3983342
16284324
11059088
27251149
3745100
23151592
29860195
8043017
5718900
15787106
9762080
6379253
22407073
24792571
18926977
24590397
15850721
7271360
15601383
3163875
9213233
1777522
18479322
729102
502535
12924778
339833
19353901
29028891
9871661
4546872
17224715
2430331
6413338
20846963
27008002
23069958
10174681
28985900
24282402
12721925
16501369
11799539
2959004
29004276
27092102
26510272
7625142
1975484
13139600
7817776
15140604
29036992
20779344
24354548
8715008
25458689
20295807
19633898
24630726
29405544
21472925
5939872
11231438
20517445
6539510
29826973
8351461
27667762
4441970
24803043
28251116
15668903
19867487
14941849
24804950
4021055
25108082
19150153
20116463
28171984
12659461
2456576
1390988
11985998
6874905
11772356
15668490
24374351
27674120
8970442
21035627
16100495
13546457
4625637
29789038
29872991
16076250
21804592
1515210
8018554
21934840
29445387
27144493
13981134
5128746
25491472
15774635
21071279
19352701
6357685
9005285
19348327
16627132
3172913
24576563
20506004
17418853
10889883
27163858
25092573
14460548
2242198
10889593
20073120
18287362
6818680
8642430
28362814
21782798
16639073
4886987
24077145
24951955
10555372
16349273
3230449
10590622
7096675
8156556
8555262
4435032
26071223
7028532
20737002
3925827
22418229
16679064
5373381
26940121
22867946
101859
25256668
12491733
21331129
9512869
25851213
18053998
16992422
17999576
825478
28775146
599797
3146157
29178615
4941428
17460398
26226707
19903945
28387360
23845158
23851452
9188746
1867707
3264709
28191492
2263453
10727833
2412715
16882154
22731701
25408566
25429401
27377107
27835957
15432357
27427103
3979857
14874467
27636883
20469052
12417956
25813366
27591163
14901498
20094908
13052709
17138806
19809198
23012358
27182525
5533390
1210812
27906719
16359359
16547352
17816295
4945838
7560770
23077850
2395979
6338122
17729383
17961741
2139378
13216873
16358786
17879386
28970395
21452635
22258599
28079839
18695521
11633462
7690498
23270586
29104317
28163238
23882787
3783633
10446909
1339022
4770224
28617785
25698951
12732277
2545817
7407573
3996389
13992808
26202932
8466008
20641479
8708593
12171703
27282750
14926700
22554555
11897872
2934827
10090325
7272363
7696222
15719281
1919578
6777290
10937083
26928488
6936497
26291250
27505231
15546845
1135851
28613473
10367610
16529273
29908432
29460292
27470486
21334693
6425475
8397186
27421465
2416184
26933098
28536293
18454667
27823873
29898568
2039824
23596548
11654156
13094370
10278285
8489454
21492574
9319318
27718898
7907872
691189
27191936
13475586
18481208
11130531
113700
18164818
19519466
19979678
25426000
18355225
11378344
26808995
17038917
25137539
11855402
27893907
1549306
14783850
19620959
10622410
29680400
12575337
19933787
15504010
20338516
22034356
19392768
18226274
8180323
13045671
10389020
7602183
23877154
16769518
19360364
12509963
11574601
29684167
13084481
4892947
27596195
3630926
18349236
25888728
13009547
5507210
28529841
409256
22594589
21128597
22911782
2168037
27746647
13389249
24655857
26171900
24540459
25124568
17993546
3049883
3209909
23025571
9726099
7477167
2133083
15002627
21659614
8105421
25757880
16111567
28225378
29447074
11197138
23908625
24590450
26430412
18745387
18712293
19696391
22907735
11803914
10585528
10929062
16452948
20385993
27017849
1214285
12263014
4982272
19093406
10478861
22278231
8321430
25681133
2764403
19427837
10535445
7576847
22685327
28323163
28009292
23950411
3056298
20744904
21365277
14253412
3724453
4538721
13651070
10609219
16647158
9031697
16207304
6673017
9418936
21506972
6843045
15097447
27336717
4045932
2948591
13602124
5815558
28824642
12784003
4096494
9845608
28582745
3505643
22092986
25381959
26620464
28279004
16353990
11165779
3193415
12897388
29227012
27546723
19918244
20992919
12931466
8408387
17482956
26280400
8964775
2979915
15603860
2923792
19266002
14027598
24893196
11902760
19744690
5020422
20954730
7013016
14618137
22287940
2031179
21235282
25179390
25687837
16392446
14981806
3315955
12217976
13207954
23148850
626160
1146188
6885305
25325772
11879198
20970760
3237802
29148802
12418826
12818336
2623330
21238858
7200033
13013323
12866214
13748145
16375493
24366671
25579710
18176664
16254707
17997093
16384240
15988451
14759717
16428854
1777372
4049601
13893329
15067685
6598016
10464522
19658067
21628972
18671114
14754774
14686070
19520102
7474471
6962722
20777780
26537524
242440
14803064
23716020
12343858
13128408
26458884
13559533
28931162
21342119
26113263
27405146
11325597
10052493
10090864
1244777
1970744
297776
18881420
6120441
6063095
423618
19695503
19709439
1145482
27801022
19909636
8897059
13172017
6907862
10316182
13406558
12813856
10382411
12431440
23554695
29127193
4317067
17493871
26381464
9360601
24334651
5643875
16404182
3491852
11230836
24264614
5905425
9634958
29258052
1927218
4740778
1040168
7940095
6185334
25343836
29802746
15438681
29589102
9475235
22654969
9847168
25153877
19966973
28520756
4630079
6549262
24159117
20668396
3504547
18385797
25802586
28582666
17119219
14695037
9795072
3729514
3236284
24783656
16832510
4403787
26289691
11286195
12801218
15479672
14392933
2171809
3685354
19696374
25536051
23916224
6076430
13622662
13797754
15978292
1644456
987190
221718
10256507
372072
13446303
4195603
9388071
3663952
20984056
15100569
28942791
1190604
5319903
16095105
19228896
4162328
25288239
21474038
29692472
26874649
29536594
10429136
1702542
29380379
23102065
17046912
17712852
2066928
786704
27261195
6359900
24810147
4973519
6287785
26956339
13406619
15547921
9620775
19294446
1875893
3616210
6808494
15481704
15896362
13790332
1417655
12775175
6936897
27753027
6555190
20824695
25009954
29799673
3259053
13049784
5120080
21654534
12650513
8444116
17420172
4656821
7253834
12382420
6822618
13549473
29839799
24032410
22067922
14911866
6148155
17228489
3782568
22049755
8685882
7680069
2226675
16595186
12289332
6097786
1366446
9451305
8069934
3110316
3191119
10441600
5306012
726010
11989531
2997622
11989856
16409863
16475748
20240800
10831431
27080928
7411176
20874407
14513958
10743006
10106671
17322996
13033633
27303361
2042939
21189685
22204229
8050420
22547787
9965112
4385013
10466414
15643584
23424430
26660980
2698527
12564349
15504022
25334964
20290538
26020717
28018717
27487908
26462381
24531119
24090599
20021474
21606345
29802208
7705862
18103823
24111931
11651896
29334550
29875858
25801697
27467449
21018210
29639469
10448827
23069714
4837125
6096470
13051107
22833858
29938175
17211790
15087645
28099937
2818627
21020302
7568641
6167724
10524851
6002406
24822827
28106612
29228465
23677697
15995583
7361259
4945060
1687066
9860889
22925115
19710269
1970216
20652629
20307550
29714573
27002766
22056833
29792535
20845221
14137751
2849415
21674977
727858
16793021
14367784
10768417
16982477
16287611
26572857
6337825
26781306
29706818
27467220
1737205
17698892
14792780
3369836
16402678
20160666
26216397
17887848
29168188
820125
7767627
28412919
23378253
14973689
15524386
812268
20370544
13397433
15828099
28355119
879339
11953989
12083270
4499983
3603451
15887134
13355509
15744601
3192711
17781739
2605570
1574043
5515646
25485520
22671741
14778582
29324146
2629700
2590539
14722651
28521044
4348043
16199114
2793617
20680597
17302218
6456093
28596565
13530470
9839192
6978661
4528356
19275142
7479384
584894
22831963
21790614
12821010
10760074
28184382
22189075
11090863
25567973
20014361
6551868
14839861
29136594
11846300
6744451
7779976
3246713
20961125
24609057
22403379
27402816
23893700
19181774
14308506
9415801
12893639
26901552
26358531
3554096
11853683
28008063
2810069
9360088
21589865
22946882
14560930
11858343
26888000
25251898
20249392
8195083
20411241
27968245
6398271
27214447
15944555
3509533
27687600
18434130
4996221
4952458
12863307
19388439
27905491
17006492
296525
13517051
11186971
27435258
20164912
22462413
938943
14235489
17649215
21159987
10902243
4887150
4531498
3347902
26691741
16952000
19001660
24221093
17556545
19515192
5507963
13302368
4764074
23538127
16454182
25827778
1533672
20321560
4895158
21862448
25708632
7785579
2191502
4979171
24889770
1287496
19611455
16986920
1484159
7345925
13248213
26772070
11781022
27040992
20502358
17079160
2030871
13546219
2082265
3419031
923771
28345806
25258748
15718572
12511300
20872285
27837528
7876154
8920342
16017622
13616732
27213246
23280666
15412434
20458337
1725955
9301671
17315799
25144716
22572237
1698033
13486822
1489434
4347531
5354648
13378327
2529263
21812662
8036058
24115407
26148261
11361307
1053252
697636
12401342
15214442
13125234
23520403
4390053
23463276
28030023
21324587
27769593
17899662
19341856
11141577
18142317
19708538
15818122
5483242
18130466
25605922
17069716
10906914
3047064
24533566
15656517
5770993
19570582
28176789
25039488
27518595
17474083
18117398
15199359
6522762
9749475
3876858
27031148
24732041
17460650
27508270
19786106
12659758
16118772
1433920
23669470
10314244
6841307
27519939
16641325
4116036
25329368
9341342
26976539
28606510
7682652
12946424
16533837
1046350
27567633
18377709
19387275
6954631
354249
11924595
16164222
21638639
12811001
18846929
21016060
27315243
21748892
2498522
7219971
10476102
7447981
13657722
29347899
4384132
9331622
8991046
29232988
27300356
21800845
24433012
20554397
27128499
21944799
8713309
3245243
18565814
12237835
8538063
26996446
17329698
13897081
26657057
3358318
14263752
5828129
19206513
2971612
15938623
2340023
3809273
18595045
29711181
15683156
4391885
28490487
18594618
28087273
21594182
29045915
20736132
16353752
9284778
1821189
28439974
21010909
27907583
17359157
16965787
18593432
3062196
17116741
4408353
8730856
22417962
9574864
7052471
13905507
11864997
7438999
8557775
8742075
28496540
14171296
8717285
8236059
878889
2884253
13214293
21993259
18886826
20906438
12864649
19904857
29256779
27587177
19667010
9754237
5223656
20434044
16682011
1531501
24482306
22844829
28370375
8142570
10923501
18024558
11875152
5709107
15332306
26870957
13101244
8817353
21942872
11629229
27724630
27436956
10330927
8264439
20755471
7646748
16737680
28292217
12787547
6340917
24698437
7712892
11176315
24501627
1681983
23517085
27485988
22932060
24342502
18484247
8801817
9603945
18783250
26308507
12988137
29448865
18398222
7052232
27738980
29990482
21526406
5414444
20190150
8496869
1975829
3639749
14910708
6009677
8080110
25647931
5531478
5580201
17805021
21993992
21270567
13965379
19884600
22403643
28208536
5395153
24110781
4415589
17377632
24855807
7303678
5812321
10991876
10480275
3584279
5741386
12472089
24611022
4201131
20132325
11492845
27837163
10255142
3817420
16584009
19189979
21553235
22344822
29355994
8176767
19041783
26657243
12739916
3053789
5731206
3219641
12592672
19558165
15582331
20439409
8981515
19825412
20143585
17466742
10024072
27133285
25775779
4245343
1734044
5399208
4491832
5466009
4282382
28717013
2358515
6676226
14684991
2172372
19032763
2704285
20071800
9705823
991489
7819511
24454630
18136810
528159
3069771
23460998
445555
20883748
593458
19454064
11079951
7286915
28292073
12922493
2725075
6550512
8640993
14370608
5020004
2480730
23161280
22050800
29460113
11758675
22189123
9507435
21978081
12690159
10954458
16080743
21179054
11892900
19628150
28671771
16619778
25755346
25730260
26840393
5971284
21245119
20789542
15487893
5804458
8288612
21241204
1028288
1925160
27725392
23262208
9532163
24295605
8087156
23780790
277407
4565833
25919638
21572226
2265143
2769927
14561450
2874460
2131255
18740099
21687853
12916420
27635963
22284447
8663740
16862676
2276487
12958240
26699387
3280362
29088041
5107510
27618947
16932479
771351
18813309
11976393
26287006
1608725
19043642
7436898
7574814
5551100
17759707
20997442
26717202
21886233
20023730
12804369
11676336
11689364
1472042
25434141
17826240
10379685
15070674
11032100
23394640
27831593
17475149
21215689
16041079
14677835
1395737
10477226
15703002
18056457
7491720
11894749
25268110
4482546
5321032
7690746
5255831
3084680
2368553
436945
26239594
11864990
13093774
28305817
5621136
11554850
29350417
3927426
7836438
27133796
11013310
942807
15075344
15825110
3291673
5239653
16707991
4214136
8526530
27277039
5397478
5906242
17278251
17891450
24869386
8389548
6835038
22741290
19028678
21121808
585581
5113261
24918038
14086234
24162967
27859994
9628080
21747335
24033933
13103991
5934981
15333895
25939988
3949051
21555601
9284096
25292323
9907296
24188692
19236249
15826113
20006998
27543092
12244481
19828643
15300236
18925221
25009814
818250
19079016
24132105
6763137
9198166
14152979
4523243
26687072
13717585
10609916
20977520
13129433
11433079
3190796
25513702
20178881
23781230
26159998
9984777
26711407
14673490
21388889
24013928
29925334
27682647
7160633
16640502
4438446
22750792
9249460
16368945
28483958
18279872
28382029
27326956
23748225
2586779
929429
5379741
24358455
3974896
6698211
23620847
11090726
28132783
12115701
11709436
6002676
15400383
12431601
26736464
2969968
18286387
16258559
22731644
10742165
16730433
17038489
17604032
24254339
12137416
16086875
7916316
23949562
28506383
1544787
17517786
5638247
9517867
2847898
18773272
23608137
12863497
1523686
7599087
13654630
26142112
7851873
5167321
6391830
26237160
6401574
22990951
12995279
1487909
15101214
21736633
21218945
18520502
24252407
10314284
9145964
23890236
14075408
12678313
17144926
7272654
7434384
15192337
25264557
19643614
20035984
9216411
3795092
4537382
11431837
2953123
27659609
23536874
4311695
14570450
17794517
5579146
15441941
5680396
6406907
28624777
10248490
7115193
22147984
11008760
5579651
15266251
9811542
2573751
12292881
20094203
29429784
5701251
3811099
15553818
1990395
13036568
24509190
25433294
20830538
26769086
22149364
19062858
4312944
13112360
12189820
3117528
6403718
29974137
17958260
5645643
930089
13712528
4381022
22988971
11620117
14115973
3934639
9695795
14550873
12936361
14375986
21295842
21400564
11374613
14511766
920707
29648457
20056741
29104353
15502332
5291776
26501992
5664610
392056
6063552
21748485
27266504
21149038
2015422
11069412
29172811
19155784
4174719
10070972
28502523
9714666
15925473
731989
4469508
12173370
3443464
9441754
13666528
12988391
95943
28300726
27067717
27712752
23499073
802633
12787794
7709614
14331595
27630136
9849851
1000703
2071491
26642014
3341366
14007828
28833042
29242879
20497107
4253297
24542493
20778890
10608183
7796547
29553286
25639758
7075221
22611600
9301143
24165996
1167828
21399937
21897861
23691471
25752829
6731074
23758395
14349496
7434780
17833949
21552947
5107419
8300961
4629004
15168754
13144456
24072104
6711134
4652104
5545298
25450789
7307868
2952394
1230652
21674399
14489826
25589332
29338256
29325107
27776126
613473
8386119
29533570
6590160
17978915
21291870
12516143
5043142
72547
12139516
7742588
247825
22468059
12191215
25297426
22610767
19823358
13349488
16401857
2874903
20027793
22371967
21795395
18975903
26415446
29755711
21250484
9376638
17854966
1717384
26755117
26811819
18680074
24804618
28691038
5290605
27508617
948689
1796161
16272752
4093628
27122551
433389
3571784
276825
29114390
6857792
12324686
2731218
23077792
23861244
22780025
18134437
2094302
28753615
5066374
23716990
24497534
24432870
5819831
682819
24907947
21592880
175814
17523558
24188893
23415333
1215093
26753791
13328424
4652611
16033817
10974170
4724773
707385
18616470
27319150
12387453
20885458
15967613
1590008
8518445
6915440
29368546
8699134
1057509
13753361
23146654
8559721
3248763
21005541
8657365
21435532
4123945
27151962
5146754
23012161
24498214
9718713
21899801
21767649
27780582
2171272
20821434
20559998
3512069
15052576
943553
15900283
1588056
25429605
29479226
1303984
29741358
25251183
19709180
20298648
107357
7659806
15009279
20809539
14882241
23637262
26178176
24843211
1697564
22206382
27486472
16189015
20929089
1992745
23004416
6854233
767540
23902624
5880780
3011889
25156578
21599195
26743593
15125682
19867375
10810735
3590584
26070447
24638598
20047419
18215383
12297733
20489039
24668373
22536104
3727809
15205558
12160890
7727306
3930404
22548559
28617088
19101210
18258445
7821506
29549618
27669338
13576481
24252255
12976586
13351724
12638408
10844403
4494870
1675972
28525114
18445448
3927515
7877514
8091151
12990234
13077878
21476802
8218925
26561892
29419236
14606358
27725274
11682357
2063456
19126644
21321402
1418281
16488246
3429406
25164113
9389507
23317410
3070376
8194242
15222116
27833464
6810213
8584078
13120002
6344306
2456545
24948109
6613191
19059764
17122199
6476938
11229092
24228030
24328049
21518186
20925559
27427931
912688
27441752
26854148
2457504
29660418
28702307
8732113
26540552
210818
28910149
19584828
3324928
5442542
17198969
26522872
21851195
10586053
4591221
17447046
17822050
8316651
4775006
16090605
14817559
4783537
24082062
18825213
27111132
4693880
12011950
6602055
1749444
349515
3204684
10703498
28680234
10967955
10854538
7989102
4873387
29451314
29596737
1671058
3866476
19857034
24797642
5974839
17226052
2157559
25430687
1146921
7858052
20682906
6247110
29718618
19877094
8302219
8747970
10601088
29465543
12757614
15291433
29288819
2215366
20351343
19732144
1358064
10914586
23074756
11148454
17982471
409850
29984061
7348112
1483509
11214065
5371540
11495875
4279763
7118069
16025549
14390334
10326133
12519051
13990360
13657358
21157293
5463324
3498843
5648785
19716185
5602307
12266807
18343424
14663628
13250140
11837963
12949777
4565854
10384622
5908230
19951645
26267516
15093738
12309933
3530207
27875026
21932388
24582102
15058879
21806294
6744622
25031506
22090641
10664253
22071016
4493431
15719042
2127725
18043308
21164779
28443601
28701329
1383426
13972711
16358514
7427438
24875284
19154925
10541416
3157899
14341369
16534591
12976859
2044952
22066906
24194850
7173410
12443583
26939094
6992689
3200391
1819850
15831559
7502523
25172530
6510587
10112801
18608386
7681477
2091618
6805941
15836381
5506141
8362671
22408799
15065073
6698875
6427691
23840923
14282799
26997766
11628783
2091147
26213432
19287135
2774390
838218
3328687
18935489
13323784
18164062
25338314
12691814
9767668
2013123
2522266
23035758
3403995
13567343
5426273
12782877
16270599
24500402
1789443
18969668
19712366
4951195
9841566
16414954
27691836
3339861
768239
9074990
13915042
27145786
21187545
11954007
2912356
5612078
17327436
18196895
17107114
11973726
2188563
19376533
850771
17443658
9266713
3991511
26949000
8325916
1614551
20224903
25454500
14017922
15387466
12912970
6692633
17574253
10050165
16089113
8831272
5065277
2277103
16235883
7655007
20391451
27188538
9837267
11552631
6159582
1657771
13357125
5940846
3125968
15692236
29758203
25591656
15841886
4852622
3593325
1181310
7732909
22743439
15340007
15811865
22398055
27272587
29926833
23853520
27234168
11008227
10992939
29276300
5509591
9437274
17133448
4219958
26878899
27819768
6583844
12460468
19020254
25613009
470790
15526301
4938187
10582169
28380518
2752139
17307398
4770672
18840494
23137
5348672
27048066
14992295
5454523
29373321
1213369
28541816
24696528
21745961
10426554
4243519
26316024
23339824
22660178
24952522
17027881
11950257
13946309
3620946
23349680
22384093
26841877
5957214
11071284
15748053
972351
6315843
5625400
16424047
27897284
24533482
725522
8124940
19744475
24866527
1601383
1357750
2542549
4883134
27587936
13513534
22100837
7601202
26071385
627016
19544598
10425391
29894666
13687575
13934184
18247830
20986087
5967827
11999556
9485060
24783315
9787449
9613920
7887362
21230492
9898821
19523336
19004433
15074086
903992
9723108
18094177
25462517
22368046
16844153
25380742
4303647
5154637
26450282
17862042
3112892
17668045
16924927
9001181
12355666
10188937
348571
14957509
3095613
29206598
14189409
11490946
10814722
7587880
1672521
25805877
14728253
13128779
904296
25239479
11613013
1166559
19052072
25980632
24782047
16205900
1346103
23810621
12347316
18492602
18724369
2829042
20462896
10362974
4912025
29848511
9591181
22728704
17326360
8712229
27789083
25028808
6989933
2620357
24670781
24193488
17390222
11247595
15831415
8040648
713312
10566458
5971493
7878603
19258011
8028899
11888876
17626936
9209345
3233520
15768450
16180405
23109384
19085732
27075040
923816
6138379
7756235
29095624
21551567
9367140
16019837
8753726
22378046
29772030
24028951
5453707
7983353
22171389
20577784
21770602
14692448
12045372
2778631
21762452
16908491
9644255
6543219
10842469
10454304
2652418
14955320
5879151
2872556
28358318
11754727
2544523
20008631
9227776
26483840
16433042
29807840
29625620
26027052
23652211
7056454
19538236
5218790
29788413
11875768
12777930
14828283
13887527
20707986
21871698
18832925
9760021
15266847
18135400
10321665
10587997
19375819
17244413
810331
21596220
14618467
17826710
16259220
24066865
11119213
15699951
24518221
12810042
19029299
14515126
26659910
15927294
6873614
15954590
11839805
12261344
3849436
10169355
740336
24629813
13039358
14920232
2557721
9242331
10734732
17015086
19680066
8426176
18776615
5113365
1586534
16307122
12748990
15451023
6099560
25866652
21846783
6272201
13026128
20080161
11890526
26573925
9875719
4196822
14068418
5779604
5796617
13415332
8261402
22454136
14862095
27105176
18624629
9606809
17859808
4608450
1392135
20682683
22611486
13671709
21989997
24416929
27608410
13936280
13138344
24993396
8672906
3821441
25656456
16075903
19605340
14586125
11609188
29662200
16144207
8680293
13564490
29718168
17809731
18023438
21183632
25036340
22378488
1374378
17626416
24148284
3843618
20503716
9721395
19639003
2982080
25601747
29675675
11242406
23343760
28098621
305235
171608
8056324
14622713
9951278
9542792
22133327
20780269
18230263
27637517
23345161
29732909
6716114
19611633
2465099
13014177
16861580
18142367
12358264
18439232
25186300
22583165
2882685
6357647
19191244
13738088
14417861
20560260
17960180
25158662
26596811
18155766
16752757
23333877
21600808
530090
12902854
18376363
25846669
4574598
12008604
28245702
23843113
9423345
29753854
26800480
7539064
21638587
15987886
20746516
26628944
28383696
21393200
13942306
26371512
24725950
10066001
12299927
13208893
22618122
25239239
4476645
3767450
22141757
26820135
2578407
10266735
27700464
15614805
5241377
10005840
2880458
1296811
28176686
18801874
26528011
6525026
22958616
14031263
24941861
18030105
358229
21849610
2781309
28321317
8223863
12837930
25969934
10167490
23408194
22451181
1734175
15745482
18453193
10607242
9854302
11258824
26504661
27407493
13930436
18284669
17922800
21774504
12149224
1702741
7990564
17061014
25282476
2749799
10242835
6589942
2649697
19658279
27546308
23760807
8111088
29994832
22057289
24031466
19373854
15666787
27263226
12561196
6255937
11548124
4153448
29773798
13587844
25886622
21482191
26447508
27467014
1385154
29401507
26298923
21616494
26072887
21285436
23757900
20215919
10847193
3074514
18738474
13462440
14380861
6479990
8489045
12934102
16763023
16663727
2659625
26965238
27054618
1728046
25044251
25097451
8650316
18853670
12588456
9932951
22951578
24203966
25907871
461163
23070619
24156606
20476832
5518237
14796307
536922
15925538
13368327
25666185
1440689
11548244
28329077
13322443
2872381
3716552
9545708
20277738
6717555
3115524
23610124
21755223
1949957
19330737
16066879
29869922
20744904
906525
24759051
25924758
18586341
12242417
25988140
26191069
16744394
10852962
17425380
14739109
29396798
10851932
10197052
17115013
19589893
16752614
23187584
5803254
11329615
14895324
2171006
28534539
8496452
2692072
1033549
16606715
24015264
25066312
20976139
11223133
20941435
7255173
19860551
4995980
4355822
5779552
25294555
2629645
17513301
28783337
2527610
29859360
16339698
25814229
15914678
2160288
2881510
18034974
14586217
13369871
10371001
10079165
12486765
28395331
9890784
18875485
9101962
21139528
8257681
12784517
26151139
13151553
1775884
1106601
20355870
15373432
17097994
3228097
28523894
17791309
14988641
17753142
14848086
3252634
4660018
3261712
13864445
748924
11362507
15813871
16674498
24955391
2426525
1735164
23650732
14246459
5989415
28737833
20541807
15078071
19399693
12404717
13953860
3643805
23695650
25313369
7196383
22193224
18862877
29599117
21488405
12440060
878654
25506703
10582155
23665422
5207724
24805283
19095301
2803432
20834325
5365728
15389744
10923974
25446817
2126762
24366619
29743946
28435523
18825115
25678805
19243448
1581852
24043305
27604464
15887020
11218937
8717646
17021936
9683274
27032241
3966317
4010460
18724199
9643856
4596693
28581475
21178629
17243267
8329285
20968606
1170512
25633942
23012643
1491259
21619793
15507471
13437448
18703812
22489075
4490227
3229003
2848734
18832589
20952889
26241692
24524412
962974
6784048
13537194
16842214
6058619
22209704
17771211
9445232
4357155
15457517
19156666
18646232
23712860
17551269
13960678
9641732
46728
23269827
7738776
13013274
27721526
2948204
25662761
23014244
19849588
3207156
27603014
21953225
12612412
11106918
29322559
22175356
15317123
12239
2837620
17242745
5515784
20188209
29815349
21162283
4106086
8320220
19542105
13797460
21061880
5419911
4527587
15367978
7019050
26971002
19614573
19648762
1240557
12419630
6175658
22662834
17308588
26710330
25675850
9707156
25657937
21233384
18376750
21390914
727686
15556973
24671026
12280800
8757925
3648115
18183954
5068476
3715342
14019641
27844466
17773719
14105528
1842739
8614845
27237231
10170529
16858198
23026498
10647942
7605727
14721369
10560632
15485132
17045451
28577155
26461732
4273445
16061436
22748582
18125453
11456116
17009368
7086109
12526876
8805817
1310745
22643802
841930
5493586
5418611
23407820
1546031
29359194
4730863
18865645
220803
16887202
26615767
25277224
28567367
4529838
2638096
17585366
7208574
20102814
125139
20646408
24240253
4197774
26159672
23452775
28168058
6976476
9521947
18750052
20258167
19997079
12435023
24736958
6817302
2226163
29079335
11801712
10373716
7859348
24514320
28140204
1180921
6013920
27698528
3893545
15982241
1194805
26851651
28525901
20101441
12722236
11019777
20699534
460060
6700999
4151116
20898724
17734040
8634294
4733851
4011587
809363
28222732
26524785
25049213
12948452
20921314
5876383
1131897
14450600
21656647
21843802
9914867
28056489
27021163
252504
20257257
6480032
17354456
27002818
24303280
12867921
15343510
23375762
22395050
28419487
1587529
26119718
20176411
7833466
7408739
8959478
28292628
21461030
26711256
28916819
4622100
10970497
2034463
9111833
19435559
17590834
27618247
8685396
5296596
1417596
26309824
10012370
5739876
3382017
1279517
2160095
6600925
24135783
18092742
12802053
17931265
25887860
15339746
25720508
12127720
2667790
12287838
27338407
6708300
11847518
10910526
17823348
22462209
1076350
9838416
18369751
2465836
19935848
11315601
1918190
23108623
11981109
1945417
2725078
13548933
595035
12310221
8906560
16325992
22305811
3038177
5612741
4051393
22820455
15719236
7140850
5569559
29736235
12887382
4047619
15264460
16358244
19323862
11153
17936513
27635821
13466926
3566582
13754899
13568050
19950942
12767509
24452328
15876746
18303251
17301461
7828858
25874412
28134545
28670626
3941812
15581712
10352420
15135622
21630241
1515921
537952
9217973
29699972
15459711
16248081
24315988
29735646
25930063
29883698
4547611
24916831
23805190
11619858
9171315
26001959
13755691
12836341
15435490
20207464
21415885
12270356
14952719
3186060
22168850
4724223
5590121
27855745
21999737
11264215
27244726
25256462
4126568
14908750
29119190
14349949
11440336
11602940
22606542
9839523
1262558
10879956
3006509
29293093
24819357
10443203
12331059
16061147
19286129
22217772
5980761
15422156
10811837
11543775
13612863
14562498
2597959
26010066
12172108
2684524
14169707
14880344
22950044
25134389
12675474
18623122
15496288
29028001
123023
12498812
24694715
808299
3442632
20845478
19570512
11688935
11525394
10696032
25430342
18764700
3696508
14479624
3696343
1691958
8735894
23984515
14849947
24850402
3164907
10740456
22505817
12447022
27208246
25228534
11929457
26082612
9720897
3981116
19979079
25353209
15570434
15603539
1916190
22896280
19007968
21551146
18744351
10733316
19387833
17450050
25783307
23060463
19567056
10257164
16620273
4959451
2042671
17984768
24731923
5659701
8708507
6230433
10390496
13322896
10719401
25821859
4079399
24726640
13178085
6526246
2722979
7349433
17291740
29534521
23457776
15726793
29479875
494751
23658868
26924822
19795201
16741678
15242967
9004884
14980333
9123655
22568721
8167938
11716919
19633620
21284130
27864577
22839597
22894001
15029202
2465989
10003618
21492015
11171206
7491118
26086268
13754335
19028104
24798453
17680483
10663154
14212866
20060211
12820138
17228937
18916110
17485914
7288779
29062375
16080377
8215903
934580
5674656
2701406
7488021
28669542
10067133
681078
28058899
6817806
20618464
21206551
6938902
7525694
8371766
19131469
29457873
24191693
24835988
29911234
22569399
23739089
3053479
9177977
18393482
18899160
16027587
7543088
11135040
29466331
7545658
24929974
15005793
6548118
5525763
15661237
2228322
17629601
5151003
23952019
9612064
1525723
26674555
19764314
6184660
22616915
17158042
4603413
12963739
10063497
423088
10258693
17620196
21204190
19564514
15015320
20804107
21273137
10062698
2023801
16441197
12975389
24868222
8347844
8991214
20285
1785067
11206758
18461477
25176563
25558716
14844263
3696105
26179832
27650262
21820671
27040164
9572961
29049816
27601020
19240226
17712209
2023867
3739705
23644985
13489783
19617043
188716
12614995
10437529
11665710
17488451
25992879
3266429
10789577
7470735
11498195
7016887
26143825
9281260
426709
14611014
23973553
17397919
11136586
14096678
14375381
3454619
5086449
25620504
2878797
21260151
14330265
8089181
23433650
13233176
28680803
20907578
27731318
6505408
7748241
4626054
7340114
16022510
23330294
2879853
1779657
20238825
22856709
21048646
5343453
28376072
23470626
703255
10844648
13877888
26700262
22540650
13016588
453448
102834
12538084
13108405
20067238
26370476
17352923
23967768
1995048
27202574
19742296
27348592
23176421
27568398
3932729
10532087
11175921
6405862
19296436
17892913
17356286
21427771
19604374
28508562
2603405
11381223
7439265
10935887
14519094
2621778
4384328
10986723
26017244
16978463
7410182
11213940
3881649
16758857
1692139
23901448
1800503
24207653
22051531
597718
12047518
24420486
23884774
27841529
25047982
18736387
26934458
3391561
14105461
9835440
20397894
16217
13244700
17485296
22716147
28343989
55523
3879270
23592045
17657305
11780679
25754467
13105414
19934660
25689723
23017866
19126658
4599206
29438478
17965621
18589379
8188664
4950369
26311880
14314852
11154394
7231412
5905227
26607767
23076248
18305111
10093309
1676991
9341026
5281277
2934095
17988543
26457309
23228440
13541683
22022517
9509754
24593968
20712587
9402722
10798760
2354899
7941256
13072565
2650343
13320524
14370763
27588829
9140180
26889399
28640566
25722728
7531211
24088057
11718959
23897642
21843798
26576896
7997924
9956089
21787236
21720744
25892400
7958285
16796154
9365032
13261226
29451974
10696143
14512238
21030135
22085043
9613693
2316895
24813867
10145494
28373946
24219931
12344433
27618521
18992646
24272483
3479537
23725625
9788749
8150537
9250294
27493392
19619143
19175449
20506275
16576076
17018795
26327088
1455711
12496738
16059703
15676181
28185064
23894715
27450652
16148230
8901320
28022315
22660729
14748023
4952825
2226853
11800525
12835923
11055653
25232337
29073457
20240897
22698175
22725576
10035020
17954258
15726726
6975047
22981458
15768658
5748597
19564916
21463844
29846613
6622899
14560363
20691974
26048281
6191572
20332262
10615527
7207517
2172984
14322736
18880473
4408115
22024562
25248463
21499646
9187832
19866086
22215465
7000769
866762
9693264
27539829
11585841
4967479
11736064
7402455
9513966
29599760
9826078
26361469
13154438
9323551
25305383
15816877
26546720
4988685
24707895
20401683
1320443
23049255
25813319
7589927
12526185
15523068
9585876
26861094
26784309
4923904
23936318
5431118
11689660
2201142
9177279
14935278
29162671
9525863
21231472
1050649
9828891
22911951
26793534
28607446
21545555
10024015
4771914
23676554
29968043
3900496
14755018
4102593
22266538
24479355
16403992
24575214
15565911
6374398
24158302
11730623
24882050
20739527
19724102
1592729
25661285
4435866
23012194
8972501
24758899
25123517
26655802
3543619
16620903
24311644
24102261
10602939
13087971
13082032
14101022
4761014
27399692
8792687
21943927
2463089
18273525
25363194
24160001
19534878
29573574
14237418
20667227
27730592
10869826
18192666
28678488
12248192
14454918
9318741
9447904
21282064
9443560
6489068
16192272
25281970
15150354
307535
27928460
9981862
23092690
13315139
13012137
9834044
2657965
26185529
3092941
24334550
10517074
24581718
25788424
27821598
3388695
17614904
26823505
12975558
13194709
13735793
12565508
17710303
7888427
5896054
14589150
8216111
5487152
26993597
3289629
29341402
12758585
28065811
23223061
26097548
8168910
1815385
21432832
3770046
12552315
28141131
17374566
13348058
27379371
9189360
29601973
12677155
21527900
29679360
26703090
8576394
9706686
6813713
24945359
1537777
17869754
28372254
27392948
12260897
24422301
6085147
3940361
2935705
16096295
199223
816747
15196843
11690963
26304048
11913730
24770813
13287555
3895895
29078661
18129668
6074665
4926753
4122969
29864267
28366833
10072584
27102447
9891923
17408438
18122511
12800373
16626846
21313660
5788796
17152650
25025407
7116263
29734842
228024
20031890
4896153
18360499
4810668
7498907
6297407
27101025
5883185
7305487
16371962
15403478
10014362
1692325
25552924
199090
26369748
29220359
12671247
13937626
9398052
3167835
14199519
4781587
51464
6233829
11814550
23310409
12870306
11863899
9702257
11326836
16631177
13483923
20224709
3767904
11750390
18198198
24373042
22392660
6683649
9230969
13549359
23314590
15649573
9178271
21141652
4648635
23469406
21265892
17024982
18244315
11860267
11717097
11226108
6587750
21111903
6443861
19489259
9135050
24802855
21660001
20505379
24315464
23267879
3648468
16198084
21885556
15446252
22144941
29029552
5832215
27221639
24127901
21532821
22460458
22841355
25255162
2709271
571151
13043030
21155103
14117024
23713507
3833053
17952850
16800823
27077507
2126340
6325565
15128302
20532354
15892325
17220202
24005088
5576480
3468098
3809857
10058028
4179593
10808835
15778857
19552475
12428028
13374730
11541728
28607459
11267724
29556101
13041015
760338
4154733
114743
17313909
13515385
15432350
8367834
3712582
1650171
8956129
22819165
27465018
29456792
7908329
26688666
6654742
12060470
16120634
19027254
18299536
21524841
27177152
27657656
26025769
9383155
24464038
7553510
7447764
27617327
17585257
22238536
3529101
1981229
29721808
28818495
22944635
27420733
957929
14916931
17649594
15521338
18602125
12464824
18038998
5022911
6896346
4518010
28702980
22185961
6338959
22225175
4036221
20595686
4040864
1865637
28846066
23860497
6537501
11378241
11572527
23350846
1132362
1486839
12613443
2453050
12874372
17730697
156938
21951602
18300763
29793281
8985025
11437103
16900326
17085118
16207561
22134915
12716364
20010145
7105149
27955873
8635855
26879468
12502560
7374854
681109
7224410
23062838
16432966
7029278
10533910
17004437
11299312
28390203
20957261
8543568
25046980
11686519
6576891
8750473
16081364
26253046
2340710
1166665
2824469
15504076
7632614
19730206
15677652
26192915
2765921
20481894
22970179
28236331
22433024
2592706
4551231
25094847
18657199
4466400
15569042
22200303
7255310
3058240
27465670
5702746
11153883
19863245
1806733
3815631
6133616
6321125
15156478
3182611
8790640
4602087
24452150
10337905
24265531
25506403
7723674
21920379
13640095
25869165
29921222
15472494
7544025
12432849
14228405
13852904
14360586
16652065
25823894
28921798
11230870
18784484
10973281
11420823
21412543
26577922
668759
17681749
8663013
6420687
21920169
2135074
8900806
3628725
9614696
21425769
3792557
25341217
29100161
7741725
7671511
1547987
17781783
5034057
985271
15696306
8032069
1548064
23001426
24363444
20618659
13303945
10153517
19447408
21862124
11042035
15794295
10577333
8238221
28356230
17456498
11980639
20523286
154019
29952423
2970406
2292852
4212923
8132655
26586606
8409031
8983730
26356378
23809794
854248
4132780
12677240
23844907
1122146
13861473
20307526
18936772
18596101
24484951
24261173
25432332
14422469
20665130
10086289
3807252
27796584
29930088
17621557
15617959
23489462
17887877
4012509
21491783
10706368
21080835
2979474
20718432
8125739
20243266
111312
26038454
8741962
17728171
15533463
28321988
353025
17486010
28432155
900948
5948466
10384293
11846893
9480534
19366888
28989071
14930070
19213028
20492598
11596351
15405487
18508224
18972934
12762312
21067535
7841106
2725480
24634531
2138760
787203
17626160
6175137
52536
12291090
16708336
24001584
24828640
9225106
17643236
1285603
20928652
25402231
7607049
26019355
11710492
6987928
17073307
13241661
16953446
14690040
5829669
19991493
2248140
5183703
21274813
7298540
29087168
28884829
10350723
23483964
21971751
4901269
3165524
6770111
19738921
11699375
15811353
5143225
26251418
3233157
11257850
762127
16126874
17231305
3421731
5111933
7511316
29534227
4076131
21415559
163461
14312929
9548977
7406625
3539249
13590278
19757104
2850338
22899128
6019665
5874559
18079440
8307888
3430932
5528597
2066088
4080345
19073944
14854205
20450511
24690283
16058768
13895740
16820444
124149
6745606
3404371
2099118
19601323
1356686
20108345
24916328
27336325
22426997
13614918
12699228
4817175
5697752
15337738
10746577
21450067
29587517
15934107
1195740
24425834
22403651
6327804
1569108
25852374
2265467
6593071
28321395
11272422
14217602
26978640
25557693
16613340
13885491
1604981
15442861
19043647
15060671
5694009
3408887
21492446
26016734
28768307
21707902
19502106
1849513
1811176
20469140
9107734
12195616
28892718
5615082
13238161
17763823
2630806
26386095
25776679
20747113
13895739
6517843
12151250
1692501
5141849
21821441
4932702
18379741
23176435
13809272
12751839
9039696
23723382
11428485
29392144
1324133
20541872
1156526
26263681
28784688
511278
15079060
21526234
14801569
6070378
28297611
5889934
3833006
10548756
23583099
25389011
196134
24799510
9017473
9419042
22482574
5714464
9238927
12968065
10505463
27124210
21212896
22062097
8329728
28891603
16196763
14976723
18036974
26372978
22166020
29075069
941871
29022739
493007
27045176
25336314
6355590
23460272
22964489
25913840
10752715
3652282
18923740
3452307
18055158
28846452
1837941
10607001
19465551
12203100
14427780
15382458
23888500
248673
29271174
8698576
15316765
15006245
21440721
4950572
11915204
1636756
1744403
25732235
27587537
11921759
3950806
15685052
516571
17606866
2495766
22540062
3161882
5216550
18982966
11655960
14222601
21480926
2971357
17279505
10659829
20021273
13090122
35726
6937159
1552402
2487292
21486500
9107313
24814638
26393290
8088422
25225343
25352241
19941456
14087888
14159855
2485538
29811055
8468627
24155178
25592724
15735568
9818755
29973573
9164327
26201454
2093215
29736598
476571
27754999
8908516
20081166
13906499
2712552
27811248
24447170
13642206
27469276
19350279
2851942
23495623
27505654
13045514
24893870
16786282
3903515
29071464
27113198
6352189
18520523
11562229
6992853
10625342
6340696
26469432
10461001
3542872
2327790
26474960
22272524
11672402
29329211
23316792
7909805
23250451
22377725
11464018
13554377
8938650
21115995
27434323
12523331
29470051
15468034
17575436
14084166
13838880
28634607
20358615
19610009
26099543
21628677
5709996
28734781
1674243
28333234
10706159
13044208
10795352
4776333
19966700
14128404
16440411
8429206
1020935
5090952
20209246
19961027
21903427
21487659
11491833
5448775
16982019
13559590
10644649
29102575
25861272
29461326
14190374
14832542
18648866
27791378
20731943
17519514
21034917
28905196
24884373
27379918
22587659
6720293
22381347
19700017
9676761
29318207
14425072
11762862
4827614
24279482
17206696
15675075
12938669
18102187
22986958
12082258
12140372
12039546
20720656
24075985
5127247
24240875
22242816
20928301
15513661
18889787
17057705
2578895
12306796
15854900
6547764
12957537
24143443
5113276
20990314
9971947
10652515
12526472
17523472
11856520
3899583
17233080
26658166
21793994
11548388
3728312
13035740
362774
25082709
7669347
21852537
18510480
15860529
15799774
2098169
14864715
3447728
25794361
21035394
28051290
2393884
5004265
18579043
10306568
26903
23296308
23466863
12641501
4853700
18412168
3429746
12173431
6233910
26012753
7245950
6946716
10614809
5961355
4934421
22333521
17780555
20048464
26127173
4084784
19193025
11441386
8904810
13297575
27170988
13395836
11323619
20921860
9811388
29745117
10314697
15610285
12050993
1923404
23392078
21714700
21152983
20822598
23946382
9739331
20629503
18503817
20097608
4762631
3393095
12928295
14892188
8898381
23607675
9844213
8777536
21492072
6790907
29079419
14688970
14758922
13707157
15912548
21516266
20454415
1904836
1316494
3075512
2092153
3550922
15486655
17057931
4480151
25975444
9333701
15228527
25157627
16930343
16322965
29497672
20197809
4575902
18627245
2972270
29524921
1899440
24430629
13289091
7046313
18865775
7550286
7497705
22556995
27964980
20024592
29477118
24732622
29669439
11417522
16452212
5999499
20853491
26559614
20625926
9435389
16495580
5152609
28425737
1554680
12358766
28112982
27007710
29096179
9590045
15667854
9400288
14139005
2859962
18533099
15554777
592545
6242075
9084062
17029030
24041158
11122904
654725
4362776
24670230
23796809
18256711
3320195
13584065
20316690
9602785
8786022
11054703
20599305
10782058
27305219
27105651
9877290
10770855
22237937
4842886
10936741
28329302
18381392
13032067
18413174
23732174
18183606
1922596
10433100
17135787
8822394
24691161
8516139
7239865
28253450
1549483
24970456
14278167
6681094
7316070
2806633
28074781
1861058
8015464
24011712
9462851
3858153
29724537
9603788
25920423
12138292
18793496
2425777
15254815
13453429
17347316
20952274
29184963
1701334
1309403
9661153
16177406
9716259
26854706
10511509
22456551
11660159
26532696
9300866
11505379
14696405
26304026
2123965
9937200
3155349
12737594
24194078
12900144
6371808
25071417
3986846
20942114
24203666
26798919
8018068
13367496
26130149
18451999
8802441
22326298
17386284
24099906
17733526
8726681
17447083
11139710
4344638
18337998
18694623
27451413
11217142
8297397
28253650
2018865
18612339
19947728
22877056
24182451
22457889
22621156
28863095
5624489
4609306
5109917
7503
1489942
25940539
14247516
10256202
13431146
18761299
26907221
9590824
15439699
4814395
20872766
1755528
22188138
23159129
25111364
13943748
13341752
3798460
28748879
26606328
29208197
11717617
12327172
17616074
16194261
29876561
11691137
27774732
16016296
28193512
266604
14517446
25115446
26724573
20006536
21192494
18971572
10944568
20476471
12772947
19866543
22165635
27932300
4031390
13158232
24948010
12103018
547618
22448778
12887296
3638098
1253607
11882452
18445631
21256732
27318653
21094325
28489775
17416865
5860529
13290023
8416975
1643715
28895497
28349093
13706710
2242849
27917525
27037455
28297700
26514503
25214078
2162486
12273025
19465716
7841991
12099952
27037484
24615384
2586321
1844575
19657360
25034161
27246853
6946891
890062
1686022
13597155
16114730
26579849
29166491
15200291
277320
24773175
6055509
10854953
19736081
2347765
12029353
24758408
20765554
14092190
16963827
15086779
21056858
27503164
2944155
686912
850445
10950851
19269138
23578314
14333072
27894307
2362421
21670330
6185173
9486661
4748561
4392828
2256756
1533653
2789425
172642
9671603
27556818
12940239
26524368
19437353
16826522
14822906
12352782
6596012
12910840
26637543
5947668
18923597
22064963
25612227
18859233
1431342
19600631
22758638
21747272
28941539
3529605
4664217
9158814
20464534
18580832
20855698
27315347
25504880
5510497
8147656
22368488
1602742
21894496
3744715
13555570
18369466
21745012
18680544
301347
11046760
12621410
5448456
28113439
26203537
6118413
16052851
19144495
25177335
20992493
20265316
4519510
12520841
23269861
13582362
7527822
8461910
19844737
18965432
19220793
9375093
29681629
25407118
16780700
4530275
13766155
23322996
27491522
6538135
4912177
7077677
18556691
25540109
6282442
17795456
11453934
2888316
27582530
24876824
16848251
421104
1039258
17006030
2467405
2920903
23560153
8217717
8113776
8602330
15884303
9620536
27743283
8326934
1594485
14976836
20633230
8297832
3865538
24816883
29985811
12083329
23177425
14989314
13091652
15177573
13915988
7484753
13151535
19407729
16096355
6642686
23851037
22917118
27988235
29462664
22274489
2730187
8670743
5920014
17711829
1032040
21671391
18262877
25027008
5774956
29676450
9067657
17091127
14255228
611830
21115466
21515379
22998227
22341501
1363132
16486967
11420787
23525131
773015
15501378
16949908
14180566
13528297
163638
25159862
29818741
27942269
15174778
7298295
7903178
19014839
21119936
22442550
28730314
25931489
23785127
16497833
113357
15843479
19460567
20287891
7837343
10482135
25282367
2363245
20256029
10308075
17016400
2454294
28866590
27210495
14513885
9905683
18491688
20443979
2426916
16228038
19544470
4288508
24146686
19874330
19509203
4728923
2647517
19851430
18969832
7357953
3784938
6772478
8986922
5309337
1950117
3534031
25496382
4699786
21530924
8226546
10164728
3036002
2864273
8076694
27305842
742430
20534300
19684241
10189840
11338318
9868736
18066601
10912108
14723484
777147
4943158
26633578
28615236
16771951
29750095
21396699
17685546
7482845
9774223
17906158
10365278
15350261
9153219
6326871
23752326
21406733
22828768
15336759
15180454
20790640
26372850
2079846
21775991
16218803
6652008
25436233
25806188
2701670
11998880
29636237
15698043
14472951
15125577
1929755
21597236
15539132
24668281
8931888
9758759
21917641
24351105
14874050
22159833
20847859
4010297
5729102
1230216
8320445
26974163
10934393
12753490
642518
13472081
7169532
9722915
14734482
24925373
3395333
29387368
22213671
22379510
22279938
20948206
16171591
4679811
26128887
3494621
28221067
7889731
26360373
697362
15057851
6597279
22710164
18868802
29509000
23551452
10922355
10738163
15462372
15042467
1850250
7706329
3720258
7289031
3374328
25923843
16515397
25776248
5108448
18792271
3983522
27275515
20906880
14090567
13104841
7322667
24424310
18607089
11350669
16704960
19775648
13894812
23973157
14728371
14793456
3623169
2079844
28502870
7416219
20949402
15072933
9292021
18755947
23540440
16911765
28771759
21501961
16404164
23527532
25902716
20595453
16555525
25713834
6534277
18428019
29320584
6445157
15552395
20615098
9788698
27673534
28848931
27074834
23877528
15724696
18799027
28423201
23060955
4605513
3492309
28205428
11881903
10013716
28699535
26776027
4911645
16484369
2521440
26603818
12172484
19942957
27256009
29471199
7585750
13144922
14705037
24078157
8693810
22425243
11767206
13583476
1089226
19064245
27467790
8206775
15336701
26814124
11522365
16382785
11734935
21846654
19570087
6058475
19015496
426803
7041817
6883208
20219255
25076105
21179311
19418926
16232986
9385822
26871941
14847639
7224593
13988249
7270441
19502828
15634210
7165397
27509286
24421046
20099496
18311030
27232398
8623956
25071031
9191360
14395564
24621224
5443598
12138112
29776828
18204330
13269266
595146
26793622
29003165
6508682
17306907
26934387
28245097
10605311
7011684
22522584
20822793
3907459
4485535
28645384
3406672
19414034
27329868
1890246
17073647
29869095
20692601
26436115
20899573
533178
19590509
27235264
24743830
10722593
7537127
24782850
3080667
26157637
19722523
614911
18513175
18020151
16467106
13850869
27783723
19072601
14169866
28312400
5782221
1608188
25087243
2878526
18285144
15651692
17921495
5925318
29398404
14708958
17905930
23559669
19398425
26030729
22677834
5126877
19789492
20859207
3038396
22131579
12915879
21379066
29204813
15674550
29656280
5739142
29173611
24302401
11377590
12321832
19202319
26096603
24383517
11682315
19816910
28837296
24557308
18242240
13773885
24953447
2234888
20655633
13928653
12208957
11511602
11625767
19071437
8044456
12743339
26238546
6600961
22058665
25365350
26388022
4708737
7196307
26430465
22898620
416649
4472947
20397634
5269307
15034865
14452287
7355967
13569796
16082894
11183049
23286101
12757557
19008511
12172770
29197590
15874552
24868990
12959118
26548526
26765406
23787383
12132019
21006465
18193410
21212692
3568815
28902077
4621677
22988172
27679330
15265421
28835851
5545048
12870182
5673546
4532604
1808475
25940312
24466210
23116878
13050673
15545514
29610500
23817297
21729630
18896571
27119155
8132686
15485429
9683493
9826065
3429361
17769878
8779626
21213196
6969415
3530522
9146037
5046554
20110791
21176263
3107905
7638025
12158311
11147950
25523090
18387931
24066103
14736095
27280439
3176186
21857957
24019662
22578349
1359573
17070
27202415
1375407
1970024
3364332
29014401
9171065
5171318
12827751
10273793
26120191
3022897
20766327
29918269
24811042
25564120
13111329
21227013
10686122
11690325
12673382
2471668
20006587
5757768
18236183
4127495
7555572
11975547
4721143
6660308
7492467
10779306
12918831
13050580
8474904
27352357
11572771
10987835
7859072
27027576
18945296
29070056
5307835
8956168
27348344
23593603
7588385
21967634
13669377
20813735
17289299
16091440
11194326
21427499
5483806
25305615
12410978
20056970
10857841
2852150
22953908
17351578
8727034
25281413
7598748
1174757
29061985
4599939
1844059
21403414
3190031
22562882
28184314
2122461
12931498
454958
4300926
9939700
23660564
10374810
23553293
15647273
12220316
28177640
7584616
24748983
6890069
13916965
18481124
26962212
15154615
22880995
4734855
763980
19105290
19395772
16200205
24040665
8664705
8677180
29782291
18894838
19038673
7763148
27592152
12410761
15304851
13473507
4035275
9036797
19220293
12924529
19494924
22098560
10687454
22336223
14601244
10441674
10080525
27763823
27236816
23937925
17483058
17803942
28089368
18215923
3886506
28589649
3413485
24703466
11945025
21521593
11076411
13172253
15913871
1743617
23176831
29629750
4596850
18218812
26624212
26601728
19747960
7622909
26498623
25911329
13863116
4838776
22760976
14516935
23345648
21393437
7291798
2031514
19189479
12930941
19973589
18949900
22153026
7745565
12559869
7629880
22706396
1994456
26568587
3186154
20275780
3257287
25876341
19727205
9203055
3904516
12401929
22000286
27824646
18333
3641518
6033768
1783362
2598987
25666561
657905
9913879
26363408
7499215
12678248
22375615
20518281
26881054
29799072
8076031
27002521
11606232
15574520
11279727
22562368
8143774
4643805
27429062
14812715
7864414
23165273
24855698
16036722
18699694
14018018
23584104
4880760
24631900
782479
5736538
4735843
15201867
16737067
18185068
23081537
1623286
1432239
783891
5220154
18205414
13735257
7939929
5687681
6368605
20559420
9642342
10438896
18373760
13078286
19039005
21289069
10363853
5316835
18490257
27853650
1270886
23939318
20568720
17967800
1888016
3435736
29451981
9583553
10143176
11137720
29028604
3472743
3658159
19559024
18451698
21600776
5650583
8649559
28449601
25089105
19680241
14031029
4427025
14761067
2806462
29828479
21473884
585030
16310489
23596295
6677193
18101664
11841444
6158226
20657339
13550411
2484667
22145338
9207606
11550298
28689150
22173479
16171558
17307477
6658879
11523266
18494019
20627829
12927390
882209
1104398
21105126
15360269
3384057
23649079
439512
22572718
11233085
13914711
12343923
6640075
18512018
4785890
4334948
769025
23868646
15173698
22737752
1295161
7589103
7963718
3321541
10551769
14726784
29075606
27821153
27998977
28861121
9076695
1601923
10983295
27925588
3781318
3607110
23192064
13976163
26986938
17010886
1903075
29962688
21267422
16318933
2295733
27893656
16564224
28809191
16296765
26999815
23340281
12218579
16001924
18222986
24535024
7850427
23274265
25273029
8407171
26466810
22172731
6758361
22842432
28070068
9488579
268773
887375
13255797
27032446
29953158
6258365
23419812
16357539
27839039
7082394
24617679
24091300
16433773
4975992
16097654
13495542
12057374
24703635
23622323
12747613
3998584
21651405
28593445
25332118
16734020
19946905
15333602
4300086
7104027
21483871
16969883
18099396
7395920
15684637
24895914
24416296
4089273
29730989
22215235
14200292
7219301
17588508
6111638
15096902
3717848
26705996
16265100
11542578
21404877
7683392
12886902
14605909
9315977
8716706
13859175
8873025
12832297
6039562
1061188
25483730
8004961
22645124
9871816
19422823
25665036
18127317
16203673
26465649
6856418
16613202
27384412
14744246
13043911
21785856
11553390
7577766
27284592
5963062
16399330
23113485
12433813
15190180
14281597
18728598
22549170
19922190
20417383
6717008
23611027
5040031
22702587
13468405
25113861
3993843
16655401
19431783
16444850
11275704
12153011
4086202
27818646
22789704
6780496
29133480
5552838
14282249
22846860
19749080
16900568
17239468
5989984
17458096
1892222
26615782
17961301
1273183
1883121
25935593
22764396
22875217
23761546
13677389
25183680
11705003
210129
6903046
12697860
24541201
15693274
17127789
10262124
23132982
2025562
12408211
15549430
19490243
9277053
21249809
15750070
25010711
14378473
9556663
5750884
6796634
15484521
704800
10320597
4586593
6740355
114205
16079386
19678990
16051165
27042538
642664
250295
17561186
3701292
14990105
11624517
1380686
21017958
13928514
2211511
1281611
23368399
8134291
1429788
12805494
5585443
22676037
15346630
28929133
11895364
12785067
12006241
10547396
3907029
27663771
20355353
25346533
17290274
11008479
16144010
24139308
25989481
29583431
17240
20327182
4698265
7324896
11788973
4614100
10218499
17314183
13903687
9366115
17467431
9076216
11371189
6725546
116118
8190302
13589572
20369847
23595596
4745947
4822468
16092405
9825706
24335083
21032067
7456792
19786292
27481012
14797911
16839174
14353547
9657730
14939654
9394619
12178262
22602806
17315424
27737857
7145372
29528952
6965399
23117959
26148479
4479130
3460048
22210664
25098659
14609531
863810
12511572
26262763
26900381
4345961
6792664
17135520
4043823
26149895
29375953
22844791
2830270
8760911
19525457
6311613
2483724
1134273
11067627
5180085
14515842
25849085
15203528
12732319
12084845
17846517
8635122
14405678
10722345
12609962
8180529
3975605
744582
11726233
21825025
11646336
12899032
4043385
19003126
28458773
7788116
10207754
18993833
23218514
14028425
15286152
9387432
20557735
12761307
2149786
22912109
17499344
15759885
18789596
18741028
16103240
20137712
26693747
16719459
20155569
23071674
21711942
5150735
5150222
26027415
13687800
8228912
8607873
6147277
22613126
28650199
12710596
10084987
27264975
24133212
4404252
29824627
20003084
17294619
12604743
5379396
2890239
17390957
20740587
28602339
16536994
242110
4831787
501715
26936702
27789381
17750513
12223160
25898118
14025318
764178
23143553
11474238
29417221
3533095
22609966
22251796
6512765
22763306
27502096
14836948
23523538
27045338
1332016
2923366
12668686
3410653
9017808
13267918
22082553
3393343
11699547
6805981
16641684
10467865
15960814
5299596
8793040
14687832
6851612
2142492
445065
23607690
12853794
19650243
13457853
27840742
25348279
8888354
21581488
23503488
6231440
8030288
14177147
3901408
7732670
24237094
23219935
18941004
6298343
28751303
29761110
13434673
17591723
10636050
13181111
10897608
19002167
13316413
13985076
13730787
15763832
3493145
8412547
25567671
21459615
22879013
20711727
18070033
29735723
22354648
20112753
20720566
14199473
5348410
5565635
22477491
2826414
10026254
1662986
2680818
287577
13397814
23685042
4385600
21890072
1729928
23440015
21816971
5860830
22470712
4827197
20996451
22620929
29104760
1984292
5248810
26436219
6057741
1273025
22017201
19601797
19642126
26046081
27474457
17885252
13184851
19420310
16718206
2038999
14796650
16087418
26657317
26732625
2776221
26621238
11335414
19579980
3431652
21178378
21435869
341440
27192634
20579026
12103261
7869411
1415448
18428985
11662075
22681351
23875691
17460763
2013698
3000627
9981175
2858318
27513379
3957238
22784365
3200966
1458368
25934603
24539909
25424223
8682271
3140531
16916095
4765761
8911718
29062264
8200015
29746368
2455270
16551325
20945912
6576972
1576238
18939013
17921047
24321665
13598582
8474182
3143021
5938139
3823884
6611627
18577048
884646
25520908
364473
4229730
13138309
13296845
27233072
620811
5668209
8336105
1280563
16082480
18577300
4714564
19790938
26766728
21050098
12925926
5911562
19899508
27017168
28117763
2100464
22254768
17220933
13818386
16381593
13840550
1948385
28972772
25551863
1601629
26746584
14084402
17983764
21661496
25489512
25267639
20722870
16052884
20343592
17872807
7262067
9070649
29965737
24998536
13362467
1773602
24208790
6980746
4029056
21022379
3000733
16134870
6534226
19322076
25900301
21474126
1060414
25622564
2050976
5254092
508376
290590
23173701
28173420
27912521
13412539
23663367
5455912
29135666
16724820
19213591
12938871
14055718
24569913
2935540
8950214
1571412
27595707
15266054
9416090
15706707
1451243
4238869
10996102
17214533
3323340
27351518
5770356
24347808
29239298
11254437
24532555
2189122
20501672
29798263
17964253
23774028
3587198
17132546
20120827
2082538
28282150
16528556
8982944
8133593
7639590
28892352
27175930
17035939
1912153
5355060
19043559
13068657
4372998
21316776
512713
15722959
13589233
23711243
23405298
11809598
23868711
26791066
11444489
28470139
3708115
29803792
4465105
24789612
24539020
1433052
26568082
16602752
21857707
15293831
21618014
2851854
8000617
4835748
8939210
22855947
4549387
13740704
23421575
27346036
23856992
7160730
7331301
27720310
8291315
11904006
10353464
19202825
21356854
4933529
16911754
29694370
29668674
13869450
2914855
23719347
15961996
11317477
3053142
26065770
7215550
24985339
27514313
21532975
156584
13537887
23094134
27458841
8156157
15972898
29655974
13123085
24869050
17638272
17621469
8745612
28011325
2813118
23252156
19328379
10536608
473739
22975015
1930578
12136683
24791885
25154395
19984819
3073685
11212941
3053624
8907090
15262879
2314437
23872239
26232583
18474231
6567089
12715404
8762606
25979367
24810495
4603569
20411963
2967110
22087108
9308399
20311832
19546693
1099577
3664282
20831518
25637484
13925854
22171000
12470544
11879905
9998994
4859360
15016578
25504306
29297316
21840384
3305050
24904804
15913021
702785
5737434
13988357
28789586
28989730
14540058
29769066
26096051
11904145
990600
3990041
12263281
10520778
27513225
5817713
13429157
11506192
29413702
3501213
1973098
3674074
15450459
12315948
3194776
9608801
21077751
6238867
27312308
19264015
522745
19805554
26645815
16630984
21067284
22485937
12630342
18966159
16121204
12517818
9143476
21346825
15197389
15571178
23121209
4371974
16176481
21350018
12268657
22667870
13392978
4766257
8129610
11070816
17982038
26413345
18008448
4014384
755022
28543787
1699049
29650114
15175567
2654618
6632264
779472
22676115
20369008
25803660
22694907
28327818
7538232
14776324
4813878
654368
27711276
28458591
810665
10727817
1609704
8680776
12098788
16922553
22869647
3629464
18289519
14412056
16047002
7048612
26530421
29123636
24029491
5676819
7349855
17661682
20033708
23307782
2465974
20978132
2854224
6267510
2017706
18338125
16211744
10676069
1339892
23608395
12866673
6237772
20993648
18274838
15164116
5470448
12161643
13495425
21021051
13304414
3559383
9872477
27175097
18312108
12089524
9844576
15119366
29696170
25670975
24821278
12823074
14699057
1517102
1222743
26494482
9958931
27267480
28485521
25452832
11238588
3461270
17031511
22552881
14577648
7691473
5471963
21269483
16578447
21989629
3381212
27252922
18504785
25170926
15423357
27962262
18188563
3218359
1058622
98282
26124468
4669313
3166737
20085588
19516370
5464605
19231177
646575
29998293
13249138
12902133
24443434
19729489
5715498
20799225
19468572
3526927
12867940
27499816
17657202
3744294
9135897
28751397
17499957
8131507
28330799
4122163
14038559
27075559
13002791
11929391
23461161
1234747
967996
10801431
24656220
382025
13839298
19430698
16573340
16725408
23746308
19287455
13404959
23798082
24535553
26964811
5073187
26467095
21981531
23258720
10152410
8428269
14668748
20360661
2516363
20939915
6073709
19115569
952838
19796108
8882106
20512142
19572369
15909079
13825942
14634572
11748592
13758839
21346071
13752197
25149170
19332586
21768582
23972639
28535042
24237115
8485789
21334061
20706052
23101561
16581645
8826923
12901766
20960871
14299739
25246850
16208887
1244441
3152787
4264374
21741582
5020594
10680926
18079439
18355883
3746335
27283136
19066271
24596549
18984861
18304355
27597238
26075542
27230756
8209239
13780458
5458012
5529498
140933
8636995
4425852
8050624
10456744
15436687
10186856
14405314
18583897
1932630
12249669
66409
28003528
26052030
29409214
4526491
27794832
28928278
3127727
21786325
11125096
11017852
21245541
25946450
3960878
25764238
11876865
24512383
9015952
29992571
9404280
21122763
4500830
11563976
20681157
12324578
13137420
9658535
28674553
15766760
9205903
28137194
3192145
12649916
7874168
25617983
11471887
23343300
22183757
5923149
15783015
1849926
7980378
29395811
9333378
11366163
8248022
9398527
18874418
23586221
15365683
22486263
8232075
29571718
19591391
29199548
11756034
28502739
13286572
5255752
15830889
15437363
5188105
27594184
24036480
12808978
16085523
24122101
9115826
754664
19408620
478951
19483849
19277067
15311074
28659555
21295573
2343848
19078878
21561611
20737276
11187310
14611676
14670150
16792453
8351508
27434337
26430245
5127729
10944096
9415669
4640892
24399090
9525908
11398819
16946761
9176047
20334524
11698968
2976871
13653767
7723376
18594578
25091838
11178617
25866478
22562167
14784947
21194040
13365748
12499060
9651313
16120453
4048698
22069921
27461612
11719018
21884585
26086151
14890782
7947922
13912190
5605565
20778574
17029744
22109996
27716274
24923226
16287359
10430694
19298542
8798849
217208
14172087
10071155
4621896
19270644
22193391
25440291
4115886
9519270
1620238
3269472
26288602
5935975
28585948
6446020
18694341
28621701
2784938
1378645
6130504
21664501
24186598
28570828
11658691
9464589
6605369
28717344
9599895
12011424
26657635
10478368
16888616
23651199
19757941
20120956
1110899
19508099
18802633
3496289
23181746
23509213
20905902
14391324
18481456
2568239
27296035
8950932
25464865
25117052
27549289
5854951
16316923
3075783
16680527
4852615
9147856
3653273
4838464
29916464
27508179
12502056
4524017
22472851
22835284
314370
5942441
26666998
26479106
22300260
10371809
28971301
14563561
5710464
17891741
8231041
28591653
25249780
27259926
27634284
15835770
16295005
20038427
13619277
13713627
27053854
3672351
1243650
26179761
26334185
225401
29578465
14071164
6644312
28225625
24041937
26772729
21952844
17310505
5166259
22963408
21846041
17571020
5695470
1777429
15997206
12774046
1112607
19208434
17213103
10462354
3415413
3079762
24471960
6629789
21667617
14959239
14992399
11674476
15768489
13464986
232359
1420054
7248500
19009774
7196092
20887396
2103396
27571212
17888387
13023902
16321725
19470081
14538789
9904338
2693662
11411418
2743884
24842417
25667253
3190474
7739227
14365562
1185583
7654450
28126243
19300862
23211629
15346824
17631327
25011587
22643073
13104057
15424066
11021704
9623653
18061565
19196027
11105001
10000634
4617123
22775942
12694212
21325147
11177574
715606
15185501
11438080
20570379
22383241
20674717
26904974
19523667
13773791
1168082
13971149
10337121
8001431
4270631
13245655
25000340
27390892
18422271
21158483
28534384
11538089
28707902
14811433
12529323
14299680
8433040
19228496
18244361
29272573
11956778
4046018
3118965
24535939
16075520
13476761
12159260
2755055
2802682
9643816
23314539
19854589
17185464
20816556
15148756
4234919
27716887
15177095
18423573
10190675
24838531
14953919
14043051
16307119
29805742
27217071
2145520
17789149
7451682
3757740
13152848
6264051
22432865
9482614
4770793
2840561
20323719
1708303
7176943
27537802
27278495
6156741
17530615
20225491
8965569
25534685
6729459
25866798
29560103
4947099
11219211
4099906
385366
5162271
24825998
15124423
12888517
26690121
19593444
2426788
8442422
21247518
13757491
497857
14513344
15598978
9686871
23262624
23113644
6764303
3730906
20342659
16273302
9313616
28543277
7352293
15540671
12071785
16618070
231354
13204270
15145021
4932335
23160957
12385558
7261738
3163137
18432716
9345859
9955052
18713470
13674515
8848489
7655157
6175736
3075147
17349792
28296996
28242160
28121548
14557562
24141643
15805266
10579728
26650552
3938787
10649558
27648641
5364978
16920556
6092873
3579441
23502127
26550863
24189255
16656445
25628421
3494351
294195
964073
27738985
29192095
28982386
6950022
15027239
17452372
21271287
23320087
12866160
23079290
5349274
12342282
10846763
419444
28191634
13555118
3841816
16302868
311738
20888930
6689951
20266116
18171369
25292112
27316035
13223499
26093513
14797060
7374591
10708255
8949245
14569797
26475129
3888430
1124547
7535248
18996296
15090693
25548526
25536084
657553
28974382
19540052
13322372
1574312
16882726
20612868
23961291
11256493
15153655
14345389
17960135
3110924
6761337
26374721
15679687
28170890
21030873
20053509
19405432
25398221
10620663
26620589
3214117
7622391
17529600
1512353
23446879
22000060
21956421
1200005
9994167
16710995
6032938
16757188
5963863
7706592
15856569
25522771
18665102
28705810
22518369
9458004
3751724
29379233
24760564
9071245
999637
13788748
10435764
7448881
27334895
11486639
25203338
3277804
13521704
17266796
8989436
10772719
731236
7300756
27609790
13508882
13068767
21103464
24936947
27158687
12675659
13352267
21492612
12185431
20852850
27979811
20072276
10172429
27481968
23181409
26886572
14739350
29915413
6095620
20651651
8821924
7919374
20072764
14696012
14293246
28642707
8687910
12476631
29046655
10060244
27131020
14835840
23362705
9540367
28326548
2554882
28892205
467375
27194881
737462
8718116
14035270
14826220
28090442
12275026
11419160
4559357
29340379
5896172
6912082
18608958
9491944
29352025
26256842
19182156
26859575
17357899
360285
8527182
16878513
12429545
13251192
24092163
18656489
23976411
1814927
26811042
10853483
18975056
22973512
25726541
4710261
28104538
14602704
11563229
1258612
14564882
20578095
2916415
15842447
11846395
23237144
12690161
4426294
19922858
5235913
7416884
17656874
26947526
21953274
29347136
22946076
20373982
18893585
7197658
14827525
188535
20372945
28141623
4426109
28044219
12876709
1955341
7996831
29475891
23013094
7732946
4975876
2936134
23643176
25714551
3623358
2666337
11122963
29194469
24654867
241824
24735213
1867242
8993824
6049657
22801553
24982549
17287108
21498206
25182437
17215340
1399256
16946495
17968155
8156072
3213362
1312821
20595649
29217018
2212711
25852114
51524
27684313
2628108
10140039
20857911
19697523
17899946
14787762
13330102
14095960
2892545
5489510
20681239
7583675
4486880
18588164
18725380
23160522
16956647
27817663
17564415
8545080
12367785
29246795
25901220
27882896
16707088
20385153
23170694
26451724
27549097
7378633
15216032
2851643
9971752
19813924
21268889
26962975
29828487
14853370
21499774
977798
5872279
29730041
1332813
9487246
28606372
14248420
7758446
6618132
6761406
12295068
26334842
27284740
1034513
25130808
27968329
16608858
844424
29729027
26814007
19370349
8171689
24093683
26976450
492333
14652445
4733368
16515580
14096298
18341625
6570183
18579471
12135217
26485499
4191948
14616
6453137
12897661
15902569
3898393
17948489
24087893
7815867
25442520
16847758
11422054
20836273
19113783
25575681
19781637
20313924
27323423
1837009
26789803
1352050
75339
22477865
6771452
14146530
3323467
15463648
21182607
12007149
2027351
18739809
26346725
29526638
28055676
27035657
28182893
19584727
27802265
2186049
27872749
15197610
14101300
6138911
5551933
5086045
14228307
9723663
17410811
27594871
6028943
21059986
9644946
18169159
14591275
11449795
1223820
29287125
28579569
11304301
12449565
20188195
28470136
17089889
11897460
25712342
24690676
18143866
28324404
23079801
29518482
21652913
6618008
25846170
25424116
26409183
16399314
4707006
23442688
29274022
16266170
21221233
6201531
1005668
16297122
14166488
15171660
15834756
10685398
760457
13383610
21232801
8637693
24133058
12938599
21083208
28681618
24931580
21354431
5044380
12368764
8139039
9951323
25707308
2669665
24433957
27291875
28565913
327633
11091927
4614918
26868278
1226687
8678755
29504294
17481291
16493075
2738972
14691139
18813064
14744448
8185699
1780897
6539878
2218934
25160957
4058387
4496778
23749725
23624303
20697802
3629503
14322957
21960127
26451987
12580802
29257005
5911271
25872321
387043
7893621
5056158
12008910
12636621
6383855
14237310
14782591
16276099
17322027
3075617
12813909
15882509
13774750
21796599
27592858
24178336
13101205
24647686
12053328
19705040
21036567
21315141
21454221
4138128
18978666
20674431
20578914
27775250
2992563
238660
15194583
14498701
4184668
27566573
19425949
8408852
6183228
3998
1794197
18237413
11452200
11969200
29983724
21563754
21597544
22027001
24478876
14133637
11284725
11724284
210946
719769
23087326
8245230
4298741
13422041
15787817
8174613
15816274
12794373
27211695
19963259
15062772
17887216
10871482
1330017
15566115
14133364
15786527
26121282
18323468
28145524
13601198
28224925
1424047
25619714
25424121
15374114
27575778
9236394
3614983
2376701
8466024
13357093
26893622
6191406
25904851
13434971
18039093
14733899
3752040
15400929
2210707
26351325
15758037
12380979
6591323
4677909
25921516
29836546
15370391
22214681
22072604
2056984
4543679
26571282
24374284
1227959
2242987
14291324
25278452
7013413
14769726
29218897
10257940
19901777
512178
6270190
10655218
26098885
12026597
28579696
1377192
3489529
27332524
23556470
8117403
27483311
25227597
5049498
23468446
19168263
3784036
23359900
5559088
14482802
19060029
4467224
27993945
26915739
26527579
5979407
25524785
15603047
27254745
26132577
3851868
26002898
1167465
5285465
1771558
18568611
18739355
22979142
6401261
17202187
21208807
6895484
20242519
1841326
23159574
22142603
3997664
15392786
17455444
12219087
1704432
14258045
26150437
8028567
8470617
26166626
5864560
3700507
22655389
20349978
18159480
16252063
188952
11228258
29480036
25631532
14890993
24563025
7085083
20296493
12299949
1864107
20014780
3847313
24695536
1323817
29144382
627360
7473449
24793667
2324389
18181178
22909563
29864006
3182126
5004262
22167135
22167722
19301140
16418457
13706684
28090145
18581174
21677895
7943005
20103381
24598046
28695536
21800987
16743230
15069706
16441736
18649497
4107192
25572436
8402664
21243658
14867371
7899223
1026418
9200726
24410885
27974171
25338863
10423052
10164131
1850515
16792110
25576702
24520541
12536172
18896628
20883831
14300584
14009065
8321951
9296447
23339496
16058141
7380812
20132820
19976033
24137396
1627422
19731744
19657098
29174858
14815790
15325837
15448114
20325250
18202849
23405544
22846269
13152687
16586748
10797430
17864906
29425416
5312963
8051437
20439481
27517998
9760821
22366811
16418476
12748226
2384834
8774737
5490632
2573560
17384103
1959003
10315677
27770266
8444631
17562630
15824613
21747119
9688601
3892162
1834157
27365156
17293737
11058812
25140255
13654684
15011521
1088749
21432404
20228126
18692446
14941040
7086509
29524741
25962355
12700576
4507315
6500621
12795677
10787741
24557028
6164874
3598470
12665346
15555157
10478491
20120756
3428162
14629468
15290141
1587089
22403547
11753928
27972839
16996233
4262178
24526755
14989033
8718759
17815472
6411049
13233367
4862434
24888519
26115224
28498054
23401258
19254292
4945250
17973004
26814521
17020579
22022644
12437496
3016823
24377681
17201390
15096288
15724225
19329940
24353584
26704042
8758803
11435361
19416413
11088480
9221495
3221796
907263
9331517
29018595
721355
5168870
13816656
567280
5128924
212378
25370690
4599926
10975024
3944780
4092655
24198181
27937987
29489840
14371916
11734868
15920005
5152596
3167538
11704554
5107440
21620646
21385652
8730727
252884
22401391
12547106
11368934
2930574
11430230
1200206
27736628
25800023
9201768
9729990
3430253
26625076
11390482
20470798
16731158
27630510
27146565
21572817
3155035
19227980
9033464
22951521
9309172
28967983
15721171
19357158
17290340
12089655
4254247
6940945
9755664
20746486
16262364
7544345
9992784
22959613
5310953
18942968
25543205
25191976
2511774
14812216
22067496
5628834
11151450
6541947
19552961
11005242
8903931
22670650
19806689
3994425
22209278
18150034
26129918
19471294
28490613
18942551
6219374
173451
21470486
26666252
24980891
19594824
5147388
5254949
28781793
3703243
16117276
20005887
16986616
2229248
15202179
28285135
21244034
4457184
7188208
20577195
3597606
8354452
7026908
10010224
17287688
7095541
22204911
17541954
7472876
22019786
4461908
24991434
11012242
10686161
9444207
16537204
12295642
13218402
21114059
4827455
1938853
22592749
13676391
7399087
21357310
12797748
3426351
25845982
26740107
8774237
25438027
29525959
21715185
785652
17469906
22325376
25566432
10868552
25229063
14485132
7736703
3718383
1317262
17921945
23390935
18207842
6430196
3771024
9157596
28627632
13679537
16775177
27955067
1991613
14675753
426734
23313955
2861064
15713854
20080912
1136175
15556773
29150606
22847076
6134834
3009023
26133733
8711207
557001
7257061
10680343
15215540
21791656
18477013
19475454
5094211
18559767
17257473
18150053
26345838
10241385
4538026
28031177
678620
15961975
14049378
21132214
3441657
28007979
17756506
23827220
15039097
9311871
18661610
6789381
2537896
11310428
583695
21288543
12595739
10895833
24132601
8305954
19634606
20199188
26198645
1914761
13528546
10139617
29428593
28749591
6203143
138580
16074161
19538508
19064829
27567847
18212346
10292955
23665653
28071503
28614550
10968775
16978145
16489229
6466633
16667589
11918682
11783195
11775718
26927600
12086720
20433184
463774
15314505
17335725
15926588
29621907
20567308
13481001
1876454
10855160
17041221
4545418
1253279
27558739
29297528
23708293
5089215
23947456
2008146
26941553
18438056
9654150
20483746
8339202
24295817
14334311
3018194
19299166
8108838
20809577
15404557
26230565
10082628
10551108
14883538
5369746
26579121
1255443
18580139
24907924
17898024
4975082
8840191
918910
18327882
18338434
27598049
11745637
19141626
16876912
11936235
24352913
22182240
22953974
22556507
13549778
14995470
6415639
11164328
14654767
9484615
13932383
1841115
7779997
2798409
27903215
8335710
11757935
12570384
6281777
20892891
23084216
21595551
1197733
4868383
22454336
18778933
8637104
3788463
24261027
5367319
14001616
11214301
2223036
5439787
29467086
25337936
2709189
2671408
29456989
20180162
25785607
15442739
2095702
16566625
3305681
20416044
29165180
29993833
5210770
579860
6320813
8725939
23325720
24989455
7095295
10453613
16225182
9646003
204369
29220342
21872922
26282156
21415374
20984370
8791002
20515401
12477188
3936473
27072255
16397297
25242223
10742848
5162247
6762753
28382959
8483128
19614533
28249610
1738502
16886372
2928071
11976100
23422904
14359227
6195808
27403255
1502361
7140555
17012085
18884978
23321581
5539419
23768503
29192146
13906133
20232483
24933059
7585060
7220212
6134636
410691
6921039
14272243
20176632
3859253
21418068
21708134
15551377
11127617
231710
782483
14113528
2710200
23680559
77142
15503016
2469886
14817877
4238281
17280373
5473060
5223326
25476008
18013443
28658195
1329969
2900374
26371464
6607510
561798
16251638
4248072
29384962
28908836
28019120
20170627
9000346
23257229
16216974
2969278
12613143
23339054
4916127
12827787
18534723
26730721
6921157
23900102
12392138
13534193
14724970
28000942
21070441
29392149
4713517
7290574
8929703
27879852
2150029
23556340
28659381
21661976
13649592
20960824
13390503
13386801
12420233
28943091
8009083
17290743
14760123
2912823
13228965
29600670
23282445
24728317
3743509
27279912
19642254
25764988
28152518
16022067
11445156
4790183
575782
2388730
1598969
1668373
859686
25085497
3960205
12495981
4846152
22597345
29601034
23480181
1384667
15177129
21722000
679380
17329775
22123594
4773035
13771936
10120952
7600264
16012352
17615646
1375557
19703040
19622857
13045593
24611796
5520326
10016180
16543275
8225513
19376355
1963801
14236511
16162366
14539857
12720620
21562922
9996193
13738010
27463502
16803808
9778939
12226831
5923176
26518300
2809620
29107090
21745511
13066063
17568500
22842811
9392266
15803396
17683527
487381
21229415
6574707
662248
9433079
21180525
3853076
13134699
26147461
12585923
20984714
17050491
6378892
12591531
5602891
4217402
4760892
23899403
17450723
13519030
29176519
5685982
22261016
5355623
1339786
25980427
7603107
10995479
16254888
15587603
5205018
2852871
14596081
8634119
3140618
17703790
3854172
22713595
29197863
21741708
163809
29786322
24456054
27197397
17386346
16993976
27333698
25368956
644674
23999478
20148444
8485183
27119680
26560757
8426625
4555357
7834659
26324084
13089259
22015522
10437288
15333592
5711393
22418464
4915389
26779289
21164079
24980280
4802649
3592080
7720239
14555859
85626
28078599
2249
26597011
19514857
15078453
6593693
20077457
1938526
24519932
15812222
14547636
20582671
17962178
13298076
29181355
23595980
19282907
7808395
15651075
1560657
25247470
6476863
29514908
29382615
1445618
13957325
14526469
3212487
18616655
8025198
15405102
17715471
5502023
17542801
11679934
23264415
24186196
18448164
813584
1298349
23526357
15277339
23969562
22058336
23226102
16418971
11918019
27201417
10101761
12682293
3744947
7198818
7525794
2293373
3590413
29203547
19399065
27788388
25459835
16953663
19115473
8689772
19201539
6480728
2267832
27691791
1649366
8587462
12202145
29794712
2601379
24774451
27601007
11701674
19989900
22497507
1824662
21950463
12878977
3723997
18787114
13153215
13161149
20150207
24516673
10845405
15928969
26186466
23813342
11225955
26447151
9298912
17481126
2856295
11669118
7929626
27378896
5644437
7121088
12406518
4139744
14167371
27499424
8940608
17521585
6439774
3261138
20269675
8898427
11938404
23238540
23143772
13718654
20514136
16209557
1677796
28366635
3451710
24971019
12586221
26120828
28822960
12875295
14615835
5931539
15540689
6051204
28459601
3102207
5025683
9623927
25680672
22509287
10991102
23569725
17287596
17407492
4557263
20116608
10780470
28300070
5322501
19723331
6901659
26351077
8087768
7081658
11513258
12275956
12570369
1942375
19825916
5793478
1478896
26261427
13059662
9659382
29200788
15607643
25306255
18734291
26821477
20291018
11031936
20116168
26242826
5434058
7692819
16527759
27938186
26963539
4167152
9144400
8503713
14162127
10031531
19053590
1502451
864940
15006842
17920372
1923624
12433156
26082765
12731143
28241548
18401233
3068445
24280578
29376098
7139374
1691540
3563505
16777773
15031490
24465378
28648531
5657548
8943140
10214256
7430386
24839753
21535470
13723622
12790052
15824366
17130405
13577139
17352239
16368928
201460
22443065
20869498
12580407
5523956
25726237
16731268
29107195
16068416
27135040
926467
2435501
347594
17548014
3281425
19849895
11109169
4336438
12312752
8174466
1186786
1981061
918900
25003098
15268244
24370061
13618239
18515207
23418136
14199438
11231440
1625625
17104261
26558820
24742050
11357749
8957200
13408604
13803190
1022862
26649890
21308343
4174046
28198019
12254185
13939067
21418066
10079799
16148723
25761667
20881349
4916835
23427425
1111751
19189612
23308321
4440316
21680169
12237228
13274627
25516214
14204386
2990652
1974983
4936834
24632186
9223279
12252971
22939261
6989466
7589935
956336
15469458
9647655
11903143
15514945
19647731
21490152
9797702
19275634
14070932
13762270
4137807
8575871
12465448
19738963
28937839
2235626
22498115
11043296
10346872
16503669
22186735
22420271
6343704
517018
28089598
29170543
2450161
19832338
20990970
20497402
24044316
22267338
8751671
24292282
15491288
4080013
7449339
22671653
22578689
18607753
15064073
25142513
17882399
6039610
10282504
16225200
21522779
27249486
12845447
28950673
29115153
21078640
25027669
23434906
25385595
19974567
410674
23624658
5727195
3809466
26451680
13662678
19711258
7888262
4246861
14773643
18971436
17598741
10054231
10297836
5570695
17360522
13104698
23631227
8489683
23189275
23720139
1589563
11002430
12424402
12003884
23245598
27846034
24781017
25225937
22671873
21170851
17067268
11118162
24330225
25019520
8765633
10556778
2493000
10616773
17922960
13117322
11005827
29582562
15270740
28284032
2750169
26540085
16040662
26562930
14392840
2275272
28264372
27933574
14150666
21668753
16131231
5682858
13528399
77000
18618932
27949500
28179880
16510669
28128333
23209546
20686746
21906497
28271836
8325306
1271047
12791399
18480616
11169006
19150074
4799209
5702868
9394153
20705883
11021860
20756673
12951048
22368500
1112427
17593447
16693167
7385530
27796572
21169747
7067518
26428022
13151102
19684618
17798257
11032957
18084258
15525912
14580196
29986600
27476105
24614167
18965046
22372879
21876478
25983202
7157899
15881715
24094574
10868444
27519465
3720025
1964122
22381447
8406906
1910430
19962954
15437632
17902901
28514853
27606200
6789687
13620763
12565086
18975428
9042688
7360424
16992280
13693568
3388487
28905740
7901381
1300523
20671931
26682420
24564827
21753581
20563039
27892808
20915974
17031139
25260104
9042641
24016498
18592697
27964483
23496029
11325124
8307405
10988484
21875770
26665308
25304084
21828572
5772214
22713902
10815008
1890515
24345743
15714846
11572472
12785524
8016351
13712713
6375327
10187343
10990465
2604921
14860417
27080573
2979613
8718767
28665079
3783722
12947969
26471681
9828994
19620293
4677893
25972358
4363911
26055298
4029741
29577475
23222831
21054275
6577312
2744620
29956347
18264316
15374467
23472327
22170197
28065552
11438027
23746379
6963065
15856328
18784933
23173682
19903864
19957549
9616516
27085576
24284680
18111546
1798047
16523229
28016297
28858927
1292109
19354617
25988621
23380388
5091883
25075786
8225365
3311709
27316366
9012427
3455442
25280074
18422302
6224632
17184953
2921172
45109
10975555
21014315
2413282
9292681
22003379
26886926
28996112
17452340
28606977
21877618
18829157
11562144
6138288
7653107
19384949
17063049
19883897
2965812
2579239
16786338
7739339
2447418
5010424
27427778
24055222
10299795
20570087
8484437
4657168
19496238
8760987
23405756
10686106
17663320
27624794
5032776
27250451
20589781
7647586
16116983
13909079
4725354
3852722
20913794
8966945
22110709
14734128
7375138
1438262
1767804
27261731
28825667
17079736
18686622
18178516
10847259
22612977
23938977
18871161
19448222
16538860
24069238
12548860
20775974
16900430
8022484
25739909
5522222
23387037
19903374
11835515
14490106
28913583
20293478
29306274
2797888
23867910
21617675
13126430
26119622
25518307
20462421
10225838
25966156
4132687
20114684
20367687
2919877
2922856
15036319
8438240
18070101
16707444
14059615
29900182
20988267
21643093
20940257
2416040
24916630
18784505
16318299
14899844
26072872
16439758
29206746
22734059
5465865
2129239
18804303
6837605
8200164
25168666
10242599
26078109
1883333
24275576
28916447
28589455
9274847
16366749
12447740
3218553
20570752
22959090
8160089
8702228
1712818
26516702
18947068
1838974
6023472
24915160
466504
20816386
9463804
15465873
157236
23636256
19938871
24207369
13721390
19812431
2208159
27604234
21684768
25370299
19471154
8577145
18758709
24800556
29411847
7885530
463474
11858473
3473094
11807077
25840559
27130738
7677111
14228651
21788691
2092642
27669106
18688604
26180996
22462295
29221742
17859897
16386948
25773905
26598967
14354944
5741214
11354297
12769522
10195492
26127291
14381370
21334414
15771929
10681566
8907939
28835377
2015093
10762338
7988781
22446318
8557168
1640674
7702373
22529189
4821738
2568285
26434864
623992
28662967
11553182
18881300
3560946
23186980
16226635
5596981
24915713
7759725
8026263
19036728
10101078
16486706
4778998
21194483
20229891
29143804
471362
1603018
16940335
13841661
12446493
4935589
8406234
22245637
27801244
26019731
1914760
2161047
13970007
1292721
19113146
24828821
10516801
29367007
18319734
26400102
9095747
1178923
24292093
20206893
9356026
19979930
28568001
7175922
10583923
10378682
14182592
6734758
20975866
25705499
21923873
12117584
7217510
1918984
2886201
412149
17646903
18354963
26847063
20589416
1779893
26787575
5331114
16578016
27027785
23628672
20627731
4056892
25788660
159990
21833977
4221290
25270885
20869080
4150531
2085523
21665626
2155356
7698804
27521179
19716130
7834604
7565295
28216085
15356404
250585
5364370
15292710
25030870
28748409
24287085
26794389
15457925
10671517
26022218
8210546
12573853
20836598
9113700
9752856
9099562
1114525
9359094
1616329
20471665
21733981
29038050
15621367
12292683
28939815
25748630
4407247
3988707
7717844
29884871
15882326
1896378
23729102
21043814
15139893
17532588
27816883
22229336
6953657
6704711
17589655
18750906
23263293
28162290
14627892
4881028
13886649
4061181
1853923
2655476
24643761
16558031
4561793
25080243
17035007
28690709
5027675
7312690
11957936
25504207
6176170
27279125
4569383
22485645
28829293
26651394
8162541
28838763
9395505
24398196
6252450
9808407
16883374
4608299
11770499
11013428
17367060
1248332
9603576
14984021
21547814
4064771
29277349
2188496
9613481
4390973
18773339
8318061
25185994
23030247
25518030
29371338
17526006
22030433
13519916
6322739
506326
22739255
27263547
26806568
16261730
26472320
1926397
10131231
5758078
15700735
16785551
13105030
212621
1956689
8861232
16473661
28628520
29001303
23335134
5286055
29830176
19105147
3222547
13884200
4972129
6353092
9350690
21402619
25533713
5859954
16523428
938730
8264925
22164139
16205114
3912224
16150859
20648968
10147003
7355346
22862451
25694191
4224384
18585628
9438893
5667782
11229138
6482322
27157893
15939544
11654567
8021305
22610122
14458664
14563080
13502221
18876634
216858
21280727
17178629
25692134
26822402
22568019
27004795
3064766
9871881
17919662
22097995
13066077
11712734
22638329
24037821
22940413
11087848
5562622
1319359
1580954
26547060
28596126
24963737
5468711
23500924
9728688
14019192
5382088
12947599
26305820
11586123
12147031
17731485
184438
24408807
9231858
19682025
6736718
21018037
12933499
19613740
9528142
15553787
16826600
351309
24072389
9764182
19085173
10208148
2762870
8092906
1552945
25549432
11932475
18628101
12899321
25253193
14049424
21543646
22816946
19595184
25043252
1984873
20975621
16660355
12636246
6677942
21243906
21217883
1224162
3050298
2147200
414008
25408461
19506598
18677796
23631224
14735215
4849393
13063589
13469808
19687905
11683887
14586903
3705502
28362312
13403565
5327337
20468703
2640381
18093132
1425221
15173677
8933785
27482276
5599742
21882161
2168686
24422839
26149433
10083908
20460801
6516894
23290607
25766511
25584421
13705173
18137519
20934951
28542709
11647096
6028303
24302954
14866498
8266664
9145159
4254492
580428
895027
9664683
6486144
21455807
21060273
15752173
25387424
7275678
14438233
12972464
11703570
2565479
5864361
17875209
8699394
9727736
13843561
8276831
8671836
4879168
8006370
23197414
1811408
2159182
8891099
16098354
21095546
13516542
1208844
17701980
2313382
11829211
3165679
19986622
29492196
14904629
12270040
8865285
3784569
4981177
29101592
530874
392166
11415325
19306328
13820690
4676435
26192829
10554695
25050777
8454373
8728686
5749337
27058423
21504984
13383703
7540835
19942224
15040441
28634634
7517975
9167311
16581679
7464780
16147187
18124280
12775890
28061419
13542177
11497100
11884478
1928222
17888706
10660145
22965066
14276389
9509328
26804563
26895553
27660463
4700277
15463508
29810701
24609157
24142327
12574473
2760425
21804378
8003194
23098117
19435812
17062463
24212956
22721386
8088823
21825451
6944048
1259774
27170208
10776253
9693500
26257793
15228269
6772648
21433304
12521886
19816986
27196857
16961251
13943211
798311
4078123
14550788
21563470
25195057
20299123
8018472
7304938
3550918
23929318
12438060
3395338
10356343
7353157
20460287
25414110
22577926
13999637
20087575
3806239
18159636
25424133
11015170
24210651
10894357
27004067
10711051
20917337
28973137
18676551
17517810
15757753
3902225
14092034
2981291
21680843
26286485
18044795
9200193
29057585
25299231
14337077
4661069
17205039
19575515
5904805
4046027
22683583
23527979
26558425
16686952
16497303
15448790
14493460
19494969
25587291
29357240
15841340
25234256
9667733
10760504
6526675
11577990
6785627
18941790
26422040
7084547
10004452
17201096
22726457
16326473
16609464
27913294
16957449
20827734
1918041
18495487
14555554
20054307
14595878
19304266
21086020
18162227
24872326
866720
29393954
1003730
20496136
17310937
26866806
8716573
16461973
24616316
6759043
6793022
20626365
29306836
12421872
21013335
26468953
29774959
2086556
17315087
3412654
20829743
22886614
15408446
13009252
22413101
4288276
20128720
12240371
13803865
2784606
27860557
13728706
18852951
3276370
9211349
26849641
10483684
23873106
5716007
1443002
16664501
5821037
15523161
16840589
14729055
27651638
14553211
24024532
9098245
12308595
7903711
16263006
27706947
8096823
15691204
11438821
22649060
7159853
4817137
652301
4805764
3617920
24368321
4948224
1644435
10788400
20148008
4553696
28393379
11826993
2140606
338872
18842208
25709037
15493764
12282116
26872325
17412979
19627656
18781094
23444069
11693793
14884051
10019466
17536261
16720634
7704002
3431324
1922151
27441281
9898750
10711955
15925238
18357703
10505047
5992354
11075849
15241124
19348018
5071972
13437786
20888244
12122564
14077881
19519608
81727
6338626
18549469
11118646
21096929
27690296
19135602
1003862
7811169
1517497
15416570
14897223
11540783
23258533
22271148
433891
5261945
28309084
27724096
28105936
27381814
19783467
6913964
25054761
13913956
2426521
13934476
26293225
27985677
18116918
8802883
28353834
8558233
21377655
14044092
20930398
16380716
19622115
26154479
26554571
2528296
26546658
25555599
23903362
26950138
25201386
13929291
3681997
12033420
13001417
5830971
741478
4799162
24003250
21612626
14868241
22119145
28271832
15356703
146116
6345881
26397149
22084658
9047561
548841
841335
15580334
16095099
26238046
26418905
796442
20480478
10089077
2870065
3152589
14717157
28773413
3754520
28745837
2103487
21473638
23807041
27927036
23480533
15358403
12469586
5881229
20413375
11623856
16341606
21781427
416539
26052643
11070385
2272473
5223544
12742274
24396550
40870
19619248
24836709
27113872
4676828
28722543
17626953
192996
18510441
2596408
28707508
17809926
2162824
27743450
16393334
27859707
13417737
7167648
1677951
18337957
28142002
23103114
11194084
15229605
22279542
25328275
8101322
6700220
7249617
4022419
7211717
9555321
16049494
19071335
17964198
19259191
16554972
19781020
15935420
11154367
1554704
10508444
25066296
5560085
7036512
28584881
10531340
18741463
16580738
11156314
20383433
23595668
5285756
13605001
15986551
28638446
29215533
26099611
22797635
27431410
21880496
23737891
10179574
6939282
3353264
11038690
7213186
24912022
19301257
17594558
18412282
22072967
24165908
25119439
5748805
29568043
4381725
25223746
28632124
2647692
3579044
28204503
18703398
8996970
14690783
3702877
23868004
4117589
26618904
14771040
28550152
11539223
25673983
27366766
12145299
25024118
14928756
23561530
7639024
13888418
12317516
20920189
19694325
27418213
3379620
25431381
9976263
29407668
4087752
28799629
25433033
13054445
12323818
8527559
2422169
14298988
20981678
29415565
8622833
14987744
12174740
20035261
7654739
11570774
26780913
3825216
1221419
24515120
2321651
26987866
24259767
29119180
19011403
23669934
28218216
29165394
2761875
24249815
18004979
29636953
29497633
13237391
21116810
452495
2246023
4488625
14615197
15495761
15553201
17531670
135904
3274429
16816358
8789843
6192790
11776571
13792812
11829630
16697414
8505100
11483984
5576067
23464107
24089600
14519249
4945717
3044000
10711421
1428980
27790126
7609288
25100411
1843688
28659415
10975795
8161260
12145127
19803360
543642
3918132
22477179
14409172
9199395
11210463
24429362
27651844
1614876
20171036
797253
18712472
27182352
1720585
22531992
4066886
10522877
5106040
17734856
1073801
2061238
16050066
9173221
22746632
19202510
1737119
12586697
21008724
20123303
16302451
16543096
5428287
26675876
2386274
13434687
25351705
23787005
26517133
8806278
780451
26241925
5030360
10776334
22831213
20591330
8492607
8806705
26750172
600890
21137126
16397991
15065293
28447434
20879553
20899068
27715998
7182713
19377061
10914950
23229790
23782679
20246319
27841756
17370975
14273821
5943447
5176876
17620608
104955
16547747
15606553
16716052
11887237
2127621
3016418
6928843
3565042
26681002
7947305
3366832
2462235
5682711
20208235
21047
17505387
4582522
24498102
25588899
28685527
5131829
17649336
12267180
17845622
15718317
13705433
19341405
27763626
16665640
8393997
5313906
25518261
29448677
22118282
5018506
14236110
29409603
25379445
7702824
3523702
19813578
20488793
5775867
26706375
14765182
13560084
11370260
7088509
5716195
16015626
6551794
20964858
19438575
11726238
12367836
16462850
18108550
5891483
4354560
8929184
25001579
2299128
28892816
24186482
28514190
16798665
28727406
15764108
11388320
18484707
14847462
9693751
4617888
24972850
24797035
3605388
19654652
17377240
4650365
18588490
21561126
29437364
17885138
11976965
2915834
19473050
11903909
1271171
28928122
11282273
29034176
10454015
10067419
14081694
23455208
21455750
18446062
17004116
11059346
12927993
12162518
16300644
23397403
18279120
9876742
2839168
19602544
23785486
13826102
21896079
1172484
10791730
12292792
21227085
23517815
727637
18087360
20977092
19476032
21470024
28453908
3914426
3691374
28457187
21014694
25901125
20003957
23658617
17939833
21567997
29796740
8391779
14147840
29586328
29296488
6552423
7774135
7627874
15906215
22390403
5932435
7725808
4008978
8287230
18371602
17806229
19325059
8939996
17156072
29751560
24954473
21039181
3938617
2339030
3127578
24856893
7264431
12547476
25423545
28391917
23497746
11816565
2732587
133216
22022482
11618170
440852
1418698
20060954
8150521
16801342
9039582
12547772
14666400
11573225
7799024
26954151
6074328
22692481
15871386
12481200
817752
9991235
4704640
22809237
25509528
21977984
21355304
11884006
24174246
1025008
4709308
23743376
28754715
21255284
4485931
23413765
16719249
6765113
532757
9618878
26038299
7793679
18445383
29438922
4775727
25338153
19129793
16082887
7056966
7956623
18594574
18966159
6621853
11353067
10506823
6915078
12301934
2857021
2507743
9369052
4228828
11015558
14012049
14886039
26185094
16800756
3132646
769936
13238103
24091312
13579003
27723255
5671744
12022900
22985617
13089676
16401379
1812935
16239297
28632842
20557528
113707
43896
8800180
18432819
22336331
15772692
5504996
18987186
15567549
28152790
28817097
13657983
13247074
8648026
23030270
29583863
9388480
12791197
16405906
27229608
14399437
10529547
2926471
8540634
18354305
18642229
10120598
25702777
27842844
22889885
6333632
4691137
13837639
22743662
14072177
16848966
10687011
5873544
9675966
6876354
23125992
4048026
18846261
21421915
19483381
25507982
6857421
21728461
21126469
11571043
17631675
23414956
18680448
14976401
12808142
23774730
4658563
9842621
9746023
14312069
20136369
23040654
9813664
22701340
15553934
15144179
17640021
5309248
28593557
7132259
21174525
21604282
10021766
5993411
29501035
10342858
8324748
28956620
13367256
6429927
26710980
19288946
9499495
2612276
29781808
10816342
6949780
8728273
21738846
17036173
10782474
28402400
11468482
4556997
15851092
24103051
25509320
8076721
17454397
5585717
19378432
23062154
17770641
2527863
29919014
3343863
25999363
20896583
7792697
6975227
18007152
2930242
10584601
26540360
27225530
2576424
9464352
9367746
8780511
23248748
2273300
25839695
2098790
20532885
3808070
13797911
7688160
5262588
2312531
24840806
26542325
28340697
18611983
607668
5337618
17172225
12831841
20591453
25065179
26568828
6653690
4905179
29685360
8384748
12909882
19482102
8226054
8901416
17287263
22366465
8258212
15877658
26943483
28385891
21652201
4307108
26844212
17653702
26252878
17467214
13905400
20754942
27447849
17340050
7282742
27835037
16498673
12542522
17872052
15877439
28622253
1150959
29228322
2083888
1129891
20626072
7831622
14699529
26926669
20303193
23784172
21186
7297076
18945552
7325055
19304592
7193921
14534902
4067402
5653292
24755912
1021825
9030009
4422817
28341057
29850967
27971090
11115420
12267584
25980185
8934445
3967380
27673455
2076389
28887598
10651259
27936007
9075186
16649871
17316274
21699320
22734540
21930359
24388566
2962144
24693581
17693563
29881296
6655830
25758365
10557160
17846139
21312762
10928804
18788769
16713657
11586135
5717047
23337787
20802365
8885530
2438591
19535565
14590616
28868506
6707320
29936423
21279930
7421460
26500029
14302892
16440529
27050664
5688884
5736269
22952924
16333612
23994274
2200788
4109497
3510408
25959128
13029951
1081508
7832556
14885233
9957873
11018813
15646241
17185809
16730391
3943822
4893684
20666371
12839123
6504825
7027129
28941949
25605621
29426414
1823777
395753
28193211
29426331
12742669
18255753
2841459
7910053
16401306
23282773
20301403
11209742
6812690
15782783
16070384
22677476
22967933
3202904
16493915
13482435
9611208
19045867
11946728
4699391
4380859
6791362
5082279
11237034
9575855
2746873
24139729
14659478
18709309
14736754
464808
10047915
23082477
2766569
19747206
7588256
5926573
2158335
11451418
26161849
6862745
3264906
22782496
16204704
26906947
27698318
19457899
1277422
6118878
7788624
12207368
555252
14976923
1829887
3367668
28022975
2861003
28776925
29855744
17155516
18179222
350548
17391293
21262599
13932113
28544472
15414286
3025670
14000127
20205858
9000753
17995045
20495721
17570245
8728825
29840071
3926707
7950191
10371383
2786697
10639474
25993340
29423027
25667756
10685648
10520733
15088438
24611866
6069887
6911855
14757199
25385953
14604099
5816368
12153934
10667605
27415430
5337690
20112466
14588416
23183909
4017759
14194836
13435090
2300456
28143658
14798637
454033
18615958
3287130
10342327
14099924
5049376
27791811
4764883
11257775
26755930
14417398
9869992
12103658
9542028
3081341
15052102
20198328
20520454
4270228
7199383
5938536
2056673
27419291
2846511
8309248
13176087
14198853
21336045
5828181
9425892
23872129
6238360
12612061
1326571
571389
8209894
4277188
15663322
28923997
26614847
7464899
9159992
24922933
14448267
396482
13885230
17750867
19875353
8325917
27514442
15756927
8811737
7984659
19475895
28923732
28316155
2091471
28058867
22550989
9901435
13238910
19360793
11631795
28877627
24136869
14740205
25886380
14083903
16566788
23067048
5271490
5604351
10367181
24109475
12743533
23233777
10297810
7231131
11443760
3706238
16721896
12847437
4772651
10289194
910306
16554722
10167790
6532230
22901238
11699487
23523288
18805587
27539154
27105744
11327379
13141310
29208136
5723495
9803218
1427708
27595175
2948468
25576266
7630408
11913655
17141047
7812253
14393993
21721863
1679488
28897844
27889374
7048364
23337222
11773073
28125734
4249897
10873162
16634377
12111642
29523848
29366569
284115
16977804
29026209
3585041
29826872
25220115
23284221
9059899
7619718
13713492
9771907
25447077
5582834
11784999
10227121
16272012
3954497
8304908
1377450
14336537
27848476
10465285
19863852
3786714
19403027
14631102
10180544
15428261
10656532
14878072
18947594
17994299
24383917
6519215
8016865
26439057
23440865
9417144
8630120
6578378
24062589
1862334
821577
759666
12725392
18449462
28200370
29045305
18907172
1788010
14540460
29230509
18477147
2962825
10997267
20992371
4672152
5949588
3500918
24647900
11372091
17910118
2051273
17531686
14535146
28070641
16739973
2454055
19624236
23119781
7196154
14727291
10917581
22680491
3365858
8201449
25298843
16078834
29374697
27251448
7009440
1573028
29119957
16150904
5091064
18064769
7929234
11438252
23602463
20712416
7460018
16628777
26885745
29639589
20069015
17394933
14928334
22451629
24102676
4597198
12006080
4780136
2876448
25064768
14491643
20323980
14760335
27033528
17132507
5262889
21371830
284305
12106828
14270940
26576967
9898144
24100781
16877262
27206175
26059228
4009609
29033934
27635428
2843346
23131358
26529682
421701
3667906
13718789
24161954
6915979
15504990
13585644
625416
21376003
14097465
12984544
6193549
4409262
4751820
22864142
16530669
10051973
2089354
17472328
4711402
21101654
22219081
6694033
19601965
12073280
6509570
4968487
11764490
9850734
12744226
8845306
954653
4853678
24192101
15896483
21082431
18813326
6831195
26722241
17542959
21481868
331958
29269854
28765530
19109334
13192585
2062916
3520913
27670018
9036172
24231013
15412670
1318206
5708495
9735598
27025840
3042494
6095348
20711175
8713077
21412055
5484499
6974006
26789184
17349850
14930396
28676434
21542102
11836077
5761773
21122132
382070
5163395
17533668
12440639
23982231
19607493
11280345
14128610
19382133
927935
13209349
7025591
22562816
12770295
20764814
392056
19613262
12942913
29416433
26559528
28866658
24241224
3956407
10551032
19355457
19811379
27758031
28331332
17340280
3260396
23081634
4943957
13229824
13145816
8420623
11847283
19787606
7261021
15398252
17112654
15123081
4231160
15173364
23331573
21585123
25037026
29850646
25555125
2070207
10110005
22548056
15318951
11389806
10037410
28246672
676662
24579647
188358
14166431
5636950
26258729
23702828
13121277
17425825
6136270
148484
24316579
21182551
27962480
3373219
25456058
11615352
13709813
16363168
575648
21794040
14327174
7957638
29248264
29113924
13017699
718763
4599579
15617718
9856720
17734325
29013022
2648662
25358651
22980090
2807849
12490959
9154240
8120573
5131564
4615513
23204157
9247818
14006265
1317911
14222265
22574583
29618178
12917946
7852075
15768030
26136559
4476417
28522404
2651943
19894990
18603017
8316542
5998420
557686
28489870
21311935
13492846
9609936
16978381
4863966
18641799
6038527
20026847
25243889
2033886
4925919
8229687
2721024
28306979
24322749
15610615
9487408
13881261
17817460
23307890
13565976
13436601
13694001
28559575
3915115
14430599
3336777
25518237
29486893
28551485
11585336
521346
25477042
15900917
28424854
6552510
13237447
11453399
442565
18515925
27362326
14584785
28893638
9733183
14671678
17166696
9547842
29719896
20488226
23015343
8534458
14089100
6808199
27516043
1071320
10132072
5422363
15214466
29444995
404536
13737407
12786684
8231330
5672647
15949503
5490945
28515373
16574742
9989590
23509277
19245970
8991966
6113478
3763147
19552055
27370864
19491884
27778071
2638070
28423182
10389880
2144634
3196726
26364136
2205126
13182164
9916062
11388147
15557487
17780281
23329925
4369377
3163397
843965
3691978
5910658
29080994
16796766
4979634
17416164
1296403
11719444
24390852
26203245
4178712
29801762
29313500
21918824
23910365
8132207
26042583
5302260
25013213
11990232
17440645
20316763
24042665
4041673
8000265
17782691
14293223
9495347
2160401
120851
27046275
25196067
2756890
17229461
23194507
25340589
25687780
22142243
26082896
26570298
12557311
19166265
21373817
17850803
15319401
18466548
17083625
1187320
29468729
15296035
14287181
12268271
4207536
6331007
8074205
13180579
24229072
11315155
21000757
11340742
29123672
25941883
6164679
904592
25244199
26970166
7887870
6464571
28369806
3456626
21519884
12243992
28422281
27324837
13881445
14954525
5546770
11868679
13504812
28487757
8013784
12147950
4383289
3364662
24902185
13783880
8828129
3901173
22764436
8449077
11155501
9991299
1279124
24876368
26679459
2505891
27711488
8283369
13897866
23553832
19228233
20994956
28628128
22898672
5592961
18297098
9997349
20214978
7534523
10110998
8144308
21465618
22860513
18622085
12494477
18319124
2871233
18976899
5891399
10316012
19318966
8200157
19039478
5929458
1948219
3537556
13885808
1764157
2170542
19099988
21773672
6434829
23845951
3189981
17604282
13203914
8321622
2773404
9879608
12971045
20712453
3647663
6593997
11706754
14970786
12234472
13805747
20310582
13989356
16387377
9721738
18765507
5777999
19355161
27645246
17360098
22499126
1292582
9306366
9998150
7034217
16495821
22141141
19823579
3603449
26720178
3697548
24585525
478936
7778018
9649771
22486414
19439134
1282214
7666996
15685011
16702925
634691
13619814
8486301
8262415
22878804
6393279
13665819
10321248
16366579
11058118
16824856
882701
25762604
4194475
11455988
582702
9749782
21802813
12456370
13158778
1578344
16087268
14300632
17640522
12521574
21032123
15434337
26154455
7383299
28232003
5916958
3429834
3943143
20110817
25198160
15457937
15429686
26206857
18645510
23319688
26760265
25587819
3737910
25887722
18338841
8080194
27352229
2409278
9675747
15228083
5912917
20530157
16757715
25512930
235231
8797718
1020061
5670892
5465878
29932336
28571486
24596321
10863859
18396274
7720671
17580217
2882499
9211369
2277823
25411531
22491938
9553005
16910734
27939308
4481892
4184078
6226506
2668539
9229807
14412528
27740221
6112463
1781694
3739429
9933487
29960055
23243448
9547247
4181542
854780
14777458
1799369
29207883
24761736
8295091
10622061
11579608
874115
17912953
13339895
11151506
24133311
26040961
3773540
18254111
27189617
22327466
16263466
4345948
17901477
22927153
20536591
2469403
21441889
6822262
14965602
28624458
12761437
18222539
9146380
17954625
23660067
7249065
29514157
12691113
25156028
11362084
15532584
5550619
3868065
28061266
7978811
3904958
3434560
4199144
105203
22331167
28302540
2887534
18736058
17249213
16165360
17062154
2248741
27676837
18080866
14430495
16955145
20094006
20842431
13326353
29868312
13925932
8202787
28585085
19390163
6197041
15313290
1125592
4923952
3515279
23614840
26949633
3300585
17904745
18497265
848113
11303030
23992829
3171472
27792429
8003688
22807447
352698
3991186
21749648
13391343
26009301
1236517
24780506
25236030
8653324
5272031
19659616
17012167
1832488
18920024
8942556
4012692
5981240
27744058
20456837
20442011
763603
16064119
9388103
17840177
2663760
16830373
29677402
5021056
24895239
11257947
20510254
12217407
16075438
29437109
9107337
10761575
14216365
27927993
24418405
3028823
29245720
23539713
19252313
18372135
2788097
7910628
25374920
6345650
21294492
15144195
21727480
1756122
24094144
7676334
5083203
4137277
15579042
21512515
15966666
9188937
27161658
5391193
23265312
22290123
43464
16909960
215299
4528553
2427265
9477965
11484810
3543725
14474533
23431968
6178230
27183667
22147689
14255058
20757704
12829649
2596891
28508544
5949350
2354139
15934688
18671996
5847009
3457834
7539114
6045138
20756624
7060976
1253828
9975208
16374638
10042987
18689545
6018780
28255555
20078716
22452621
28022105
23055405
28294680
26811042
1678644
17229497
9988724
17124542
11482910
20640667
6805477
9799030
14682158
9452274
15071288
3675823
20838295
10413025
4268617
21436098
482307
1615434
22270439
19952823
25839999
1036667
15283325
20812645
1527498
28341002
3546272
18022893
19958670
29341384
7195963
21040761
7242778
18561099
2725413
6175611
27047451
3179020
6611691
542912
15261969
24905092
11244699
6391844
22230799
17543310
27531403
28219116
4885193
22798260
28091786
23103440
5522324
23463298
5828555
25696268
11708553
9987079
26011308
5357952
3821996
9426047
42983
7515003
5390070
24768445
27104019
2189519
20063323
10511230
19807934
28591358
15694619
5253522
10651574
11083551
4342381
6202797
9973710
15093690
11039423
1127249
17847451
16261288
24564297
22584423
19254622
19412918
1512488
2977826
27030665
2849430
11302559
26835025
12869326
24880348
6161006
10203061
28248070
10364367
16193217
24245839
3927175
7849204
25541202
15163072
16860181
26156672
11957170
23064197
1663619
22320372
24532238
24490470
29136907
11429125
16120810
17910217
21559051
19539848
6662007
28467862
10361594
5730078
1799245
17162331
18270048
26515266
6471959
28165199
15817731
12536797
11004459
24658627
18587097
839396
6121283
29571935
18497474
28645987
28972664
27655159
28322068
13131639
4397460
24393963
25762891
17992707
28648692
117127
19079300
21519799
5146885
2522518
28209162
10255484
23162112
6847946
2010606
25566040
12394881
4763350
29555238
13537476
6677532
3276053
12694707
5771551
19723594
19256712
29290276
29710904
22424344
11008884
13805355
10074827
1003002
18397072
1229082
5639887
26522010
4014512
12769096
17889918
3797495
15350173
25567299
18359212
3447292
3051196
18212139
15391633
27257732
7756022
10515336
27677911
9447118
17400819
29225631
26507565
26838244
16994330
25468307
6317202
3943705
16683925
7627166
5321871
27574371
26172397
22896296
4595791
10576786
25250580
15119168
6087576
5205237
17752185
7138122
24644738
23905143
25580157
27626100
7135997
18007876
27670160
3065426
18865188
10071598
3566027
26209651
3537390
27504742
6861777
5495115
24689172
20840428
18938335
15201513
1564107
40168
9024428
2497870
5315542
15282815
27076817
7309042
3493945
1082724
23716405
20607370
25071898
17338548
21419002
13356370
20089859
22787050
3622289
19661453
1628984
9725982
23336867
3566919
3869018
23918240
29740576
22657555
8879217
6192756
16144099
25235828
25663166
2937027
21803815
4385525
4918916
17126663
22578561
26604114
378799
3467601
12282605
1253266
4075268
29758041
28967494
24622389
15919010
2384684
15934931
20467500
22095215
21871516
23131963
13151236
15045668
11041507
22336338
7395355
29136171
27635316
28530206
23642289
2651166
2698789
17806204
28732221
12055106
22904766
16496924
21242722
23320760
23490008
9471395
8183571
16329564
6927747
10663812
7501242
23383766
28333641
19879374
4607962
3372002
24382236
29090258
13688525
17735142
18260246
18002389
14909947
6799499
8832060
2372366
3144364
18131570
18256358
27869470
14540008
26440720
12612110
611552
11645929
4089350
7974286
28266823
3045498
13202828
4661849
7311777
22301873
19943341
16369373
11119531
19844780
2816729
27007957
10392556
745086
14690630
22172415
21052703
6915492
15211642
22075548
27464184
15025087
8715681
29020089
5159385
26524532
21955828
15795777
1000598
7530729
27135290
9563702
8185878
5898230
17369116
8787717
14901375
1721327
14292517
24740114
5204439
4808574
25042329
15082968
15695620
13960358
23867934
22635767
12327772
211208
10441513
7187433
12448361
22018808
27459759
21854578
4633635
25706708
7738661
12571399
10594676
4616668
16457397
21172021
14890636
16348407
12814141
7567159
11366320
29625805
13174318
5653088
5174761
5619144
6459698
12531565
24736255
8559726
17282100
9771984
3570891
10693238
22956673
28103843
12330748
17948412
2023981
21128223
8003531
15886445
14191807
23163578
1338605
24532186
16266756
20273981
13073020
7831281
17723334
28186979
3442844
12684610
27781594
22156762
21897021
10052129
14834624
17983470
15456963
26615963
570912
17626130
3866564
10938477
20160721
21749076
28583292
3080795
98440
8983903
18064014
28258299
18262833
15015403
22279962
2852757
23737631
12636038
15731319
17298069
8035488
13197687
5294263
27573754
16212036
18872052
9454283
4949324
6976020
19582575
810885
24335669
12127431
5847508
16728895
28893828
27868455
12877911
369302
6434583
18689834
12056327
15881632
13001126
25000850
20515794
12038450
4194630
25971050
5663835
10366243
19641879
4851645
9969102
5444128
12195002
12983432
7376120
16778521
24440955
20022942
8152449
27052726
18984215
16435526
25650666
22248951
45887
17700110
5920928
22866394
2781770
6786743
5921774
4233638
3904629
10802009
14387868
14282865
25864175
9395332
17551775
2352841
24966170
17505938
28529111
15520576
5761205
16297935
16585611
9025167
12100040
17442196
29100023
13848022
27217792
1293953
13408056
29984153
14573539
3578115
21304289
4674776
17256127
22409043
3002413
16840500
23003385
12735634
23564670
7047374
28069284
26083728
11427574
2067700
8612388
26690350
6095892
3120666
9800331
6160948
26139830
28912389
23826057
14323334
10280050
16524563
28691339
3846335
22980933
15680775
28760151
4916672
19086415
6194602
11758678
23559486
18401442
19570828
17132424
21033742
23522662
28554627
527403
5897805
22177050
18014459
2292434
3763075
24638682
5010569
9475405
1440451
10512279
8951443
23768694
29531877
5842863
18400863
7299530
21082484
26480508
27922440
23639413
20098505
27963538
11688197
24100691
2169879
2760004
5638163
23371487
3432100
13971413
7093260
3352485
11171628
10387727
8208698
19475562
11674455
14642706
1842839
11064647
8066996
7556066
3159770
21532921
16176998
9763329
8708549
27886239
330043
28659451
1026984
14157536
8391119
25831510
2426308
26478707
21238681
1328961
10086222
8820230
11181316
1948386
223173
13759864
24626133
5509523
5844665
18485002
10245523
25785690
15606659
18158468
4391748
27440697
29003143
10283292
19420519
19814110
22601832
14073701
4215758
7915487
20555570
14160738
4114820
27570410
23283540
13558975
20956513
7001860
19483715
17888357
3274406
7524388
10444800
14017320
23310446
16114919
5400723
14757157
24292696
29425746
6220998
29289144
21607023
12891657
8096574
15963317
26231035
22854929
9503275
11813898
14489690
28698404
7826257
9578670
25946427
768554
1959112
15026197
16594945
26826680
22525689
28306635
3071277
25703240
6135932
2207537
6184352
29757646
19369013
28374446
18204352
20730741
9547768
17417592
24548695
21781247
20509753
10545806
8364688
6208664
6286208
3461241
8267443
29351296
19583683
28894512
28929326
10628046
11901786
21340543
58348
20030509
14726529
10733910
22591691
18221190
5201826
6195123
14556581
3087099
1547163
18283364
10494081
9570076
3712532
24288344
11458615
4285499
17552873
19101688
5342163
22134136
23405006
688860
29626273
6320605
622429
14870416
454937
17074825
24226140
28154188
15974097
15666823
7077093
1324830
10722675
28787313
2223954
24178900
29285851
18837990
26268508
23328949
22018629
29950812
21622695
17171645
26884247
21438237
14656618
20047418
16797666
19988804
27455290
28302445
8665117
8080211
29416702
26060521
17343290
15310796
21941760
8759571
23135925
12790295
15477910
15733655
6385059
26572392
11499687
3782806
22525076
324347
2838886
27900161
7748515
17143273
29252561
3422533
20902904
2167638
18286911
25864171
27844671
26062384
9268682
22087040
26445375
5177382
7536311
7112425
18678113
15199300
7297546
2336350
17214191
14034821
14298973
13959319
14659410
9739206
24600777
28885133
3142910
79545
23313206
1282590
28565859
6165104
5825946
4999051
3427326
20295987
5436485
20036571
1219411
4671612
27858494
20510345
23820635
8638393
4984023
18034211
29672547
13045171
22911968
26926422
13180912
14391975
7067978
10086951
8132761
26240767
15550781
15102839
7319320
8485459
27346610
5890634
15560428
14082808
20763794
22575797
28225698
7609925
8526267
18028631
11109258
23716370
6598244
24070738
912060
18059501
22576628
23002112
25667497
11723537
777874
10087997
24972805
18361915
324284
28448540
684965
15414600
20460620
21805470
4985356
7970609
20463696
15741013
20063236
14003254
27051061
20942695
20356741
8415862
10981977
12199083
22698059
25927737
3053863
26970489
11766939
10538319
12975693
18548703
24418124
25427989
14282254
28367792
22659396
27713498
19561723
24922363
19916354
28669474
25085466
22678828
17715373
13491147
26312508
21802544
6713612
24003609
10302488
1096635
5702015
5880251
2848193
26828385
26638936
10665513
20439943
21843502
9914162
4111419
13795091
18039505
9929911
23606347
24492342
9786117
24904126
27971923
2651824
24755199
18335443
14285734
8338373
10929863
53410
5286521
16870773
5559327
13501714
3208824
12454992
5045046
12231517
5183772
10384579
10782144
28426269
15424988
2524885
7659445
25625056
24245800
19549152
16962697
10158011
19508250
9750114
2195685
24676893
21990646
6618864
6559402
29753220
24475670
26428940
21106090
17841527
4964687
14305531
14402127
24201496
22020274
4740532
23162889
12398509
20517985
195647
23859912
8322184
12033171
12810039
9862917
3092636
1504117
8267422
25151215
11152396
24075766
14439291
21603389
23940333
29299212
1026883
14154082
4663295
26771639
9372974
25872217
27198263
21013156
27229805
12935977
23751300
15317992
15123776
24412119
28037241
27580723
8651360
27859866
24230233
10250802
23988707
2866945
26343710
12950121
12254292
17466320
16871957
10721534
14770634
8989771
11415760
24268567
20430656
14198869
14587475
5086144
326044
25442985
11451521
8301721
10348971
12569836
273968
21345164
20550907
23665135
4258473
9111740
29339415
16867941
8250314
26956558
16781718
5292289
25289051
3086298
21891345
8053974
16958911
24208692
3782076
23886475
24711488
25823329
14170392
10599466
12145462
25994238
19670104
13778109
25185733
8647243
15156335
25697627
14662780
3205985
9822879
28131960
20703491
2329505
9650062
4983484
12713419
26560072
8880180
29795961
7750602
26496011
7157008
27113070
16566295
1731437
26741278
17626046
12568574
27742732
18502080
27990798
5429219
8392650
19211856
8982086
24243068
16962675
9786844
8348336
7976560
18061166
8879966
28414526
18515258
20578355
1167414
21375029
12357157
1778376
27346303
15345589
21121715
18285058
19677274
10850519
16829350
27725806
11780792
849508
21302250
29357347
26228633
14824936
21058228
22429607
8893140
29703717
9009165
17551923
12182267
29511864
25894006
16585393
2342102
28716168
25836764
1256145
23944211
712478
675772
26807565
20677540
23879959
6274268
4777188
4926283
28857475
9903005
14771853
24988391
9631039
27948435
7819121
3599811
14416433
12147998
4488560
22843599
25451265
29000190
3898260
26157256
9747670
9352751
12064083
10076646
18387796
5001249
17756261
15010593
18332706
12843136
22908185
18979807
24378357
13867107
26506281
13499752
7453467
2901388
25529340
8573974
6021371
13133618
20102193
3793473
8622139
18913040
7886232
4533314
10628832
3943258
3559770
20450906
5378692
26785881
3167685
14013530
23114384
1596995
17443572
11097590
1567770
26335125
14390253
10426844
6574020
14978880
6371326
7401852
6211708
27648581
10272617
13386533
21994336
29396719
18450777
966972
13486570
9401038
213935
29645532
12119985
12062102
4439760
13349984
7466170
6158850
8949671
10066550
8338555
16069773
15636867
8850494
996127
12815429
21663624
26051418
29245120
708069
10281215
24213528
8758154
24696065
11665031
28994278
5434581
22571928
7351205
15825923
18506615
21249165
21377077
22337039
19954092
6121899
18472695
6862727
9800507
24861170
2792840
8091172
15515099
25062916
20161770
14252134
802846
29046715
2432243
14522513
2153349
18751481
28134575
24372445
9323815
26904489
15309397
28258835
25466897
14213237
22871920
24477691
6351059
12504770
4099009
5188908
4408222
15984755
6337470
16974888
23554557
7820100
17777794
11526013
15882328
10263696
28938684
27968106
21212379
24654755
26895042
27907645
17355378
22372725
25910289
7531835
10598210
19709816
16298709
3845947
24526838
6230562
2982603
2406657
20098776
14858241
24435187
18942508
27226332
2985612
16446755
23933736
17530543
20584743
16793382
18406375
29913366
24009552
25645988
20617143
5225192
3685035
28708098
27897106
14362688
28606299
5346533
26045433
23530275
6189508
29436093
5399647
15597942
18389666
7752090
20831101
23329911
16474568
602036
24401782
14617495
14618172
15262873
16398797
19113484
3159159
17630101
11022446
9310040
21384163
19209063
7707302
22690791
7816654
27582416
15241926
19506629
9520538
3529796
9547716
16377064
28904672
16420793
13061915
28721318
24212639
3748363
11262376
8353118
6231504
26242058
23817901
3244729
14861617
26946357
22403141
11934545
13479105
6074163
18261019
4260498
7588242
20060192
25356758
9016992
27953524
4240406
8127687
17641801
12139656
28821891
27788144
22485781
11309688
3897490
8205269
29759143
28002187
15155683
12649688
12201458
20681968
2358336
13577475
11937558
29200787
16111952
21384768
27149023
21947982
17854766
2571394
16776130
23394184
11250562
8322600
22764799
17075038
12463536
1742100
24869761
13028547
9211591
2509254
23815
23918149
20211
1087890
18168753
14169320
3572861
18911816
9762636
18020797
13002906
14091536
21933021
10106822
26493219
6588969
21235120
12112743
1923434
29029348
20723558
20205274
14974434
16404394
790823
24508039
14141297
3894756
15740327
7452620
1905894
3809761
24596524
822703
14902359
27479844
5273406
556826
10158102
3429575
23096714
17418651
16792622
9721060
14781872
29836162
19645873
15402844
23589469
29006635
19006785
14893993
17669870
15348437
209492
12645052
12729693
305807
4737278
26837103
18814307
13609102
15429918
10470646
25400439
15603148
29855118
22067303
2771655
24166641
9830009
12019222
26551809
9584332
29425874
24932261
3140543
16975176
12581947
19286665
12139670
2604899
17968662
19153235
29032357
27959053
20049180
6763290
15166476
20108653
27631988
10642529
28047440
22134674
19016205
16077114
29672644
7647170
8177200
16446742
27340521
25121946
12940488
7802560
27451552
4890889
28984653
12737912
5941999
317657
6626949
9166983
7578496
18870533
17022456
18967097
21580674
28419462
25395914
29838992
29946317
20796290
29723533
3752278
13308057
17053390
22733272
18435645
23963390
27694762
18603088
8742180
20715448
8144124
12210575
1703443
23121214
19710196
8163039
25333307
13684921
24267609
12635802
26533222
5907260
13729800
3126559
2766969
4663512
1165563
9864413
11975917
22262705
9909223
19892610
18170900
7602369
3184739
23916259
1580509
15555375
8168871
29116091
28988643
2121476
25145305
26667042
5043501
6408556
5764778
10937776
14543544
10183430
8574786
17388949
22278891
11822778
29801438
278488
27622534
12987141
16780753
4902624
21098372
5261575
7409673
20229749
13772985
31312
28327257
8367314
1836410
11168554
17265176
11887814
27656791
20072971
23804088
22535269
16216683
17128419
10534591
23203590
8577601
26748970
22604267
6893018
15510175
8377488
7636564
23204877
19234855
17109504
5689286
17897131
2548835
21106344
3816051
21629344
26941864
16312613
20894049
561949
8547551
17265085
9579878
6337428
14942799
22135060
7898273
17666612
1788690
29535200
24958996
24045468
22657645
16883452
7666415
96305
40545
28514351
1465084
6203653
6280550
18531435
26039710
4498682
22643706
24338651
7733564
1000099
5488185
1724873
23244032
27524588
25449845
29757748
1387498
22156553
11226697
10976107
21785172
21138526
23230209
11888620
7460157
14041715
25645901
22779133
22493874
20660077
6067054
12886788
693803
15766327
22860511
11464480
26592554
14965396
2269337
17851274
3929211
4904219
2959481
12984787
158863
8296672
9463738
13614810
13816270
6910788
23855690
7157667
29866361
29562840
23401677
26119952
18439382
15047486
10929352
18836713
12622479
15424339
19067405
19956592
1295983
22638418
6164013
21173558
1481377
3564633
3719289
19766191
524791
11268284
18950315
75197
8313365
1407440
42963
643431
18702542
4238320
11791567
8842034
2638708
4768496
10434792
13710384
19991598
7230625
24823559
17016760
17128385
4524543
63135
27465961
29480330
27668290
26792456
13881776
3496851
8749275
27693397
11004438
10208041
14123655
6623518
9569394
27086858
21548320
9728268
11142023
2202595
10794413
11607172
916601
27115313
9078065
12785987
5125018
948079
15146629
29439831
28086905
19720428
13565097
3649266
20445618
4950439
21140522
29156581
8431811
8642428
18747986
11254271
8052706
10485222
1536866
5772805
21210107
25329598
12517535
29906600
9961060
5772540
18606403
17444764
15583940
8030201
5614748
20234378
14618039
16989880
23556592
29062197
17744106
14197406
4684602
23822832
20017
18571706
2674053
4883351
4074102
29906800
22726382
21891572
23744155
16696955
20887730
12058032
5781385
15358841
349276
8736876
20835263
13803115
28008372
10917621
5378537
26553794
6561603
20841653
8409052
25075897
17877724
11422031
25583018
11929483
1953444
19104810
29134742
25330704
21941898
22215772
23505659
23529508
14763839
17141236
29491738
28117117
4867791
20462863
6998765
10599238
14402700
15809464
27768147
19756233
16180488
3386908
19808285
25349869
26707369
10978439
9799215
1784660
5096435
16929545
6660455
9009811
4230805
28028160
18224759
1720747
23379902
7387218
5947504
29374642
13501094
12961348
11741247
26684708
12815034
10977800
7541975
14514030
7679324
18308948
22447471
16802886
2389554
17691569
18553229
346246
29848700
4831782
29029292
21366490
13462065
3430392
21360953
3296460
9164330
11723755
452989
9492442
24738804
29426908
14404802
5339848
12127185
4235735
1716694
16908000
3794866
5652688
10384226
2083933
22654345
29839015
5036116
11082771
13820484
17931197
5165633
2924738
21107106
4465840
3959272
15470208
17805118
15416848
19791250
730697
22762479
2828951
16928925
28828760
29935232
26482134
29448997
15308458
8073646
1940624
9070962
25767481
26371640
14021880
4308057
23101068
11004675
2240544
12218642
18208163
13252111
11815001
20321293
26760317
2859306
29908786
4772823
13249524
25504082
26012434
29245935
26940885
24840500
17863379
6609140
10580277
27656833
22593717
9774818
26312639
13680709
18343463
13371298
4083131
25527540
3124407
24105071
29339776
8224526
6843879
26307033
6841388
8670063
27007789
6658212
24681305
7126883
16084360
1481272
3918584
1797855
298237
25919146
20128137
25476092
25040793
22536141
200943
20320425
26434378
15875685
3573661
28951377
19309610
19013103
20281855
25403903
11690525
15448591
13860987
9322934
25382203
2897262
20747001
20763325
16680627
12404751
2100538
13356373
28081396
3728994
18618027
8529575
10425866
9484346
21396287
8560905
14730916
27189209
19793842
24401997
17629168
18033973
25060917
21447599
2909171
4338004
25400665
8354487
7584379
7243787
18698942
4863450
8031032
12890959
11193648
8606796
229203
15935422
14571110
25495327
4750516
2650179
6123516
25940127
14661853
18809570
15071132
22843466
11016416
27812200
2648473
362705
23152196
28226306
11400432
11234612
13364593
3875618
7679246
13304562
15779337
9453247
6879511
15030006
27273927
21874785
14853081
25012337
12915025
3753468
23846260
10745085
17256907
855467
16643992
7481875
11267566
19753029
10141329
24666198
10383445
29242159
29249959
14905993
6686822
12952989
12504729
2789903
24968898
22032139
6574844
19489098
9127406
10550721
21117037
25439622
3642315
1302434
16431565
18875727
22916606
10648190
9332662
29365372
17085706
9078922
27893593
14468210
1127097
8872740
22641460
9304835
9841176
18033606
25241955
24864157
21331070
12914304
25788919
29528107
879792
12234780
17142059
1807297
16049454
5938392
2815776
23054070
1181108
17719389
28147968
19934837
19706880
15930185
22767659
4949866
789441
24735773
358222
3191040
1901667
21461923
14558561
29383396
26194062
29205578
10945708
7834088
5830337
9952730
8836989
402929
22600713
28943706
22750652
15895579
24372800
610815
18725341
1690358
9691067
21651010
5440561
12471033
488609
12170058
1146768
18143599
2257932
7732077
17204037
15559296
29366063
24415146
16749071
22335193
3525520
16920900
28219505
9240745
8806225
2794239
22147577
27236843
7238862
27380129
12322556
4660784
28850638
25504711
19900237
13305352
20554542
28636725
11901415
17331404
5806762
16149135
3889814
20020949
17704803
28522000
4158718
8236799
28024772
8607537
17822066
24846039
24045165
22997377
15778661
16230527
11305161
3834931
28766164
26776715
15686212
7926305
8194459
16979225
4474167
26645622
18347737
19948610
3861342
13712449
23939350
24682074
20492849
16172340
9122306
10531432
4762559
7110282
1443398
8174779
3586725
21514030
26640765
3855699
13654295
7462313
13951075
17875222
14033731
6194443
5350168
18071610
27401799
3575474
25601178
25601254
19991325
16377704
19440135
2764202
14432572
3976542
1385111
21328112
3997344
17635873
6263901
9973877
24592566
19298848
14215147
14878523
13191810
7854238
4041655
8077168
10189534
26451869
26698903
25203937
13092328
4018775
5550788
23407577
22638954
22388572
848054
25011335
16602395
19671050
17807960
29268845
23284445
12799039
27149872
12932630
17759991
19796531
15177318
8427794
29568787
19749856
5031152
26010984
20129862
2117821
23612763
19000724
29940550
24431183
8963011
27491778
14293804
10944393
18007433
25119250
6467988
28259354
27655669
579476
15588743
15359287
8859698
18704511
12972952
5380757
26514761
28055857
14328770
27446282
15330153
29600457
21061843
29244217
21189707
25308694
10185222
15197894
14966342
18395895
19944703
13852104
13757304
7609174
18258545
2124029
1775814
5490220
15219348
27823020
28220710
13805591
11845891
5895265
1123586
9033626
23021158
5787634
781219
21655022
22678764
27094277
2822178
22652697
20440629
6201507
24382497
7883034
1632634
28425507
17650922
22801684
15995078
21643840
10216079
14427529
1137977
4633295
20469650
21668799
5485130
8883340
7569547
4193659
17365314
26877215
13680314
6591417
24391578
25731656
19847303
8077179
21048146
11741522
18079696
24230845
9650288
26276704
20934602
16903874
14935310
26827035
23628037
18079069
11965493
28732564
17258558
5816787
220563
29980171
4051792
5790487
22396793
9513828
22880796
17043426
2395416
1580068
16511637
20190292
2747478
26662830
27593182
21911065
1214121
24532100
24439058
15009525
9460391
24573832
9779963
28229361
13754685
17240537
17584950
2762885
6832649
24338349
14914934
15052442
20346054
28689367
503999
460216
13212627
6116805
13473721
21231825
2227904
20480443
25349883
1831244
12466739
28418884
20528305
26413361
4562706
4524779
14442663
11160968
24094809
14988233
9129866
24314098
21602108
7990110
5397836
20047412
28937353
19818291
25097657
4529673
21851566
18537959
23178433
13626627
27185284
11829866
25934830
15153199
21839180
15779434
3068682
23316736
26922370
13966556
11541820
15927281
28722577
13665835
19502157
3466443
18207892
13129597
27773026
17735036
16318250
19960935
16606852
16988585
29447199
18547707
8048559
6411115
24724682
18460913
1107329
20650905
7511981
4013012
17972580
5020117
26913033
28749136
26174415
22607378
3708154
12236186
24783076
20038107
12443733
20896809
19157276
3906177
16069508
8219120
23998365
10309947
9320940
12276146
4498557
20791220
20314832
1955164
23405105
19006297
4979227
12990172
17194170
2688509
28044470
13358552
18458162
25251514
6105704
22453161
24983177
6951103
10223745
18179368
6441072
23216256
6779126
19518381
28839681
17209439
24653607
28634405
27424747
11458571
8799737
20424272
23994798
25385263
13092119
20729981
5157465
14506489
25660268
18326912
13835445
21344756
13194962
15148412
5594521
15512066
27945782
9164734
27606721
14055809
5902665
1196429
17846030
27553875
1127168
2629620
29192106
5995689
16419651
11104817
16052510
29810461
9862171
14222234
18176007
4386859
23991429
18702790
18832099
29125126
16163736
13741051
25001878
23934132
6868968
10850396
28040045
27513033
10419249
27432950
16581504
18855751
12993580
16866808
6728146
20338599
21140340
9656411
15289136
693669
20229138
29525473
29669906
2984246
23895341
20131868
19519417
17364289
13816167
2450586
19073413
22119334
22169750
6823712
19143007
12232194
9742973
28099168
26461583
24122755
3435971
18941310
9208206
1723983
26210810
28872711
5570321
26523686
29336462
27032195
16262314
14367654
21854104
17768923
6546984
11439631
16592387
24710093
10885406
20233828
1271032
4601521
12969892
12761891
28558493
19944244
20566653
13474043
10489553
18473390
4166109
16708503
23524575
18551526
12641077
19755098
2967416
4251323
27143126
6905999
27442285
28834735
15823095
25850
25570644
17068272
10759202
6140104
11552896
8728083
22589855
23389413
26832067
24228014
23639361
9517788
19752898
10054059
27634926
11342513
7436616
3339364
3564959
3057323
6462436
4867627
5006687
23180624
15227380
16478571
9206614
3672996
5215041
18366593
25502593
23482239
15762708
7076471
5324005
15808396
29805761
17269767
4709069
7940716
22117679
28406613
2392941
7891168
3297016
7516672
27592094
2284377
16085438
13706124
24528167
11569280
476825
21291218
27197808
28125066
20942877
281170
22205653
4663830
24382222
27334688
21105721
13689171
13756242
28357766
17616862
13309211
8187379
12423134
6531584
22269076
5678804
9389648
26906245
7046516
23714509
3992258
23373490
13873307
14790309
4025191
18343490
15367259
25054605
446085
7618961
3311459
18997249
27152750
25053735
15748465
19141380
29666126
8039249
18731701
11733381
12985251
21544767
4512920
28294636
4736676
20965413
7869199
240732
19863116
5991129
3974516
27166285
6655611
12660241
19369295
6499361
22823715
7367976
7590193
3824245
6065959
18659648
15808411
23102931
26921682
29288932
4723814
17506534
1906278
26456745
9433102
8597528
1290322
17251298
17004348
25608376
7771176
19108784
22373676
8635078
22385485
17153933
17819755
1654676
20760515
6524610
7572272
22730015
19870851
29233370
13224509
3495954
3610107
11639695
2485536
15137380
12875940
23569008
7349766
28334836
11828599
19858319
15354580
20416235
18506445
15446206
24602443
7135321
4951861
5955791
12751601
11764325
14268138
21227476
7967944
14325214
7029432
2805798
21437620
11074729
4937501
20132732
3926251
6038584
9362976
9871877
7168298
1643471
24335847
9198798
25244489
4466119
25715380
11718550
970597
27026371
11597826
1653738
3419618
17505310
18632249
24412835
29547059
5684888
17395503
12826511
21887260
14820885
9570379
24503247
3816978
11016340
28022254
21258053
24495870
4185186
22224519
11675763
21509048
6779348
26625387
11604941
24960792
28053415
21040030
13780541
18863294
157076
2610100
599188
26572372
6061621
23201978
20736265
1380089
27908830
12471003
28157740
12097500
20770060
26426435
7253957
8595176
17424801
14857144
11943459
9261140
20821170
22673776
3561482
4085632
6609803
2866172
19027942
19842909
19165738
2755901
19382865
25575685
29534842
1369336
15113582
14175041
15623730
25624498
1372342
5957203
12812739
21865870
28137711
11682513
7572001
12347594
2866105
15236119
25388222
24651243
19897441
17962793
2046861
12425598
800938
10411992
24739902
1544123
19888664
15958411
24048623
1434763
25404294
20428096
10414444
14643076
1287269
19097051
21553336
29063044
21379744
18692431
27257378
23496541
29998514
20897284
29035418
8600214
25314575
29727493
16300080
6740843
22988201
12494480
22190258
29567272
17700143
17742636
7257315
8424406
22734950
19763696
23120698
14743379
21712660
14541798
9608177
27487019
6623250
13412323
16079312
5345306
12700553
8869030
18649138
671099
1780195
19186617
23330990
24457663
18187656
8850684
25910944
914933
14951658
4030100
18578129
14582986
5748627
17794580
7002316
25225820
19403561
1609772
428015
11650005
28491579
7756940
25241605
11476571
26407674
29307998
20055710
4869293
11866447
2737704
12595636
10550300
29926443
9235314
8498584
22362288
25667684
12523848
10326869
25037348
677080
10038277
12118640
26501076
13572475
22613047
22346175
5714185
25218654
4540675
3227396
12061814
19891066
1437636
9854247
27155267
26020413
21533470
5935420
13217047
3239565
19488087
10065320
21658350
5291060
4823167
19715643
1557338
17828814
18189924
19080679
29215278
20169773
14116606
2543145
26131662
15466459
5323958
5936672
25445917
13946205
29353994
19185795
5139661
10402538
20609795
24288469
12054150
15582070
19037365
20059364
3799494
2370103
13236524
11877913
14052221
21726827
16673559
19384717
4168224
1602932
531010
18818983
14407708
21414568
15954806
26878404
25559760
1076977
26897410
28490039
18971752
28534449
23277352
20470395
28758057
3853657
15362789
1883224
8763288
29588148
6299159
25046943
9307826
25304311
18952824
28258865
17206679
25837584
28828297
10863182
9754744
20209473
15173226
18628361
25046862
11387629
29576908
3610980
6918037
18602098
8362040
6958656
10948330
24396602
6391311
21501052
9475862
20300090
4628610
8823642
13160668
16137202
11117461
8162099
20653347
12867048
18619227
8514929
18489645
23359328
6698847
6468176
12074305
4305244
6486233
7671368
13162915
6738513
11702088
16419899
20234345
13575820
3471445
29076613
7928743
5351543
29226955
29755731
3126489
8890493
28631498
11841226
4891082
26298827
23822042
28965473
18459595
25862044
27542552
3446952
22507784
20776274
7940067
16411389
8437567
13699272
29731642
25077536
4781089
2911702
12231086
6897321
2277180
4957973
20530255
2195082
4624631
317888
24398080
19420163
28203551
28573768
13371077
8275100
10039515
1729219
18622331
6657925
18680044
14134340
13885833
25731394
3716000
28256881
28758442
955578
17465919
25238735
28156170
14426879
29507538
15686847
28002325
29681583
17472485
24295188
19768492
4343066
29180748
24315066
3732486
14185495
23238634
8407167
22968890
5596570
19765130
11964985
28395449
11165659
27306413
14194290
19377615
3085405
13295212
19483938
6786972
19962955
18614939
17682292
9511024
14759754
23072626
25929328
19470124
24595163
12057676
23482154
23641109
29256319
15458322
6491043
14705179
6563505
7421899
15898429
1884125
15894808
27818628
1545100
4943003
2163243
8814189
19010674
12506009
15228183
10717345
6321769
24102686
12671639
16760583
25830423
1474981
3067818
5752242
3904875
17449663
25905307
25082372
20660775
8830932
28046274
4126576
3591350
480057
4128232
5219263
20101792
12414835
14939549
6612881
4032720
15675497
19976613
19121135
670218
12689802
29251956
2439589
11967475
25984860
25864894
11642700
11961705
23713994
6733728
13247062
1110387
26256232
557816
325889
19460858
12871638
26302822
28834659
27712088
24885700
17683725
11578996
23103660
9317077
3340116
8889811
1431840
9012808
14177728
18047071
98735
25748151
2735644
4213070
324895
26127346
25126592
12234609
26524403
12867066
9949886
16450046
6761091
15398797
27722630
13675646
14937613
9191306
7540298
27010053
6416325
19038080
2728102
411005
1528919
3323066
4277829
25364235
934997
10003025
28157195
16443556
13303419
6944252
13330583
26393004
1831391
12654081
15238164
24366165
20471139
11026208
7688072
22381348
18770345
21460453
25820827
22914405
11322873
10598861
11475465
28394531
21903357
20635514
10250603
20255579
12856796
19457909
24471836
10319657
233597
12823949
17073221
16841604
9901843
13713781
19150794
17402127
11368881
29799829
13011905
22314656
11575782
18051486
18682011
27917491
3025408
12128222
2251730
22642354
6306605
27594075
3048352
14084370
17156696
890482
23798451
21232456
10712440
1290904
26273898
6083190
25126165
14404076
674581
2760453
21115947
13127477
914463
8004410
9104566
24799281
22669364
3047527
28542087
26100618
12946890
3919624
2595999
21561054
19621374
9861706
21964078
20018728
10922737
18020624
3674388
5291600
25512432
2332871
17708708
26608
17182091
28161120
21177422
1226896
12678152
6625665
3300441
422311
23642595
27927973
10844640
14546795
21162839
22762285
13325189
18111071
2679491
13683159
6343201
23176081
22517068
15804783
4893816
3581427
28746677
24108437
14724076
27059954
28365022
28286264
9693336
52322
22845457
24518077
20509988
22932504
21777601
2109378
9829323
1065807
23012036
16314075
5547609
28064031
7123407
7708774
20995481
17809716
5812117
12204304
776228
797533
18032272
28918042
24733534
26234388
3107721
20911796
580849
20232878
17256253
11603403
16779223
27471968
29319172
7944058
12318014
22655932
29580347
18782351
16835818
23469366
1080524
22794883
733951
13913579
26405493
10428275
17540090
17688577
19042490
18696027
4159717
14189632
24257117
19575992
25249439
3521306
28797865
26254382
2512960
29097278
10403510
14530376
24607783
10995737
7219588
22313586
15043192
16613700
6711280
8769390
19183452
10530344
1072940
11852754
22292302
2934198
5147791
13977514
27453225
27331498
7177351
3998003
14087449
27495272
6412011
6695469
14193915
18741057
11642795
14227535
21274761
11557926
18032913
26957652
18365542
12149021
19625706
21531864
2137495
17500532
11120920
8619917
18018623
23822006
7366948
16311571
18527301
5096477
749935
20631571
17366374
4415090
21706788
26885499
740735
18579028
14330753
26137438
12502488
9495265
22721589
2468986
19112594
20313700
10255056
2440125
10737514
1001263
3629571
2162742
11965127
18994673
19831509
22738920
1568371
16463807
5151797
17729368
18025448
17012922
28920079
637461
24578816
4067342
6052563
5975069
22959941
8379301
23704143
12861649
17108505
6840277
6786251
7696378
13219401
8441361
20628187
3785082
7925015
25674826
5831937
11258787
28505179
19945711
6788707
4796983
21558785
29697479
20190288
8737655
23557708
9541711
26091875
28429480
1720899
26845942
1994871
7990380
3651202
7253350
17126749
21703378
21196878
13654716
27048946
5416686
28411953
29093018
9219276
5154168
24576467
21899548
12188458
5865788
19482449
4432427
29037082
523393
6061243
16390620
27950592
793776
17731045
24048882
8601200
9779910
21358081
17460022
29232452
4388342
7519886
24095422
7699062
6184989
29989735
19290828
10023106
22279772
17372565
27880393
16729230
4681713
21110280
22862068
23854099
23568154
7431511
18056513
13681513
4460487
18204577
15450497
17487095
14943082
3750510
13389420
20054330
2546503
4633495
681934
28263821
16436496
29422700
13722811
2577743
12733462
26304265
25068869
24992558
14925663
1011576
7655100
23752195
21722530
13528336
3523132
16108755
19648191
27164958
23474530
717260
12681506
2888986
18753136
8150545
25091164
29319130
26335711
8553594
20514895
11807855
26003070
8470708
8411422
1310560
21595331
13830350
18598795
8181148
8773734
11371201
18607280
9628649
104917
14432746
29368346
13127443
29123153
7398593
7202811
3316456
27681612
23018515
20295733
3036716
6956955
23063528
17822741
20010386
28834617
13508153
1682774
10172086
1316046
8372442
1200702
23239101
12280040
27600783
9422155
9254385
14333488
15214847
5278270
16659952
16347756
21341046
7965762
4260543
14813848
18458278
24672930
10832011
21590915
25135098
24211566
17802190
9383942
11427630
7375088
3212585
11396132
11731426
14013389
13953119
9066014
6024447
11389915
3025243
8821156
28263952
922993
910798
11819504
10815056
10477096
6813613
3029903
13250037
10056162
21915876
23869179
25923253
29209933
22454631
27467561
10723594
28543725
17494833
20084126
1569571
7602500
14981180
644482
2538360
19277732
13141684
7932347
2144004
12902162
13174444
8281006
13539442
23867182
21426153
21263876
25108530
9908609
15972379
7054219
8396010
2290663
22791405
20159066
25011134
22867140
11513199
21012875
19384857
1961428
9092564
13259412
11977233
23627489
5994296
26633157
23148592
5870151
2623569
27439832
11412107
16732591
22676276
4873089
2068494
15226988
22132517
10382552
9439266
1190401
20256739
18026357
20179608
29491199
21087521
22747235
15012011
20925194
29303181
9836587
4949847
25121283
6438721
3018082
19179050
20496622
19182104
18221969
15480908
13012256
27202828
28876424
1152129
17948929
22863336
25876108
5208710
28579563
13721316
10660934
21094297
10167611
21263263
14379822
12720512
9464256
17692212
6430838
20845764
17420193
503421
12064182
18626996
9537992
12053054
9850821
14587573
18713013
9141143
22611960
10673922
12390615
19605495
15730996
25859194
17743291
5244612
6891331
25317080
8383498
1457328
12733909
8135973
24735672
24948380
20819888
15184479
23725519
9002827
18875690
27162874
29511834
15413247
15861294
16646462
28969438
16983528
2487362
28150456
28717813
16823081
3041894
5666655
10630427
28910924
2019786
24132599
4833690
23970555
28520581
4090701
27149681
12664102
11079293
11701494
7394969
2605366
26955503
21415450
13811060
7591772
24146004
23996934
7002004
9468384
22947143
20443106
23684833
26430028
87265
13369534
25952123
26598994
12179054
3604023
6143837
18880449
26098497
14832655
18379159
13371234
18935197
14951691
21228426
19394661
15106745
23785900
27868448
10284742
14877239
28439334
26200151
9319969
541884
18887408
13342834
19104548
28356202
8730152
11144198
28149655
22865482
8939880
24800667
4330588
14983043
4091346
4987657
17561893
20640255
5240389
29580823
6964437
14307277
5409241
7543676
9345175
24178341
12215187
12844142
1305717
22139110
201788
22605508
27231315
27477008
1194379
4538059
10153229
1436654
3122501
21699140
21716866
14561708
22388702
690662
15718515
28753518
1985409
19504324
22033905
19087235
7198351
15538732
4065595
7700205
12352099
4365980
13198495
23193237
2943960
21797981
23596955
28294868
26725834
4195767
13905247
19440139
8573249
23975202
7785983
3515061
22940860
25576049
5592537
24288259
12379515
2604613
7894125
17739743
11730032
16299706
7129775
24596988
790854
7198187
28940651
2572445
4461502
11475745
5343357
12770044
28074380
28676188
11755554
9853201
5029636
24693176
6892990
19417133
16066568
23471873
16120047
4139714
6075163
5897237
18005009
14221198
20962698
8006123
6159365
9078640
4630129
9046402
14973092
17010004
28943852
11694732
23104564
18518485
17112072
9784698
26641902
21650263
5370782
4051383
29827180
15938913
29700046
21569135
545404
11857267
11247440
4961360
15348654
5718025
17234794
3071885
25236694
2190758
9504079
5543279
5678715
23844132
18481014
23556027
20984406
6429207
18343227
25731724
11421549
11399115
16025169
13492342
19747359
28456073
2753087
9858977
24027983
15023263
1418059
28052580
22432752
10556580
25088211
24824609
27488596
13954604
20349251
25087762
5365208
15131840
2071113
5234600
5329288
11359986
18373117
8891828
27689438
27161408
7557014
23272310
29273846
5755616
22441015
11816608
24125773
24264980
5138545
18557005
4323929
20187321
19229456
23481512
15422765
11501869
3160830
1713352
17502362
20993888
14167109
13296223
28560181
76137
3424471
7002019
21451585
5406074
16955169
15901770
25676716
27834476
4847544
25878700
28515932
4667513
12421850
29989508
15145520
18984316
29748310
16432579
14787986
21104022
29594600
5419376
17817147
5524296
19551727
26747376
19261255
16447095
2375625
14320083
19343109
25914617
4321841
15651774
27337598
8325500
21818290
9160092
24527847
2468914
12056110
24368338
24442342
14960762
25585002
10731222
20392280
18689029
12265330
16873311
5688903
4088641
5900456
17192055
16993619
26791085
25141815
1096590
20467068
16037480
1080187
17440895
4663183
12992013
13623830
5522870
2743230
8124995
18937198
9326434
3598817
17477431
27484734
19949368
14331612
21315141
28040407
27753473
5128289
29817640
19662809
19948723
5833700
13815700
6267449
4363848
3773111
13329053
10680669
23450207
25984945
26538202
11759502
28623221
21798467
29963923
21742566
11213699
19887540
10402845
8162552
7426621
24003716
3737940
28048581
19023221
27029102
18101758
23654072
26923003
407888
12113701
29985664
23808886
13997126
19823867
2977529
4307426
4389197
2803179
29593071
11467234
12669706
6284422
720440
4400621
23927111
23333609
4902470
5309884
11323739
20534689
3071281
12439957
12985988
7029710
19476069
21094653
20316612
6308224
26673960
1489709
27077234
29966776
29121995
7203163
25900482
18010339
11267351
8694979
5176392
17482823
5897749
12210399
10308110
29728200
13406269
8559324
3303568
20240273
20281122
18879183
12496423
531253
2772064
7424728
27063219
23169008
5169748
5479521
19602231
13939892
11032692
27096666
6962832
6401917
19015877
19572500
10559021
29340620
7258583
24691060
24332277
17361377
25356648
658408
17498286
28511218
15232520
16594133
18616951
6786881
28306728
14388516
10557263
14184214
7285279
12717275
23680522
23467161
3742238
13252169
6887117
22283194
14406734
24335397
18475265
8502293
9438540
1655153
15073888
7727225
12750849
3681834
23561435
16606661
7767291
17844167
28673775
9023492
26856818
26537026
8227117
8069194
9925555
8608764
29877254
18369209
449697
15651897
8515470
16255265
14335930
28211777
18103488
29760461
2484010
23687105
16706952
7999657
21916908
27164304
29582470
8383723
21545397
4509123
23955175
10204771
16354847
27061804
26863366
2070274
4218232
13438309
28901074
16651433
36540
10245699
7250494
6012810
26807344
24794474
28280468
29269042
20262061
21181559
559023
3519172
8494482
12795393
21912369
14493761
10454373
2941393
16455494
22037908
28115263
12871454
16377512
16966462
12905330
25587137
5978576
10228023
24256239
14730495
13585452
14006371
27364370
16817040
20400392
18940105
8395210
15201193
3385096
17749548
3949184
9292489
24125787
23189078
25140655
93158
1998253
11067626
20809952
27900092
28726210
1211633
2137263
9960578
3033466
21033879
21192785
20665711
29227719
4134934
14956368
15463190
20552576
25718411
5948076
23016128
21625094
19635900
18336509
17360908
10601150
14582210
14686552
864321
5759126
2710733
595612
25405071
9668462
11239794
24822865
4746932
13011328
28883202
2639366
27176819
20541380
2706467
14877567
4370537
16662493
7611343
22163838
21054022
26301529
16369698
7042895
13356192
10082617
11441824
18328716
25034337
14417598
848618
27345093
1210176
23816701
18832965
14740627
1576175
5013184
28916597
13619318
9540377
17066864
27331279
11073988
13422737
4439665
19312267
22427362
18093104
4638036
21218219
24162353
13713787
19653372
26556967
11244770
18613636
12194776
19344818
1417342
20421039
29338093
2666783
13530954
23274215
17693956
391505
29801376
22430598
14548008
2071515
26391220
1332099
25209358
23160578
25812173
10267940
10143797
6503028
10800786
13949970
26624651
2422605
16823951
23773752
6138293
25479107
20662934
29172944
22667148
3549466
27978754
3395155
2763768
15563186
23339807
29623745
16593977
21741085
4199636
13699166
13574773
18847761
5259086
23958782
23671777
1806678
16017914
6464049
19604550
24496848
26145840
18782229
20680138
20451015
25638488
24571459
10164573
7036130
12401476
17751421
27492215
20216065
6878878
23359072
10093251
10265232
26253954
6559764
16154437
7881713
25108602
7687812
27847851
24776086
21979838
13287837
21149470
9262751
744467
4517743
21497166
26202018
26746587
14119766
12167075
18596886
2270501
25182875
12373361
742088
857127
24975290
22296893
2665002
12082298
1189703
7063298
13785218
29562479
1391926
5118200
22369302
3737548
12485046
29078091
27778757
21961297
19739990
507136
19748587
3513241
8278074
19778550
17137572
20651016
9889150
8641237
20749268
21871368
27455057
26337531
11522120
9662753
1324440
10470668
7667709
12545870
21833362
13800033
13496814
2269791
7963010
17928298
7112868
17423520
3075632
18667786
27862541
5193878
23866409
26852077
17884688
26141590
24363101
25385430
27685070
23535770
3049279
5435718
7287194
21594837
7666523
2886090
3769167
24641466
23801678
20152200
11494751
360949
21713663
4748971
18719551
3268899
29793816
2526749
9120676
23479141
16004873
17492743
8722244
17072287
27791962
18196153
23907571
20157878
11297459
16252538
1678992
13077721
21228855
27055694
5313936
3579392
10790782
16477714
1306970
19978977
5274969
6792738
20591088
21259043
6412601
3838706
18169668
6138011
29472381
16054107
23913426
22799191
5900944
2806804
7315164
10002018
29951636
10990053
27422680
26739802
6593377
843851
22397217
724978
24591326
2791876
24716295
26666453
17413209
15412561
29091512
2967197
27769486
2641777
22743508
5685847
18208780
23043578
20339450
13485142
13408430
17222631
26766604
27073672
5066909
8433431
20857745
2466593
12085844
9661863
16354221
25984510
12349177
20599859
22823172
26935570
1912282
16722437
1137660
14297064
15744234
26492961
20585040
12986095
1319611
28065470
9477766
21133184
17199303
12694891
29321032
9563483
7769934
26518600
13036923
24018132
1500248
11332855
6243429
25123132
15879042
4551512
29777159
18408507
26294598
16544320
23371490
12900426
24052394
27602676
24271642
29217933
12961541
14845837
28346296
24061528
340776
20341139
22673782
25407224
11988293
22364563
15269870
3432276
4761836
15638503
17084899
22690310
18847505
12247243
3979837
27330019
9398478
28993560
2927248
2956594
4329486
2962305
23412761
11802931
17491808
11717090
3479301
29230710
22928809
19806737
23370673
24008899
28280758
19368915
28747351
24586345
7232511
25736164
15023234
15772670
13515212
6514661
12328187
16506526
10677902
26578065
12811583
10163316
912242
12618235
17631210
22851020
29154296
19405557
10280961
15289598
12933398
6468090
29824494
26539193
21481115
4217911
26039788
5555541
12576612
17912581
4683797
7202862
15102398
12829284
7621585
17613755
19319830
27366226
24998883
12871576
10410977
6287405
1249389
27424400
13568285
19442168
19918681
4225459
29015126
18094977
21713096
2110066
711564
1615512
6013340
27037083
11911620
4745109
1810404
9837208
2871831
9286105
19466386
22783506
14183612
11790902
5402616
14322969
20146736
9638261
1477798
18946061
6809885
29342030
8271553
5453110
3372642
11405605
22407912
5310278
29773123
29046890
19119925
7880478
15717562
29944461
20892568
8358492
17963998
5439596
9096181
26304868
27361323
22068010
466654
23041029
24326788
2213025
16428692
3331073
29838654
29524392
8681423
14325860
1225123
1331104
21772328
646954
19608097
25575103
6173200
21686151
5089657
29888502
18872973
5284791
17760241
20421046
7016839
23303884
12994017
24470195
29007875
2805587
6690533
13045811
15685353
13259554
5865059
6355346
20090737
20320929
22849392
25853304
22452618
390794
26732457
6549213
20815501
4814680
13863573
5306326
2538340
13287044
24475525
11712211
11004619
6746682
16090827
9591371
439392
27399681
10676260
2879893
14320326
29351937
24524445
26742810
23955356
22156842
33706
12883894
21591824
23808147
15804628
20403523
11473995
27775179
20753317
21717458
26661529
26465138
23830650
25548875
29651401
3172526
15003076
20376503
6730890
13970801
6503310
12666805
4644646
128642
19475054
24962
25111856
28571296
19776253
18489332
16674736
22966733
17740496
6743958
14717933
16361853
610129
9643815
7152699
24863350
18233284
23589524
19325976
435092
12590591
20908201
11515438
12556786
11472115
18640486
3967598
22683179
27425009
10290102
1364753
25966536
26978892
5490696
23700328
26760648
28625986
23580957
23517643
26031003
21329099
8183861
23911170
27731956
8008368
9271901
2052837
4437383
94332
8636164
14066549
17101726
6769858
7748482
9402422
17404482
7997734
3085816
10762541
8877856
29324950
15111050
11568726
26515739
29845136
16700083
28413786
13739162
1964985
5929596
26435885
1699438
27113059
4550934
3253380
751477
3734708
9108137
1351788
312401
3056092
11907606
26609016
26802875
4870663
661636
12472614
4576868
6515817
122016
332413
3082269
1675411
18259704
4717156
17030886
9952235
15470669
2256405
15077812
7752381
10860075
9138
28961429
16603341
23903566
12065827
18184142
13888317
25933191
5359664
26472692
17940214
5265760
17565413
14102545
528023
24571187
1803642
6304876
12859216
3585118
4493194
14485391
24054395
8428287
12432699
149105
8251160
26231262
25129018
7136205
26965585
19558083
19997510
5399205
20385623
2717282
1847637
10828890
21872291
310353
8496935
1478717
464702
21658442
11050948
3919275
9697777
451437
7992955
28503314
8874079
20120188
22432196
27199506
24651223
23037400
21891971
10042529
29835005
19559372
3988998
2615998
27133041
23935239
12094025
3473057
985306
12083027
4412140
28852536
26140502
4851238
1377675
7473322
20594918
22507914
5473822
1219891
12348760
8153978
16569770
14952322
8807287
10601087
25262904
21987076
1990612
26154073
17785649
10975464
24265930
954337
21590638
16187501
9503521
7434914
6481009
11322263
27752881
7209542
11731459
1438580
4913310
24067947
4672566
23764152
21444147
10080758
28897838
4289809
14622415
27342087
13527503
2868711
15750856
20804741
28941784
19426594
21941230
15517366
23095282
18407192
15301266
10176321
9093022
3845634
8473186
3921947
25588108
1956131
16694521
11967597
17174672
15426702
15726138
2058232
28115020
1781535
25263090
24522962
4960921
10299043
15583044
10835183
12610486
7003981
28458274
20583291
12154032
29599356
14275294
16519424
4954045
13839358
20240130
29978278
7807385
12702642
10782182
4561485
6959714
10734133
16667469
9790440
20632982
11651035
24359409
29052967
26118088
18892259
3483456
11712386
3506815
1663377
2120359
21243226
23652379
23635395
8624611
11682929
2261279
5210715
25322854
29291885
26742876
27625725
9070665
19201921
2285865
24744757
25267033
8527001
17216709
22728798
21308005
19893363
23509910
20342399
1921912
22045397
21155213
8409068
24875191
28207693
29548481
25233108
8961137
14116777
4512962
7511242
21888108
2312667
2045929
15265685
24580592
10683889
11712109
11173252
4400470
14369680
23967811
1746247
5625168
10973791
17179112
8417828
22076010
25157666
13703369
12729755
15900812
27264939
20194003
22405127
28808041
4667409
13991760
22457987
12483858
11710265
2384033
8621528
24950875
10168102
9113197
2251120
5821303
2319349
2662372
23666882
753362
13651294
14307469
25179944
19415420
13249060
14579662
27085941
8484605
4867698
21625899
11737251
14633129
10436410
12708348
26624096
18078316
1679526
2430465
17352207
12658799
480729
25927566
14309008
6995500
311283
12025526
17375663
29182832
12875004
11443776
11521852
13784669
10093567
21266111
20267518
10827540
17905601
5755144
4669041
7955071
22296117
5996064
20230566
13874472
24106103
7517107
12926797
22754979
27753270
17102860
11205783
15002246
18059184
12853561
2130086
25675652
13250834
1343739
2290221
22826446
26761462
25878241
20644212
17567496
1145292
28410635
26662638
7721466
24909340
28356519
2954633
29455712
3347777
9036364
19977869
13422966
12924154
11725225
13592452
19949434
22543146
27777685
5894290
9262890
23354379
5683148
2496452
21099148
29134285
24194453
14758252
18417546
20606482
26265939
3427019
13533658
28937404
13331020
3866248
9077561
28935974
26799642
7648811
14703743
14895152
13911491
28268132
22494545
13956516
18905101
1112336
10354532
10890064
1191009
161917
4279584
14376038
84328
11349976
16918648
3743307
8007018
22451572
29023097
1941050
4682227
7901953
7359010
19360520
7927777
6223669
12380290
2406087
22647448
24630832
6036833
27605178
21301696
27678516
22290667
10910030
4057164
570311
23955577
25456756
16383661
12858733
1530293
15019052
26141334
9481926
27780735
6715509
16790451
2006657
22952616
90788
25266871
23069960
7642832
21728060
24896386
21831776
13301334
29316687
9886477
13761114
20561506
25489055
10165502
18969590
9389706
21828496
6155339
16272557
11596168
6519611
5362526
4173654
18104513
1558723
23996378
25777447
29657800
18671753
27395561
12376713
13878959
11832765
5999267
14236664
28953912
23397577
9861506
15657317
29846328
17461541
1591034
11007688
23102361
15992390
12297909
9307169
12136896
27496581
24693469
8317934
14551047
16846778
13904517
10803793
25896793
14791664
20862814
22025658
25262639
29365478
29957797
21494870
14408358
22465072
29445719
10264315
28432
17419006
5522728
13793301
10964867
28108527
9339480
25935748
14477554
21266154
9825148
29416759
1642920
2093775
16498581
2725965
2847955
16265793
24935988
27183598
21899509
683545
17229382
28694465
1503980
16747806
22661971
15356658
7256629
10242098
1962042
17611928
6368328
3578368
21114124
26339289
7651174
20816460
1711096
27193818
9048960
2380367
22102614
3982408
11969343
25102144
27838567
19952303
18014458
28521011
22451178
29932439
4768242
2238950
22723040
18672651
28042693
1519422
13522089
16637036
11119973
8950956
8975676
21750050
22340717
8956839
15001328
4735596
5316409
22953124
15350102
17946470
15533134
22573851
6154284
29056584
25737033
28685550
23992753
14592559
2641193
2943076
2480975
24576849
19406918
28542968
6402803
1151752
21722045
3516977
1845988
1052194
24977972
23221226
19176142
16043310
5066341
8881102
18233344
26255479
18701829
17113301
13795633
10672265
24280843
26610683
8203791
10884135
14034948
15807713
241327
7047185
13664262
3538641
12397992
9629045
23413617
8534931
6587998
2297583
12844283
23663111
8573278
8513982
23568705
2689514
15179421
5193150
15209012
2379884
5333725
28658732
2815851
10886337
26783486
21897296
15961735
17968974
10195494
4847851
7220831
27278445
27329793
20134868
18513789
5293124
25796407
17354405
15457758
27907942
14668480
16718989
24448727
667755
6348700
4063708
115550
11821845
24877120
3384058
1790778
9263150
18411048
26732231
9709928
7064134
13407326
27110526
24839945
21525348
22689905
29496783
27049280
24251132
611879
29159513
23154870
2185056
6640814
17607660
9667782
14407005
12430733
2706078
2605993
2265935
21658473
22732578
27327801
12847870
18975968
29863316
16607902
24473633
21826464
28885948
9526933
1389828
15338629
5997531
17179529
3271118
18898112
27606304
25113181
27182560
8923075
1242535
22839072
20578731
26316967
12347930
17211511
24170917
8651244
26587438
18649621
8232141
10666803
24458072
25568357
29800180
15658897
21205415
28227647
15048453
12863637
5033729
10834676
25770442
8279966
20354589
11943032
21631010
24926926
26293580
14444386
8731053
18906390
6208522
8377453
15605805
27284007
21530658
21025462
13415447
18364942
28775242
24435708
9989054
1070263
13869297
2863242
23898622
15604263
20281787
3451775
23217915
21844053
7129606
29613661
15597997
13860091
10613803
1962693
22514546
6912916
5016651
4890044
11720023
12618353
27091604
6949973
9943738
4424503
2926083
7816556
104443
2221433
23340889
2942259
22521412
18259633
17001196
9228277
15449574
16155179
18623589
27166370
21916826
16695595
18692302
27233163
2475141
6549950
28087984
26504248
25384777
8489789
8079983
9948902
2210838
4324998
772752
11659496
11564729
7710065
19263366
5741090
10518114
24186577
23067022
21830861
12021196
25696193
17285793
23743455
13461445
10816939
22451169
21770123
19442953
246958
15869090
10561287
18030285
17522838
25925770
3370399
8661873
17515375
15806542
8476982
28223362
16430380
26432990
28630818
26690555
3849312
10978632
25288407
26063291
19016491
23601956
14372742
2554430
16904613
24342099
29073138
8856384
12251882
11739140
21110506
14372725
12451054
27780827
27603942
15562675
29659022
15501424
14041456
22220839
704484
22218113
8188816
6640771
9367699
20668205
28143967
7155950
4106743
23361602
10825955
14108001
9216939
29621245
12715885
18438349
21110812
26323655
4394595
5335428
27676991
12812455
6682735
5362407
28948832
16341206
24092044
26953945
11180217
22120528
9383426
22868558
29781748
1023214
5504893
28781553
2417696
13084537
2660285
7045856
2754870
15474767
17136363
16092728
24053922
28441569
8405069
20376272
9659288
19178897
12907895
16275801
2463190
9206756
10889930
1786210
1186102
8457187
18096866
12940594
1875161
15212489
9625261
21562247
2087383
5077400
21848288
1689560
25130675
16321609
8245336
23175669
2340798
777529
13668166
12625872
22237009
9085531
19862868
7066077
4637653
21781167
29155847
11936169
13979899
13622255
263763
11960853
1585062
176999
18132882
29468838
13701690
17838878
13875835
22987384
778426
21954936
6337088
15613780
15723862
23069066
23182576
642
5286100
17617169
29588012
2531143
22297422
3910006
15653345
5893812
3460748
24886040
13702413
9195692
28094024
14263123
14971138
4834747
15022542
9994584
12816008
2783645
7605009
25347257
1152537
23594567
24719650
7656296
27101060
6208439
7120633
29082293
13706101
10833751
16413110
25175105
15587169
10957980
28667612
2987006
26077270
19165053
26962639
24740417
26465310
25507466
13664330
7103353
15846167
15152083
12970079
19944875
13596506
19644640
8650874
4256003
18622600
17882702
16449238
468520
20563391
27412267
4013419
21146510
11140193
11458661
6081700
24034395
26265187
10269123
20559428
1139329
9369581
28077121
28817949
20256304
19764748
7827233
29173078
29007855
4275464
7062197
1850470
10625513
18204995
15771197
3045626
20483431
15973552
19804102
12523837
564392
14170139
28635361
24081435
6732014
6706761
945374
21147253
20269044
9218920
18370560
19180355
12192371
27170609
3797692
24934466
25001600
4387625
10421734
23915639
9970340
3695322
3942545
22428995
914057
29093435
12060141
7665909
26188200
2276034
13358814
12688543
24701921
4969847
16525949
28472872
4127584
22659294
14412428
8840301
8570303
23552429
22766538
2994435
22967361
24926603
8062896
7060802
10586835
20098869
15749666
2851698
4229577
28869376
13654669
18485200
27320509
12072703
21993515
5307623
13143289
4986235
23889544
2320040
2245709
787794
2894681
12888223
1634134
16928361
15242757
1388486
8864463
14415269
8860849
18555682
20595487
21876587
11050050
1327201
3948276
26991275
24344042
27450384
7992077
27321064
28775372
13387368
20327808
7695719
24105578
3839880
26198147
14046769
17684122
5613712
25669483
24130287
3158063
28106940
7718856
8950955
11938948
17954001
23615472
28780995
10902079
12575173
24951595
14877780
29324018
13584030
6205207
14813726
22677557
25670191
15243178
6937935
25577602
3452852
23605867
28294772
12472834
23120634
21773488
10730117
24097427
7234134
8738866
3407350
15307694
29060510
4208144
7804352
18961590
25617778
21588806
2510744
13388684
361408
473434
3389105
15313894
22085112
28503695
8629770
22092715
8944572
19264182
28581816
1798681
13756590
22516389
26646100
24845227
11784131
11583485
25908684
17869369
8543562
29324085
14425996
17276967
10800590
8820145
8617448
13114985
17418964
6873584
15768581
24949096
23389726
16416869
19726218
25067501
9151423
16872973
21691683
20396375
22593358
24375629
25418915
22215029
19148512
23143509
3098894
20606272
24951056
10739332
20297081
14070124
18165359
2504395
20773927
24450781
4196348
14278290
29503177
26399327
28125859
444176
29090769
22514551
6485878
11868315
18293793
11186433
18472157
29520531
14549292
19477498
2816575
8588945
348601
6492762
4993862
9999413
5400879
15175960
20510280
20720160
20333421
13769293
11857827
18818492
13397847
16053842
9638336
24755427
22523035
505120
5800237
8491216
5131896
17477468
17499970
4607271
13643125
26955465
1223623
12147435
5082519
9294722
7709549
17818624
21654304
10624110
26744311
7729056
6468737
12653788
21819435
29269626
12622053
15671880
3277852
4997546
19518504
11842648
8138849
26935663
11801035
3421531
26590875
21596082
17941489
11290893
20459754
7887913
14353794
11455706
18583753
21371083
18332320
12280068
3002019
1618028
23071184
26287104
11112867
8691746
21868962
25627742
26675421
121245
11125359
27541805
5644788
3151098
28984236
13832202
12053351
20644840
2596191
27512163
26863626
28544640
15422207
28202893
16413833
22519174
11802602
7999228
19158689
19845066
11498328
14226349
8335894
27349428
10069269
2191019
13789549
739425
10160382
22150564
5823075
20463426
13205147
5701246
20686573
8330765
1939970
27792613
2625605
5335779
17549779
7688342
11489039
27195418
28552622
9010437
27545523
17541908
6292018
22766787
7802658
12427073
14123283
15317410
24976239
6941908
18362954
24890301
27793462
13784195
16466750
10452419
21890680
18032800
14136426
24149848
28211659
9423638
29445134
21909345
12106536
24505648
17845065
25593512
4725255
12406857
1284285
4291854
18969717
4446171
5020818
14872423
24342230
2309365
6036636
26642512
6101721
5641094
14130263
14878481
18545351
2488037
6969926
7636379
5673409
19346249
13426771
415804
7557948
3424660
22342321
21858411
626459
24778525
19421535
4477041
8217584
8863487
2456443
592326
2133356
25850306
28991083
23702214
12829113
9180644
28178662
15928003
10071044
13041192
29178818
18908043
18991043
26320580
9281319
22090574
5231059
17665437
12551956
4424821
9486692
27735881
18118547
15396854
10472535
24191408
23431159
10416842
15333401
23699839
29833140
25580030
13820591
3695179
25108500
23083663
13636497
5457099
20393923
11703937
2982672
8681944
6319238
4729149
11164427
20584071
22311451
26824726
14384292
2904509
14615262
24136120
4145232
22755112
21853882
9810726
22309238
7678608
25641471
26675511
27969661
10869749
22032455
12485377
5696454
1777422
26084914
8308039
2975195
20129249
21088148
27148852
24955657
4588159
19100065
2895735
6582659
24711790
19912269
26798
1006768
14619789
21352971
26232399
13321116
248430
20114545
27073770
6222617
9499471
28494760
17281227
9695979
6528543
11420502
825039
13221198
1754054
12144018
15135103
3588894
20926959
1771385
9078996
17810585
25684805
20367560
12638005
13734294
25662313
19268503
12260822
6106797
10218113
11785017
18830948
23225831
22083859
21212785
6558628
9094599
22905708
22702209
7595228
6823445
17246884
5921369
20226451
3707763
25141893
14048030
869738
29460860
9393683
24790099
28908816
3353134
11569703
9737409
17308869
28073453
14596419
24098501
5854302
20525466
1630438
10398937
10402900
9756402
16544575
28771805
8837676
2896620
2043459
20374285
21319794
29692947
17504392
11846750
19813757
14396608
15311080
25890735
4067026
18966288
26298165
7443059
28727096
25703029
26884801
13162649
15193522
24829793
21298860
28248346
14118852
19738971
8877749
12631686
923974
15758444
22675949
20268874
18090181
2918334
20570277
2943440
40288
11013608
22549982
12473278
16853956
5725222
8919638
6107326
19641505
13796554
24853144
6504148
18963285
23399625
22959295
16709418
8476535
22632129
5783207
7767015
1892464
9072469
19857412
13183560
5307370
9163226
9594974
4695684
20502466
13312195
8931811
5136324
22656956
28769364
20026464
2365761
2819302
11326851
13055554
28557689
7451066
23567578
9945261
12489664
7187846
29928507
20356473
8019523
23321694
14978897
8160278
28650766
4854767
8325881
14026469
14908544
13279104
2255818
1467510
29392738
21030304
14959344
11040256
22412571
16790026
21973926
3703964
28406173
1221626
1724323
10272002
23553598
18151626
27036604
5915049
26466686
2376079
24155944
23168275
9270706
20077608
24919399
17580817
1004077
2004216
7994896
5455176
28888432
28340244
16957087
7582240
17083337
6104907
304301
12876414
19614368
14441996
18284067
27963284
17556481
13669920
820410
2756523
19582438
28486367
1930481
24060925
9209081
6243352
25102118
8457332
6332454
27123514
21066965
16311638
10839252
15699386
8489672
28467427
22790768
10574809
22915671
6475599
5298837
23407090
9736657
13392439
13692634
4842497
24350386
21185860
16943177
21289936
25817789
2914270
16537895
7870967
4531025
1839295
24713403
6510286
13998581
4254504
28513
29696417
4536450
19204574
28263304
22306859
13652405
26164465
7012674
19398782
26140706
13628460
3979158
80678
11968854
7199466
8129800
17377719
13797504
14334723
8991858
29452181
29508597
693000
12594936
17826963
15018591
15924578
24150272
11279702
13576069
24625584
26548240
3929632
18729668
29313886
4020188
19969717
21280234
25831398
19582971
5641025
29876989
19946785
1857228
21970479
14379204
27658551
19957400
7461418
24708481
6380415
9356803
13799830
2448804
25202938
12626128
995041
4524398
28994041
23793816
10724394
1370279
4182394
22003377
13451073
12280163
12336301
22871710
5241325
10155664
16352480
19470756
18853930
1511803
2551280
11628723
29111242
28932964
26681134
29932404
7466358
28707860
11693302
15045745
15429710
17774689
28037941
628293
29943991
26269858
20618719
20407406
24020753
3099282
6948018
27416151
7050254
29143447
4736532
2321058
2087464
20346581
26945330
3349890
18548116
27472952
3871153
15944869
12245163
8641737
944946
2977872
21450049
21479057
13532509
17031777
18999319
21358020
28683435
24118834
10694294
11587334
6690813
6023141
5213962
14107161
26636916
23409566
16154537
29070911
28028718
12119509
16684480
15087632
8932947
25647866
14905811
17378382
24215529
8704752
5734984
18681100
8898911
11565941
1533540
20386014
6519312
29076212
2232363
16089984
9576317
9870080
21402793
17297696
2222944
28934040
7169400
8291326
4248750
27624867
9917397
16680028
21834167
12750701
2224929
28188021
20973058
16607524
10344542
10749176
12916023
28497612
20426131
19908202
5701114
27130387
2312399
15873214
27206010
3990539
20835784
15456655
8588753
24058192
9942228
21217670
8653124
27443993
12737732
15394817
13093812
24725497
28318593
22749399
841446
10707112
26533979
3990464
11365528
16947071
28167906
24459131
18279735
17121287
16999199
277538
22959432
17282646
10196683
23206686
10817396
14432697
21705353
28928703
23004169
15873277
9177848
18927998
17218735
29465195
28258158
15212957
23000921
14702743
17840067
18472559
11529009
27807827
23060400
9297202
29582037
5185211
8465278
23074581
29945245
27372375
14603141
17343669
26745523
18256268
28564032
2436546
24389593
17869194
26871806
28124780
1308419
27724014
16064807
20140258
2253531
1763329
23883515
23664555
4340606
15047783
3786161
20838740
14582882
20570137
8862464
18392078
21192409
1443737
15999629
11019210
4830673
15787763
17920240
9414498
7094499
10087266
9166801
16646936
13917482
8865089
7058196
9223709
21832861
21924068
17563906
20692162
26120059
10958392
17829964
1874279
24819774
18990977
4676096
6014206
15716880
22129813
27296794
15319681
21281533
1079112
6131221
27481297
5654285
13301005
15858780
4375987
21794769
29453377
28454777
9233870
21441460
14875005
949499
8811169
23434247
4810870
3527384
20473362
24044654
11756959
19842715
7785533
3998910
14979024
17013132
23765722
23938063
9030350
27484878
17946128
27000308
29213834
1482886
9836462
28827559
11782343
9517940
23134994
5752518
21650688
10324119
28357889
19234982
29327424
26404748
2177293
6433410
25301397
7655944
251664
26221855
26715206
28396251
16449362
7187689
1057987
12225719
19962937
8969939
9533805
14282373
29002230
6780271
4338627
2767886
12572512
11450859
27791860
3901218
2954700
1355296
2989151
20081629
16714206
24355659
19803927
136890
12878479
29359095
12044505
18731372
24217302
26229786
26380092
10425305
10904721
11423587
21339327
29070429
1498710
29474133
28640836
12658875
24355318
16576513
26979707
20067785
1018318
27195899
6610192
7886058
24354222
14181705
9832984
4292695
1707276
25958682
9556214
7466503
110645
360954
17829919
12145186
17926581
679816
23076399
14882375
1620633
3617527
3927084
13409277
9845836
25481929
23049646
23671874
18702996
23434599
10256335
7557259
2338535
3076458
3732045
14546233
10266181
23081079
23870882
25471664
8126948
2946996
21607242
1119352
12208147
21933152
16892765
11801636
11591864
9759152
24610610
26015264
6393175
17628682
8894523
14807195
21153216
12633528
18949962
2436437
29570170
11308396
3965595
10150352
25005787
27378552
29012063
20154135
18972865
19952253
76421
10221673
3971563
6794593
14603519
22614362
2265759
26134458
3025308
3765594
2398500
13501587
2053674
7059465
3588714
4348771
20377044
18175339
19409776
13111545
21274471
24612152
7376918
5951608
6720508
18332205
18935271
7713340
24890476
12778845
29509920
1512823
18696953
12940149
13685675
4435682
25587507
15201904
27568620
22232244
15845661
29525483
28322866
2340695
10884642
15091587
7861027
6476073
28485638
9427124
21482905
9004928
17363346
6635440
21694261
20057870
21418083
6650804
14151953
22981753
27843452
16878734
24391153
10764782
3776538
3660210
10630001
1436881
15254506
24572779
11460784
561650
26952647
11029006
14376372
19903205
10949109
26031060
3018725
29833415
6790077
14857465
18403805
11850312
27758737
10043000
4299946
11007811
23314635
18218609
9720982
25414020
26656669
20984079
29490909
80222
10037277
21155051
7587885
14533573
27932291
20319219
3258136
12330289
10080129
12731446
29642932
24908521
17924775
5802447
12504900
15659895
4383522
2925463
10349019
4761354
17620954
152262
27205232
8520906
18249432
7702202
1634719
17100764
13062283
18296186
6668172
20331534
6760038
2573394
26041265
25043633
7026062
1252440
25133429
3306166
10613064
15671128
7424733
12706400
8885703
26090955
20511135
24920051
22698865
14875002
23119517
27659049
8760050
25149632
14670230
26383634
16676353
15511706
24687740
9914557
37193
11982131
24117089
18849606
12921020
23126505
8135131
25085962
18252706
7283712
23406075
27524984
7166570
19227228
1765908
10618558
7924968
19216411
17090212
3556806
16521444
19927587
29328372
16458175
5352453
28882856
575736
24137716
5432965
11087074
2033348
27561112
8742135
13656248
23980320
9289848
11534929
7570346
25854113
4012656
10189234
14937317
5989339
20002675
25630592
25123554
23769024
11285996
29526094
1658084
13942857
8391345
1055894
26942940
7889910
19668533
2571167
6276627
7833361
6419410
25896372
23287647
27075432
8035304
9492186
4959203
12898221
16110469
3049974
25205047
7000442
26399010
4442441
1592815
20595269
27181421
10113910
27482285
5696699
10218075
22019187
191818
18218056
22282397
19834324
25389801
18841752
2989103
21620637
152188
29993040
8709679
28930164
4314198
6785517
27759098
8833773
3822567
6079948
15582988
827139
10146311
26082560
25267451
25521026
15273059
24800791
10409574
7743227
2579747
26615407
9099227
773494
25174583
6034261
26434689
12024524
24008399
8851623
5586086
22883171
193283
16885101
13090168
11345005
8850979
26960246
29108706
29685776
11117295
1476564
13860717
25230428
20883441
8416519
4365564
26356105
24888838
28911243
7603307
16755919
13186587
10719386
11492227
16395756
18209067
10569381
20047805
13038396
366311
16044013
13284315
19684364
17045047
3822480
17671329
27844041
1163943
19982342
7361160
15095958
27601803
7976123
22353280
20309157
8584354
6296724
20367277
16268991
19269320
9283449
28830063
9708762
19823011
9487785
23527098
5718018
1002636
29360007
1440872
9154025
18102538
891562
2489379
14430093
25421482
7183160
8141003
16904931
28048249
25925812
3860902
6675308
24689088
13339681
3436825
25994852
2516172
26398046
12020302
22796432
23892325
19843001
17883491
25322431
18356962
16282488
13703177
25799936
28076317
6370540
5834045
7805931
13603602
26649291
27683378
23891287
14447517
21798496
1468349
22431630
24541091
8547557
15373367
21203237
2687905
25664186
28175208
24367195
2963913
29204629
17743527
1820059
26856082
26176361
10940580
996174
20811210
16180455
19341935
16752599
17820477
15785594
26256243
8977459
2044909
15980026
16068996
121473
15736765
16155587
18450735
388700
17295361
13583421
29937411
18186697
28256619
495908
898770
9897057
5631675
13451211
6400412
27731140
17302846
20506352
12847873
28862692
15711008
28996991
1326118
3854083
21619794
9043100
677896
9215466
19387645
11414898
29927112
2061456
21136465
27855116
4576351
14441029
13126298
443084
20761329
12381501
5564740
6354678
9271042
14652253
19416728
631823
8657117
11544125
28144049
8897297
13626454
5378560
2309338
19297184
23819649
9998266
19426153
5606659
24005514
10887572
6255187
25618290
8424980
5043241
962826
20132690
800424
26821395
20738597
17895757
22766952
13844742
10679642
23461696
5673957
23129321
3115326
26137408
809093
23027671
12243417
29036906
21834631
26206788
11488090
8415844
20199791
3541977
2890338
28667718
17730992
4247064
12974832
6908683
7695255
23868447
3722527
13642158
23988593
8379297
4375691
23944568
18433521
9686576
26792039
8580281
14266407
24273332
24559852
19442157
13732896
2007384
15178117
3521256
27337722
28063465
29481706
16041251
9693325
5204107
5733486
4652524
11019659
19816125
29745778
16242692
20804296
6717968
21600822
7808483
13907637
3388298
18692357
8681757
7859597
19215224
14195166
21641120
2835336
3914544
18416687
14680978
24527541
29049031
16335101
7343620
16128352
19418002
10590813
14930771
10254527
18522074
12955986
29999287
23991879
29527749
22822038
26380188
11740013
215085
14537910
20542814
25297025
17526003
13752976
4274393
17257993
29707606
10239465
12718484
22540165
13475557
2047975
194331
13861353
6292324
28186083
12065808
18147030
1131658
2156241
13731894
6664985
11232557
23639264
148103
2093627
12841965
19157738
7346420
20690146
1101430
998217
22992159
1799932
3454780
5640133
15128289
18462797
2287993
7514621
1651405
13522731
2531418
4326791
27366226
10242876
22860710
23239946
20320814
9252363
8817908
15484578
9810481
8507225
6270510
15128899
10977953
10053063
11648331
15797516
27702319
18933939
5543982
10270261
10240758
10891185
26747231
24282316
12941302
17167430
24150437
14174575
21191625
6064012
4420643
20654976
24969152
11475918
29162964
3287928
11618033
15226052
16517598
5390637
17546852
9354696
25485541
28065572
9992326
1858868
28296152
1039264
13622147
22552725
17947189
27791284
17300622
4955886
9907147
20367141
16493132
20935473
23385945
15765577
7704335
6539599
15283733
26970144
24212491
5377295
10094535
10870897
20001393
7331416
15828954
16636213
13859818
17362004
19244461
25112500
7064507
26295470
25260272
5845349
5110935
9618139
26941502
2527077
26633578
29803024
4181041
14248381
4588397
17824636
9273355
2510470
3326454
11492435
25396399
19725698
24957208
28629912
25719211
8698255
27211409
19725752
2826748
25040891
17987139
14310912
15889082
9358437
23004030
15978841
26442883
16214065
11124726
8221900
28662920
26249124
1778386
20390824
27784574
7311153
2540410
2112500
2534496
21785422
4749636
29699477
13187867
27684692
29142522
24779481
13081764
1190535
13142701
20269804
6185105
26540878
10348894
6517120
17054396
26531442
2741713
14334633
10906269
22090942
28084180
25292944
9909666
4674545
22498115
18016294
15209488
16278855
7614484
11820954
24013338
19199242
16304516
16294838
7676429
4450671
12183473
19516715
4612961
25676087
6949368
4711400
17499237
15432627
28297482
10165312
10770365
8617236
25117081
369293
22734291
29570269
28218049
17623984
23841215
22400623
19491396
15455938
6112737
28911916
13355567
11147160
18250403
856985
23132311
2991534
4139531
28077356
28299284
6840800
12608386
19847308
9339247
6823585
4501683
24144709
18240873
28429210
12019432
14584638
21286221
27142782
25258459
24484396
29629835
3394562
22465509
9415732
10811392
20824524
6295480
19432974
20466440
27351294
2257617
25530136
11005755
28523222
14820713
28711059
19009575
19344934
28167031
3831869
3530824
13167374
27307262
11010870
29905352
20908382
1525975
20521114
6848486
15573192
28938257
27390044
389311
4628236
15383520
5592525
29631242
22077363
22177940
23952614
7840017
21495371
16112480
28315161
1635514
22526453
9148928
15410853
13590502
5476494
10952684
22016306
19045029
11379176
10953211
25026858
19852382
13346272
28934797
3854680
10470803
5744490
4783397
19327676
28303911
29680370
23030091
11287222
23559572
2005743
6651954
1601797
7486489
26253624
23939220
9751456
11761827
27941493
29641790
28988062
29958902
4457211
19770924
29219120
22380961
5635144
13910323
21464017
1359132
23277332
11869995
28106296
16164188
28645028
2766411
18951121
15959115
5799811
9819420
18507669
24648263
5933882
12283567
4699172
261753
8536738
962387
25246314
13474031
16966983
14618744
10708768
4746007
12349043
9669503
5399871
18294198
22155271
7410206
25858578
15037507
20536251
27095234
6616629
15512037
1091912
13170395
20382897
12648244
10300322
8442537
21623680
26511584
21235940
25612696
29430249
18355452
3561031
4168594
14710920
28305254
7807683
18416343
1307840
2238619
27202368
25763390
8188531
20665319
12436878
7941189
5646684
27734582
20767568
18271391
26622083
14317079
13495617
29134208
16485314
2889191
6229778
11613797
27887648
12867580
12547815
5076224
22132111
17606382
16036870
14617495
14115458
15561013
5912818
7425236
9583966
20302441
18842026
5427818
11500546
3320253
6644136
21649108
29389840
5848866
17155220
28762279
7509807
3542220
21351013
18079670
5398043
5789401
9852575
1217351
27579494
29337027
23522368
9169868
22471149
22567553
15947742
13138597
15198911
1888598
27655056
28939929
14147449
13516
16691579
28346407
12169991
2336025
25935554
4617340
17906351
27437284
20047028
16980195
17557684
14044157
12094138
1308555
10758926
17130306
18271991
21315352
2514208
9445119
14478598
262847
13554719
10029648
8368681
28249137
17846675
15758813
11856570
16394733
9253326
25311853
27693671
873749
19239491
14486191
26014474
17138918
12308401
7043148
6188657
11730091
16379779
19458253
11255876
23288306
26175872
21153848
21025834
24887485
393782
6996029
12064289
16390626
6978625
7771673
26351650
22029574
13414953
3701278
12417289
6319518
18232233
24677551
857356
4270002
12653856
22518236
14626366
10163024
21508455
8303919
12717664
25920084
1887314
24765921
17534355
6980792
23949264
20345417
4137529
3862960
7430020
14233214
13626610
27344130
6016789
4237412
28417816
3776508
28565096
11502531
22118396
17671929
12145556
17794140
293916
22612982
2539507
589724
19727367
331386
12227994
19878149
4940047
24220066
10779023
4343804
27145473
28727537
29366421
26797590
7486879
22786836
271372
19615631
11031046
14589506
25347650
14278720
2181304
20944491
4136449
5355705
7760090
18588924
7729738
23129137
21456035
3204701
24409254
18747475
20427828
25658821
22218696
12096932
8026666
18186188
12508489
5038024
22363307
6986091
3499944
48428
15669432
16555695
21490733
26968554
10334602
29652826
24991626
2904052
16032272
24180524
16785399
6351453
16389321
2650486
19172642
23966020
26348410
18307967
22505460
18358799
10413925
24365653
1473564
10075560
22008814
28687801
18970248
8288469
18450326
20461533
10768919
14589881
21179155
10202327
24312831
7559547
4286100
25936049
1724067
27309168
15138571
8263784
18181618
4727825
8052409
4651682
27937538
25006787
10400350
9254626
19224154
15499309
17953267
26080693
2109917
20676178
23522521
2431108
17025653
22165292
10580132
4801453
19262343
5868246
8525452
8451876
5929500
17673861
21060977
23563101
2938780
17972137
5349307
2735457
18005089
15236421
4087128
8778529
14778233
22414404
19486194
12070733
17006118
17123388
15932793
29693580
26196068
7054764
6374674
18450702
15533667
5379764
27291692
9994994
19246537
26115130
23508168
13549010
18490585
28650482
6305801
13525211
1087439
12555557
11875609
8217397
13896443
10776842
7807143
2709315
19033923
11956012
27618723
15918797
21311130
23751179
28520394
22888842
9967431
29535218
12652302
8022245
2214509
18287671
15051776
20655190
8312825
28324980
15789379
14294604
6473388
20070776
27466019
22283041
6814397
3447041
12182670
18545336
9819875
26868020
19905027
3512966
21309894
3495666
5749972
15386418
2731460
20580709
17846026
22179520
25477599
6666727
17792791
21629644
12393643
14007133
10591842
9540314
16945511
22183575
28405448
20502001
6886753
19826564
15227955
813363
6737865
1933544
8813491
10422262
6481713
17905539
4759446
13850038
24775016
19728991
22669698
17716329
7555026
19452070
28965473
11951149
10511154
1699115
21697186
14388782
17158132
1258800
15444061
10222316
7682421
15977445
21828668
15439704
21192518
148132
27552879
9742980
4020443
9761945
11328356
27389140
12652163
9908290
2498157
12334650
9958318
6058605
5523047
16005183
4092979
10552729
11784294
6199202
23785237
21059005
17625846
21323961
23211994
29194928
1138219
29242344
12940948
26584294
2690660
25052505
21564438
2613373
5498950
6938214
12560874
21447334
28148604
14320374
7643593
2606429
11176060
22295635
29384240
8151045
6253041
1023382
20834635
22551788
22445876
6233399
6572288
17306856
12836780
6549234
22821599
4041958
20976497
26303500
13171855
13529926
17857468
5701247
24040197
28407375
25102467
24180254
9407386
7464423
3463621
5454919
15279724
25266900
20622957
13043788
20513826
17353629
18024951
9248951
15236017
13456317
17677579
23333764
4143004
14402551
25640859
20559118
20704655
7386768
8977905
23334329
1948768
4411403
27190548
18338737
9082693
13365597
18807094
6311545
296796
2010891
7426022
6625679
5450573
2662076
7885941
26189660
8492917
13602601
3238591
8438660
21271829
1587945
15083480
20162049
9085365
16285031
1321086
14010024
679889
23944089
9137117
16653424
24551945
5655
14261200
21373054
8599330
23123014
6148540
1421215
22377995
788555
20987038
20546422
26059609
20591621
28242906
19178231
24401452
17054667
10844472
13312956
18144155
19733934
13712196
1614780
19442239
9222566
2221348
27758708
28508236
710631
7839208
27686121
22752017
12088648
23936891
10744469
22782760
14085507
8453250
23034327
28602380
20785515
2584526
457004
6455101
12770759
16573507
15432309
17084543
19184450
8899960
11005652
14250301
7517146
27167052
27049065
7467909
14989882
18317748
245032
26113960
27540480
21369294
26936778
18609362
23164775
27625257
8445931
10461106
22963523
24914551
9087362
2575270
12532906
29202912
25232257
23217490
9046948
14774134
1293656
9832280
29861565
28788171
18403562
14916169
26622522
25285740
92654
13593212
13667103
22013969
19751486
1992165
29580567
28652072
28888589
17783362
19908163
18493382
11637320
22151338
27431606
6939491
28189142
27411113
10738792
28933037
6712592
24531663
10714764
21755716
15294348
2985352
3584664
20124759
28233485
1697199
13729381
22994043
18801585
6686997
15398405
23721288
15799649
29362437
2342369
24060535
21297542
7692253
2591804
19180950
12041429
7597827
2364714
6932932
1743059
1118102
7105846
247588
10048223
8032618
6199883
22710961
27073571
13467691
22726611
379889
2338544
3196225
12789562
20717046
5214920
10684973
11108176
10560326
10847290
12840365
22998218
1820577
17556115
11610225
10854666
6419496
21827482
27182691
22371575
11346564
28679847
27351370
7678666
19221838
19959118
4924231
17172939
11035011
3441922
15973213
1097262
18234096
1411566
1973746
10957315
16882953
154868
26860986
4612656
24762487
22950570
8486331
22682877
26530348
12990607
2065096
18168327
8038346
10017568
18199774
14640019
2131248
19282436
25815037
3012545
3394056
22868258
14343947
18940036
12249684
23226478
2408729
25100726
9805963
14466632
12474297
5326270
26394321
450169
28459319
1596673
25545348
27960316
23365529
4191798
19201079
27918884
22245522
28126643
17817696
28226951
23958349
1558424
14617679
689119
1612735
5342872
13470003
18676193
20859255
6371417
9927799
9696748
11074542
13458827
4110208
27593331
18286058
14984073
4545146
22981091
1547677
23852939
3104989
5039909
1589217
182545
23670346
23009550
17472342
14333968
24665320
10926276
24932440
26694552
9529737
16147707
2446104
17287191
11234794
23418298
23580507
2676840
18548453
21255560
10942575
4102191
21846925
8306970
25717170
22083590
3928065
5140086
12555760
22269409
8929284
25306351
18798480
12804118
6306549
13614709
5954919
5371444
2907496
27716083
11398024
11698925
1968630
24046570
6188163
18053682
25448506
6287959
971914
5364192
4921665
28502087
11279751
3206783
12819728
22716878
26669856
24008549
25426838
27790479
9931685
14005732
22868975
8926878
24837658
15471743
20217271
8856763
3737606
5225434
23147192
27654949
8276317
12325711
13233448
16091242
2729953
18165831
26540692
4297985
25359604
11973881
3797514
29015444
28759432
29290122
21986283
1183797
24370535
1714214
6690003
10483826
25903962
3020799
4520823
5084348
23007010
21149029
22503544
5892472
16928002
25675615
22690160
3224993
3547331
10673551
13286932
2384338
1482085
10090147
4527604
24940657
1620515
6430165
4415833
3488435
29712406
15768292
20674598
8967716
168424
13770069
2307554
15350105
13577635
24694738
7240258
29564155
19855289
18316961
22620761
5350804
28281288
5675060
13084787
4781770
28235409
19017585
16312161
10728037
15284005
21537546
22612268
8378052
6680759
14346529
15195247
14294498
18610957
4691399
23269439
10087815
27514381
25682435
21156187
16887119
8295990
14397143
23469488
15635788
14032573
22390173
378946
16376879
13558699
29109030
25779568
19501311
12455851
2462049
17935180
15362565
17245909
11361404
15990687
9011422
8385479
9192104
9871096
23516970
24314288
6179976
8322020
2723418
14893055
9455672
24416620
3417351
10878840
19962197
19272857
22236505
8619456
6471982
990538
25248794
21255535
1907861
17987108
4395468
12078543
19138441
8030774
17910315
27131184
23772032
1926385
13379068
17472895
6642799
5729350
27602292
12435695
225309
10210245
15836839
20992865
1204407
22380125
28555215
26809587
24566643
29752284
20736078
27395377
27847050
12934170
20769879
6559633
22215317
17044612
17890975
27309872
3543124
9145261
10867261
19002047
18930664
11401387
9606919
10614843
3958538
8468435
18732880
20025693
16650197
23785403
14922300
15826979
29233283
22450812
19753071
13789875
27205625
21815013
1374492
17847390
3013963
24803935
24420517
913482
11485678
4351831
20657098
35208
6417074
10383724
29106040
13550814
17941215
8285067
11086095
13141538
29975563
16700067
15693509
23465496
18743493
3312599
23557259
23207652
4872971
14658442
458185
2482963
13898632
7912372
17466806
4730543
2838669
12360645
312377
15270232
24582815
21718902
1518648
9609548
27378829
20927434
20370405
7689728
20218665
18362052
1344011
12902082
4164899
21814758
4076894
8226214
5492051
13863332
2640829
9823025
15107254
21968333
21837636
2423290
14264185
18694469
2776169
12559253
14573957
11914957
14100364
26653694
11142202
15798275
506516
7983139
13113370
17960896
7112002
14900250
23669293
7379139
16766206
25938869
27450204
11261620
14114394
23445820
23437193
15509391
5596409
11016670
12877242
21749777
1284698
15121720
10730666
10484046
764755
28563880
20278775
14814395
12260854
27872587
1487159
608658
6012736
28996484
17152879
13933646
20084340
20673568
4701680
18703028
19860638
3172165
1703761
5453146
14079873
27350858
19924052
28367606
9567298
18977050
13088401
14871831
7219950
7717423
19478207
6986965
25570177
24855523
3643085
893266
8967457
15223621
19159667
4071268
8435459
26471664
18427795
2348011
1908052
4017880
3591624
8581491
1495357
15110180
11879904
3929817
1269669
24321929
17382051
26965250
26264825
3072890
15825004
26348434
7660585
6098922
3327934
15243153
12458446
26745767
16391918
20785326
5482897
7014203
7607579
319127
3316418
2232454
28044301
24778635
13639197
27590765
1532033
13308024
12300548
16571071
26519762
18515707
22460373
3478990
23496808
16900962
16140171
29749333
474093
6099590
9922636
27041501
2795420
17581786
2696115
21139034
11783005
21001122
8126018
7258334
14695716
8035159
615813
3637092
25771489
7684022
25068917
712294
6393922
27443695
3452143
11877103
24957277
11159813
6126683
20011207
19879966
25563254
24538455
3778055
20102298
21652646
26712950
23553477
14841099
10335483
3012192
27598783
21836710
2477594
29814753
6660873
24763300
20406340
8888278
19640415
12857766
20508723
8387958
12417432
15662054
27621917
3622800
11559427
14532651
18818336
19643614
4956333
28391684
21101670
10791637
11443896
16590667
21411662
11267479
12138226
26156054
29677678
20156391
15383989
8192354
14142713
6745592
27635578
9596271
28976276
27772306
19553474
1041673
24519946
19562484
17161743
5812852
29765538
20036221
19245894
18235594
15898751
11291413
6985718
2097508
24367486
13992333
25992156
2190341
12054123
29074734
25487278
25986437
12835429
6252848
13996465
19765762
20192483
4451638
21474809
20106165
8828211
19275793
19830033
255275
7761205
17336075
15136803
14857208
20660635
4212445
18991193
7477083
11860540
2579573
27347253
3462509
3484028
23552713
11842173
14696858
18585739
24491655
11453989
2377019
10424762
19521729
15084145
21871574
1082592
2777583
3270428
12720042
8684377
23516315
29081336
24125565
17159033
1381747
26002092
24310484
11130447
12505538
6030661
6624532
25742356
25508814
17417199
5161204
5389171
13250588
17454454
5372281
15666038
17876984
7357724
4634027
22841912
20980553
4326023
19395912
2306399
28011715
24604706
2927501
8325271
13975437
28031594
9326383
13693410
3398424
26583169
10627866
25218850
15474339
14013026
22190018
9768511
18020239
857742
26309149
7011235
19734376
26807743
17738761
18674187
13483081
23019479
11020099
25026927
20747629
16617040
5784182
21535047
27380240
951254
11114507
15871959
13712443
29726676
29911147
7127460
15520348
14574085
27906701
17825684
11208443
17443633
11122708
18906876
809488
6032750
1943749
10634293
3990169
19587317
7111657
25143947
3531321
17774815
24982864
22369055
17553567
10241842
8110950
17872479
16927466
16741742
13434267
2527846
10305882
29372047
2873597
5514241
27677626
29087351
10444596
10299111
21471412
5006808
21630243
6433045
23227269
23841019
23090380
1714994
18325217
23913619
15589794
19123264
10119296
22511683
13567463
12357170
8701084
3334645
17281253
741336
21523835
14084303
25783969
7048381
2838448
20376072
6723415
516794
7894369
256338
25647838
7381078
15606677
7090656
17213746
22871068
12374536
9412091
21530272
10283917
16128386
9136447
22318686
23104779
3187288
11158746
18383027
26532421
20073123
5377468
5347351
14371846
24519183
2803295
21853344
2885813
12592771
7921873
14776345
10718343
14717759
27584328
11988804
4967260
16432360
26791975
28685045
13519439
29978621
8358136
17602895
3704460
10136160
6386212
18948710
458045
10667047
12477078
25401092
23459784
16886152
27621889
16076084
5760331
25066795
3073757
7269119
18624446
27204396
14661437
113211
14492067
12239506
12614003
274639
1010156
3606200
14163237
8783259
22049543
18789242
18897828
14639575
16013834
7585404
2001996
11910885
14008296
5849110
7502674
3655280
13959063
18489377
29980821
8046740
25841522
24472899
15220953
14173972
1958070
11458415
18227318
7990029
18477347
26440044
26020216
17269892
14690974
16779398
28633940
9731247
8493330
28757790
21277572
12763708
27917867
13212608
23445198
12444687
2065034
20078838
21716621
15179556
27563458
26688776
10072953
20986651
25870945
3270199
18348479
22544821
8153080
13800803
9950745
11757464
26594256
25756619
2740617
14292226
2409936
27579255
7625010
26271511
21729072
29691296
12188738
23439187
11655415
11097691
20007917
21708370
18024586
14769829
1269462
25845607
18339129
3524742
13922274
699651
3798495
1590827
2706673
5831794
28263987
5923073
23283774
28989438
2398730
5536900
3419001
12279397
9664266
13395923
5308683
28060603
19776340
670259
28550930
18841222
6204325
8880391
18644059
28406715
24928124
1864979
17411526
13232341
16425295
7760274
26064400
16426440
23960673
20152024
26317375
6931646
14912136
1561155
15334495
18424405
2046640
17030845
19078479
28167390
2370965
21903688
4913649
15614063
2558500
19531841
10036565
24491341
10419467
428107
27809189
13076821
11725758
10141709
29781273
8988157
16249933
21735129
28055479
7656297
497168
18911761
28552332
16358942
26072596
27219262
20526224
23151228
12222009
14201051
4782361
6244254
6107007
17151052
4024084
10371823
5854599
13403726
22276363
28037071
16287257
21665364
7840264
21086370
14895210
24620768
18177328
11151876
28170475
26484390
24491819
14684055
13169292
13516629
6453856
14709313
14601127
9513462
25344971
2365606
2971617
29653279
16331789
12944828
29369065
4383632
10344095
23729078
24264711
13579656
26312155
25405156
25239081
912363
15219057
19995831
16179694
25542807
4013681
7638263
23090948
24894905
17975677
15552543
7199826
8187553
25457781
784429
26327961
24041343
4486489
6291068
28347920
22723381
25275700
16925627
5713803
25521415
24038569
9390991
18963709
8916872
29621812
15485278
5323649
10798551
10388553
28871546
12805960
18216844
13860394
20951275
11575449
3279647
18667234
9371528
21163345
2697942
21011696
20065498
26648856
24907534
18929866
15475097
9744044
7232024
19886034
4656510
21184409
11184648
11920467
19837435
20786970
17468257
23566842
7450206
11528908
29124037
23825777
14147236
5608144
11918942
4264242
20995883
16805676
2042358
25314988
6378099
5659204
761376
8362007
6992537
21919359
7281615
22350671
27270336
513618
5653119
20885726
22283449
6744673
25491008
26074643
21070686
532282
19724196
26614009
23128713
2995984
29697109
5573020
2283184
29832389
28890921
3061581
12607539
20651561
22448707
1071843
7276935
14580622
4908088
24355238
17535519
22422994
6951424
18048171
15359192
28734096
8129545
2545569
27910939
3611202
28447964
14162090
27922835
27952417
5996973
14510877
24713775
29475483
27094795
23255468
29245771
1100073
11644583
1371041
21676244
22979162
19248948
27011273
26155164
10142814
3307897
16107650
13767743
21406609
1682115
20873888
24656362
7002371
23784017
19620378
23194638
14529894
14497265
26785823
25226815
2882241
24021847
13252656
24776217
11019742
15740141
8035773
26583323
19452316
16232676
12034950
18398689
21176810
22409795
21909541
4012488
24910612
10998902
14897875
23081179
26582427
17271509
25819256
27037360
15708198
23646160
1138742
20369229
18705783
6704434
19507027
28995676
9718449
7799816
24396094
8543432
18964523
7457677
6834623
19844625
6106941
20208094
7243430
4110786
19786677
29670003
2865510
4108920
4221792
22910515
16439142
18408402
23763790
1622335
26535168
25746575
20716750
4914961
12873722
2332885
17423114
28786790
1732630
8063242
12507498
13165779
26466845
27656602
14280143
29502004
14506542
4317226
23282747
19289369
10043760
27391621
23529134
12338955
29771125
223089
5050861
18508016
7676135
23301714
4032183
27120650
20778472
4712136
9261022
13796711
13884661
8899024
2178714
20437798
19200686
1575351
308749
14184854
27004281
4864903
11207457
21536697
27903087
6197691
21440162
29338515
20916560
22582692
23682339
1850312
16236848
25881714
2957274
29065410
5142259
26807252
541397
23736554
17783813
14949253
27169012
26604441
2306137
19397536
14123554
23415474
26470786
18578685
16263103
17947792
17005122
26559328
3793767
784299
12748988
27967818
16040615
12486833
23925436
28770068
18036782
22351156
1581529
21401899
27056648
5545574
5802029
2754259
8504430
16809381
20067771
14957826
12141449
20947698
5038789
8010271
16916201
14816703
12703832
29092185
14853588
815821
21149343
27135878
3218410
9411100
24617461
19285887
2096337
16406032
29044641
27799939
7704994
29354427
9603712
22437342
10191992
16500301
6705594
20998743
109947
3872085
9484776
3982952
25574605
10664231
9150455
11514277
7448343
13762227
10801209
20021880
27868075
10404619
1847765
18397240
12228577
11110149
24531163
25594412
12984446
17313838
22516707
8118156
10656036
12424469
26067766
13899502
18343301
20869150
29197747
19167273
16796032
10789470
25481417
15358875
3087290
18865848
18189316
21115692
611965
18136295
9070643
27187313
21404481
17355754
390916
24168157
25030317
10843337
23211651
14831124
25455026
25382162
29150068
14822053
15273858
22986033
14021050
4252938
29097823
11268365
6208982
12733505
21375817
22649758
13687572
14055480
22455961
1588686
21328115
29132067
29458809
21655316
18030920
16746379
22410957
27140918
20794938
20151464
18034725
12040744
2181220
961006
25672564
21163972
19164163
10462873
9440473
1209531
2002228
24928348
13507123
9989184
3318175
20938510
17199401
8513598
5085450
6763918
25904046
14776373
2714960
23619220
23759148
8704961
27871281
134551
27743811
14972191
28837357
881552
27606669
5440233
24678552
17953401
19646076
6444321
10222328
11757854
4624051
2821795
5325869
5971409
21218118
23698957
28732960
28252860
22605284
2071228
3915185
22896008
4870366
21032025
4297179
27537313
14512174
26210314
14056157
1466240
17753167
14757080
21883502
20762619
22620718
5359405
24654275
24371432
24095185
17420795
23037537
2977107
7963826
1348251
5579781
10445726
27416496
17157699
2973501
3721699
13575498
27611360
16976928
13341170
4073387
21109931
7591829
4392440
26678085
10758091
19740766
946360
20287231
3075419
25369452
2624641
3251129
9867889
14634253
13725061
27359972
13069475
20562074
10190869
6421630
11411211
1852969
690448
6717075
28665076
15086950
22236357
17042052
44178
25401731
22118575
2594753
26971613
29120493
14042406
21721264
24732161
29593282
1929499
3798046
28990993
14764694
18911367
20558056
10797029
26515167
18929764
24482453
16950645
15720777
663563
18345006
4561508
5668966
22980633
19272448
22016996
4650623
18805242
29211229
11523685
18800160
4035180
10862075
18301245
14328921
3815398
3321799
24171653
11088222
29432152
18843258
13815146
18060769
23401182
11637380
25011380
17160322
29060452
6481140
8351463
560662
22290187
8529195
8720814
28392073
28833587
23519972
18623647
13257102
7558339
17772094
10665718
17829883
25267842
5580953
19892196
25298348
17221258
21646199
1921023
25075990
18513940
18600189
9221848
6998316
11257482
17891065
259825
29454586
21563958
488695
16734793
7519603
23833211
478158
29025094
21328981
16583539
13997126
27323297
3794496
51343
7441177
873469
9016988
23800806
3407140
16468650
9417993
28595876
20784465
9866338
10158623
10806182
27425508
20698782
29609021
7847266
29711113
27577299
4656806
28539066
14973919
7018353
25806433
175247
19519941
25273985
12277263
27187180
29616612
20383611
23793202
10844375
3793850
10776995
4496932
13782274
5614316
19016156
7771658
25231686
21333889
11191027
12556228
8951705
16381805
16850525
17707619
3446607
19041221
20182844
29955076
10587542
18321192
24642892
27442633
13325574
14435484
21201813
17419604
14997976
10716585
6186391
9166686
330447
18229863
1524346
25647736
9593830
5346967
7977493
24099826
10102314
16040196
16795669
24607841
29229850
10282135
14031220
19323441
18956680
28483794
16453456
24428122
10996531
21528944
28399036
1440217
1836739
20967032
29002988
28407695
28675312
24408153
6426965
6427621
21258379
26031216
1423818
27167893
3498154
23052158
23935604
1591769
19779674
9053129
28274986
2051966
14826923
18000244
600612
12741370
24487622
27037628
4696425
14422951
7760057
10829491
1570319
8090083
13140595
7378271
16377822
13395918
22982406
22894208
4973754
5052341
12202797
1477504
22863794
21851361
15399348
19592645
25510102
7611908
6452029
14649689
23144140
2382301
27477770
264063
23793064
1592956
8216380
914506
9141139
27478858
6658182
26089281
19997079
10559136
8229233
26288199
12780698
12300883
12849623
19207664
5293540
3663193
21423544
16735031
2072010
16050660
29691319
18194881
847344
24860990
18256743
14704159
26201317
17977291
17434918
21047896
28544106
25639763
25872875
20792115
22434437
17200426
23679887
5169013
19174909
29919944
6983784
6948758
20668159
16945328
3282878
5665289
13451554
7290040
21189193
10868640
24186837
24004022
8482579
12722635
23993612
10036702
9249339
1975138
23990686
11295566
16104809
11750979
10217534
25183964
29910775
26825309
20426606
20302928
20893677
18732430
2325664
4804918
3553540
19104550
26974582
23631236
8062177
13210674
28915043
29792706
4121888
16303350
10061861
909640
24539042
705558
16010371
7963114
21232400
24919844
2740498
26052442
2627604
17387105
23310159
18784499
10473536
14738244
11997222
9165990
25942929
1820611
9702236
2982882
10014529
24222070
23965521
10827528
9199939
1187741
26547140
18513755
2432480
28665091
23133715
2036683
3542355
18155345
7858681
23778130
14181881
25466736
8526428
27858649
16908421
4593270
13817412
10851545
18832167
20129390
19685170
487707
26441028
10930657
13095381
5424682
19746219
7405454
26548350
13822230
568689
1164669
13287552
15842877
17136791
29674093
12021018
18347633
231331
12917447
10038529
25255223
25684863
11534906
1946883
16977856
27120494
2573902
25399850
8823220
17225319
5466780
19291000
5727010
13386680
18266021
16651186
10923708
4853790
7218212
10554596
9938404
17906074
10918284
8182951
6466858
10939627
6342015
4466951
27733429
26463171
20231152
18795581
24402380
23377246
11634058
251161
620221
23619619
16238443
13400224
9152939
23565060
5568422
26382289
18946237
19863488
17291796
14559926
2651947
29119418
27298743
1168871
17917665
28558752
24060058
6779592
22282241
11986746
607389
12146880
12006475
28910949
5174165
7676005
13247490
452251
17185161
13982324
11317987
12233559
4976508
24835308
8487893
25274793
13266215
29470998
19139086
4284583
12711113
24035337
4451498
11062500
21062559
1446769
16677646
27345572
15292156
12784927
20119080
3810771
24069517
21798418
14861662
2587906
21112099
116405
17931120
1174264
19996495
19652585
13216867
1366642
6306971
13643715
3896139
20286837
25636025
27899449
1137995
7964176
27767688
9073971
29825128
14150516
8659004
10673414
23189684
28127390
7648075
1565579
2331024
9129694
22631363
10936861
9102837
14072602
24968029
10491733
7745080
9193433
22784168
7275796
593965
20713863
20360899
27681931
21361351
1580691
8196383
10400620
15145736
17492345
21575578
26236775
9919731
13960118
5026105
1550523
12131503
18023761
7847526
19371715
6998625
29467503
7423474
23338041
5033620
83845
2611141
8928874
10625105
5012438
6329427
3426950
29493609
15319573
20208454
17748634
11221176
6307967
2007756
3997129
1872073
6286776
7222597
9911355
17755815
15386938
12816045
17073466
14195390
2506065
13214522
28728183
25195351
15848436
17677538
8671343
28917266
20089476
16607130
13215626
12624339
28691478
12360343
13022110
4853704
14152685
13973882
6791105
10527862
3174225
29654757
14978543
15979015
9848506
12900251
16724693
18808054
1876928
531384
29206813
8112673
12020365
21928645
27294239
844174
25659564
8163034
21035870
26797175
21992871
16624719
970479
8721780
11257838
18448174
17928594
22556734
23188228
8489317
23947503
13954689
7616450
11112153
24621091
16268548
18329405
20659911
1357218
7693253
27674586
10745543
25801362
17402183
9318127
10045590
22614445
11618458
24714208
28823569
2574597
1131509
20755727
20219697
26375410
17325211
29433597
10988972
24831332
20175786
9440991
18866569
8837424
4016578
24431901
15077204
3022975
3997293
10770651
3319554
15345715
28331836
13189103
267504
9599064
5216147
28606970
8780069
5133479
11139479
2985240
2154336
7223914
26903868
7031825
21343547
23693406
14369528
14812719
12904948
4808148
23161465
23844961
19810295
19528890
24249885
20731684
3514263
7037861
27148910
19555977
19599362
27851808
23724693
29433542
27448930
22509968
17620158
13265242
11812940
26076310
21804010
2810515
11216674
6216217
1426974
20160965
18680030
16711738
12136854
21228737
3942387
21357583
22845895
23567863
805768
9579715
17367122
2826063
26355890
6291975
22262644
25582285
29367730
18887437
2349009
7415705
13283256
28880909
21545092
8928566
23390484
11644935
8192699
7997863
12953765
12499637
9523640
28435473
12978658
5438765
1062568
18311045
26595746
16907768
29977169
18402479
24647929
6119165
7394643
4855522
2913688
13487332
9931631
12567209
28467620
23020524
8934051
15013708
18609399
20349731
1692362
28196385
12372592
10602390
22946824
22664934
20072322
24503158
27508881
18070398
21065892
16178842
24066400
28798499
16687826
22241671
22098596
7497101
13695632
12589540
26981386
21140097
4068939
26672855
17190791
7299220
3326144
24924115
4770381
18560471
10989334
5225819
17576723
6055053
15776438
5673810
6208398
22880098
13423696
24580885
3140417
4254403
12067437
8830742
27982289
23818717
14533137
16047037
414627
11984279
7612982
19664212
1639591
24648861
11160119
16481686
11155954
6438669
23694013
27302045
3963052
14702654
20858116
28447005
22614973
4960824
22959530
10559581
23344247
11167840
26622687
15177627
4819237
10468824
20863310
16050246
663657
4732916
17748353
9240972
27080437
29416640
26937472
14744235
17373465
16326935
9598883
28159459
2959397
7703121
16822312
15851272
9893165
25048658
25340000
12547401
14205036
18588745
8689816
18405551
21903781
4972842
8970547
12441390
11316019
15247603
21967721
25074137
28472148
17213300
12227985
12519762
25745056
20579722
7122927
17211896
6374810
25565366
18137069
29820304
19005421
16166096
9706084
16914475
18492343
25076508
292463
1635967
1637214
21045962
12363536
27674235
7212641
17599703
9342216
28825276
26099540
29110092
4770460
13624907
22855441
9560457
979144
20110682
872970
13114526
17584718
28254543
7830779
21064438
20954577
5809900
2066535
15740510
9914851
8843034
29304621
4009066
8273510
1235483
9428401
2396948
17906973
22513647
24831362
524936
2039361
21909513
10283452
23351657
7322300
26707431
8760720
21922312
7890278
13054863
2597401
7775473
23376111
1112087
7918847
17465424
11092393
21336365
27565412
23831407
21074608
5490837
17879647
26971248
10337990
28834426
14639445
25738897
17135446
6673865
26279690
4916608
19102489
11637139
26483570
23407179
22490391
16911183
19785075
3640126
17676931
24993477
10858627
8615813
6640061
18298127
6192304
23594067
1479984
6129001
25830889
19949709
27895327
17780277
8512351
28608763
19463123
10311681
7599025
22305718
21779730
27606290
19861746
29197184
17431351
13368039
3775824
24041716
21997687
20635697
29933250
24870727
19132502
13139364
14845959
16090899
9660074
10124010
3780954
7710715
6182600
22134214
21508215
16457964
1914559
9828541
20044327
13202159
19078346
6276611
23163881
14640148
15835645
18911053
17186657
8867135
5868652
25558311
26187034
9499044
2760275
11197359
29238754
10908684
23295646
362978
5570838
12471791
26334562
10520488
5863672
19783817
9174428
22527770
23019553
3953935
17611509
10983547
1001791
23496640
12216299
14259050
19148592
19794313
15210101
13811861
19664073
14653897
2381026
14037946
23093111
23091447
1947489
2139063
19387671
28205714
27493639
29614117
910754
8791374
12466241
17954568
2289968
12222294
24872766
13573477
10581739
18978733
14396402
9799968
9809004
29041118
7893984
21945972
20924727
15215052
16811430
14146710
4220923
19757910
5038673
1179827
26385094
18245496
16955857
22913158
8097297
10149495
8244713
5075247
21609812
17628953
18793334
4910392
609976
228141
11270740
15653659
26192778
22030491
16595191
6185658
23276781
6404621
16993024
12225681
27383842
20893691
6877334
28972317
16578526
21399475
25824098
27441568
16683634
16685832
10724922
25061022
17145530
25274954
8724669
20875171
22607354
1047584
11606839
5129169
18741042
21536322
16450541
21979599
17658531
13434334
20632774
19138116
17380906
11511238
14344364
11295623
8886330
16754945
11170993
22662340
22457223
22672774
7477141
27726120
18650308
1340291
12839552
9061649
18417509
23616196
25355222
7958093
28539023
6411693
22990349
29331227
4615823
25108021
25425987
9616653
21693120
13987600
22296695
20169481
6428888
23548081
28726163
27691957
15883637
15583324
21702619
14624769
22264766
26304125
3653738
13376799
5616461
25534101
27134343
13223696
21920636
11938993
18932180
25058635
14739220
21095535
19229017
23998028
21049407
29242774
25219092
2145045
25567481
1778518
29391114
24154339
26762276
18839093
13104713
12145536
27125280
253567
8932293
9462587
24391975
7790376
187067
6605069
8301715
14876598
29567244
1417612
21428808
28508169
9497214
19578410
10067935
29549193
10340757
20262952
3778818
8105664
21253613
16898878
21697831
1934200
21210651
24312852
25844252
2766756
9646874
11733327
14455614
193745
18015784
3091355
1794317
5432622
16985955
18234017
24969959
28507083
12948628
16329777
29405415
14456551
23358478
2753808
3914620
8399884
18135488
21892972
12156729
20934048
10463687
19726139
16437957
25544488
8276424
21764422
1680887
17566386
27621772
14953447
26381785
16776423
10729515
987077
28327819
22466012
28502287
18923734
14517872
12236983
29306572
7020828
25508571
8034784
14617450
17377594
2289741
14368971
15052126
24981318
8080370
27950642
596953
8730840
17026809
15894822
4652996
3339628
16107372
18737694
19941249
6804159
17474923
1021611
3318890
4559238
27623100
18515244
2323341
24929571
6920973
4507778
16201493
23640405
27169238
20229329
16008901
24910749
27086109
14052306
57421
4531766
29438763
20190301
21214570
17337435
16121657
16164839
18448883
22808486
7627969
10695670
15186393
781132
22521190
24356051
6913929
8443001
14034541
3642334
22544835
14667868
5665005
12619524
3334767
16757772
8786104
22706908
5413515
14696583
29160261
11205487
8050711
16619232
22756322
16072432
26939199
27601023
4099243
4710699
26372437
444754
26550060
25063790
24435420
13350835
24084422
3342312
26166528
10977979
10332543
19160421
19942713
9400444
18930456
22811236
24378863
1114986
18416007
11097574
8922994
13822191
19107140
21946695
20344739
28805410
24115664
20288204
16516111
27882169
28017231
23531552
26558233
28844369
6539673
11240454
4364635
20702128
23065054
26182210
26956466
11381530
23447853
6902415
2056228
15314349
10544024
20322541
13743987
11026438
10449836
7128607
25228733
11800586
17733920
24979999
16607910
26882013
5831009
2350
4394407
6455316
16244721
10441922
13571065
23625811
1046573
21085627
9789745
25204809
831229
16404511
6709370
787816
27518247
211880
1849313
5081865
18553122
19155394
5796544
27313939
18836429
1935004
22772119
18566514
2818968
22100432
4809358
22173757
6567735
28083628
23346187
20905817
17160498
27641396
20219077
9795221
4300470
14476986
11200023
10705633
6020824
7896778
20761633
28980929
1980798
810536
19338723
14361000
18131755
25536955
8135392
21873942
7073885
13759099
27126331
14688014
14480989
25694170
25004556
13810470
4626072
6264909
15081961
8057565
5744111
5433684
9523483
949141
1692001
15345987
20304544
26900237
22610666
1735756
17853586
26171963
3950755
1102518
10216077
25749041
27033355
27217545
28285834
9417138
9333845
20006371
5984374
12217834
976728
16975945
18137490
12394442
19370850
15482714
4536564
1819854
5778283
1870456
19485821
22187411
26647504
28073581
18301823
28829645
16433261
28150867
20546798
27702368
28840584
8070031
6013521
26399849
22763726
12672224
4392803
18858499
28189056
10130952
4044922
4796613
7634135
8413743
17721045
7662087
4372377
25001157
11819803
10337201
12168430
25265480
15722560
16896452
27891261
4024085
20556464
18373899
743356
21948550
27547546
19292631
6359381
2097272
15090269
23558070
21271259
21325825
21153360
15189474
19658372
13452444
581536
25253540
3987505
13653479
23978938
15774369
15242819
22989306
18111718
6739691
8486985
1172170
17338984
10110472
4089006
25748870
15945373
753177
6687581
28447117
15122819
23626441
27747841
11394351
16224504
13459770
24365944
5830144
2674685
1755515
7266954
9160501
18198208
10505599
14013278
12693194
3204917
5468295
17021876
1707424
9506138
15812717
683816
17188607
27430618
21043195
6397203
24071365
6569383
6974700
29916828
20691781
11096928
19089105
7977007
19912746
8890095
21516204
26120729
17555038
14545666
23879375
11999640
3047057
4084564
22149649
10652409
29216782
24584702
25898976
20183506
7893764
13333599
11884387
6402441
29913357
8315876
27760361
24408697
29688520
16051478
6510831
14238594
22326427
16439653
23621587
11259639
5724426
23515019
13331120
15761266
28823307
4058412
1551848
26510821
11913785
21517140
8506308
6233733
21958708
26069735
13715451
13518774
8055150
13867782
12265708
28912968
18195553
12668669
15892389
25278078
3944195
7058941
19669339
10105332
28499479
18917077
9378216
27514064
19572674
4185914
15587486
20570286
13765750
19216078
235914
23875621
3353919
313694
185775
7408043
10418248
11761914
4942054
20167666
23977443
11436761
8162417
23821400
5411737
1904594
1769070
28032680
21865462
26433223
15261414
28309394
29846811
13778412
2165836
9028291
28208009
7984123
15629432
1064521
15471201
19053309
16135552
8579091
29488654
6403823
7220735
15904972
1708251
9700416
23742975
10896199
6595643
11602304
26411237
7844256
9719566
12167917
24165240
6431547
18557928
2073962
5905319
16976958
10255699
19358331
13699021
26401808
9949130
21096720
15448071
1374740
6421220
18372176
3145132
11812531
9327298
9765247
28120601
4584785
17084145
19928078
29594917
28277307
20733133
2806525
8916341
19849071
22793032
19788930
4597183
20440454
6968009
26718827
26574292
3455558
5263216
4772203
10909484
28769325
17900140
17596708
3787111
16793140
17323755
27172883
2454412
1265336
2399750
27213338
5689865
16329177
18582809
11633085
7698939
23647776
20081062
19771912
3202880
28121331
1092324
29922115
13004063
19945380
28449153
6403747
24809046
25165195
27568692
8382153
12850908
11027500
4870605
4589614
9455672
19203721
2974847
17617496
6197369
27004691
12419056
3214497
16328567
26611349
18506120
17635555
15579190
22411671
4413759
4906709
3959861
21655230
29510063
21632661
23509758
6412324
22608028
7755704
29707796
2389673
13221546
19645634
13584423
20275377
10278868
26842807
17187134
16056439
25295130
2632924
11744532
29849665
13277589
8890937
16525851
1291322
25782387
24365579
28616892
20128738
15821011
24634147
4468266
19044997
13924411
22478715
17858154
4589533
14682246
14914728
1484898
16995734
20729846
13781686
7188846
2379425
6482048
18633135
4187292
21697748
28343262
2483400
15712233
21875596
8009183
4038208
24961464
13628420
28176656
6447727
19989230
15733541
595141
6384423
3749684
12129802
16066040
23929553
11758666
10934466
786269
11407100
8288818
24983377
24048915
20406250
16901301
18069675
25661083
21451283
2307689
17771200
24467030
4545203
25194484
9647932
4990656
21438110
12590565
16315262
23033262
21554159
17646613
29839779
6858686
5587827
711378
18695312
13044094
1445629
26102709
11132804
24553705
16478902
11077684
13752642
6584013
6573831
21070475
29113673
3729177
10235634
10971801
28530981
23279662
14387409
21348225
26115909
19200445
24951988
26534467
13326396
2543658
7867103
19045308
20949507
18397607
6483639
23456926
21364595
7503304
7366766
28607063
22284235
21212812
8360251
10917105
4371708
17944350
22450285
22627883
17957786
26269699
390128
15494756
16749869
28356809
8487314
24142488
22955369
27617611
23996811
19620417
11734243
12895842
36126
21267856
8795225
18585891
27172367
537802
21100867
2035873
5208280
21772467
8827753
22521971
25182207
6892773
9768601
1296113
14153286
1168571
23597535
3748931
6759841
2404987
20640512
11034828
10662036
28189052
3372795
3340807
14641888
3578892
9766363
15185478
15227514
1751721
14096839
4576128
6774195
16509584
5396148
3852105
4885691
11882292
22168419
23046259
29435936
23964441
7069417
1706908
6359807
20562372
2532694
1613338
8265200
28335937
24745833
28898103
5273888
20393928
16696383
17811021
26203929
11742410
25572583
5576825
5298913
4993397
21454718
6544391
16488824
3728391
20668845
4870216
23390171
21987047
15400523
12899382
15733942
17263998
15336515
13190967
23292018
11419199
13037051
18407670
24637517
25479818
15019969
13956932
15768449
849624
4712751
28662947
15013623
5912853
22159570
5250920
18376691
29992240
4229363
2538650
26557979
12774728
26840112
10045708
11893095
24969042
13565191
24945068
6040662
19185017
27895547
14844565
21243183
25062132
8213221
29183551
13731457
18803697
18339717
8140075
22090268
9960252
1589176
16564085
17511017
25235970
19581687
9189020
24496681
28417277
20040699
20909009
9963324
12690970
28629940
19841767
23296354
27944344
5335498
10521863
21010470
18550140
611493
26878012
21896599
24658617
27753075
10631493
23430794
7789672
19918763
6885968
3752008
786083
10627125
29589500
6406205
12171591
21811763
12928007
17119360
5132573
24829787
10568401
26823157
28137008
11667013
14861466
430896
13511981
7741858
16304231
20868943
13155156
6866938
22520578
2921012
7958330
18285205
1671011
9016439
29805041
27884280
154499
12079413
24583578
29359940
21571053
6552695
23597814
10981053
19214782
27775470
6314602
608387
29808774
9894771
3992103
5695836
13937401
9710644
9177
23474021
7870204
19510465
8296608
18710412
6758451
12896871
10034354
17556560
11356174
16549196
25980218
24047579
20712543
17104105
23323089
4520764
18992101
6566489
14737563
10213678
9398304
16399208
13646322
7454776
23408765
13303244
7413891
18668272
5839109
11093629
5857820
26526983
3027588
3575099
11876244
18375207
10026739
26302819
19229785
22817787
29044504
8018446
8685977
26412200
21229911
1885819
20364895
1660682
11330617
20367827
25393123
7261603
9104517
856837
8526626
6707734
17708534
7643064
20867055
20565319
13685073
10361830
6600142
8679112
26034275
23515148
22543287
29811638
1557388
11943739
26668586
19965465
5958489
27923962
14676285
8827783
431243
27774255
21343319
26117998
28810037
11155974
15039125
5197700
14158912
17723591
9749223
2663763
2248378
26094153
23546109
18383694
4258456
15841788
12416425
989761
4264336
20922648
25310452
24696424
5531489
25322315
27905110
26846695
15054970
22843559
14889821
14849356
23223456
22509623
27375039
12304185
10873618
27334412
2798255
8236223
16710150
16943053
21339233
2144078
26123152
9609091
15001882
3772741
19125634
5695416
10913029
7241637
16262270
27180998
22786641
12730500
22372507
13218382
10908091
23128689
1807249
20244525
8618736
22926280
21476795
28796763
28850181
21111996
28922410
27140456
7535471
4996334
18298058
27735929
17989279
11766201
27160468
21269412
28403251
21436687
19405361
11152558
10847373
28268697
29326602
1055394
22252960
20524292
7620059
599813
15256457
16472925
17577550
5844105
27430275
13301644
17080888
22226034
17031109
9930609
18264497
23890580
29523623
18568410
17252135
15341719
26604848
19278152
206775
17429378
3002835
10716610
737026
18194329
14567230
25542322
18824044
20587071
15923583
20435943
24184007
12730356
13413115
17950624
4067795
4386613
19369507
26905534
13008627
4914368
20537590
5907879
19429555
4805744
9057351
5027792
28415221
20090412
3135351
2693564
6815527
9843384
23171622
27742817
17602773
24722324
4897909
24323959
4817148
3499028
15099096
208222
29998626
7606455
11169194
18408747
3118264
26398500
388182
9106276
2015350
22310310
4141657
22929684
530002
20194848
7416131
23062521
25667612
17406029
3871732
25137002
22448550
12125968
22791418
1122079
14091222
27057850
15235869
22084883
8516208
11120832
19293384
15092903
7063371
27039163
15827069
12249948
24021388
897321
12874005
6011114
16588661
17898140
24827451
16401219
11639462
25657274
12221623
26058454
5124644
6725515
29058158
2937531
9783813
26196326
15964627
6978982
26493808
20565274
18316189
12006407
99424
12623374
9013347
14487335
19510145
8324943
11574949
5942919
25941380
28126783
5233320
17939367
11973496
29363955
14961956
23925381
11228397
13200617
23018445
12827474
23469931
16771038
20487256
19173375
1989373
23769898
10513820
4953042
8468153
10595878
15216263
16237388
3297133
572562
24754246
14605721
26712068
15106712
21591885
16502637
28867771
2687908
13571007
6889496
13507976
13307200
13049144
22275958
3365686
2837832
10689695
15958902
23976706
8412991
5789178
24466413
2423518
16791936
19714665
25929676
7931728
26988313
17830933
26647950
3769344
16930702
4780471
24999757
11531567
6803834
6215746
14264295
20289195
519240
12716191
26324076
29605980
26482546
15591252
3001180
8344105
22459504
6729675
23244790
9354392
8172677
4832525
21711671
6379459
20615009
11952010
12445237
15705123
7464871
2432953
5674568
8950299
10459851
557658
22032892
12349852
11944970
11341692
13286494
28290512
23982298
23212444
22570674
23523211
1383084
9338188
14388769
1221193
3460631
19892268
7840728
27222538
3375520
4485586
8254165
15777163
27132340
24685310
6518066
26236692
28051065
18731745
13337734
5186023
25275152
29504232
15168847
5540312
598178
10801959
15635399
2695912
5249803
8770717
18962524
13051760
22792936
28265837
22718143
981808
17609418
23756658
7662933
15090237
27847734
22938270
28327835
228358
22835130
11175080
20493472
21514395
16967275
20252100
29449111
8264080
97131
150851
24310460
3057369
11081169
25085547
12822295
26120078
20972764
11820790
25360570
568877
5984685
24156284
6527263
17482773
14962595
18575015
14150377
20754821
4135114
11680184
2365812
24789581
14080820
10614820
2465420
28493617
25717651
7574632
2941964
28333090
8358901
24931848
16080857
26983370
13177491
29110027
25821651
13577272
27626568
14204227
28504260
28877552
29636693
29008210
16682496
11440640
22092256
16050726
2476527
29613857
21908123
17298410
7954527
4170588
15525600
27625116
5092632
4626845
2461693
25954249
179742
27608517
12752648
3928867
7914179
5505941
26738026
26516611
2177950
23182090
26835175
5801976
7304179
17676912
19777486
17294003
28467827
26331254
25468851
23504395
29973068
27423733
18631115
21097954
29907468
19139381
6162714
7698858
697073
16162838
12016583
7429724
11860439
24216260
27588885
2894267
14653953
9239905
15354725
18615820
9017862
13462937
18856917
29460901
18601937
9484497
14254925
17302804
15411250
5812160
10354311
19427819
24097698
8707787
8078553
4357845
6229660
21288901
4297262
22861400
20215103
24124741
11170686
25846432
15644243
1304747
6480213
2455565
11833599
18035144
18512152
2723798
28061710
7162136
6379513
18590060
4483815
6287072
14019772
5477449
27054001
468759
20176812
5235547
3445490
11197468
4969217
10842934
17725531
28939557
5114736
16873859
1030788
11838287
7527422
6164463
16248435
12485807
13359524
3060076
11608510
11071228
4463598
18777704
1624571
20733652
1835025
19766976
26302599
16192122
1074000
5639501
1269812
194435
8298853
20840788
21226300
26836515
3219419
23321129
25127755
19550884
14529125
8279170
11348992
28174697
17261685
6388579
19576646
10728241
23794881
8882781
27083368
13608957
2144732
1797053
27366606
15909716
21347233
10589429
7830907
7965589
18111049
24760569
21655449
23776405
11958190
21695526
4624668
2385481
6556694
4267789
20664413
4927613
14196123
24075302
20669005
7905814
18137541
1898082
11563125
11465138
5445451
21346688
4650382
19189396
13668225
27484177
16253211
27686574
13276517
18746659
16596306
11404224
2482672
28279124
11276361
25314654
7007529
11323309
4632150
8101976
17840610
18594047
4803105
22539954
26569209
17078220
14392904
6953504
8531060
23089530
17779705
13034028
12103539
17005252
26625359
141104
9508094
20138807
4265950
25653857
29311666
24804124
28976715
4562275
2992405
23642825
25076913
11968773
11328146
8758513
19958031
247961
24230632
23746873
13257675
9167546
14004177
7255718
9214563
5466885
9472676
5709415
19899631
7792747
1370285
11779491
22038594
2069548
13839984
18494843
5657888
24746516
9435134
17095235
17097078
27227190
12269636
19666184
6444618
25833845
9534640
1718359
14336773
7966015
19075912
24431728
18344289
26682656
17363127
3348513
15308955
23460284
9961392
5995275
10706092
26333819
12762401
9936084
23804530
20092212
16796713
29937429
17237086
29652687
11923135
23647934
112429
7838928
22845733
3922040
9068558
6058010
19723142
24988849
23140259
2593254
3751747
6060192
7844742
1247861
13718620
18721846
13032093
20767751
29609928
14871863
24787370
25514454
7618244
2295439
6829832
17608342
14744922
26958920
11121849
27341725
1280516
10897957
4357874
19538263
20489490
2582261
21321622
19100223
21168802
8205490
29339018
11205570
23685157
7199097
5169160
24991692
23903244
2944418
25789523
16785881
6814804
19784370
741355
11520953
6972946
14802840
29236061
13851720
13062538
9792361
22209608
9414792
11242056
10191302
5889299
4275524
27243077
19826474
16952472
4465486
377636
28220083
23760867
25680364
17177337
17686833
9284594
1556703
9904871
22579881
9084106
24604851
9249555
13149323
4891229
14329316
16027818
26968527
25591680
11569888
20434213
7193569
23572625
15365279
3218128
5410513
23347632
28972235
8737983
21096758
7151598
29562153
28372455
3521127
26797417
26197128
318492
2349338
15672446
6541223
18387292
1318240
28821676
16334772
10746683
21389418
25881194
18372277
14731575
28184319
20443142
22541262
6797601
12532159
26981047
9269309
14669467
9162551
28447738
6322688
15852424
15683049
156627
5467170
9520080
27268472
2612549
2399217
1603126
17019198
8581207
5277171
8117499
4454048
25864411
13641955
15993053
15896564
28437860
119006
11270954
12958259
28201909
2885495
15385231
27357137
1930437
11505649
4225226
29011998
14581098
7715101
22068552
1855956
27798026
14549638
5812303
14704546
19653294
18999189
12020350
5755913
7942478
9414890
12772739
12334688
22668462
14532058
17408360
7901659
13255605
21770362
27689316
9546995
11194691
3442335
11449743
4600187
2772732
24719304
8633955
29587051
21898889
8110717
29368182
25173451
26034806
18379319
6806149
27543629
7210703
9907218
7030674
15303605
14764944
19222833
14585471
24051708
7215409
26492097
8411460
25065489
17256751
17279199
10551902
21275549
13705041
5960735
5039557
16736498
25331078
6470651
26600829
4698144
15834328
23935482
27500039
24659464
6344718
26819317
22773039
2467301
20685989
15471728
20051148
6850417
21130720
8321494
26180775
29210116
140621
5482988
9058184
15921502
5683524
26908202
23856117
29691854
13839769
29685080
3309404
29227411
7549836
8316628
22453095
560632
2373370
17568595
16120966
13358464
18041130
1199122
18983501
27079455
14146434
1726898
8888139
14006297
17725314
26887441
18252155
38297
22236509
20198826
20702459
5804918
3903137
9323344
21348994
3182672
5388441
25911763
23394461
24577634
25293781
18612292
23681051
25006523
10411277
13988162
19572965
2017090
9247221
20732520
16977410
4044033
23862767
9766676
27932716
14773854
29882865
22631846
14919392
18174341
12559831
9229873
18974097
5802891
23658096
14995256
5379651
7184103
13743986
19181602
9008984
11093793
28501767
27823069
17020215
15831344
16168784
11411178
22021085
9087848
9946798
3751367
20865021
2238339
13286896
7015575
10185872
28511731
18770147
28258065
7686085
19557322
28498204
928617
24532962
654190
23236227
10669514
6704446
11945674
28248158
16630287
7392900
14950533
8062775
2499549
21166750
24369930
28476440
2031370
21503415
3322590
3101411
14523113
8652481
4010241
27012704
29179267
21396884
826753
8825187
10980301
4499715
19241453
26454491
14845864
11205154
6398251
4256688
25470881
13045888
18709442
19594968
24689554
21670355
28850637
15758582
21958691
28405635
9024310
5137318
20317817
29750034
10968601
3891752
321081
10110206
28297338
21884967
29487376
20622297
16394304
5634107
24509621
17027138
25808148
6872581
27010150
4464181
29183057
22824381
3616954
20220743
29831502
16070861
25253257
841508
11057308
22876286
16037109
26431792
18504165
11289069
2079877
16811339
13144091
19853106
21680067
11787344
27174458
7395304
24484399
15754494
19308592
9131289
28396475
8096114
23241679
13098912
5324512
8085150
3312850
29738068
29195066
641132
18088916
4866303
2171240
10139538
11696946
22244732
19016860
26840771
18634611
19410279
27011632
10754974
14297405
5391786
18493927
29146844
18151749
29198538
24315268
11799328
28963791
11332691
22085412
13783298
24327593
7249181
1819816
26144529
21529863
23590172
1260213
1621235
13830510
15295070
22828843
20355793
19198527
21323492
16158111
5753037
16234236
9360125
20588583
20969746
5438137
5851642
4574438
20379200
7699007
24218900
13198226
20259277
16702752
10321282
12993669
12786633
20360056
25348436
4809039
24427690
14175374
11115140
29230453
16380289
1323031
8707337
20177887
19586563
8664041
26307400
11497940
9305545
28658923
11490158
15386514
19921426
11698287
26116159
3209073
28463920
26176458
16060328
18278521
15216940
28039372
4500348
26596212
9035624
9944404
5737525
29346928
6309123
6519425
14958722
21542932
18258208
16033832
19605703
15053739
29403772
3807386
19513579
29675584
23780836
2231712
21587294
28253495
4025722
7840494
17352079
14455381
11757666
6001939
17730455
6214172
7221135
16451369
18887038
7032923
2938136
3400505
7595268
17587833
25911105
11913248
20912805
11764569
19971514
22169898
15068520
11202937
4426624
29415177
10637348
8246236
11021522
10632416
23027471
9794365
25874152
28419068
24812759
682781
19243714
21515165
27438526
25593399
23011479
24055635
19340145
259114
15620571
3329731
27140045
6296442
12417952
16385385
551928
12815305
20911193
5507576
23565874
7385943
21698458
6134655
6818088
14493595
12078290
17988408
3667220
17972021
23564491
26186116
28365526
6745563
29216590
21204752
16005854
18988547
10575601
27111679
29116165
6754486
15641950
13281376
1183165
19769909
13825066
16931954
23989050
14715426
26451486
23945376
23624898
13555036
23509959
29026940
16899362
24955939
1489705
16505815
25281689
13738239
28141355
25815850
8095717
9297654
14172433
10894806
7356580
7304733
19406263
19387069
11051214
19928473
20625295
879892
8670645
14350913
20827080
15059968
29642554
19615534
14740501
15093660
19391749
10828317
23837010
21097259
5442550
15224655
18092716
1682601
10052310
25205632
4677627
7235282
24095745
17036705
1521345
13556376
8496790
1439784
6059079
17702432
7797905
11381490
16755233
26530388
12630227
23840970
1744069
21158716
28419690
10468534
25910911
9426904
28396860
14191120
8947623
22914451
27521395
13789088
10579766
596991
12080782
12687179
29114644
5751835
2121109
10045005
29614947
10542700
19479106
10036788
3915746
22286655
14109228
13616283
23268762
15866616
17568868
27872064
26061529
23815912
29469912
14118733
5771979
27629445
17267782
404913
27499969
2600899
22871698
17686030
6001407
25604490
12067698
8526454
29753593
28186827
26500139
23420308
10966365
20508453
27124733
10739308
7601433
7764044
25350518
12229151
13455115
20537161
24847458
27175316
16959242
480699
17332575
26166673
11948919
17690840
28681003
9086039
3670176
1142364
44521
24220582
3306674
19753708
20028237
26557536
19048691
26614666
27487157
28699730
655815
28001615
12594456
3288198
16443278
24435556
7136781
11861488
5311689
7891617
26770121
29259959
26689306
1923495
18957346
26380877
25048468
19355921
9646704
17970566
753437
2719987
14411379
1597503
3058042
10102113
19489726
5278560
14574901
22360073
2494354
18159772
17746401
25916179
1333870
914931
21879402
19683101
9230960
29488381
21708825
8009917
7081280
938157
28766450
1988303
243212
4244235
28022832
16429872
21113857
18810678
2996027
25376379
17347570
2051903
14522779
7188067
1694554
12993716
18006394
19608151
15777884
11057594
13808598
12729513
17742168
27819460
20485711
2684263
28736467
2090162
7869368
19814223
27808546
29378310
25814501
27038051
6811529
13114484
6581489
9118205
23181071
6315354
18906567
18979938
23107551
13508608
9966275
8232309
27772518
27754910
18811380
20397986
21127797
25792872
18746184
21688811
13177812
16768096
22595897
18239337
15036269
14907506
4533535
11003777
16367285
16578160
13368278
3733185
11456402
25766257
25390408
25148695
24731156
7271475
11846885
3097225
3971884
20365183
5266990
24485594
17932924
4059815
20495958
16132774
17179229
21151745
27740889
7715839
20428635
16831027
13740415
14532088
1104584
27705783
19269785
21806719
1284492
23601023
25301754
3428684
13501728
10314921
22806340
16768580
5419333
28025969
22496319
15223014
20891562
25479204
12946483
9944254
11000914
18232040
13741772
25875334
19993790
24288095
5775442
27387891
14896828
1537342
4075719
23103487
17336677
15267779
15271681
19641128
22235672
1991355
24537392
18205864
21580135
4136991
16312331
12747399
5650505
27431108
8414900
24466494
25229354
4612585
29398980
25524518
14631463
10888980
29982087
21754379
4853888
28262764
24796207
28344254
29504419
28680194
16185401
17795506
18342990
14266939
16550562
25664961
14969609
27743760
15905853
14280230
23896847
24028426
23248345
2768302
8802363
20992226
20524021
10597597
16176246
14664292
17415760
29209471
2539015
27816884
18224888
26456539
15043569
28398061
25561829
14439484
7712371
17364521
8702454
7361531
27318438
14668621
18485029
25542757
20672778
742372
2792522
26548479
8156882
28527910
21166084
2179909
25691284
16854236
22976005
4661628
10093220
16652435
27483508
27408770
851095
22211163
22409038
387591
12512230
19403720
14437570
7955389
12077397
2772180
19717756
29741954
5229422
10015746
14328099
9076246
26449884
15719073
10671753
16740353
24786938
20282687
2081529
20442909
20652298
25403602
24916457
23831421
19495357
7132981
28637503
23229462
348960
18126077
4976258
25989131
1624042
14181753
4682430
27849750
21909770
26124914
18354240
28651578
3973773
4543514
679053
12772365
9104222
25288893
27338340
11868624
22984214
18600140
21369112
22544918
24386245
13349867
9585961
14342109
7775386
21099496
13179435
6916354
6123312
15148180
22784302
24297681
20623017
2825566
6121999
14483258
22055227
10236715
22551727
19366759
24165806
21781815
6134846
13160534
29874014
29199745
29380542
750213
13871902
14704500
22088752
11695211
1350052
24338941
19865584
18538198
1429839
18201229
29395298
29570679
5672666
4307769
12175140
22539597
21803200
18316307
3727905
26510612
5734457
20990105
5709425
20539770
26799673
15951125
4177120
5373799
29931092
10655947
23677650
29744922
13341662
29326558
10436716
21293372
17738220
17396541
26365225
15374817
26386829
531102
28493407
18722366
25599728
8706330
2126060
7511625
351176
9727577
17149680
9024085
1383624
5173923
8373020
4288477
15419915
9341846
10195981
26044059
2413744
25439711
19835736
20641985
11664137
28240018
22551966
9737908
1718630
13354834
24259876
6943241
18287329
28713349
7319310
208014
19288165
6707081
13951697
5424433
14924269
13255197
1814675
17325651
3558232
13946477
19251239
4261998
28208910
25099826
16336479
26978437
1112497
12580064
17128574
26373246
15472079
10364801
24517441
26518089
28043552
14006631
29244937
29167644
4701746
2073416
15248816
13450997
577356
13628273
28096768
13217439
29802194
10838506
24288455
20556895
10544182
1516378
28514873
29930232
26803024
20822150
8238175
29892318
18008409
15620943
18058229
7079961
21347531
28302853
2061869
1333451
19076917
1294456
14659678
2253121
2474953
19816961
25700412
10066118
7599207
9007810
16046267
6921785
23463965
14458423
18205653
21656495
11591452
14949653
10725565
21024677
3957102
9956115
16806308
24743055
5505656
6406642
2580861
17636578
60724
408921
26543478
4958368
23182949
11743398
11933653
27908414
23042506
25383763
25215234
20837517
26760433
1530852
3633693
17232374
21431773
3355340
18996792
19157420
4184374
15155410
3715779
5883406
594703
2288394
29532121
13761010
6893138
2872088
15130300
17970950
7361108
57058
5784134
21143068
14427462
27958875
17022341
21729308
3726626
20225089
9076145
563638
20325445
3413436
14978889
8893951
48290
6789735
11266346
28057409
27310332
18565790
21493532
13100306
9324316
12166945
9343064
27878828
11163532
18658257
2934915
29058557
27141437
29316901
28188316
4769018
2300086
17978242
4735523
27434151
3388307
3052662
18828761
12858656
13298632
17628727
23976778
20808587
6788177
14001852
27811816
18135852
8691951
5715916
9040851
24595437
12881832
12860178
7543041
26690060
5502539
12455270
10086472
28001483
21292174
21932953
13339522
13742620
14636256
11332344
8674888
18937644
11427878
5640836
27593572
18859026
14156525
14760772
26363860
21506813
1743236
13749506
2791412
17409163
4711585
23317446
12807770
25869241
7004801
6564941
4399645
11324356
16265527
18712202
10934718
21628606
17905088
19288523
9839352
28516633
15757295
23984266
5581770
20196822
4281420
5023893
18306500
24805450
24881677
6178996
22229447
25774545
16281194
1995123
29425431
26145876
10148820
25326785
2121226
5647480
28977855
4678500
17311510
5953843
26727307
13842834
11630917
24377931
29263235
7636755
10261213
18782373
10761625
20298709
1775368
17208955
25074697
21348117
1264760
12821078
24361664
27553034
29686958
28292830
21914378
11314680
3349012
26721386
5639030
10087250
11135670
14453828
10628486
4729280
23509899
27571330
11103526
13711701
3266635
25506903
12145903
20479898
11142292
11795812
22875546
12582938
24533140
29332265
16057505
27727340
18769268
18391705
8319315
25315042
2137932
23580121
11717391
48611
15162032
1107218
810432
13209085
4151763
21407215
8966219
29769638
10510499
23196327
29719710
20346169
12647090
27306171
8846892
10953423
2068260
18150361
20437292
24937523
2904268
19080229
25283709
29672575
14213050
9133691
18201649
5751228
19022987
12059905
6615254
130882
16919039
19223305
27031327
1812275
6396937
28770750
3188458
22066260
640804
10861434
10418469
11311501
10324307
4782887
20775812
8715673
11200749
24506352
24146213
7438174
7327623
15794657
15263125
8688771
27992633
13724509
3985066
11901443
5109113
20289646
28242132
28981040
14712310
21059624
10205887
29854165
11479421
17331092
25580542
15700641
22658431
2730160
13621508
25031556
22626376
4773610
3186445
5657988
29249072
3567005
12615557
15231139
18764972
6737316
14128356
18633857
25281336
4976210
12793896
22393445
3470737
4102322
9276074
10852566
6257276
586933
29881436
28186751
28368372
8601071
23035759
20687934
20559221
22799621
18029076
3099700
24989331
11138155
1064799
25415088
15658434
28130104
22546565
23996886
24393716
27691457
27609885
19966263
25521255
10234319
15244101
13599852
5868968
22223884
13030838
21844034
4832025
26059918
28066145
11885936
12798217
28496179
23552891
12172054
1892777
8687941
10395762
13141639
16308333
25870286
19456559
435192
20540553
1602291
24272769
3241906
4527339
19117599
26460988
6352995
16209261
14243301
7944554
10399017
17440807
25493973
27201403
23572755
25950220
20146674
14587589
5313073
13355460
10264130
3396902
15559144
21633085
5904080
18358704
12992556
1713061
5018056
12350554
27355510
2801944
27113949
3684547
16647082
13515618
6441692
9272296
2775241
27629866
17623542
4889479
13136597
3009187
3522272
29655221
2956847
6210865
4798372
1964737
12447684
28962204
20731562
5877974
7322505
1664759
15840906
3466214
18591088
9059381
23284641
13341982
5243294
5608839
21429697
7630743
24315088
18168248
23474861
11393183
7139208
25168395
4171170
13713677
21640543
641173
22994205
7412453
6922224
17359254
21385237
13164662
7735011
13515440
23729861
19298714
19363615
20956093
6329825
21177017
19660352
26820824
13209303
13522287
22532331
7990611
6606816
7424864
17535464
29440752
19099272
11017514
20921463
17344800
29420188
22150090
14018804
27565874
10671078
25455948
7501377
26801510
7917230
6295351
9942744
11748510
14733248
15123283
29996320
3343758
8657802
16170231
15763280
5336075
17229267
10288687
17552997
12970596
2680461
18520266
11363061
22278938
10337872
25241865
11041585
2018754
8916991
6324981
23222640
6660365
14342217
5097861
13789565
966342
9839370
10835487
7247742
25460847
25114424
11964502
26132428
10570120
1144062
29648703
15801019
24497016
4466810
24303873
3036523
23770354
28759864
9506593
980285
13618326
17606605
19070468
24630272
28557034
27189359
3399024
18571042
28866493
27149828
21106748
28593951
18691059
29992111
5262108
1237839
12514152
19965085
12513562
22593253
19981672
14891608
17020510
12205614
7687622
28563509
17989697
27154113
22415907
14150086
26974596
16229733
18386174
20495908
22432010
26382100
20251998
11042768
23209791
8747448
11532311
20721767
14440521
24914835
25952209
16898792
14657827
13938718
25920629
20956948
14907135
25243714
27766049
1625724
17027873
17690716
15035757
27575400
14102669
12541363
9773325
8859278
11074494
2452726
12015244
15152187
29788768
17349981
28545056
2051451
7967389
24239777
3705578
7760436
24490951
24289178
17030567
26876162
20200934
4420337
4912128
29818522
19985214
29152250
27891910
28804041
10600281
18294914
28924909
5611910
25755579
4118749
29699330
21404211
10539977
21125924
24341622
17395219
8080751
715336
12308167
10846819
14287112
14648583
2142284
6156031
15802565
21519595
27418711
22643737
15303659
17554292
86190
17896604
3511198
10745763
22080972
29241726
3455215
10202108
3898425
28073595
19694195
19958904
17185407
19934832
3827547
28106386
11145991
6015836
23411222
13001165
7570782
17878716
17454750
28234338
5615998
25250122
4792438
12317073
24003366
1619021
16205479
18496271
6319517
17109225
28044367
27337905
14340265
20392269
19346024
18888657
20534169
7978758
22208623
4935124
19742332
10899216
4180949
13271061
12518931
33222
21740030
12175313
26294955
4320099
15222956
22768831
17700068
17436241
4243807
25131691
22231621
20356130
6039980
22451932
14517291
803770
9232261
7177747
10518154
27276564
5342556
16436065
14134747
18199752
25296746
2583011
26971044
3843311
9954667
18982829
18256688
20506247
5626349
22691956
10738321
19941633
13559433
11862860
20691515
24771231
28484177
9085318
26328260
18438654
15273332
1522721
8247664
13471583
3154930
3750566
4304460
28451708
20422969
10813406
1359524
18920531
2555768
20606664
2123498
20403958
17542970
15600338
9164112
4543853
7557676
7420076
17071832
21906031
18044012
21954964
23596151
10247315
10159670
7833677
12979983
22847741
6820375
23575437
3526666
24080821
16233366
9361209
27665734
20099053
8169162
5210029
2331931
20451938
1897570
7954764
4926984
26033977
21900724
12136387
25161152
26379878
17293491
40943
22395711
7263436
14298778
14595825
90346
16397854
11263338
8350540
22575312
13091290
2912931
10864356
7135141
4532420
11472660
840667
29222571
22246488
16222284
12812911
16310522
8361236
6866487
28330238
16548631
17513748
27319957
26562560
20083211
16543320
11862767
5686878
800111
17335749
18449570
2167646
11957630
5547998
27897856
14896214
14439211
15403087
25255715
27428059
17924228
25019345
2069243
18172118
2913841
20886721
18487675
24724541
20907933
15846889
4310365
12098006
10000453
12861807
18313788
15103686
21102339
29408803
4621614
9922604
20470793
6402789
10083635
16651727
3158205
11330896
15804236
12654511
6913878
8537517
3853482
19888037
26680751
8319959
18774656
7177016
24300415
22564171
10845588
20138635
29807105
1362901
24089977
11781885
22322085
28319916
27490913
24462484
203740
3496573
21061755
25303934
19242155
2320124
4215150
14268085
14299753
27594216
6390281
11667985
7399511
2263261
25714207
21514378
28727888
2497772
46431
15654899
21306046
11821311
8568296
3141652
313400
7887554
11380163
15219266
8832356
27326380
18649759
16539922
21592065
14408158
15278024
29467386
17375861
4370065
25645308
3192102
17011323
8481228
8688800
316756
18812521
10157418
23882172
9900169
12648074
17415868
29335087
21195955
10674774
22288497
5375869
22383629
27664936
18958033
495738
998840
3076336
13949111
17748586
3345402
22724719
26627980
10254199
26945487
19900441
16107689
6850541
2192319
27598619
25363729
16013588
12964618
14138357
6295848
11861961
13906148
26133036
26574384
5058192
26910756
27484931
7462043
25550321
3422933
3477145
485733
28624667
13476387
22525603
7148530
15688017
4617233
16863689
22541062
22550809
22798965
23978823
2311638
8513253
20625422
22935024
858416
11254126
23288678
17074457
3530775
11423714
24001734
4503049
11758562
5388544
979810
16691413
3889341
12587503
21762273
15935492
29383034
14925841
5428466
7925624
17333281
25561727
650357
10915373
29974202
24261219
19974804
9568170
24796468
10079666
24909076
3066780
11172633
13335375
19117937
19149953
12998513
8592807
25814373
16765116
11184233
12473676
15354126
7126658
9042418
26728488
14701510
20017129
9713294
7352450
11868080
12854673
9931768
22213691
16703530
9908217
4336514
918843
16960314
17515120
5637037
27802594
10621211
21575445
10794203
4933684
11791046
25610881
22442761
21198997
10819692
24532079
18358637
21124978
29454285
18871893
1409316
16759351
17218738
29066976
3072345
17013352
11939759
9196163
19995559
29065151
18012785
16027261
4947536
14827385
19091617
4923295
21285836
16026895
5302478
15553540
16395768
21349715
1035837
17376538
8279112
529917
1793207
8530707
19515668
2604930
8876864
20238688
11677665
26063117
26508711
24554524
17650297
21912131
7730167
14153035
4418411
10438151
21192405
25056397
18294461
3261480
22150066
23855026
29621222
13007563
19049184
29629850
19748366
19777622
7590048
27448115
9148524
9281496
4225001
4849073
28164334
12554165
10851505
8431529
14450059
18463379
28631126
16191422
8514724
2481973
14176914
9806358
13208942
27724235
9356944
23503039
3916971
24720280
16128924
29853001
23828629
29365693
12105734
11760596
15864926
1724087
12679102
4671889
28296474
20220358
19314380
1826316
16053035
15756059
1473443
12844948
6036782
9866161
5391448
27773702
3035582
25586405
18556447
23822282
2481161
6483476
20023438
17737267
13522154
28938078
21367286
10079647
7060141
27066267
22261189
18909753
2625010
17131047
21246668
9990926
26044356
21745174
9720331
14817284
14222424
14387976
18611622
27200308
28822525
27418898
14662807
6495238
9438867
21158358
26047334
23728117
7051285
4189563
26179717
13594643
530807
29789810
11269942
3935765
17291594
10201085
28248397
1326149
17787398
9462217
1805057
6502383
6300719
16838239
13477201
27080812
25423922
15050212
14606091
2890154
25574382
6187741
1217859
14140253
24088549
10721394
18256380
5073250
8468409
18301766
8854370
9883892
9846075
405208
827449
13362037
7600340
5282440
27661418
337399
10542942
15772969
16458551
25278744
161793
10784080
21660785
16310491
4396585
741582
11294369
29759770
27938878
421137
17745510
25688674
6542680
15642267
2977408
12259999
24758389
6601203
2055342
15856711
12500553
2828982
10594582
14766411
16557343
3168687
27845905
10633364
27730529
2521615
9094129
5843602
1657502
2431960
8316994
2923606
21689690
23909047
9558170
17753097
21615590
13338907
4896579
7640902
26086942
22791770
5587983
20463479
4252661
16962931
8898364
1573790
9354342
6543532
10979385
10431626
4813925
27954895
5992904
2158063
27449468
11742681
22899680
1060324
14257661
21730018
8052653
12595843
28338452
4426247
21359905
5305025
17469481
27576318
20229316
3201068
21998231
9617508
13544054
18569088
29125776
10413275
6879244
7763221
21761980
10098216
3092403
15321779
18141782
4027936
5648580
8021671
2130797
29218434
21453205
28731344
8763350
22602509
27132725
19203895
15007436
25378463
1941442
1752226
3782474
5852402
29686707
23079048
28989705
19081489
4701914
1864960
19886798
483484
25171851
25790691
16431904
25278847
20684367
2002355
22769031
2634660
2837990
18760194
19177928
14961238
3562366
18773990
20889444
4454114
4393687
14038894
9607599
49140
15400392
10756192
23114480
3726708
179796
26737980
18121291
125418
7055238
22444084
16525308
23491919
21712818
18147358
26260953
16314769
24268934
20053901
801172
26229662
20661127
2847385
8110444
1871994
24654211
13886811
5538173
14991611
23847632
12305756
6502620
9070692
16597341
10432094
2290311
6180280
4745801
14154429
13764274
21114723
18859776
10698972
11014486
20204618
25459783
12356579
17047277
1157700
19507354
15037058
16967511
11005479
21295995
27594274
29566496
17620822
16387461
27767464
9788940
25676301
4459621
24612271
8324414
26379440
22905853
14998714
14426269
18418471
5623085
1236680
4156698
3584356
13670717
1188192
27902631
747622
7816834
24442416
29303642
7255590
27310189
27881157
551314
2315353
18404578
23897787
19057301
26418278
7112767
5233107
20466322
8858338
24090794
13195268
25325331
19253034
28789932
7254474
22004776
12562858
3852677
20545133
124780
10856906
29342384
18459579
2744749
1604657
18171149
10226618
12834296
13387590
22975657
19423488
27190626
26706687
13451531
1206996
6146790
25930360
2665399
7275283
17074496
18454793
14666435
13401422
2162546
27645930
24814049
28687396
15193783
16825009
29567971
21371562
27275218
24908446
3628517
27875901
4732670
9572090
18890188
14584382
24594781
21656458
1664100
29044629
7358271
14805958
24473843
23861604
17482429
13001456
25024958
2734168
24247395
19310110
29515004
9599125
13514382
20607459
20033790
13556451
18436980
8713765
2149834
20858586
11503681
13950600
8056169
7784361
14900575
7645187
13957761
11221148
19593208
8540590
11850139
16832616
12128795
8904098
21761216
24478923
17570860
11535670
4567947
10104366
14526241
23302681
9019128
13638668
16218349
14772028
20619188
17618218
29619376
24331636
11207930
23670594
15497466
26848750
6080315
15010475
513449
304291
17396689
26733028
27397475
1513289
5989208
4302149
18239404
17965
8692297
5631181
28092073
116623
25802753
22228546
13308858
24001627
23775421
88181
7170673
14636593
6358827
15755209
27071171
26422275
18762085
19507179
7308232
26358771
17565734
2429320
5385239
12072525
10570165
4831955
11088905
12719270
27329613
7504841
22567538
6758614
21874389
29979430
26746303
21312040
17297958
11408730
1907565
29662676
5830121
9405174
24139
21975539
9852394
1555766
7552835
6695891
9362528
6083756
28936386
7462786
4237922
20502591
9701915
1780311
6774869
20399428
26753052
29098255
23912523
19042318
6688078
22394405
10921352
5046451
18842355
23507657
9103260
5100321
29324787
13242807
118275
29093930
15719578
23960060
10531851
8791997
11798985
27894975
21116793
15354541
22273030
5528861
3566769
17756538
25459173
131843
22772954
28464832
8619330
13350493
18144269
9665111
17074913
17119399
4744165
14419506
23524032
29852633
9083357
27638621
6638306
18322121
6547015
21620774
29240737
28705419
23506233
20931357
22916674
11978599
18167395
6470850
27411140
2579101
10950660
4215508
6581031
21092020
1530465
23892016
28076227
21729484
10276776
24080452
920806
20309728
25057070
13083257
21064025
29690792
1994039
5214169
23405209
14876791
3233391
16685936
18377686
3781077
11981416
17039529
15490480
17612907
27157539
3742452
12325518
27728009
16771621
29569381
25349303
8789695
17263740
3867912
1396055
13520221
19902678
16523858
16190272
9141057
24519817
19362342
15851222
24482501
17319143
25464315
7135019
12117175
9205468
9701704
19817328
6390031
5587755
26874217
8892882
12188765
13177686
2332898
18770132
5067802
1925398
23210554
26552676
18944159
26418112
26195377
2339066
28575312
26806899
20947328
1730930
24153493
9238083
20016136
5008201
15455175
8608299
26832701
8986834
1650344
22180627
18383790
2881070
27557872
18928765
6692952
25981996
16409818
27331647
13562580
25709317
13139803
11856264
3968564
20296631
21508409
29190483
1252088
13105733
17962122
10409058
16669271
841387
3221596
15839674
21032925
24955807
26668166
18217862
3592316
23076426
9206126
18310281
25004616
8452426
29293016
3061789
23478183
8127501
28866496
27543122
29730354
11570692
15424679
6026152
8245062
14379167
20071997
27074147
25398814
27590811
22703946
17671546
17680175
16210589
17072704
9826879
29288327
13371343
26346648
16644248
20709937
8781636
18126777
28621144
22956783
24601507
26795786
3399384
8866830
7435512
18915048
3663060
6844137
7226085
22776321
15959973
3044560
12484237
9764927
5860319
5711051
6111689
16141313
11572180
6831476
6569638
15067302
16364124
29622171
25572645
25820602
20567900
14010928
4492057
23129494
20929421
17693273
20446898
16507471
9483098
8017186
10457711
24274066
112188
26755928
28296862
15168924
29274398
2363525
14490280
744332
23694130
14863793
14750533
3156467
8323415
28772944
24416060
3592535
14638890
3618503
8214716
14137274
24893418
28764883
20933670
12054221
21647227
9737957
28355471
13791779
21319919
24452258
8686211
1450712
19230982
14269068
11971048
9097815
15419309
22203610
20799015
4974074
11145472
17097293
4002824
14909251
28874661
8990820
13951936
19731404
21510521
23875979
27557780
27959764
22540545
5731163
17651650
242914
27743221
24079058
10996113
12302244
14884938
20007195
25713300
13991425
9137736
8727801
22065972
15950351
13184235
8734578
23266707
3634568
26122262
19758983
18254636
17533676
23538374
24700772
29614242
23331280
2278973
73321
11572703
28730776
26206596
18998011
15440833
23825715
28941246
15219536
4192349
2023202
5776700
17390516
6646850
7036291
4365818
15354652
5777012
23124845
29124745
22266684
23419247
18964895
24789567
23010934
27973920
24803746
1365740
5838813
2441882
8726704
25090338
2618351
21377423
7817867
6879952
29218450
18641356
16104805
24636323
26404886
13217786
10277700
19352775
22914131
5598932
5071454
9479706
21909799
25738480
17746364
25573798
17539493
9855761
12886527
11650865
26093547
2710368
7001127
19493209
2870040
10920708
2891884
20440926
27264212
11506962
19433068
13371068
5896384
20790954
15766848
1814016
6261772
7270782
4717768
16644993
17029323
2229702
27178928
1626039
22189214
535678
15424533
11479450
2107126
19938370
16735020
22756985
10322403
11387741
15299542
19925920
26611740
3725988
15109937
8038513
6949295
17687819
3829827
25293462
6520594
7035645
5984357
17673913
5860593
11633707
634983
7554646
23784757
20400902
17468473
55288
21666977
25550279
13143018
25926698
27902954
17047078
17409027
12953368
11570072
14672684
1144353
7868080
7164569
17398227
15722796
4191459
12426984
6014968
18427591
15009374
23767641
24133959
16775695
24990670
21703064
10301264
14258730
8204130
17148898
6160623
155353
6763890
29782743
813109
28054673
9108968
13998834
9278265
26968551
19865905
12817992
11487356
22651771
24741185
28198461
6400040
26337147
14474715
28682459
18536897
16672627
8145575
18426401
25374553
13176672
20269110
28363420
4414701
10080385
19571565
16297758
25336604
29992872
28652857
29069837
3670780
6151308
15788783
7768926
5655001
13799844
26295405
25746514
22991558
12395620
10018179
25274471
8479154
29207239
5075638
28870953
28489534
21570301
22377005
18844121
24977778
15489062
6921748
19243129
27247734
13041117
17130326
23287540
11171143
2853011
3931550
3049355
18577216
5391596
16772049
176200
18236897
8368504
23694116
9435858
3087145
17153502
23650046
8422870
27368751
414484
11664102
19175484
12332692
5996711
7320932
25113791
823681
28884103
23340008
3998910
8207836
512953
9922320
8612203
29160889
20034088
7523300
8605646
4910602
9376595
8575965
18721072
17255815
5737045
22432698
23189979
10298359
17308829
26846627
3518442
16262067
9761253
29954529
23699443
9460096
19669993
15198396
19752254
7956544
25912940
5142837
3452928
18188707
12665733
9202478
15722568
326144
29245185
27780592
16565776
8904722
3011777
15438998
12483070
2160841
24189393
13421663
29799900
198446
10471582
1157418
27533836
1485743
24346022
28161664
2442630
27062288
10323790
5442294
16973963
22785735
20875324
12332093
23851284
12320833
29675489
21162897
13557063
21374102
11180708
14569508
29302184
9267269
8585072
20912009
26202803
11895928
11800873
6750379
11193238
3472671
28284261
28875085
20015070
18790228
8151373
25313451
25286396
19221285
25596736
10725767
20548981
7633539
28179587
29447394
13037394
2567129
7413039
24021825
22827936
31018
18747684
18708109
16936182
27888207
27862165
4369255
12401726
3597814
12368127
23913308
25020085
12338837
27585625
4253942
6794564
11839375
21039916
15472952
9477570
17928146
10556713
25302273
7636942
2541894
28484202
22115189
8347690
4661775
22724704
16812581
10599104
3918071
26249793
4775073
6198845
14718954
19382081
6537304
29915040
10024134
26110937
12264107
10816894
9290986
25541277
12482543
22452226
10495732
23015262
12709197
17804080
4385229
24969337
28043642
6680050
13178236
18113579
8822382
19735308
27727253
10920360
19383388
22059926
28106093
28510665
19853461
22910404
20093585
1078900
26000857
8659318
16488878
29607895
4873981
19464609
16763888
26981508
21556988
26335431
18618031
7955160
1444257
22538755
26907173
12677146
1714278
22158063
27127333
10608418
4353361
4004568
10175664
20176062
21477949
27938245
24603173
26130140
4601995
2034354
29436403
19237579
27018569
2543859
29604812
14390684
14661904
5595365
19908582
10001243
20988866
8338512
14023665
13441669
23228190
4939446
1428071
9116872
23701613
5205240
13751671
18460290
24052033
41978
3663145
1740331
20145291
2910821
11385441
1301370
5044440
4005156
28295171
3386422
15113322
7345482
267311
19765793
23114112
7612343
26300859
21353551
28435892
24639288
29291976
18392920
18040752
14088982
10385597
25754565
8639551
12902656
10068072
2336361
17444368
7120190
7535783
405448
25443542
7233594
5268315
20667781
14169283
6355216
25322380
15803506
6681598
21039146
22376765
3498009
4640858
21251751
5105633
29131606
21076628
11158388
12396300
11893722
12354072
20478131
10297616
24173391
3521991
29214557
16327019
10073232
5463402
27286251
24552394
15666967
25966913
1463223
2525438
16734547
19343957
13787399
24030710
11553290
7635801
14227521
24190802
10182202
24468520
10160818
26176893
23149735
11858335
4704764
13461563
12371717
4960891
4339306
3688640
28062024
27708170
10190536
19684021
17308291
17077184
13382102
4491594
6470283
21950746
2156296
1538899
28634355
8729497
12563924
23417463
17529381
16266564
24617901
19841527
13720698
11605115
8619828
6717776
26559662
17894556
29887836
14494095
26596852
14622636
7048120
10034994
3230391
26109623
17284873
4958371
27474074
26971174
21505376
23175212
20696060
13988420
27920030
12040917
24648007
3946357
7491989
22472308
16969881
3998861
18631927
6736135
21920581
12691102
11171550
10261677
9090343
4236746
5484624
18807868
25813757
5052126
26829574
20314103
17324992
6405843
12668182
4495827
13836834
27787124
3981841
26342746
9736784
12661585
26349231
4244169
14643212
16449916
11349858
17281334
14625410
12354701
11309364
11839353
14581621
13402607
12731063
4821599
3461853
4669511
17614078
17212975
13643080
10315903
12093571
12552793
28486081
26897254
12806135
11247595
14634389
17980964
7930443
2519356
24772357
18889904
7412373
26437876
12370950
5279199
7027989
9209413
8923414
2710727
28857735
9981662
14794647
1668534
27857564
19160026
8344251
7307802
26203738
14850064
2751266
9635767
15340078
20886090
922085
278028
17220621
2884407
27032702
27186779
11290858
4327921
24073377
23438493
26565544
23725073
2219020
17500002
16776024
24175011
8249272
28938518
13435421
19685854
27099242
15542483
17948512
26471129
14077658
20766264
22603334
17409458
28916916
11509154
13703468
12161072
7151221
29572080
17016910
3891130
19395833
20063364
9458524
19988897
19512289
17482766
20432254
25297416
9225491
13842276
7637883
29793735
29341581
120136
9486017
27460448
12236689
17297770
25042562
4428065
28723948
26876361
25782084
18367618
16702266
29062495
16645567
24221333
28618425
1918594
14579256
15902783
14978369
10954677
17673363
1147817
20817622
15392974
2710757
726243
7610279
23851577
20709520
20654199
23796286
12030420
17425296
2222921
15835374
19342974
26908427
28680885
3411682
26480739
17378093
21319683
16390455
29879633
2000408
27983233
13076064
17949486
29832097
17050263
14346635
21747838
24638843
4864940
8152764
10584064
10573432
22235241
523936
24678637
15083083
10331601
17982581
27402967
4416926
16328953
519273
11810251
3683221
957394
4981005
15919584
3380286
15114275
8721503
7969362
13025292
20920032
27471576
15198649
7567693
8364130
28061533
16075233
7733733
26728130
20862784
25012119
18441095
13891006
4278430
18157587
17852764
28161137
687745
15532629
13645409
4561944
1516604
11223775
22430585
18306359
18967627
11185925
29136185
29222951
23544316
17806538
26894310
12816810
12476731
4792687
22915804
29391537
11895655
15299777
15244844
8810167
7592839
25976281
27994727
407076
9451463
24356488
6334882
11993807
7698969
27558511
25043088
17466319
10090283
18910165
29392109
12423817
12895592
20617056
4396759
19235571
18803076
23451155
22266334
7405937
29800081
14185367
26807870
11579396
27950759
19951193
25302596
25873735
20338839
15093701
5338806
3883004
25141677
28972382
6161804
24246272
11585910
17526906
21284245
6741423
10177169
15472640
26372606
6526047
607897
13830059
27037572
22749223
23751382
7394421
28523357
15131319
16933493
4257054
6135291
3533575
10529720
28521723
1652828
678871
26164952
4729716
4974098
13721280
10569017
25164091
22356777
6402454
18826888
8781144
24896851
12540995
8987607
17881014
4788909
10883262
28548142
17507267
28097912
6979966
14743787
21987320
26446023
8447016
14021584
18844380
10532229
17495354
27152082
16175926
1322636
11454423
28577228
27846208
15525413
4532197
25455951
24594986
22361866
2593603
20756571
25539194
2303416
25940886
2963951
20950480
3713850
2671352
19923969
18610051
12656233
27276475
26438868
11435636
22064149
21084267
26853459
15091272
16922345
27565657
3343691
24389161
14542218
16558286
16747444
9990387
20644402
3776276
24680159
21571241
2615427
11192198
10430425
10346167
27472534
1152126
4667856
29666458
2569068
10437767
16356114
886554
5064770
27133914
20699060
29564881
28615957
2661539
19868746
8977649
3921303
2585004
9713576
10335470
24128658
476995
1960360
28533289
11351513
26049837
16333687
574454
25505251
11932299
13981783
24819491
28452309
1023258
27886421
12444152
20810947
28556268
24086110
29379096
25290380
24596939
9981810
8989624
8311863
27275604
11532758
17719756
21023326
11883382
23003517
6549417
19301421
10796344
20007528
20326668
25246741
23949597
24355827
10021549
3328023
22995998
4049656
20633208
1885724
8967811
22979447
8122015
5295630
12764062
25602291
208352
16404328
29830267
3355773
6666091
783718
24420461
18497823
12290944
1567988
9603307
6186363
20616469
22930019
25967594
15246149
15902330
21982114
26316154
11395355
15122538
1348791
25426824
29075847
19039170
9209010
20636674
5423755
13137197
23577935
7193162
12930041
26666102
25399121
8345677
4440041
315402
17472277
2797822
23335831
18702089
11896082
13526747
15888053
6926472
29492911
9405441
7535699
9198981
13218380
15858618
24624627
4601402
10926240
17787871
6743933
11560129
9117566
22311998
17587350
14287736
5142866
10003829
9165852
29751692
11190004
8543090
5291390
27635875
3600971
8705224
17931971
20765352
19544097
11934863
4629780
24864938
14304641
5451507
27203892
29191552
18760851
18588395
12981516
11377278
22096706
4424601
18314883
16972
6373578
22668090
23427751
2867908
3551464
20863079
8367531
9903291
9164632
3150865
16247409
26811951
12996850
27602497
9336322
14770941
10487338
10394918
11866765
19563121
10053445
3822268
8886610
25413363
1721422
26345212
15389892
26549053
27729329
4763735
12571629
5179996
3507616
4301356
27137297
23821533
19241140
24746947
12994972
1870257
323085
19460101
24692991
7587078
12803723
11732745
29535515
1539389
582917
21700897
28910917
368664
2872233
18479155
17357938
13412756
25353269
8901952
14625387
20336846
26654532
25461755
13524131
9925339
25676070
11913655
4485656
24919474
28478049
105901
16707839
16629578
1775146
1211857
26997958
20041533
10873110
17379043
18743162
8171988
25012120
5861337
26046782
17604642
22146631
17392061
6516578
15402146
29642202
18446094
11929660
4572149
25616841
11361160
10178037
475844
13688209
19496633
22227120
17442059
19421693
12391871
4826567
27000096
25609422
25240865
26256116
4684772
9860735
29889154
14696015
27469863
7426323
8243496
22751150
11745574
12181212
18162855
10277502
21341115
23822850
22760545
23712195
9324083
6900274
14155349
1216551
25599867
16274614
24308463
14564019
18077792
8228540
19955234
3169548
7584834
23398877
21397354
24608062
9490267
13973695
23658467
12586281
20630854
20621020
2948786
11819694
16369906
1608171
15285046
29235344
19592082
5945316
16160395
2531653
7899393
14129868
68922
1869172
11095133
28804641
17234281
963862
508987
25951708
28954795
25174402
18122799
25697479
24339195
24270168
2865595
18273129
2669042
29263060
17478124
14867668
17600392
19815147
35654
4762306
16815913
24621329
6116053
13395275
6526573
7427973
22596467
12874985
4467383
11225131
14803116
8139421
26740513
24577477
7225657
5390475
11505097
26800270
24359807
16186770
11172531
13494896
17775230
28380216
15179320
14340647
20757404
17701466
29208717
22003632
23521607
4614299
6077481
3619760
11113386
12733158
8560312
2959535
25002076
19250633
28449125
28056746
21982176
25458530
665343
18627119
7984213
3732836
9931366
17493973
24517254
20878588
5622965
4663352
8732579
27059772
10635048
17724481
20322641
6917352
28388265
6940644
25150356
22457518
19758013
28579269
8638347
11998531
9316203
8159017
26909189
494309
10980841
11412135
715174
27307336
15515525
16027557
24856187
20863818
11419396
22964970
10521372
22747392
3589216
8668637
20297337
4728206
28083500
20106109
17143678
2149779
16134500
312855
29902621
4203969
14428010
22071111
7270512
28051603
15744848
18895876
20633955
17620632
11342636
4056733
11395200
7199392
13411309
7875728
27595296
23979567
17032881
649908
5038755
17620072
22325404
14094826
9262792
25712179
15400424
3978644
1182551
8570029
8598043
17906414
20539080
27801285
2126309
7759607
159584
157015
26804696
23679273
4084571
9468772
24067676
20450419
18464597
25021726
27101878
5762370
15909735
5010449
11554150
14371014
29485629
16621199
10507764
26129378
8725060
12125261
13046866
13623311
733046
21655194
16132912
5462500
696650
5108280
24637425
12000676
29398285
10945980
25256668
68192
7550635
9507467
23761492
2412093
279493
8324414
29850729
27483121
19507017
10292517
12390391
2486003
24744351
22954745
439224
18470505
12529431
27953118
4047406
11450544
2746169
20257795
15666769
6752352
15302232
7000648
9813641
16307160
28926509
15340461
15122211
23570520
16063284
13634940
1158730
13096406
403979
20886804
23669752
24586205
26575042
28425917
1621447
8698734
3577648
4814518
11345617
1000610
24237576
1901751
5306852
19702127
26992731
24928389
15253074
5743034
55091
27512189
14141069
26446663
18192396
13563299
22335909
13234144
22701686
10306739
13452325
14005634
152260
16773628
6035785
26592599
26865002
19638239
20791928
20561119
13063440
24045222
1902303
10867448
838587
28946844
23301499
28975115
23327264
1445950
3322521
24782628
25442600
18601151
10789101
18543396
2690223
10482424
20331404
8407931
23384079
4498795
663053
29640898
7229019
21133169
1221447
25571233
14622146
16141826
6836314
12520900
27323404
13801679
15990500
28127069
6315363
25053979
23928745
10652923
26452501
24519203
1950544
14484134
26495738
8099347
22175979
29271563
21343564
25989186
19055304
20422416
9620411
6334796
7737610
5532808
206015
5155364
2685498
10175530
21670623
7147448
9348376
18114434
19256869
22327809
11108825
11887733
509532
29837743
28750056
27962147
17650382
22121544
10479125
16070043
4455350
26812266
28130479
24821730
18268498
24047756
4501318
14648963
22503006
7843114
28876128
27339181
11359825
14829245
7139483
24419987
11255720
24277129
14911897
1055342
3807620
17048775
12946192
17173116
20496898
10089611
22000018
24315899
11209808
17684065
1237656
27316746
26754421
934184
14418671
14228736
10365074
10134836
25047471
20390368
22580748
15761056
18014901
21632302
29193166
22846209
3871949
10992045
18353146
26593502
2939154
2464708
11751753
29618865
8225015
17437546
7440553
16570175
20436512
19709329
21580108
10448439
20218793
7060726
13930317
17042593
20273765
14880015
13937938
20012414
25131837
6928564
26597919
18420858
9619715
2271812
14576205
24066347
24088027
26556209
23883822
13556067
17501623
28879820
26679647
21245218
10001713
1831069
16419431
12451984
27499189
3412165
16614033
17930959
20825835
14944056
19734611
28967461
21244869
18800405
24611083
26727666
28791091
15748160
26383651
414696
1279696
11951919
5655020
16954483
24077366
24753185
6570351
7163120
1278624
14346247
17697568
13302585
7585045
10980220
16658204
8324908
4153292
12869656
5090967
19656501
9065861
421323
23676773
15700310
18497652
2808639
26625626
29003019
25541303
11610560
26506159
5741087
25616168
869003
2192733
17464664
10292294
4115776
17650943
28910774
12987588
25640027
28806771
7003997
10745538
11600003
27972187
29295803
5634178
2001393
870014
21880490
20917563
12987618
10755441
20732440
13922375
20789847
27319087
16851359
25968258
12700981
27574566
861945
14158036
28108820
23353917
17617176
16708088
9404423
11921297
22888522
16996339
2895235
24227965
9267561
5813903
29745531
9593934
2390276
27524948
25865241
23856599
13926963
2685651
2020310
20657054
25583695
5370691
21787711
12705981
27160260
27402995
20927991
17779472
10533412
25015162
6899846
26737431
28535126
3157460
15138831
6415913
26955920
19945709
3592829
4200473
20367798
27908654
601708
22154926
7216272
25651754
100742
11120081
9712866
29537922
3256001
8591963
7882673
16478541
14404622
17510827
24862231
13212208
29672354
264137
4144340
18262701
129240
13855026
15499684
9915524
9489127
19192356
23273287
15352673
86349
4687332
4605025
12437756
3008418
20078277
5712830
1523434
525933
4434707
1608166
21813737
8525789
15253604
17638616
1005876
10284368
11569354
26458598
12231533
27946248
7561329
24943425
22374060
18220838
27902780
7927390
11133447
7395388
13251774
9051864
14334543
28266400
701841
24008399
411411
25821956
3831035
191340
15455775
29120353
15747165
14693741
20001685
12204860
14332769
13304389
2458634
26625098
23261731
25726253
22379671
7797690
13734122
5602726
21637930
11109374
4082289
6195467
27379001
24143108
29829903
1540761
5333317
23591520
26672770
23221704
7531219
13683043
13982374
26353400
25105299
22227116
24400912
17938957
15253186
16431445
17233836
23899797
24183600
28209615
2709496
20267911
12008621
13568412
8264309
7030223
56171
20852348
4001066
3103186
18838052
23640897
23433446
24665244
19522589
21621044
396352
16567782
16378320
8539526
24398178
15993075
22861280
12958331
16435153
10309643
22738142
7872546
28812407
20953028
24430215
16072550
22406484
26756336
20434304
4476608
3350856
16390635
23496733
7792620
25093558
7286005
29519342
16956190
26438344
9046609
6349430
7893234
6157094
13564544
20931987
28190028
19344633
26808475
18943728
24587385
8775549
15817304
18385318
766642
18964475
24163417
10467822
13915239
13556801
3010281
24314306
16440660
17277597
2177666
6037203
26667549
3037099
21647661
10544706
8095701
6688857
3875549
19393809
28406389
21795876
6474902
3035452
25045964
5644434
19757480
13938511
12463008
14168229
25273663
3144100
15347430
7155373
13670004
12469844
28369139
20731342
16898405
3614919
4305729
26913836
23188671
8904107
4908912
7153656
17474363
5378248
29522795
21041962
24892749
1940746
12219969
10007366
28431212
19243130
5939132
22631742
28768315
3429122
15248233
8042253
17418227
14193909
9233408
11048941
2097006
28199195
4423569
7303327
25385075
15230599
20082623
29079565
7142716
16586614
22215359
21762429
5005160
3377755
26683392
18874768
19680247
18542767
9055291
15859197
8813701
7150848
27293467
11664090
22476624
19344333
665432
4821726
21078388
10437282
29176645
21506969
21866008
4996929
25065637
1880658
17983169
19072331
18320675
1220734
27933960
12237157
18914690
7971609
15025521
7909179
372345
29331481
1914427
9251178
22530549
9269562
21007501
10563535
957675
4596355
12708878
5556986
9959549
29141417
6737265
3382341
4522975
1978560
16928913
20436283
9983706
3342699
24790385
11686680
23944325
20782637
9039064
3214392
27389022
12936699
24348884
18263072
19480490
9937585
2866535
2667595
29844709
12135433
25745238
2440850
11064274
17462819
6102766
13148069
5647915
29393617
26355188
8190900
3771916
13255645
15200125
26133850
12310960
20759502
1038653
23231988
18849904
19360639
16025579
5072083
20773432
20979449
5666972
5084530
22944971
7635679
21231913
13950135
5074268
7876388
16010513
11308593
9295947
8773973
13823921
23530987
23743135
27619625
17338917
12943952
25845613
20970796
20583550
21592677
27654583
27589447
6294875
21687540
1640679
23588014
1200192
23416939
14575888
29217416
4260762
28784418
18919048
12733665
24979005
2051711
26144510
12304230
7862759
12977185
1241649
18344983
15139669
15857839
23405774
2017013
25226493
4088280
24629199
26925586
16817082
17760235
12785783
25972099
29263134
14718863
12178816
21424265
3399834
296686
25398475
10040197
4295590
9118379
28145689
13386241
28250701
1116446
8268036
23124153
22666734
6846212
6866710
18617686
14583053
17054278
24055331
21578145
11681861
7724424
1326789
6507624
29489236
19242988
20954567
25325668
12889296
19506052
27324854
10874184
336021
9607749
12552231
3932998
11982709
27826245
6616893
22471255
18334161
28482659
12117050
15977195
17772830
661759
8581902
23909241
14084323
15346459
4646623
27731005
18929164
159482
21708021
6665650
4702114
13604005
28375022
10046309
13981490
27525430
9191796
3584500
6853957
1715901
18987591
24005028
7217909
8866574
14273384
6330172
12051619
23520073
5046854
19644635
8427632
29672042
25572393
4205769
188941
4319444
15982549
9794619
16917350
18908673
642677
19177553
7811838
23299318
16914992
8330289
8393546
14454021
21084142
23575277
8064157
28478637
26727416
17291226
29005798
19025319
86436
20623522
6114393
13098292
329940
1430157
22890564
20328225
9812291
23859978
15330155
3407154
22602977
19891727
29213191
19197735
27164265
17703868
15709756
18438854
22521170
29159157
20494589
27486851
5288968
7421283
1317782
6469484
16589828
27537721
6529807
10440794
5411500
16525551
8581608
18634472
27186230
8467374
28623116
736092
5858076
20103438
18287504
6555997
14773582
23085275
24739719
3029272
18249805
9101948
20349356
27445566
11783837
12620908
8806806
20342174
8529712
13705148
29686319
13762784
2519413
26637963
4571329
20113878
8917036
26042462
6782226
4285912
17191352
458555
469976
3617253
7866331
8327219
15983522
18604325
11768306
20916430
29443774
14334443
18661634
6558479
13510750
1188849
27295806
15860234
15691046
25117845
20422259
14477551
4391799
23719781
3621598
18222802
27169302
26654428
933756
19855014
27575374
21953303
22749987
22587397
25901077
8458030
21271599
23937477
6432870
26361996
12974833
11836448
22626689
29724842
17041239
19997669
6043148
13627875
13458793
25774674
8378788
18380930
24860524
28353890
2622675
19899976
11136192
303850
14032696
25398076
28389367
9066347
26512031
19839115
28429594
16090907
9669114
12835154
116747
3762625
17964802
17026955
13563846
8535590
14129969
24332152
2958916
14949987
3362899
16622535
17166381
3016879
8104446
17609154
6444989
24549676
9059741
13894515
21254927
3222799
6634412
26500403
24876327
29336638
2403573
3261068
12375037
10549178
14271987
1456017
10982269
11516128
8331190
21746763
7693576
29857258
14109253
3758535
26324722
9439821
25648858
29943399
1409684
20049256
14959382
792228
13330636
2911896
6335646
19250408
3527729
20693065
5325464
29376515
24945084
819003
20665078
2534733
18231940
18108506
12893155
14105557
11479342
20057623
17381285
18378872
23835482
12914290
7650914
9114353
16634252
4764895
8380599
25373180
29172122
13830582
9866799
29466505
16268033
13773215
21822262
5346703
3711998
21859062
10584624
5570532
25096767
3274578
16655983
7984068
29367134
28042177
11301147
9831157
8592924
12243456
21674326
21155487
27634044
3550005
4335298
29175631
12431731
17994894
11267328
13574152
2065277
11563204
28436001
18061338
19395908
19671048
14649948
9478478
27664237
25157293
4522620
4992840
5249984
1414552
18218766
23807825
995524
10149351
2710678
3918118
22285857
29025650
10807241
28591037
27063595
5564802
11910064
22493253
20921405
21130959
5441186
3644936
1079312
16859019
1337476
2674918
5705638
7591444
4565968
872205
18545027
14747036
13256409
9429252
4928761
26201238
26032101
7169975
23588674
5463034
23387412
5595781
2654418
12945322
19024503
14461910
26132267
27695046
930730
27520140
26866937
23744374
14431270
4826396
2419537
29080086
14026004
3331961
4605223
23735039
18839630
14847920
1552084
19820335
28837369
10146174
16150984
2505768
22482522
2376506
29035125
18021382
6523196
3652487
22783582
6076925
20001062
7444295
22604542
3901092
17788731
20583797
26815042
26169254
18992773
5317671
28825861
211296
12642420
9106468
26779876
25657577
12131074
28921130
8979756
9369678
18908231
5074883
17765810
28547276
276761
5189281
7195456
21770034
25018787
17378956
1909650
13224628
19112281
25998675
18540266
12460046
13170772
9076431
27456467
2254888
17934145
7464943
8295723
26156178
5264304
3912818
4853232
6209018
1731216
13356394
16623961
4094055
17993481
8056596
18381893
20245496
18505082
15455161
9139437
18321836
20513473
12029329
27278500
5504773
1532564
14157392
25181639
21177871
4454986
14369602
13365074
27452687
22078508
22449990
7220519
25445912
28354233
6714762
20930424
17157790
22846756
10968025
5043975
14996031
8233770
4592652
14649608
10718470
1707657
12334598
24487275
25449764
27765196
21254933
27197217
16364476
29685111
20078658
14088951
18020670
10127791
13628191
15370652
29808239
13763386
22195560
5579355
18203324
8602125
20917690
5035523
4710382
22844379
20598695
15918387
21340961
6500147
16369962
19297944
10686483
8099496
17831769
8910272
5377257
10227693
14314518
7425398
7841434
17021153
10491371
11887617
14739764
9336741
27776940
15187995
22624405
21683835
12438233
3227119
11721917
3733729
16779251
7466696
8083823
12229226
4350593
23960106
184154
28694570
26590921
14180390
10866399
13099095
4123221
16323543
24058275
19396780
26326767
11307642
8738572
5776063
27653525
15007724
10281701
29073905
12886023
6001481
16066754
1355976
13935983
8379886
21189231
27559323
20018316
1171049
22587843
27555983
10831998
7692765
15169696
6289388
13661991
6526112
7539266
12425640
18630119
28278474
23131789
7468034
2318161
3343596
6816554
11717892
16908756
23900686
2637254
10519426
22789112
4197511
25515380
21437450
22350679
4119010
27471174
11489451
15082646
29889599
22607207
21871055
8742217
12461515
25609750
10833463
9003991
8711940
2550235
2611015
26699403
4559913
17859102
20779850
27600382
28676154
27887790
417797
6180669
6984125
11313269
19281071
25490360
29311738
4252521
9280409
13088701
29002510
23126922
9925603
11498446
29838462
1501806
6115517
21203916
10610043
14493802
23625356
6495396
23228765
6535550
21226906
28079729
25048676
16327740
370732
15802329
20146886
544064
22796277
15701989
24635347
29618230
5258680
3501826
23964887
16984872
8520490
24805655
1625614
19924917
20652105
6591054
3125072
19822807
2689261
28987959
20396015
21189366
2095676
77396
21767913
5797415
6568527
5447713
16323081
29728685
23440020
3009895
5360972
8980510
29685052
23086726
18798728
2856884
24523719
23408902
13641278
21062697
1971451
17418127
4138733
15157238
16792014
10877704
1802628
28283869
25816605
26919991
17572876
6749609
570736
27713181
15893786
25226371
13475009
21622880
9130578
16674536
10848612
29538862
29995587
11949649
12516865
12375885
10499862
22022968
13626742
14933817
1026547
21646156
19222755
25625126
9079022
18441434
19434335
18551620
14781220
24696458
27989983
1970493
26326989
8532525
11079506
27599669
28227263
15870117
21958480
2633713
29768939
7508077
27044924
27882353
7517298
17123884
9805688
12767480
29287117
1639465
960765
2050598
20928431
2330530
24512475
20636961
12693676
21831866
18446885
19242406
7453150
15385303
28325802
29430545
26515123
22180683
3492652
3799186
9672463
2669402
7421789
26778748
17199195
25389243
26734822
25647824
22186989
12339056
5240552
555204
1624597
3890798
25432466
28983274
28980782
2780600
29971502
26276949
14511822
6275878
647826
29316891
14282760
24404951
1917565
14771233
10021022
15971276
51226
17481391
181701
18062693
103297
1399648
10535544
25376924
2243853
17581882
28472862
26516676
1499764
10090941
7313463
2260461
19057988
1303766
14304431
808440
1920834
236456
5580872
10337563
5434707
15179998
4002189
12056463
7489941
29808743
12244875
23708865
28512776
10982402
16520077
11300950
27150159
251290
8814968
4616124
6324113
7760050
10278424
2796813
4620473
9804577
9251960
23077602
22072487
22579641
15391603
13860376
8041213
28316804
25691637
18093925
3274170
14725488
18782850
17644173
5211770
16550209
23302720
27183018
6023586
9947965
15759855
18661549
13561118
13591167
14098847
27262902
7632563
6159328
8507567
14112050
7367182
15830853
14708135
611325
1267815
12803781
26130455
1247169
7281322
2264044
17240135
13271339
19255616
16041535
18743745
28269018
6184831
13562424
24434038
4922331
3832624
15907447
27960863
28698968
4002779
20550254
10410445
6948223
7211191
8276329
29909530
24539013
4072939
17130274
2609971
21904554
17763143
3748931
3311547
16328669
8218757
12291804
6688661
133790
13452680
20941043
7545444
22842706
3594286
3290264
24999316
29764531
5673620
13654330
19664418
19678053
19671299
2125783
24827975
3716735
23482054
25628326
27133388
14227608
5948527
10489742
2791692
24152445
13500525
5852699
10693706
17745817
22061329
15668947
10575256
18469071
4757330
20928765
22818148
28500186
106701
5792930
18523709
16977253
5705015
29415345
10026637
7855683
13974433
21178606
16376884
19431953
4550129
22492767
26046173
21116703
2674768
3826151
326189
21225343
15312831
20604347
7188682
12812212
7561847
8025049
16056630
1843222
15076981
8411506
11026074
24697604
896475
1332665
22658079
24505297
841373
24736189
24535285
23887149
23313695
10153044
26755855
23649238
5530732
9646267
7165136
16972492
28880182
24550946
24063351
9086492
16217684
22550487
464714
14923
28455299
19306639
24156381
11575489
14649614
14675347
18777298
24565427
14368686
6308981
465693
20203109
6405575
8687450
18774789
20557531
8792453
27310107
7759673
10535323
14881118
24439404
8360102
6541782
20808429
27295346
9653538
14147973
16329369
4347752
6238898
24421787
2477438
1888930
27876744
415375
29749052
16728413
13631245
29379108
12129113
23381522
1306672
10765869
4602674
18967212
22866387
13333674
8954518
6187383
21615568
12788110
22477895
25697135
11611812
7860993
27580580
29723746
25910740
1826155
560124
27328113
6073997
18451151
15885601
159776
22143251
17304677
27218068
22776046
14486456
7101485
19032401
20329522
8638124
17197020
6799018
2086691
11798306
27719568
12397622
22680439
28119218
8534782
2952686
9787416
25436442
4819074
3099289
5783352
25600452
28127574
25483007
28965321
5411801
17290392
3381989
21722157
17544087
19858643
9151445
22130877
13957344
1385191
10366852
15155499
10843851
23666276
6775641
28218307
15500708
13786636
5832869
14046646
10275543
797820
19406544
9026291
9326063
27715737
22322463
25692039
24852030
14055778
2329540
16468821
29828467
23924331
25921018
20887716
26580378
3280339
14808074
18386510
16404447
15105360
18046993
16961792
3389377
11949732
16113738
7551626
13321316
11600496
28865904
2286239
20509631
13195553
18568299
15325618
25473121
20034398
740590
1062589
21667219
28587907
24150231
24835887
9684868
23415368
12531803
16961486
16896069
25341164
11309994
3895053
15811709
19172812
19324165
12353121
26743209
18244204
11553673
14943591
27543508
15120474
26794965
9817253
6958991
2610206
12043819
16121752
17498949
1151768
24787010
18108975
29503472
16589668
16279309
732191
13043852
5352333
10258612
26565080
14966643
12570115
10250662
25027749
15173982
12589424
14512151
6749107
4561532
5155779
29556682
28062235
15347544
12558974
11266763
1420009
7598927
26245230
7622959
25851598
5263693
16987919
20795430
1341367
3710682
18388001
17769426
4921041
28070879
19746200
1529199
1214671
26856231
6734272
5979056
9268241
1290072
3429313
12528618
21141769
17303653
3977750
16928667
4944362
13390427
5684144
4635284
5448053
7846463
28663862
4438751
12489790
1481891
3008066
23553
10377194
9791325
18962698
18369055
28497182
25477528
15291131
18303867
11566156
24950357
10745626
6441079
11126496
26285324
9236045
14646050
1058240
27544883
1846893
19713711
22917734
25040052
29453678
19376785
2581564
10208774
19176446
27222289
21649273
3339228
12601771
27401701
7307905
6591764
4003999
22064816
15860058
23038700
7079342
10756175
19200418
10621625
13787801
16232981
699021
21213063
16136232
14065610
16407555
7618338
27376146
8400088
25535232
4664533
29406735
18113269
26301356
29871869
11876888
2986422
3306545
15173001
13875226
5779201
17515165
28270537
2652123
2389978
4323725
27129329
27267611
28929549
1132887
13481959
13347643
16368204
29832422
29918197
26715033
16543840
14405836
4851550
2092403
9464173
19508525
7748017
12189412
28421697
27135936
20213015
29228702
24416340
28372599
6956232
9715237
15159064
19708061
5990249
22469488
10536547
20577973
29986645
22180523
16987028
13878587
18698107
21469538
28302292
22907647
11354432
12176536
2913069
8501588
28744328
687273
24528913
5061849
467313
18581394
18898048
6900177
29036106
125826
8529488
7422491
19552756
2005027
23702706
22946985
13441415
27908023
3035662
19569041
19883988
13323121
2162893
2231092
1812397
13195676
16944856
21979230
24412099
22965766
29399927
28510806
22560470
28245168
9107430
28410609
29546640
6663250
15167085
11499573
7674955
16638539
28503159
17446982
27446588
11558728
6180346
22892355
7887372
5704122
27718323
23705243
22394617
19171733
10918741
7252530
13534111
12635277
20420267
27382250
460503
12486864
8646183
14848734
19808642
27069059
17983871
612461
28755506
6202449
24369879
1939069
12648716
16413178
10468189
18407510
4680405
26937319
28383712
28175146
7181344
9035556
23667930
13865951
1742505
3062453
28523215
3097164
25287651
11520009
12057342
5860231
11460242
7685449
9743059
20784766
2963146
3497632
23609979
6781922
5952780
28749388
24289145
6998070
8276500
20775211
16999542
20591295
21546884
15023446
25778229
5097710
15167459
15485986
6964947
12567687
10695041
22848796
3519486
26340230
29875527
28829552
2608887
4151475
23514867
3915431
20170493
11498702
26749362
26169466
13861902
19781716
17665069
21077194
12337127
25853063
55510
20952788
26734198
6453981
4081893
15853409
7656677
21849630
17683367
10333476
11898329
17131964
8334957
28003588
29878440
20553995
15766443
3010450
22313850
15178614
3468554
221695
3297714
13674276
3790404
28112605
26586067
13307222
720076
12621963
23491136
24088107
16335485
25946227
22409328
29740267
6843355
24863310
27811810
24201292
8529433
20536078
21600121
23947704
23793220
16349341
11989119
1225189
9939480
14768785
7646444
3270233
8313398
10556944
16605600
21293562
29871196
9454637
26443281
5676948
28578541
19956005
27234455
16161708
758045
7213841
22241355
4353506
16770743
6210684
18264237
17839967
11191190
28019838
2580514
9926875
19177785
12741311
4965916
18461323
28496007
6690096
20727131
16806127
16503471
2820234
20370654
23031777
23420788
10454035
12476788
4054943
15867926
23659743
7501372
23605571
20118764
19233717
22398726
19818948
28944195
25478810
5967063
26536089
12512593
24560295
23127925
20332289
17457189
6640181
23646013
11008806
26671154
134694
9008347
11512167
17950700
27433275
11061624
10568273
5309101
7155177
21717264
26487471
8369573
29333335
29092141
13226001
23124031
43184
23789845
15004329
21372440
18128904
12545451
7084744
24100962
18798759
23387740
7849700
24650371
28900611
5548069
22411669
12142643
5228251
20392999
7668626
4849809
20803019
19005010
12694794
17153403
10523628
24012352
22495298
20770268
9377041
28043190
13029494
11403640
21424445
15884971
9846670
5066476
9971064
14541922
15958884
1571443
650563
9550265
17762733
27294677
22623796
7323223
7269822
8960427
9041163
5854927
3922714
25287554
933414
27184770
5503911
28970588
10835439
29891910
13204979
29543983
2476783
22206333
3874692
6414700
25865841
18646759
19421731
14620555
6551524
29581111
770346
16597011
15435369
29991400
29682602
18240043
23972771
19372303
4487089
18949026
18998951
29187228
10716389
359217
458358
8093807
20467002
20844354
8306909
20730537
3791746
22867742
22147253
20563038
12616260
7175614
29858711
12482975
24380016
11559610
12241270
3994832
17515098
8768736
7764673
669887
26432540
3405780
26965211
4877312
10207880
15777830
27897942
16673091
15630119
21146910
26677018
17971868
24786666
2767683
22295121
23222640
9631121
4670671
17963200
18052989
5396521
10301998
11420820
17351848
14621459
14634273
5459915
19420593
14916687
7580985
2116171
17887987
8539762
4821129
15655106
13374242
856411
4370416
1332863
8888499
26557010
24355390
11570705
28012782
20413487
19578022
21722603
16500684
28315409
14836966
10580431
85276
4255450
19582279
16375809
17011966
13343108
14295973
5082237
7121781
28886478
2088876
8389740
7314659
2518356
20090374
10332965
2516724
12310814
27752922
10065146
11816462
24830444
1288252
20484168
8745844
7640932
25825045
17743000
16399903
9612535
21482055
6533281
27119885
21225497
3145585
2394268
2249073
29445549
21858292
29700308
23514661
23445569
18813269
26049119
268786
16866582
18529358
18480405
12997268
7370337
5523752
25292218
29529768
6820926
8014690
27234846
9491383
17457358
11573910
7444177
1420867
17231132
22694575
4426736
27802423
14857208
7352418
20671255
5348290
27111031
28068767
19935804
15042393
12536979
3254198
1496973
6934002
661588
29067659
18494433
11769645
4806561
24298566
13042314
21294505
18095124
24762827
16173559
14854437
22356662
23748446
7550399
15570266
21185106
4065794
9416954
28822415
13986072
29910332
17879287
248134
29157646
20128534
4867712
13001573
10872745
29315563
25930812
16438316
22702715
25714863
12044248
14534279
17356077
3152033
6994151
7102574
29498778
2548991
25423559
27684592
24560375
22668348
13860468
13773666
3270830
29094783
25287015
14520952
12547175
15183160
23553312
18919731
20472060
12162859
8965953
10757877
8966400
16129617
25420151
12290817
28670325
21793176
847098
29587640
3874410
11079121
13203840
17256342
727097
19715187
20917106
14906555
1063426
12258187
25461692
25894140
26572274
3445005
29045089
18994214
18018464
10145327
5790914
21552037
5303551
10981872
12428745
438015
7253386
9570715
7225412
9192089
8829904
19854746
9209286
8615322
20753362
26248592
23279803
27377681
21888070
788630
28646502
16555130
26014850
28164874
19715309
11937539
1010278
16713858
490116
17665391
12281726
11112065
25882349
26627955
10914155
5673054
20572937
2600812
29070410
12576852
15969617
26854636
16999968
22346317
13747357
2619899
23503890
380768
1799960
20665664
26713420
21956901
25320103
4257584
5236134
25412831
28066846
17045051
26651599
18964647
379287
9533223
6496362
8340459
18330827
26871784
24679358
18351438
17021001
28110109
22273612
13954553
1495530
23101987
12116130
9572361
4553738
18485652
24006281
28850491
14248926
25130842
19246581
23108424
21286061
5210727
94067
22230603
19162118
17162484
8039202
18164856
764749
4169735
25632466
2004426
21701154
25094775
26748945
17486723
15128597
7351394
15896787
4746648
23343136
29424722
24072499
9253255
28259534
6263172
19998431
29644781
13998156
14624070
23829474
10274090
5216762
19055259
24872394
16673643
15348376
1879216
16182555
13073185
26759822
4472435
7175823
25208751
22327876
10481404
18549039
26958207
9678288
18235091
13008887
28141485
12940888
2949241
6748645
28348581
29739383
23501830
25130922
5693034
23974393
10422980
18594212
972338
11668231
16445915
9863409
14521841
22784474
8072530
11288455
18510504
14546212
4971056
4558889
2069735
1763254
27900437
9672400
12078459
16712141
5124765
7827515
8937334
17454349
6691916
13604551
26711098
16106489
24274374
6991781
19907635
8774407
9154874
14864238
23094921
17941425
18490108
18644838
2714661
2427982
23454656
29909684
19551529
4580270
4387097
4953677
15061244
12129158
677222
15036759
10692958
21830267
24693042
18359766
2972646
15798023
19326495
1001385
15104208
14031323
4176967
11591514
27261294
24944255
29056479
17966952
27461445
18197332
23883054
18751308
22779690
389676
3660711
11601852
15988575
16672857
19396489
11540997
879196
19173130
25277993
18923061
15226200
15208012
13961121
16864246
18092588
4191206
14280285
29152364
5272987
1851998
26733488
20632522
10377964
29749435
15853686
29793497
5205914
27856194
20089170
1779537
22407483
7253271
25020968
4313859
10786706
24640870
20705031
23022516
13295114
207397
2137130
2095289
28117891
28550340
18049531
3499927
19452944
29174129
26702075
21300152
24089308
16653983
13194494
14800270
28764402
2213958
12515243
7086723
1036745
12626368
6997962
18680014
15310114
8751953
10676153
7307935
5315738
19231932
13948135
28061591
13353580
921994
1658462
21998450
15633612
23744441
8454288
24118045
9353344
11697159
24432797
16705593
18030633
5767180
16379626
17998926
25264414
17070782
6731742
23987799
3684568
665196
12342816
23269896
3165351
3246593
15176336
17021525
3678206
9891825
12201321
13918451
13192458
16507013
12670034
21953389
6040636
13054384
7953187
28781131
13866467
18010860
13984815
18368372
21311555
22816813
25270446
28690965
22595996
19343895
7374814
727763
26062910
14294499
23533846
27562067
6608798
2441995
6354753
19889226
24545416
26378241
27660082
19563186
15272499
12006175
23912501
20514641
13953836
3893349
25231318
24202475
17269703
6092940
13786914
15407026
9011400
12666892
25904297
19868376
12544843
9058222
18191417
1094295
29651776
14185725
27762917
29112550
26557434
26363027
25461449
6546026
20077133
11363615
14759688
9604704
25186262
18661678
5501290
19046630
25772488
6630492
13778578
5627339
28216710
3442872
37281
29257884
20165917
10991634
7769912
9027546
28153597
23745062
16776470
26173777
2283645
9487056
1185600
18237416
5531307
18224034
29139041
4529491
15281957
1475318
23410116
28721427
16710346
9861434
19581832
20799195
6365076
9339716
26208706
10321999
11954845
1657359
12348804
3037538
8899482
16459291
18585582
4415380
10351856
15979353
15333654
23840662
4978841
12129984
25292773
9891873
20999024
20025765
19029956
20420281
18210404
19958088
10353396
21647548
4997953
12565347
14279852
26954206
3236302
20545562
20517963
3520728
13783361
18640248
3394014
6360406
10155747
21537157
402591
22284035
23275383
10021134
22696493
14822732
26147647
3196184
20293004
27702636
9268937
5934151
19670469
28110651
2078327
22662789
3182641
25868490
29978575
17471613
7031932
24073174
18662198
641338
18323887
21377122
1326637
6785636
3131846
8176428
20075473
26898695
10173977
11746554
27462106
13681540
23278401
27854734
23598775
26873460
12915949
4642434
2495334
25689759
25579016
14969377
24026428
4432909
862776
1325021
11876693
12367870
5248212
7316328
8656037
25189604
15279237
15185632
17489922
18062647
21355151
26998010
27177192
3812783
677069
12414033
12591952
29539464
14977586
223743
27894488
12130780
20856961
29436843
21246319
28085209
15971848
372172
20561416
2165714
26291814
8833428
15942387
11919404
3813555
24953698
20310851
21591854
19256680
14866320
19155386
14064759
11156968
29817010
689087
18990607
20917221
1725422
2946866
28712058
12043423
14305482
23695470
27914486
4985226
16491841
8597571
3262993
20529850
608165
24424296
17628100
8463225
6753901
16859595
22455909
9357955
18904885
1423012
9976794
4226638
9487789
26895165
19475528
23614898
9947768
29783034
15641069
16095112
9954945
23106761
23338698
11695488
5477823
17123145
2928133
18133617
6655811
12137790
13037032
19254624
18266109
27689447
4357730
10627528
7235365
15075921
12148834
13177696
3140726
13426522
4490404
23626081
14585034
25153206
16295474
6174349
17314881
10546024
9381974
6280302
19487875
25909269
14464171
22039892
18807439
14257865
11423761
22642568
27165615
764392
11112877
24273248
15102152
2705843
26513519
1928828
20462873
3508445
26133328
28246070
4973651
18035828
22714318
26862831
1312726
12969179
17937188
1683038
6489316
12034445
22876650
18701949
24771602
20979151
17832853
12177230
20114563
23732942
9320405
5616244
7553561
29672925
8002570
23121822
18808827
13744221
24345610
20725745
20753340
9726055
10714608
19172541
7217716
5774392
29712897
4012070
21168115
5276369
29629405
1267269
23252197
28018016
29366460
24215060
2580884
1997257
1821622
15876653
7254609
26294431
9868846
18006469
4146342
22639968
28695785
20500975
14246681
19129874
9130480
16060876
18017452
18444799
14801611
22388629
28538227
16797435
21099827
24147473
11411155
12724169
4710068
24874158
21020537
13324063
27409790
10472037
10043112
12525807
28056925
24865551
3289305
9898292
11104247
19424525
28497530
3846427
7878011
7253177
24286315
14912334
9151039
15919854
11084373
10893686
23567054
15904862
22459102
17390090
10283898
29385703
24524156
11802693
17913147
4524149
14295302
5757936
13949166
26179358
29677386
27540151
16550598
25506839
20780859
25243960
8416338
24782467
10909703
13519322
10694814
16961351
28852615
22726246
11743141
29789756
351335
29842787
19141310
18906057
24872219
9904352
11462055
4304212
5011717
1822492
15491820
17089974
1055740
3840527
20680951
12265856
21343202
9849247
19151157
2213671
21108763
5062773
4303239
22885037
9815607
8490550
7407798
19437383
27776918
19817040
26457915
25736866
5231982
6288487
27356227
6055668
15559233
1709850
8279248
17688908
7207950
24628951
7285508
19387155
11644562
21364306
7305942
13282759
17322555
24806458
18582281
1233740
18554490
7743849
417149
3903607
13719329
5212466
22211451
21297343
22491645
21886617
1958783
4344538
16979408
338467
23390411
27694178
16512599
13849471
9030544
15122825
19893832
27193128
14907046
18017897
27948395
29384814
9354332
29505634
11281520
6841795
27657993
13969737
7501982
8999818
15668467
19893089
22859616
14380391
14191107
29745104
14259966
23596801
25471303
14615030
27908344
280022
17458247
19552063
23692419
3336512
16626391
17578923
10284476
24773230
20187746
27236923
21874750
26340109
2239429
12131729
16996940
9592201
26681175
23408643
22214303
3889059
26884250
848771
17262169
3988846
7764532
19160971
2967562
29572705
19491268
1363916
18949791
29602236
9699236
8891324
18890370
26096821
24037315
3886885
7410393
10235720
19099685
20667898
21098100
10207629
22845426
25640556
4126853
2538257
22745094
28026880
2579553
13400826
27426207
19306286
23901272
1493171
1958460
21071453
7714028
8175603
7133575
808313
22356326
23677377
18855160
12915367
5317692
21458930
11358536
20368698
7192080
29310626
9009417
25633724
11619801
23757360
2813783
5648545
20066360
16777385
374226
19105571
25397099
19194139
4279540
13534584
27135723
21915278
18181808
27752309
20749252
29399842
21625177
1574578
17325415
11684226
17335861
8148317
7394372
11182180
18398642
7288994
25148106
14173124
24151665
18654402
15847603
685132
4043844
10347342
19354627
6223010
28370272
5009825
9063454
20784540
28487981
15628014
27934113
5389385
15442585
11488070
17366968
24506864
21033249
1283313
5984996
28341871
6968988
13417620
23003769
16936128
18887301
10970589
18152492
17397754
29362369
22810331
9328657
29661206
11324113
12716311
7263276
66960
10824662
27980025
23350079
9417966
609579
10032669
24147917
26626851
25955719
29916045
464828
27210504
26757652
7178654
6963072
26023418
20535839
15467730
24466415
15150230
5280867
21492177
28344548
28814129
1328390
10839351
22911846
17194129
20227617
10409224
21115273
9760159
1907810
16740794
2032625
12373143
8689737
12871615
2257721
9108790
13676312
17616250
6747666
19068637
4085905
7290226
21292641
25788187
28999940
26043050
9909731
7810740
28640278
7659054
2161622
22988599
1974563
21534007
16657830
23691156
20054459
19083712
23462494
11628493
9328905
17263731
22935888
14881988
28198339
10995638
9656038
25016333
13969660
18731316
27458809
8751314
16431631
12536556
7565781
5742497
28931424
6600825
20344297
5858092
19236725
4678139
14993540
11253683
16382926
26075251
28107940
24764080
28399796
19433666
20653174
25608399
6814249
4649351
26153080
29675070
2111210
13146902
25936424
3331554
11904375
15034644
8765479
12334868
14101504
20869214
25832377
4846851
8228244
3569627
25761280
26820749
10783722
27931163
18524313
15373096
21967934
10509036
22690008
14176134
17930191
7381671
1271384
8638755
15342001
4211130
24241812
21715782
26321973
22870812
9574859
21059867
28991845
29201400
12413139
14249843
8533739
4415677
16072067
18415522
1631154
26262719
23175568
25220678
20363666
17710965
12637742
8401499
19861846
19744105
26331980
3560054
16631096
10009340
3717566
19586978
1259698
13419356
28950108
11314779
10611443
26623631
29561862
13387248
18604013
3329575
10372866
8002081
19094952
22041999
18329013
22437038
19179277
9524909
28856328
2780101
26178461
20671850
18965430
2662010
9431697
18652434
20035947
19351405
8217452
14804727
24490977
23113811
18340808
15333987
21528330
14825139
24048995
12447046
10601688
26128007
10759025
22797324
20708850
14407638
29923762
20396024
22321853
3937857
9559888
11058046
9915119
15138117
28827947
6932966
28783609
19534417
9807282
13636317
3544218
4488419
14747594
27923499
21674340
24097796
3838424
9081716
20807906
10917099
25596729
24881541
11863069
5157938
12886829
20247946
2501613
19785559
6618496
15978541
9669396
12723108
11827925
6718147
29787225
6547696
10047443
3807955
12316993
12695922
3912344
17239088
18960310
3595558
17629385
6424333
23764070
24879073
22905658
17723062
25895182
10849079
16309420
9519400
8243054
12048467
29616817
19333867
23617268
18050883
25566134
5255960
17449909
6443625
26365536
25530786
15315122
7878011
1821435
4694219
5680062
2380318
14813338
10271651
21337348
4656442
28085440
23842662
14122607
3135237
22756285
10433439
11544963
14417804
26431182
9480887
4538570
9780634
26281348
13773960
6269712
18989553
29881682
29085798
15610157
8694993
425385
5712361
29742427
24212424
8428463
8229592
12364905
25854826
12541957
16720183
15842665
24723586
23097360
6350058
8671886
15461419
28231249
17821878
21511942
28770593
23233316
9253871
18507724
20709098
18117017
1959049
25412607
9982768
1905310
1903987
18686297
13300093
28270924
19982193
12060291
12441158
17310650
15228139
29661574
29183544
9558365
28991539
10073271
23237695
11405571
27701828
22579055
20201731
3030476
23437156
3568254
16212031
6945884
25413430
24279828
13886456
7893748
8948361
822624
4189363
11627621
1179384
11033300
27740611
12284481
27073116
22197011
29490058
7383028
20516616
18262459
4039731
7260536
21566637
27555047
13706551
24023458
2267203
17452822
14354409
23152538
8920517
13641952
5484357
13739964
18331567
17728236
16087046
21932417
24085734
8018559
28202622
9314494
22318657
3733548
13362072
8841469
5747917
5858650
29212274
9613353
10316
19390019
28200648
1381920
25298401
5053196
23296011
15202678
26151349
29536336
9048363
16971224
20636322
16320175
22761291
28939822
3426792
24320655
12956496
10917019
11348918
97691
24374689
1960301
19666471
19784946
9873958
13573140
21273955
23364230
15569234
18667245
17609168
18170973
2320112
10497742
17110972
603657
8584229
21820215
15591351
29940690
27017166
27637325
3321397
18809216
17788185
4635136
24362160
21855230
22910423
10311256
5622717
29051091
27303384
12992229
14966420
3270297
10105102
28562920
6110963
27991176
27106757
16544009
16960501
2510018
20848380
16094136
21456006
4663975
1328223
1478077
1777950
5305797
29335429
11706362
8778945
5790017
18792466
25262124
8253314
16953246
2203879
9372037
8018270
3015374
9645353
3379101
19909468
27383587
15181801
28976214
29286599
2277791
29539985
14398143
4243687
19355624
8097050
21202557
11538961
18490301
2072710
17335108
24324406
10171481
2355269
19429445
2305737
4510401
1284337
13673390
12803889
25669110
20084016
8373486
12120699
5147172
1157062
17409324
28693913
13995680
9673863
9767148
17400704
21133622
3330023
25600083
29664029
3705962
16796579
19787403
16733452
19116006
19768450
6711670
20066103
18358943
18614876
29194813
22752689
3287200
9651787
7179726
5717207
1061617
23178245
15416893
26256657
25898703
1706830
4064855
4852031
3379711
15748877
11024535
6937411
26824272
15662344
7545690
9431060
547371
29059420
21922877
8169401
28830574
7784383
11445319
29299794
22719450
3651768
26843959
11512584
18891904
18409236
8383763
21276166
19651959
8599213
15002128
4439991
12542528
7680411
19675836
24184570
11295219
6079917
14488103
25856289
891081
2297824
10443375
9891089
25271195
9462463
9620943
1198721
20942576
11239939
6595883
21492664
8491558
7218852
26605642
24074777
4993318
4514573
16562406
7245467
26510725
11530604
25957629
6098436
4075457
6402453
8018381
4476223
20169117
8534299
168891
1523112
12473838
20627938
14644852
28326177
2984281
25183667
13189507
26463381
81659
4351608
19303990
14769738
12549274
27771847
29842186
13329787
2656948
25515953
26692271
21202373
22218839
29299796
21066719
7150771
23736006
10969387
8082763
20239355
16007439
7372835
3968591
13128360
8777867
7252329
21159744
17284759
11478602
26367626
1181778
13581049
28956940
25177107
5249706
28708664
25306392
6276905
6360977
19965310
2188988
17724286
22536409
28157654
11447545
6362425
9267403
27798089
2451069
8480957
11167834
8904090
22859811
24860236
21687156
5635234
26215607
10720981
7631992
23757522
16298683
11693508
11362600
2182168
16491673
27119603
12162134
5413609
15419709
13281704
1341850
17669525
21598548
9054304
25953352
22471360
26313645
23541250
8019511
20897971
2696610
17210302
3181198
4495946
25011717
13791936
15205087
10346246
12848331
13406859
25514913
24513425
5862171
26239577
2849047
8606968
4498044
20309483
6332320
1660967
28099394
20414069
13093055
24284176
27464883
8770356
18534385
29624878
9932966
24914779
11447754
4216798
22175997
4626693
7121276
7122749
11661199
6141744
501436
23221315
26641158
752197
6624325
25770592
14673229
16438795
1935524
18790064
7992216
27402416
7382084
5960561
14981646
27633008
2533423
15974052
13845595
13126904
29086931
3190417
18403256
15797546
7340287
16213321
26401168
17983204
5428629
16383488
23153140
25036045
20105950
6976594
24588358
27696886
13823677
8807870
29680717
19605397
10503437
747717
12437800
4791667
7028992
13172607
20437689
2526871
23486356
2729291
18624951
699610
5658237
21985956
17291047
8682968
5618698
15780960
26914823
27475522
20424908
13329416
1636929
23339819
8896866
23453135
12467688
29314041
16830738
18802450
373933
16301572
24164513
22016966
22233143
24356763
22865972
5685112
19074639
7952750
3613210
4116974
26285178
6046478
6469705
21472330
4922618
3381549
8586281
13927079
6797084
20818030
22183887
1398452
16580830
759271
1073063
5944232
13831944
13298631
8671403
6279383
22522700
2151070
13570230
1965397
9362506
5999668
22065262
11122804
19466321
22648751
21926102
13619520
921045
9695949
19846506
11105812
7671496
7845914
24396331
24710697
15510798
15573587
19526922
17048307
27992593
3125725
5446297
29641175
3105786
919238
17494684
12982348
29788989
16873334
13103308
23850147
19518482
15308198
243949
17979741
5685351
24324925
3068169
26629315
15434697
13524925
1442746
22513186
5350247
204157
29396748
23703565
3111937
27673733
1502810
19289254
14641324
3993256
25340149
11330543
29684964
5187511
28752010
13869699
7126719
8954601
20248666
21843600
29621166
12421670
23250631
25425203
14705419
29021178
7616621
12100156
20970520
1521635
17393117
18323720
18242675
11978089
4419568
10335867
19796510
4773228
28804301
20282591
22416010
5486156
28827394
11696851
9300132
26664494
21398881
24869784
20902050
16078259
5802580
6157694
10786625
775810
883803
16401529
2466899
5768535
24654310
23862081
21640427
28614662
15722169
29842903
18049075
21161171
26244802
16024020
16645028
25353487
7380232
25627790
650477
26567849
21357355
9878182
12958784
3240624
11487936
5815226
10974712
16309987
19640363
5732176
27260164
15862635
16792648
12763889
2105268
27673247
17288927
20203912
9066246
1857305
28447975
19989598
28588690
5320731
13411372
28673856
11741013
15481397
19586899
2510083
5291019
527973
14889191
15993835
142185
8862843
15972914
8346202
1562718
27030707
20336104
21296759
18996887
7314094
13956661
20959618
9139114
23862045
26917869
16723160
26432712
5694776
5757096
25569332
16372552
9759721
19828161
8289777
17769231
24210640
26885997
8391007
17686939
6715791
19889975
27041230
22030292
28393916
13660114
9868639
22593192
15664655
17258377
23686696
26397342
14146752
2699087
25991650
24300859
4603713
10268162
25423098
24636862
9701582
24541049
26267899
16886348
20943840
1190756
19868673
10730178
27509463
17090213
24528262
6135964
9022829
26891983
25059105
6555336
18290701
7567251
13368578
10461255
27227131
11025025
19116570
27044776
28100968
17890398
13807753
6871853
8042266
7609790
24993852
520100
21291035
16789315
26570649
4032524
27016646
13450477
14202825
28425592
16889950
15187404
28213187
13940714
29868283
2947001
22895088
29203995
736504
16009269
20232000
14459427
18643813
11306700
25290086
4514263
4698803
8784337
2341641
18601002
24556154
7972222
27946168
5306682
13031978
3984991
15751560
14091640
28918856
16522294
2527173
10832420
10186975
21030448
7538568
11206097
814360
20056208
16044045
17589212
16325396
10102391
12790116
25949821
12055355
26795714
18775256
23007340
27997389
23462521
1097987
26957941
23782035
17315447
21103493
26883144
8437198
13009490
2960130
28497517
18226564
14484268
27476965
19468631
27376961
26005769
20058641
13464837
14550614
9860614
10699918
3674482
10558893
5551404
23738961
9341910
19110465
2403538
29030723
11616660
9764461
27192797
16600268
25063300
22337887
27876836
14596455
15291763
14528234
11126247
23483982
17660601
8167832
22345058
22070990
17693651
6712482
7271751
4507351
16910518
8109020
7703603
13415605
5986867
11136980
9506001
4332247
20218382
15603362
18912336
26112502
14315205
5593209
8549189
11817702
8887465
5150794
25783728
12025974
9887541
18146254
935510
28449372
26986050
5077158
5777751
9032775
320903
21689356
10843964
17193750
16224979
19688924
25244521
22682326
5870721
1276092
8775017
10441679
27678541
14014613
12796453
21223461
29044494
7953455
3946763
281486
20916073
7258139
3076913
22688810
7490162
11782305
27191443
7042124
5205013
29332481
3723317
27889999
6002255
14389324
16242756
24142745
22207982
19909788
417085
10482800
20216177
11168513
28253246
14507093
29136486
11396729
14525774
29941198
11201915
19516683
20506358
1490187
16526962
23099186
6765436
21510537
10811961
24741474
14670590
9744524
12183183
12255810
21107712
6938978
13387357
29383672
20920524
3485646
22341299
8340646
11966800
5482552
7203658
24474374
11499500
7337605
17352800
21885781
17084911
7616121
9992338
17378020
14072066
19804531
17166843
4634892
23398373
1040115
11356587
1165035
28464864
23171681
1177785
6109937
27851317
16463464
23431964
17651076
2386793
20456321
16014378
20392994
2332377
431561
1820032
20872431
1993308
22674641
25214863
28995050
19196314
2460655
15797567
11770283
27366823
7347789
7461688
4444856
7224821
12849595
2779269
3000768
13434055
17270634
2301408
17476621
25863813
27955757
29605095
29282493
1235365
29692337
8569573
13493769
18185026
24108374
2528102
22763466
29071196
20410896
20613910
21674837
20760212
2665914
28243672
11728202
8782050
15810712
17958238
1009260
27174683
612686
9991195
3504209
25490340
26135921
25028525
11658547
17189516
26230112
11369453
27127363
19895002
17631652
23766935
28040714
12705818
9770234
13017688
15008115
16860702
20038303
25645741
18979393
20995622
1220851
24780244
15789262
17620700
27811768
16084889
14647512
20716630
8981961
6555218
27713757
22110481
13158669
10669212
2970487
14742230
4964098
9227040
7580427
139669
461329
8810452
19539032
12319745
11374330
27982768
16003680
10619124
29431026
14317522
29644008
7447786
20416688
3198611
19095060
10679374
29055781
11232136
650032
28924727
11595700
642383
18066182
23742694
15918346
27946243
26193259
29930848
2874794
14278630
6646370
18633628
20429500
660657
6976673
24657173
26019256
23522252
18420136
877742
12075544
569517
2975397
24012590
4391126
27343007
16305059
787622
17577176
7757697
9162725
2673424
24270198
9714388
12184968
7737102
9305067
19281563
14922208
19338674
14445295
29690594
11029791
13119315
9687456
12705483
19791446
21909363
26658330
7616355
27525799
1229692
29303412
4548458
23499339
18726008
26717952
15328755
18051435
4701481
4200121
28230452
22138088
16189121
29492617
13425757
23381776
18299745
29189278
26763189
10681120
19753791
1621051
733993
4504978
9888699
1996124
22505017
19298359
21991561
8420361
20676709
14815850
25120821
12188890
6579220
14345757
27313418
4233035
16110275
18884190
3466525
21890452
26776570
29471564
2934445
22069012
17857327
5318998
10040752
20677098
20845094
17516829
26696121
9509558
10905250
29493183
25124544
20761131
17855833
25158968
3042827
16019147
21610171
605631
29890422
3399506
28031834
12297291
24564975
2077230
10612043
24632510
4900631
7035387
8932995
11010735
3965228
4971921
6963478
17696046
29096513
18191918
27508154
26136899
29576107
22422092
4469198
23476035
20916246
5044185
20062854
10990302
21286397
25083914
29385368
10247077
3758283
15903624
26806810
17696594
10899200
2342521
2697682
1700060
14376011
19973951
29262685
862004
27473638
2225786
8150292
5294640
20457801
2627445
21727320
29247628
3872413
3452076
23246306
14115322
16452405
25397891
898048
18152646
20165489
5914836
14108173
14204353
16358982
3487994
29368374
17402563
24141949
21949310
1320330
15772896
20959337
15118237
11168780
20081745
16182860
7776242
22851949
20005494
18253423
9397885
2606781
22535559
1353506
13889698
16335406
11998142
29781834
12405029
22439253
12313442
11155297
7826797
4356338
25167951
16166595
29711512
26230929
19200875
24941500
22523541
28419553
2855267
27214271
28896285
29745576
7808506
21097926
494072
2250191
15589007
16971710
5954928
5084004
23667315
12575031
6467996
17922404
20261367
5200958
12415333
23275166
9763859
27018151
4236107
3723478
26534552
22174260
4797569
1165531
15829165
435492
22441690
5995115
24514445
18802324
4447344
7572090
6300128
4762741
20358747
6451435
15842391
19721281
11983826
9093955
1315999
27888450
6513912
22819336
16623113
16344023
21133908
8263801
25399715
22504959
11654901
17202070
25630674
10588495
26939086
27928223
18312322
13256881
5302616
2385754
8939298
13494235
7267555
10153351
1064629
22461513
9402690
12267109
24348456
27102296
1824779
23178636
27989420
19003441
25679252
24775354
17712778
9135349
18556887
3683467
19088121
22225203
6670742
21627088
12402752
2680193
16268120
19005457
7785777
15316253
14738925
29241405
3343104
12614682
2097028
17854157
25268097
16674308
21555643
4444637
3635737
757982
17328932
17881947
28165608
8446147
2893489
27130061
8480106
14217506
4633151
16275080
7926800
22256096
11814089
29683960
17475429
7885116
24596837
14025283
7062923
8612142
23957068
23368201
21710757
5878800
3543237
13903828
16581851
1382486
25704169
5066107
5731537
10421771
3845573
22316566
24170795
27365768
17282537
13793065
18630789
559051
16297903
22792410
17820286
20934837
20575179
14395731
3468416
8814802
19732826
29490304
17231610
20141160
27446869
7992697
24598211
12637307
14324457
18712795
25401257
7612974
11390547
3062375
18797523
23043305
6060644
17547300
17499557
5831616
7720056
8702509
21021482
28211202
26104294
24576895
6530209
435755
26869822
731004
4193296
9392891
23728325
12127142
9346104
26715346
29485887
12354274
2029865
7641281
9492128
3571965
1700348
13580928
4001619
10082359
19043612
18804606
18635426
4580615
13776191
2057531
6228886
207338
22869577
24178316
21465616
12395164
15039284
29631057
21991410
5176555
24072779
22328426
8313192
20784883
4366676
15783686
20043448
11750627
26287526
29916471
25460563
16412974
15546429
22909565
3533925
14006116
15725812
25038517
17144548
12453069
15650496
27784957
13959047
1976209
8076859
22046436
27577026
10017576
23710688
26035810
22572046
24384495
25612618
21492038
6114981
5956250
29298741
9646668
24885327
18084286
5385332
15771417
8895624
25726569
25006223
5067761
21746031
9095227
28667545
26235470
6447071
11517820
9662840
15424821
7765332
29007002
26377534
7565215
7820486
13252039
24994534
11570099
16058810
16794446
28856102
29958877
23276834
7236985
6178418
15548233
16006777
16249410
9657815
25418584
9972340
13815268
19006075
6444865
6417791
862443
21560645
10683189
7462707
6289591
15874076
11311943
25470327
24797365
16377532
10496457
3371509
828894
15772474
1464996
21233716
26664107
6658185
17691325
21687004
1546046
27472128
24263924
701746
3661139
20912905
13363173
28401359
5734047
8966148
23744563
8046368
5737992
16151008
8466330
18683158
24109411
16258275
14288495
29886764
6094959
1183932
6071726
24933476
10023149
18619494
7028884
17646066
27508120
23401400
21497866
26935139
17027617
3690173
27944943
20104177
24728475
11521031
2875360
18102440
10412989
5693764
12070480
12993177
6805261
4540973
26168866
4278109
29255372
15688581
12527569
7758176
22761266
3253599
14173754
24944861
27219157
2662032
13424217
6422739
25652379
11481692
1627426
23104041
19269854
11080194
2071373
18153250
6214863
25720495
27845185
12792317
24141186
16729244
26090040
22725865
4968626
25057305
11025479
10616615
12185867
2283579
1891137
7906386
23249564
21881327
17661806
25136011
5861823
16766219
28907616
23229497
21917953
2794215
20049746
26415204
25484874
28987571
27873356
16009308
25064443
5216103
23127061
23037513
26323970
6740888
21827920
12726862
1778935
2508606
10343810
8625828
1890425
18775750
19048382
22249165
1920057
1697511
8017072
26692172
26766506
17867451
24747877
1131809
18144517
4251378
5246813
8350087
29149710
6822392
24640177
27243234
10966577
23114597
8613742
12940875
7294167
19773090
28231874
20485467
7600526
8333758
5283367
8391885
1352897
28491950
18651591
19183416
7363943
22848385
12256889
6504992
862498
16216095
28152283
27479453
11534954
19042056
5412824
24341351
12111602
5741549
22469490
19763393
545375
7791793
9401474
29365687
26527817
2007563
24897452
9815276
27422024
9212552
5984590
25739383
5737833
23679340
29535690
6663710
16033481
23697476
8362197
28560477
3393785
1935625
20369751
15072034
10034139
1207720
17508294
16146776
14798879
2111607
23798211
25233614
26839922
17510453
18603882
9882374
13843685
25548922
12203971
23840157
16845226
18602608
22532075
11503602
3435480
26306162
3592070
28510983
23587228
11804777
7284049
25859631
22814987
15349104
9977029
17305256
25520128
26680499
8481789
27924115
2696446
19395302
3602940
16395867
19394082
27712926
27799697
17676052
29727539
17455798
24675452
8691865
685285
23515704
27508993
4988073
5865646
12682591
3390236
22560583
18334503
28219405
7998450
29389471
3423985
17000680
26532950
13682810
2096591
5294026
5741492
28896856
21877863
14910731
9721310
23210406
1847114
19381541
9839026
29411334
28457651
17389488
2356928
39898
10996412
8817764
12968846
9960150
27572516
27866192
27951983
15143417
3339661
4429180
13984184
25993581
20609180
24477577
687153
10280795
10835341
25560430
21197051
23613970
17191069
670990
29419631
17145168
16376702
11571317
13007726
20320000
744774
13583835
22048738
1171248
25310030
8994677
21034489
12469002
15414231
2564612
19572441
14101732
18477919
14113576
4233594
1834765
5167674
21461595
8847803
8608308
14337625
13395458
29661663
5327305
26468897
5853459
15527259
4695047
6794634
17949595
6385830
10825078
11583498
19307031
19335977
7754731
11871665
21335222
13371529
4781777
22958924
16587886
20634711
10461618
26169075
25872367
27937235
28272676
25264029
10566109
15418379
24602403
25599346
22598622
17840434
10862253
8350293
21854891
28265678
26956772
13203516
6036638
5026056
2885709
11965501
25462996
17072534
15634670
26711274
6361489
13966032
29836000
7104580
27265438
2626710
538789
124372
11009490
8165580
22690882
15942489
13986388
5775082
12434280
11993813
29384177
22741603
22763962
27576214
21471923
4365855
1193553
29563843
12825038
1538834
14119204
21553550
23292310
20069760
20447140
9097267
20031370
18040559
1878978
22245272
18789857
9597415
616731
29672292
14162789
16983468
11185926
19933747
23760675
11356772
7555098
8640940
10035273
21369398
5157067
1891326
9994425
3708058
15206740
12363255
6034188
6041040
20316307
3217763
16081037
6896764
18474179
20724455
17014632
11181808
22848724
10816942
17971633
20549544
27134929
17911316
28129592
27551751
28035435
11975351
7994722
7399060
9223432
22734997
15425438
15256494
28673194
20416948
24555469
16673765
20749763
28818091
1096343
29083382
19360407
21972249
27525543
991454
2667735
23526071
390653
12724872
3308090
16627729
9895811
27369708
4106217
6968641
17275587
14449050
15018302
22113793
29628832
22102234
8770834
5471682
6718878
17440257
29924828
28603191
29878364
18995594
15225222
11712285
15675523
7854532
9455593
4404799
11804129
27025955
28445676
4490464
12138065
19378215
5464461
17769897
17879430
7216732
14049777
28431670
8923113
13324840
2770286
1722675
21052956
13090011
3756447
10580253
7351953
7135967
14390607
19419100
29148470
16067514
11194028
1278124
28413248
28227188
15871944
627627
3793199
28215528
28847171
27680195
28773043
14513740
7988847
14689484
2964135
12418725
15891070
8969556
3180057
9108650
7330938
260923
3756452
19839746
16990661
18888199
25562733
25793097
1643420
2505595
5451738
19387606
6342547
29165594
9136145
1340257
20431734
21847353
2018662
24874888
14988276
8476924
13576802
27126521
6655837
14195585
14857908
5148730
9787922
9006335
18726599
19892863
26018299
18457222
10454576
11521342
29042999
23593683
22106546
12228408
25913348
25826935
2012295
5141519
26403878
24287922
7602535
29559936
17092589
20983220
15468842
18985309
29268471
18932083
5650170
15592179
10945186
20637543
5744312
29630450
24128414
12644814
22274964
11638711
4289413
14929543
23500826
17587906
1970250
7057582
9788208
14259633
28538317
3825227
24622888
5949659
19700826
25813923
25970461
9778309
10508752
24137908
12363383
18415060
4242395
25960635
24733894
17119793
10710116
23326308
1907099
18883992
23578804
14393492
7402847
3923783
19986665
15372549
5374892
13004231
16646698
9068112
25066773
18229116
12811486
1737336
4088376
19236994
20539389
24627807
29735154
12494548
5135113
25348508
27529221
18582172
15274723
17101716
13083713
29543767
7580777
15938767
13378555
3261082
715206
6845303
825465
23370525
23386178
9385015
17384252
17635807
21795035
11927305
14945993
6236126
28238659
19586760
2526073
9726956
16488951
18799341
17702059
6608990
3594666
1933891
10568987
29583800
3000939
2066927
12708821
24407407
20748869
15027858
2579277
7536464
18441090
2873805
15063947
29785812
17348231
25482967
27645686
3901001
8403281
7648533
13667572
18975580
19096862
21064918
24305881
21805793
26977853
4438312
15377763
29602825
3642975
17799628
12570095
4612369
25137166
2933156
28904389
854441
731016
15662789
25354549
13660442
25789022
4050822
11986139
382231
3808815
26664291
12215482
20176156
22925397
7753170
9846426
27416446
7771269
14270794
3105112
28201558
1588788
26983723
10197876
25166331
18685176
25162101
19244842
27847852
15083276
14319785
5484852
1909539
11746221
7312611
27537129
24015832
1785754
8499147
27758412
6795646
23292136
21746235
16100248
17639611
26581379
14993642
16273492
24426725
12678620
2879650
7692193
9395910
28694352
3370561
19833136
25939699
2562594
25605123
3583684
3283798
3730416
15821562
9823016
25799009
12471712
26188874
21882821
26456219
10843812
3183989
16689200
4360928
24896950
6684896
15829493
760716
18114702
16576988
19324051
17734272
17459983
9666732
8672185
7160194
29619938
29021056
20080672
9353410
2239433
16001284
24559211
5770768
3529607
25882134
18391356
3911038
28009978
9784603
5272052
27864650
8942930
5488224
23014108
19203343
4658397
9907993
13200304
12186310
5261297
25132638
13660460
9300746
16578629
29259216
13498768
24132571
15561965
29512322
3023180
205753
13621696
9597632
19215489
14082300
27421597
7535009
28871450
22516516
159610
23028811
2501951
19625222
29462491
3431612
24427603
20199195
4582984
10679833
11103969
2092571
15827450
24873135
9475674
14685208
12377541
19462448
13501720
2305323
5061736
23643734
18825482
25850593
10837487
28550089
16899893
19943074
17234547
500000
772046
15002732
20186063
9359387
17987914
27168798
594962
16926836
13847027
1214766
23031620
29613419
15794732
7794398
17048300
4761310
15706082
18567693
13441582
22118930
3335877
11789190
16891967
23731055
18376268
10410552
4496470
12041606
21309311
9026680
7068544
6908066
8470807
4324641
19280523
20646647
19490693
3713897
26257365
12098783
2577584
23373238
23071250
7786613
26827475
8621104
13931415
5721054
28516391
1283612
489395
5168863
9837270
29250900
821170
12597592
18710724
17916540
6835928
19472170
12767820
12624498
11166022
14035789
17115730
379098
22579165
256655
15103818
27028903
22630104
20442826
26930925
23974843
22706436
18066457
15170070
26549155
436119
4200004
3826772
4051143
22516044
9343179
13491031
26712705
12034149
8569169
4007925
10764847
19700239
22396748
21257640
28139765
24591550
10118831
27778370
23529557
546166
18274632
15699011
27297723
27213125
12307155
13302222
19861028
29304586
12088697
28410194
21240775
1706270
1048518
20465489
24006080
11820068
4272551
21368969
19105534
5208809
4529424
226368
13794500
12589496
20796903
13368392
7899531
7386210
23098839
27153180
29339633
23927182
2835268
10383558
365117
10106543
10639250
24598541
2320229
26694895
16221953
3087051
13121246
28808805
27988594
22774262
26719475
19419988
26438756
15941002
23677474
9002874
9777451
25256290
14814529
6060888
13064761
3680324
27080264
20186620
25463188
28876588
26435788
3660361
1037486
27083874
2211911
29116767
3533291
7274116
21929143
17800060
16341889
15649274
11794353
26407555
19768842
1086104
19718930
7328955
6482856
12339857
15901494
16217905
1830841
17174277
17933232
9609350
18505499
20247965
11833618
12317412
4810350
28593744
11420946
28750372
13310883
825426
1506758
4215450
13778527
26297075
19400398
15722704
28215288
21996770
24651709
29582311
1099167
15413870
10997555
13243519
23272764
12325656
23200543
15572130
15186686
22447109
19006287
27474526
20143287
13974412
8266195
15051970
24583768
21583766
19294319
3998979
17330102
213612
25207618
17960098
18944212
8862455
20946133
11930846
25752560
7727482
7181885
8721457
24958116
8459407
26765020
4189039
1443953
10315731
11650821
4492495
25531083
9714904
23990791
10693781
29661201
9577480
9638993
2699201
21393966
11766988
27805789
7239700
8787894
25468095
17493941
27520113
28551839
23114801
21101173
5088822
22069804
4468236
24785403
2330972
6459628
5308796
9819862
12844705
4066172
10975618
9614285
22867533
4299765
15471500
5970579
26429602
7636680
16665538
16186213
17749327
28790901
11529715
2428095
20343196
28028102
27904438
11727069
10181089
28439514
24448776
6303707
22257522
20734717
4058732
14241500
4261206
6937311
22048378
25703871
15514910
11554191
4474140
4235535
19208064
16395268
25921282
3623272
29746076
26524229
24025098
22476021
4604
24131748
10931798
9305767
4480405
6016443
7505976
19328909
14307524
40667
25990737
21936579
29528841
29086353
3738965
13648467
7907574
20322155
8237983
17858439
2517869
3685252
11918227
9579415
19516165
23962433
1616609
27022441
24113080
16871626
1293108
13112020
10350277
17832046
5280144
24198829
311104
22077369
13797014
27708503
21068736
11219085
10466232
11182684
9530104
16174309
4370879
9954825
11712547
7705587
10050493
19084353
24727522
11257898
22095403
1899741
20330917
27461156
28697375
21914339
17996385
8035210
20313479
28446712
17013915
7472122
13117341
4235286
13458023
1248062
21687891
26016723
17080688
2551173
10336100
27749290
18110625
10148259
13388459
12917622
26857311
1192836
23663454
11555693
5226353
25229252
23388177
16626859
10327001
11379826
10422140
20696930
11872315
15163583
27647282
15078579
2423734
28731822
28935375
14371404
1048506
2294106
17307433
29869783
12145673
7275018
29635737
12822261
4998346
11252921
9292419
16083358
1678332
2401417
18432700
24645368
15376252
6155026
6196604
29089980
26464605
17471848
6504227
26299423
14110054
20934026
2268571
1461620
23942247
18305259
26092644
14875851
12208185
19391746
4129013
28143664
21884813
14595541
8986836
5612755
24091164
20641760
6748821
8477862
8879826
15676895
26614171
18793521
23546552
4156001
26164928
22018701
26451591
8120056
22143337
19397939
25048183
4241435
7356429
1246899
17566406
23984998
5780058
29201771
3399458
20281162
4715550
7760655
24895350
25777379
22868675
6939122
10467028
6834815
29145525
4142001
27877096
10811426
885720
13748148
27605818
3540849
10809345
456148
1031022
3438874
28039170
14482052
19470916
821588
25929273
27426548
16276452
11985156
6065871
6707915
6491845
1419483
9126426
22861681
5276825
25313626
14727156
1904469
5684950
20788768
7159770
4291302
20977488
2968159
1221734
21571993
25600309
6098062
29357164
26354567
10434927
560510
17439058
8598437
13565117
14176495
10221527
25968249
24231702
25570851
27261023
19239241
15624410
16307594
23989116
18756344
17657542
17877751
26875357
9181303
7614138
3848316
18983213
24256815
5920119
4257242
24035499
5964409
15876877
8273049
16288080
1147756
13313065
6530140
1548417
7922215
7665513
3856198
17563674
14274978
17627212
28728610
3949627
8106402
18553082
13248945
20763786
26461404
2555422
14871954
29483947
16231393
27132832
4235772
5486854
10397578
3154319
7052064
6043386
8333984
29905923
24612072
12403398
17131911
14030388
24082876
4220691
15799905
21391775
28627602
21059202
5325138
1339618
14733307
5076011
9723254
23521601
21764062
15780958
15823871
22889970
565887
19796058
9834939
8737206
25923358
14011163
16617778
5696730
27941328
18753854
4509477
11699033
28839696
19877116
18896896
28598302
2333513
14254367
20124214
11428372
9945183
3820090
4711087
15934780
5888592
2655594
6975661
72116
1575015
4262876
25629865
3968017
23985804
18576094
2341741
22038230
14688319
1061622
24031975
11815572
4892902
18185341
5383267
10485039
3308205
10731157
13110271
8558128
19814857
4193595
29666616
12185875
8883476
4918341
6197555
4722071
1519459
10530689
14858678
6103884
21484520
8645200
26699955
24001585
19672517
3975972
22435938
17578546
23124275
13214476
2730546
784979
225205
18671626
23528984
26172893
18606915
6493747
10388406
13035829
13550346
10460974
12793
1331969
10865478
9651114
23332400
12844309
9006490
5548008
2418614
19607641
4453518
8007952
17535797
21956855
13634537
2561484
26201854
13474029
24652140
18111209
17361361
21911848
5794199
20265376
13998809
6542740
14764679
10544309
12995923
23025245
24798612
25378346
7636752
4276341
26254470
28634692
5625334
8524227
18235315
4495505
29499279
7398723
16864307
7873923
15258402
4450055
19393833
16551802
3699030
74798
20746826
9859485
10448901
8208565
29933917
307944
25703622
14926617
2859736
7039357
15822588
26025464
17459668
3629829
26574391
17880390
22698931
19910025
20903055
18964416
28401142
10493574
15325712
20797680
21354195
26619663
3385357
27497373
25647491
9244210
19446440
20631076
13267603
18773125
11131478
23793056
1403824
16219338
19514935
711951
3696344
20140981
19935689
24573142
761495
8004680
20478549
19277324
22573350
21927107
1339129
24190720
4249072
21873652
3581132
1688574
5717896
9408979
5965286
14778411
10804331
8495537
16964333
1987008
24045281
22517139
5855726
29329857
14504864
1221681
18221633
778636
9426449
7555698
25740997
938642
2326959
18570266
19464938
4239793
19212318
19637216
7048188
20280820
22982415
13962746
20801550
21479907
27833253
13530807
24341600
21362213
10508419
26016524
9668925
18043891
29499350
18012000
24867087
9626330
13694026
836428
12213282
10987077
4161859
202056
7251620
29909599
4634317
16222965
9115255
25156985
19794613
16618209
18779697
11773894
17812316
3649788
29571332
14783402
12577707
5655277
28716948
22926820
28742618
13685448
19171191
20107116
27819813
28111529
24870246
27171852
21736719
17660673
11500664
22297265
22785809
12066073
6034278
2858234
18161532
12716826
12547406
4911247
29415425
14801871
2205923
7265434
10547931
6053988
25440481
393735
17668513
27308520
18126598
26604997
25988525
16023130
19777614
25566201
23875471
3858822
23072568
19075787
28897760
17145205
24165549
1471448
24044860
27989399
10569436
1356285
14483304
7000908
29815458
1119170
17406323
1179409
16252317
20809839
26765458
27219806
19726880
7447979
17975041
13856127
20035133
22793255
10013138
6849262
12676675
17007862
13152617
14976811
22126270
23167539
23575348
10909156
2858804
9434645
14106928
22798817
3276474
23568711
23899222
2362782
24688845
12331051
29386433
5265467
6297151
22904440
5812950
5258657
11825707
18629045
17257581
14643139
27059001
16862991
19763603
4497095
23884184
15219187
7665775
10549531
26447396
6084435
23590749
888241
28031139
7604225
11018690
18228446
5376743
27910586
12608213
7768471
26576308
17414893
7049064
17071877
15817586
6932820
1687911
8679805
13339620
7069866
6634495
7494229
8176992
7146479
17044260
10822044
9812734
4207966
28658704
7593252
20440
25381006
13687323
4110149
9341216
25700829
28366473
16579101
28237146
28039827
7827705
14948638
2107380
22427762
2795702
7691012
24669807
6970331
10081887
8311928
13717514
12802466
9722574
15805137
27657460
14346823
14861892
28841915
29537590
13608801
20275343
22055782
6458940
12869445
13150753
19254843
28431961
29829171
24810375
23628614
966824
26314405
6300765
21449521
19269147
25199270
19961767
27530816
10110163
6075166
11538686
1787638
2943039
26559191
6205557
9664116
3953498
19790644
18603310
12659849
4684631
8578012
261262
10849341
8577226
22603168
29720811
16667661
1632638
10778353
595928
29930019
28103419
6739038
7414613
2715074
14700742
16484233
11116425
5602611
19018180
26079742
27297455
9275394
5840132
29472168
13309842
19765950
13481854
22293649
18254083
29566577
5563191
15055625
3490369
8082163
29613594
24930268
1141146
20330196
25357047
19835908
21524198
12843281
16541263
4956450
5884046
22258899
7742291
97362
23978185
5635474
197422
15335469
13147708
1282063
25280116
28166864
10055005
22392367
6842169
16577643
542047
4503694
6487905
17294530
13044969
15766430
10075288
13087822
5975173
4668982
23158289
23027111
7409135
4444014
15590175
22266017
8880961
18644360
27629368
6426617
2439082
20689216
16784196
5950053
1093064
26270631
11613024
8081994
22405928
21471524
18933557
1944901
15716678
8884593
7675462
25584287
8423850
9303800
28507141
14387194
23774318
20894274
6568671
6975761
2155209
22837815
1004818
28718737
10001526
26130900
16967329
10714067
9988178
2127930
18910237
8163322
15920067
20792057
5597309
7595973
11872487
3377720
11600926
26119789
11397783
19931840
14874276
8063791
7900782
22799204
1509117
16026605
29714527
7156629
5533117
6188660
15589631
7431785
10284000
6664649
3451750
15773658
8978948
2396427
2208016
1921832
6593272
17986353
36856
29926835
20387078
12497278
21237181
20570141
22297583
2684534
14919038
25690168
3005735
13160152
19112684
23233448
5033628
16090387
13416369
27253527
14820843
5364981
8631605
11588861
8964664
8667816
29507732
9826795
27218448
6041993
27343181
288143
26958786
823577
16927520
4241707
11570932
18724066
28897948
23557324
27759536
4478367
2140802
23208119
17731261
11141140
12087062
28334299
26155703
5051646
8861476
16667568
27042721
14244193
3574668
10058743
20225973
9784295
1719360
715105
23405335
25204720
14761525
14764630
26849580
25493469
11482563
28057664
12574694
17516062
12730193
18253755
59933
11940751
10517120
1063804
29088856
18454632
26310048
12332977
15905752
8037044
21833680
19013244
29665057
25582669
29629271
3045930
27376804
11430257
12388236
10221862
19896790
6919361
29678820
3510586
25190725
20223035
14695670
3190433
29142823
10572766
13658800
17935968
18875192
22261356
19510989
8535647
4900811
1850634
29125755
7103896
26029555
23434325
29614341
26661092
15314324
12337732
14249245
29992330
25442726
20638298
9439374
16015908
5845097
22703169
2682534
29534865
29907920
13029191
2742180
8329919
7560216
3945554
28466647
4501403
3763734
17362425
1666771
15271667
623330
13680375
13383708
18731726
29201052
19847929
29855913
19149956
4828122
8172702
14122901
15437307
576914
2076924
10052350
4269219
27905644
23282652
2882931
8746423
16334443
24280836
28551513
14087460
8473284
17539519
17146991
14224973
11745290
27916662
28053490
12846640
27279078
26993019
9840986
8639850
6410535
26657771
3345955
13139912
11338715
14622609
3141121
15317383
8987223
4862763
18246324
17646206
15855678
29628153
24085762
15514049
3253032
27337005
25039029
5503662
3615218
4448180
6988285
26295043
19027137
6289164
28917864
22057453
16549168
25099151
11407208
27834068
21521397
11508637
1613635
12069369
18225541
22416396
13936018
9726016
28401286
11057489
6637348
25788933
13639904
2085273
18848421
6627281
7316919
15323647
15663913
9764710
15965513
24799533
7949865
12268952
10754536
10389025
11612605
27987291
11110499
22710861
12295734
13799955
11181149
10815379
11449062
15290184
2301740
9786631
15775222
27754450
24064106
22976218
2256305
27634844
25079736
19409306
23007075
23689376
5532044
1470863
27703092
9045369
500375
29568365
20279078
4370784
19958902
19516525
26727978
25859574
15286351
20859203
27406283
23084661
27924062
8077097
12858491
1455381
8007468
5841405
28210307
20290934
21801269
17405470
29617453
27919956
15031181
22159739
15664659
2705458
25138040
22595933
3655738
22881750
20772438
6351828
27972914
24905957
15363382
24633358
24180059
9491232
23717290
3520194
28736270
22915071
1731169
12357828
29463241
16362918
9548353
14022105
17785410
2090325
5874546
19266829
19877512
28971823
11842377
7288391
8958785
10856752
5487290
473967
29409516
14046713
2185283
29256017
29875038
22134590
1301978
19628318
10750097
24715963
5456836
16383947
3304565
24449462
8410326
14512635
27408432
27692065
26487394
27694747
18135818
27672487
434923
26617598
22814806
27438958
5100052
7965169
16458818
27209364
482807
26052458
23246674
29948783
1818689
11830158
20348253
13747088
16171181
8354468
3801206
25278970
10591408
11538142
7735846
20701147
4008874
529080
6283433
21495448
17595658
81922
19538950
20737071
12294252
8282729
26147011
12465212
14327647
16532034
19399154
23311509
3418094
28234089
12761895
9164945
18582649
13555061
21344629
1123168
11785775
16124608
21473036
21229103
17155097
5966052
10614964
4420228
8845135
25595089
11866508
4357295
24381233
1313254
27716426
10788986
11382852
20750747
9132459
8856545
8182644
25875374
12627033
18405934
20628375
29964239
1411931
13820927
25235372
28910251
3236298
11331709
23075946
10017856
23389483
11016385
8501914
6156094
22653562
14819770
28996934
12234830
23435255
7527616
2536504
9741016
21369976
6536434
9297045
10961094
9252777
1445980
16099067
22924870
15023209
27111176
2705796
15182320
28555425
19169337
26990049
1079151
3091740
16520456
12315076
4845269
15174314
28005418
25318772
18278037
27443087
18267537
25063335
10124946
3916733
20695685
19148335
1048165
8288698
15847983
4317958
4955298
26833866
9248776
29903026
18867408
21158
1890869
5644288
13655032
1676677
961469
8215053
29463495
22333427
13069026
27037113
26205857
95108
4153444
9478394
2251641
17854392
10542797
26390394
26599959
27068815
23165769
7154775
12965303
15517703
25011891
13581914
10931338
4174856
16523205
20123606
3926822
19200842
2296262
706577
5760561
24211094
21986586
8237097
189634
12879604
18989476
4862470
17690139
26496734
1059220
17808977
6217823
28393584
6467447
25637805
21215477
14965051
23629289
3803833
26554161
20888780
21767526
12931174
10586542
963121
28223919
10648355
14669347
23851773
24756446
20648545
21415220
11561401
29544101
21275394
12731667
19543837
11025858
10499791
5752759
26862915
17690164
21941971
20444891
20538421
16814900
22651918
18014589
1943910
24491846
16596073
16521230
21535922
26921738
21504653
9722684
21312110
22645561
9967152
2754404
13560853
15994136
25181829
1666198
5067203
28980601
27922682
12544446
12636357
24243646
16637583
10904593
12178379
26411709
7708894
13875472
10831531
21364029
15053224
19253194
1942075
6718884
21362587
15119249
12903571
16588970
25147232
7766961
5061424
27697710
11159597
10497015
4192568
22818684
17157078
14695191
29946870
14223622
12263826
29317573
25432837
11519733
25327398
27030313
8622570
876649
4076057
5960485
15426816
26775373
12578380
14187721
23449547
25532268
6968788
28855554
20362295
154954
16241792
13819342
7102865
7826105
8254260
16094205
1533021
6376467
28087304
15703351
16046331
9705632
25963579
525004
25225964
5274268
1512705
22163238
1119365
11150152
1122037
16997811
6944264
1020351
5891272
17866776
2737222
11679825
21902983
14632576
28762912
9939164
1459392
13457531
26155173
16950638
27691393
17398343
6565645
28167786
15967207
3881063
2177481
29589702
2328659
17535201
17961468
14010794
18945604
20526341
5774611
27071420
26970467
7293643
9735606
21834665
6538976
6643480
5761449
21495256
21081933
12613936
27912390
4770990
24288310
19510151
7283015
17840147
5112525
5458077
10080029
1659496
4398472
18692097
6655373
8023531
22637396
6660130
18408855
12342108
16492925
22064077
21394946
4745787
9912112
11418815
7983392
14940375
11042135
8908275
17508780
13727908
7699698
24338909
21985754
21804756
16003628
6991465
14394706
7712562
27232743
7461010
26975149
18289604
632088
5520384
9169354
7350305
10478967
29083934
12296611
28496737
3324398
17352555
8176512
20127479
3223641
18228028
13203897
5343403
18981532
15266482
8185957
19825198
12320271
26523744
11457851
21735154
19094973
2276949
15852986
4532078
19330822
18889649
6727725
21146464
28001420
21585335
5074101
8148892
24970887
21355030
3015049
18084229
3184362
6291366
8230614
10101589
1792823
8182255
184171
6290727
3826504
12027533
9880561
18600018
10202292
26819864
20135023
15638967
20984850
21931916
16874483
16863882
2065460
17355599
25712673
6773768
7932336
939078
8704029
3533628
20597810
16633717
15924918
23098062
26474804
411966
17750103
10472225
22173233
19601169
18335797
9425029
19719860
14531678
27067268
10798554
25106262
4149863
6088816
10802142
28885550
20769038
24966648
890978
5281718
5304387
26535762
4612358
14077856
21358290
3930099
16893850
24049810
14456236
22119098
2929460
26433971
16141825
7706806
19617440
26636599
13723646
8627343
2989689
28341548
17628088
12428672
1934481
13480382
12810911
13805353
21360075
9969102
5038032
6972207
19238764
17172252
27630098
21455507
13363979
15519971
27513380
23493259
12188357
10795137
12848345
12491908
14723862
9287526
21431151
4990367
26732644
10951174
18373718
12531684
10400872
18204161
14616482
9527550
25066736
10504950
29453386
1730319
13492283
21847078
13918617
403033
12550389
13272192
18419007
5561619
15015345
28630443
10112985
9162414
22223749
17037400
9047962
9652415
25996441
16168903
11867541
19228911
9353680
6216969
13835217
26010325
19218778
22839743
15653641
6864976
10509848
729563
27818695
3796016
12377537
24987793
5869396
9149330
14624136
12094374
19326259
9314983
19012255
29460852
15581377
10552548
20445466
15777360
10092463
4746772
6470429
24156832
25116595
10913114
4681042
15016521
1465511
20593782
12256313
20231085
18016482
19737133
15839397
11041160
14610318
19406798
10827681
1264662
18363596
25408790
3399001
6695520
1695346
20855373
26654185
5182262
13685473
29757576
21078689
4807852
21318735
15831782
13153447
6408063
23227510
15303318
15940545
20581353
9699629
2996500
12382073
12250721
17275955
25653747
5348627
20650614
17305298
9570041
9983157
15273158
26641201
26839512
6623574
12142684
16413754
19894900
11646658
11091401
3202270
22115941
29076277
11116403
15703872
28008976
27271368
3225317
7751411
14012286
1755985
12562781
27239179
539654
3710441
19978983
21054979
16565403
26940999
22818368
3427234
5804570
14068653
28416517
9765014
18391640
10930073
29687970
1445624
6495561
10777841
12821408
2909261
28743561
18297672
8197211
22001090
24515000
12844946
3740462
3070289
15820148
12873905
28525409
12858471
7588411
13927022
13852478
26176406
5826332
16946120
10336827
658501
11608659
15260079
8368313
18038910
12221185
24534318
9700260
21447825
16194494
29096734
13302957
22243474
9431102
19027477
5998155
9127884
9202106
13276864
898041
2772808
3289577
27647929
2406868
9982428
8100039
15897739
1117914
15377472
24598269
16019197
15853568
10708856
28219421
10928171
16099575
21405046
9172480
23804070
25675476
18063527
13030249
20982698
5572420
9628562
27893681
8863263
24258783
7347262
15686755
11434009
3628805
25743850
21192022
17332559
8301873
22053438
26424727
22745517
11868009
24780668
21191428
23291938
522226
27398287
14243581
2593420
23798907
21194563
29548175
10358487
11011085
22223230
26252667
15597052
16723809
27735948
7565523
23958143
28339692
28783304
11804102
12280967
8768294
8627386
2408142
2314135
15760901
20257799
15821005
27434086
4218355
7294207
23751210
5846370
10462224
9413898
13980259
21736659
28476441
22527358
13203313
28445992
7086256
2339144
6795830
9131125
23274602
26405037
9288583
20623431
27344884
19216
28575515
28386408
20639440
17548442
9061465
22240454
1258289
3035773
1158135
6456387
12331987
27996511
8735286
8028707
1451507
3856795
26200415
28060775
25197298
1578834
22920643
821622
28455445
9974018
22539096
10857436
23491846
12586710
27154834
9598357
4146703
4904444
26955207
11026844
21333094
18942515
10280351
26427442
12039160
2098693
23169493
27367085
3012245
11849769
20876378
26895284
3550295
14322731
363060
6136110
22170670
19607266
16069056
27569463
7071607
13818762
25006186
15351190
17485884
13591627
29417063
9465117
10954290
8129743
4771486
17745641
18321071
29643941
3371264
4938113
14630563
7500567
17011357
18748827
14239817
4210795
8224742
10769355
3021580
26096905
6935537
7165471
24769430
4148942
2677555
21143806
2378797
16228705
16328560
16398199
8599069
21402467
14381267
8062695
8589271
3195962
5610666
18907605
21063047
29245880
13123695
22704838
1449600
201148
9156762
7341708
850799
10366884
4330135
11226616
21534487
14666491
11427732
402290
9864125
294280
1025952
6790365
13959702
28554296
27324317
28660940
4804401
2432753
28218013
14303157
24357732
13050021
21341508
26912749
1905995
22148945
165601
17117663
8411895
27294812
19468628
17758442
3866927
16600802
15920801
17736615
16128305
1446789
15818913
25841286
24744133
16442835
19380463
4134345
12763137
7227125
28049543
5456182
5642231
23272685
22105472
28109926
27662314
26660656
23339252
14447275
22491325
13947899
19055825
9263179
10573485
23648871
9326311
7661505
20500629
5684471
11980073
12668758
1330289
9792805
2322968
18983339
25050898
557064
22271611
19758697
17594317
5456393
4634325
18365712
28398253
9270411
8133630
2361180
12066965
9415418
21137402
4071890
13769712
17742199
212948
25234756
2959550
6873627
6944089
18575305
12586079
10126194
8517363
22197378
19539171
1979787
9838631
1031359
10001753
27287865
21265929
6716017
1932342
5097894
1623638
19270082
8502461
27813494
4222216
4848178
16273784
14173806
13587407
6087265
4322644
5839285
6360156
24140165
2345138
23661348
13741563
10831861
3926701
11344085
26152461
27273996
6913063
2950177
27474822
27630687
13460756
15505141
8028870
11710930
18943932
8778205
25248288
1402448
2014041
22239826
16787697
2908637
20747946
4351493
5269253
5308703
15761392
7072126
11247916
19789603
9451145
17401285
11317716
16352633
15139101
17768353
23540210
2871196
10179186
18115778
1706695
7321995
4903960
9911827
10001301
20410652
27714822
29759516
21945281
2752089
10310544
24665912
26351172
17074530
24726587
13173928
21825388
22731116
29320520
9919607
21504921
12984268
16630669
26872122
12101689
17192764
17395808
15628805
7352029
10742897
25031991
11887230
15731877
14721229
29674342
4101378
1004140
26144620
13987863
2871812
6549178
12192206
16753801
3402451
20797027
4502524
13853753
6900457
25294053
84290
13670112
1950724
22101717
21499058
9013486
28838123
22987583
23710892
22897203
2087972
18801102
26011120
6583182
18898001
25997541
24221253
15910992
15786796
28953500
16343153
2739997
24329652
10540617
4897963
25621304
2089483
4363161
16179354
28895855
9358626
17320307
6382869
20348236
22110778
2790679
5584735
9901245
8099629
29872715
13971432
10404208
15590839
29272960
28796599
17190934
2221619
23631911
11847427
20278765
24326908
21694665
14326629
14949925
20548723
10772807
14358402
17832157
14713072
29638939
24282852
13277423
19238549
24246737
1187772
27923185
7824836
18071880
19293109
494990
21380962
19321836
2648731
22522377
2840283
24946082
5311762
8506826
22682033
10479010
22754169
16775256
21240208
10167493
11085960
15036176
12810308
13071551
5569467
7598571
1408793
19603453
12984346
12790374
4230085
22011096
12220858
2484260
3722409
4241627
916041
7381162
12845602
13347433
470033
22500035
162206
5746712
13391241
10391583
29974379
12741331
14919999
12576446
18712395
13635855
6144729
13020345
28112695
25804008
6837757
16135154
27707681
24788555
6986203
28074656
10064774
8062680
21005873
24870147
29964812
718601
1929911
13650979
28576614
18429132
24906823
27054906
12602643
13002365
11840179
19990805
23382929
19850070
17082518
19153263
27895291
17514824
11314777
1888140
10289569
13849238
27882542
11763638
9472012
7460432
18573443
2844627
7128811
2324580
7543726
60782
10112604
23226663
4472412
26970725
10494160
25672590
21543280
3773394
21941774
4853720
9298881
23608749
9170621
2243722
9927430
14849720
11547949
13836918
16976643
14201680
10576482
14024616
28487650
16478451
14324745
21565217
5452155
2266211
2775334
28606309
7148356
7621006
818612
6652576
21584524
8781472
29685595
27100067
3886123
12850151
10716790
9595915
9788959
16248166
1919872
6348498
14578043
100607
25943642
20112682
28409215
3566532
17773711
8459805
24723152
10652929
12297642
12935162
13062738
20971810
9879301
27987993
17752076
1767202
6292035
26019136
13570032
1168750
19388437
1372069
28422310
5201933
23332832
29808424
14178804
15873
15621515
7643729
27514806
8335172
2443416
2760311
26943580
10137025
10941329
21994717
20464652
734729
3358158
26643408
16820587
10921448
4644362
21126846
18991721
15300751
2878120
28237448
27324796
22868711
29266708
26948725
8995848
8625849
18004265
24693254
21519684
15623663
6602547
837281
26433829
3313789
970988
2692130
21106319
12381795
18777949
16859098
5100201
8528117
2605385
13742300
21582620
25362952
5418509
10964151
20508813
26298167
7072213
6085459
4457518
11070862
14303776
20155091
13987347
7026738
7779470
11486572
3350116
22695414
6404543
21811556
24444998
10381051
14990373
24868785
24350270
15874118
20077137
21283869
27171549
24827561
15756891
24924877
28853684
21716852
4933877
29234474
19418818
28357399
12971285
3807896
1272737
21578826
21090122
4680988
6808716
26890885
27188596
20816811
24263023
775434
21512320
13759655
20963664
12753773
14007667
27892563
13488279
17180076
28370230
248602
10473602
10881787
20349389
12037078
18228895
613351
14218185
14433817
14311909
25640866
22826879
10360069
7769869
3663137
20121170
11119074
21413326
17788618
25692974
23297388
6899732
5508062
18875527
430409
18714735
4211980
16645554
7788117
19192573
20664127
5318982
22025507
12577000
5060369
3407526
29045356
8846599
24721608
28079925
11771386
23795695
27322635
11893653
3942721
20849334
10284263
13530590
16756366
29008143
12737176
29607338
24562853
22741935
17773080
9311239
2369377
16793849
1935504
24221015
1598795
15781355
7794183
12906606
10325532
23991165
17605793
3181294
14444122
15247000
2016169
18540292
6205812
27911238
15396132
2430533
21976474
21920784
17422424
27640398
14605689
14803342
2464053
24430163
5871809
12662216
15857293
5408483
11893918
6386465
28070722
75833
26627444
21931108
6286915
6096619
17958078
11441202
8505196
22873279
14450549
377216
21317840
7508110
2800687
1916625
3262382
12190292
12214416
8155423
557016
16708088
13636049
16641741
26017469
7267384
24247044
27727513
29949999
28845726
27294167
10447539
15291530
10084852
8170742
5748459
7331331
19979967
23916447
2718650
14741141
29402784
5953789
22015224
14444462
25595091
6633427
20580300
5211151
2833170
21672904
28722293
16770766
29486858
16221213
15957218
15868342
13314204
18372145
21680926
8998546
3526435
11305744
23958273
3486097
24673689
16986858
21963016
12060361
13849976
14695608
18796190
550748
7333591
28271733
6055353
5465113
16108134
3125851
25188432
27965937
29022330
6599744
13045479
28209516
15782759
8183447
352744
20904831
5581966
24847153
7337390
23643709
14945887
24229622
24868855
24349031
21707560
8913186
15139012
213396
20476009
24588560
23519478
22461470
24401739
18972275
1663685
7716850
20124458
3032070
11816039
20627186
21302933
1842649
13186210
12342971
1485799
16433629
17036056
12329917
14406522
7910431
1197872
19017685
26537090
25395697
953945
18946329
16356249
13680150
23901093
19343025
29049253
16586652
2518605
8404420
21175908
26455699
9407088
4141240
629533
12901995
12026641
16952988
7374540
25481995
6123413
4435283
10910446
13906995
17532885
27903409
18058247
3979996
27991003
10179602
6831931
11582733
7436916
25165486
21581842
40488
8024122
16345627
21227379
9701488
20440113
26776600
11784734
17911874
932946
13014681
26193999
4764582
3713471
13224366
29314690
9319025
1443277
10654631
18021840
5838621
7395900
8391574
21292294
10928243
3225725
24020914
9953876
15379047
24763230
25686052
8918538
23148940
3670298
18175689
16586897
16169892
7826783
8023546
26819310
25425798
15278981
22379052
8529040
2812121
23532415
25275590
27975224
9812482
107270
21816913
22540211
6850624
2260922
26637346
16738083
11042134
28344647
17519078
13549736
29497968
18265034
10141280
23940815
2914985
12822384
19442671
28018892
17739594
20046653
11910862
13810066
22091127
16680938
2202013
14927447
8857411
14681194
6623844
17634607
6182294
25551839
18661845
6386785
28018178
7811376
16186633
4470488
15259340
13803681
20489120
5265725
6833592
18061663
17609156
20367952
15825378
4636992
18215271
18746447
21704879
14562457
12105896
24981413
18859605
12156287
16719888
3611507
29379480
8824420
29897343
182611
6153996
28103529
8945312
11258180
29234358
8742774
10893783
16242600
28063491
26194291
13103438
11025853
6588341
27151581
19701700
28802639
8549461
22631409
15287987
25981489
4216302
13345873
29324357
28564913
23229924
11208960
4446448
13513319
22566560
1725436
12464615
17942445
21942644
10716103
26920582
2052924
8532155
20336844
1748354
4534081
11644895
26436084
39516
13047232
24160510
14415293
1008692
15987679
22948670
7942056
27319582
20027774
28078893
3686456
12368807
24481555
4435788
26294694
11892761
22198608
21866701
23799582
2079455
4727251
4591342
5505218
1965281
7991899
608317
12098651
25435687
7403577
11951150
20032947
18927466
14320158
17838956
10692931
786213
12988141
9565730
8484339
11358755
1291257
25389368
22327070
26423123
25794538
7963158
18003753
11935842
21348163
17360361
7575335
20964147
9972172
2227022
19685142
18110846
25312042
27414058
12234384
19184286
21029211
2623352
2728377
8650067
10269809
27411642
15564662
24739351
21407227
3610466
27823940
29232941
24021416
27518813
15437693
5641950
10968401
13279004
21949338
27688191
13912468
20328576
14550229
5175666
22493812
11863764
4884048
1129996
5853310
21255079
2180824
2318804
1347172
24997564
5935855
23688480
17358781
29490312
28330441
28713453
25685901
3202392
24255989
9884590
5091251
3969455
26134544
18919098
9473784
7327427
26466960
6932573
21196613
18624881
13527478
21190106
9126126
17864585
12534267
26619066
29803403
10946020
16236682
12926329
14780563
2882575
25039626
22148918
25348102
5354291
5029633
8722495
28953041
24045258
13804952
29600612
12789110
27335546
24815889
4105854
28246420
5695930
894537
28315974
27906895
6858605
5620308
24973013
20938980
24698142
24225762
3409670
3058276
25216679
2110735
19889891
1945453
23290064
18790153
27035861
3993774
11727010
28166499
29292781
28723612
19833962
5644155
21717529
11407430
15488979
16682770
9339161
5823724
9292562
28288834
29031421
16703774
8559130
19881043
14063113
27012458
8633561
2937209
4480096
3819367
28912621
19920100
8510767
1170855
7584160
11512444
2468486
14975843
29658891
17205937
4537050
4578169
8599998
10741016
18758181
2647108
16737315
5847930
4690053
28893932
29997921
1020505
10148605
28316155
11029123
15913154
23523552
15826003
478775
23121820
24793380
21749915
8253172
1616129
28941533
6778137
21032247
931724
28005038
16593754
7668249
29373759
9964181
6059414
29125729
12711189
19633040
20768564
14302809
2000099
7572783
23478434
4822791
12226364
6948455
28340038
10809165
23059977
3199100
26617608
17646935
27179737
9736099
22528167
1191734
28837382
5871261
18440152
23488419
16731182
16034792
15006818
575416
8794595
5304025
4099808
25538613
2905890
4154371
27653026
7514670
3390034
17696288
20812977
25048526
20639228
29530770
18427967
22862276
11513275
14951967
4875792
22635773
14906724
21851387
29280605
27185093
1321382
15623009
1765465
7327229
5800129
25208103
22803438
25131027
14545462
20035376
5590916
26972806
26166714
1325557
13436742
13556738
9600147
1593759
8482198
26896078
12144886
26076816
28447666
21972138
26956248
10317972
24852691
9227940
9283910
27540892
2862635
2549005
13806254
26408909
24013521
28325940
19052864
5817759
12407976
18767874
22938044
13489349
26563557
2402488
12739771
6962713
6075540
20832392
16717799
9925093
29002111
24266815
8264790
12758251
27961545
23997709
3024341
10201578
11874976
3848103
7504213
7574946
28159126
11543522
27186966
26512108
3882820
18733466
11594088
26865131
3180379
23821194
1576931
14274648
1962397
7781208
29945473
24745555
7645337
23266074
14187951
28350157
26211467
8109498
16798207
16122029
5977762
7792999
25484844
17205217
29546779
29651460
3380063
7252793
12632712
6637229
6036907
15873562
4656093
9026522
20087854
9534234
11177054
7252891
381315
9964415
27816764
1844028
10194397
17833454
13127998
14700144
22447198
8767601
21576423
7509626
27259047
1580620
1325443
3442127
6249929
1982665
26305174
28384979
10741796
21453957
1353565
26250118
22763892
9292314
8841043
23901474
20781467
23138706
8173573
26233102
22682739
6010333
8859846
29305733
7578830
7625542
18404488
10043285
3084591
27076791
1106150
11313291
6676120
18741208
7595183
12548865
24375317
10688583
18327368
19799050
17619052
3126301
7105250
28228964
19958180
10626081
18271583
29680029
881302
16765224
16722108
13389295
21898033
16773833
17022052
13524396
13982975
5456163
24598729
28644189
24939941
24853236
22866924
18044554
9574128
22511955
28404724
29860315
5723582
2008646
720020
14952171
22684945
11815125
21105479
22486163
20658935
27901865
27678115
27363689
26329320
17231195
21097620
14694183
24043029
24170956
26953619
2634259
4693796
70255
14188038
17217996
16148348
20769476
15894925
27370323
22808760
10075797
1629178
7155494
18100547
1495421
3837189
18759378
1459137
8235267
4541171
7829409
3119821
24157914
2777337
1159177
2174241
14618920
11703647
4809498
19477140
21820218
27893549
21923975
23436293
22887048
7354903
10831667
28597893
28644112
29496178
7522957
23105012
14527634
11556278
26767822
15124994
27257096
23620933
625690
2880475
13123256
6123648
1670605
13877414
2404385
12838461
17616005
7640766
21227364
10597243
26159226
2901893
9519515
29538160
8517591
20524323
17225859
8877736
11445644
1084007
28524817
6419733
2408233
9342599
15134927
7834289
2187292
13062393
15096074
21904358
16830857
27119948
1975031
14024859
27920281
14312811
10258161
5029317
13906086
9184986
5744656
22528242
5198903
22085240
4335191
1491939
8228440
6814910
20317335
24415945
19083745
20620225
22311472
11048015
3230239
26804808
17646252
28215424
25714102
13822605
1031010
21172371
18732145
21312567
9824646
15634679
16247899
10468448
1432378
12208019
22591089
3673316
17911386
25144881
7586362
8478626
11642455
10776750
14966053
5335071
5996788
10558193
4516125
12731954
19203209
17426686
6893991
28774450
21886478
14580729
27094115
23337228
4567928
13435442
26963525
770578
5021056
20168912
12221999
9270893
6559001
15291730
10219980
24022951
13748671
13586811
28338970
23038276
22203814
4899105
17044806
6972442
8365897
22797603
9636639
22078276
19532182
21533640
6526591
9448007
14225049
25678142
2331020
3049561
5868364
22973387
24193496
11005967
25115373
23400465
29249709
20845043
1527058
9078504
27349087
22274081
26130314
28636368
11372583
1190703
24238417
9165476
8673799
4984658
29173390
12704701
16297030
22985098
775727
3134508
24607065
26493377
20863598
10222153
24258752
20683546
13956201
5177535
4530658
17846170
27415323
17907638
4550399
6766674
19657701
2535856
29597019
28255446
26072894
18001649
24956371
16032644
6336964
11911489
17710559
24427179
2678760
14349248
11684211
10032618
7104278
28405171
8611874
13113309
29938257
10761332
6686758
20675358
1617197
1898725
9919895
22655402
2202168
25271708
26754233
28896110
12159417
7006550
10377789
28553702
10256702
1451434
21116982
27689657
18921607
5767707
13921845
8200863
29891198
25673476
15937352
1412356
12416016
10638274
5937323
21742664
29586878
4727476
1917834
4991628
18486146
7132967
22515493
12703751
28314971
20774563
14450991
2102151
8328371
8597738
6794921
24577153
8855646
20518321
17057773
9499399
9747598
28318340
20858145
6239352
22980388
10622641
11570903
21554144
1572660
24395002
19975937
25218681
5931779
20572336
12760433
27325327
5701504
13941695
13459305
4634167
23562339
16214600
29101255
9678689
7141030
11435759
20092535
5858045
21087887
19488615
4029175
22022804
7191689
18897084
9359253
14821678
8502882
27088515
8972728
16812247
7459573
4776010
21875985
13750109
12664316
21656025
23083461
12550146
23329261
4869274
7050573
9919799
13248742
28234031
24135919
28170461
11075205
26958506
1741511
543810
21185571
11280580
3013245
27327089
17032061
12084391
9452647
16618549
4563288
10098518
17264468
19138406
4419233
17703995
1616330
13109593
3907096
8606436
17412878
7327362
19444462
19724195
7786122
18233969
10405118
24046243
28867367
8650151
27432923
14997242
349341
4645773
12461706
4867990
21141318
9953632
3944598
21568190
5385045
15806286
22849767
11139722
20991163
22342765
17141173
28983741
21900223
16450011
27843873
21518521
5824204
26750044
20497677
13047315
8260126
27708823
1407454
22679996
20663509
1538382
7316798
17790398
19952951
19860040
23266871
16380234
25267013
24901780
22481360
18216276
1924383
12194742
7991663
7482083
788282
27768523
18651597
26224976
11585415
27760425
13046767
17753261
27477020
9039342
2262513
12419135
25417170
25033863
3249957
22470912
25451625
5082978
262881
6273982
6192228
18741534
9650848
28551457
9108069
28629185
16301473
29288362
16557021
6805302
25380498
12227619
8508003
13423585
5241348
3656595
1840635
9885314
5436915
18711828
24914897
24530026
27907052
9186042
22614909
6379073
20776130
11453047
27325778
12436431
6653972
945632
7047289
7457887
3425961
12897749
4134555
5020946
16036185
26230004
3326368
26194498
23151368
8825518
20904150
7527161
18637065
20811022
20007416
25693806
4953823
26660335
5176436
7135911
20728849
5508163
8971504
9566907
16683475
16996179
11871185
28288776
13656188
25927627
29331239
15958859
8586602
4234083
27686397
4783588
18486811
28055054
11099111
6991362
15746225
25125789
29867022
12629748
7741028
26061783
8926814
15437420
11779053
22718159
16554423
9719271
136270
12951660
18068530
13346571
21491229
21093994
21827985
12374203
24145584
13564706
7973211
11717694
555162
11588814
26213466
22443122
7863748
16176360
26993858
24087517
15820492
15585240
15545344
6932880
15381654
19833487
16379139
332996
5681323
28038390
14770372
998020
23433469
10226622
11141601
6656292
10480772
25772744
25790524
27338309
3335522
28151267
24534440
29194774
17261068
29507718
15923636
5315243
11247133
18225568
10589945
14948046
7824864
11163259
11429417
22208873
20389025
26155823
5795746
13240814
8601168
18347631
18816043
8542811
5549057
20330683
15385169
26221332
19194043
8074881
3222594
14859229
8988772
26119538
25545458
22479033
16529160
11071754
28909247
20285113
28884116
15799981
29474111
1368469
9595380
8574892
8363894
23960589
8247621
10125956
22780659
20368827
25966017
6863407
5874271
4529430
18943714
29840771
5737534
22586073
9664577
5392923
9298148
10642892
14173945
18688040
21783762
16202357
2289390
19558281
2432944
27085859
6419585
12463330
9293082
6094878
11889351
24372818
8328598
10062166
19803849
13396236
22278654
29911730
16184607
12177238
13537966
184655
25645923
15805018
27572748
27047015
4642443
16883565
20125843
22492388
9051738
19623067
14732228
12959568
6715373
26297303
7192944
2156419
14393814
8014533
16419040
11701912
6972584
26330716
9470343
18204710
1334024
4211265
21760627
21468040
12652074
2362417
16746342
2962589
18409678
4023601
15501666
13691741
11062471
29780091
10124063
23619898
925834
4505430
13992805
29302051
1253159
26179710
2319990
7277533
17434083
26988169
27154561
29849597
26615371
20732273
27949077
11777374
14424841
27731145
14956281
18676431
26191974
27009141
27048157
7912691
6479127
24115054
21632805
23470207
19621989
9877527
13311092
23613868
11117933
7396087
13234981
24654207
7892122
27868005
25671900
23052783
20677634
1469675
19767647
18893053
7374361
7867120
15215178
1571297
27877567
12213413
16260218
12928181
12053986
16989384
1633203
25249675
18476062
28234527
20325521
9887669
3818495
6214532
7585146
25656430
10853190
16604802
8516888
15900173
3302917
16775317
3982484
8447758
7849838
21547103
1822492
8769005
13526606
3537987
26876600
25811232
7448653
5622763
10149265
22354838
25045887
586824
14196973
26072076
24327897
16072448
10971157
10405028
7617832
1472287
28775780
17291455
17389688
16846703
15246137
9546465
26292734
21526590
6135705
12497168
2017665
7320932
16919541
20591836
9984946
24983741
27916303
27475394
20482364
15423533
22072827
4057849
26580531
22649949
4580599
7080547
2347949
3095270
5285832
12925447
8285464
1680795
2980272
14744148
837024
3158975
23817509
13323238
4822671
5049847
20726627
20729109
25461603
2054711
19919127
3552617
27643504
9830616
3061041
54487
6441082
3984540
16393928
17699221
22160246
25789738
1981543
16090241
3860254
8016363
22308168
6601499
23086360
3991226
12702374
24557538
14266911
12710489
4437684
11169035
9439202
21377958
25453848
28877446
27947439
29088223
27872312
20605096
4326666
3498559
27305480
22633972
19081633
14606426
15293739
23521460
5086858
16392555
23170295
11045427
22477345
18709907
13098558
25932000
3298340
479992
22517174
18958834
15361459
4522691
26170916
11035976
23337666
8814461
9561821
4865349
14450655
9999550
19912543
17890586
20523281
21861658
888369
12667107
18243833
9730187
8993594
8736152
17733377
4857182
12069232
26665985
564198
28318497
24437415
15168259
15702664
29722455
22171039
954996
14306722
15742669
27468186
7992254
12947933
9799641
25112691
17123515
1756346
14028212
7582553
23015731
15504623
29427067
13848955
6552956
21150610
17205178
11206858
12994237
15835476
29220197
27054021
12553523
20966298
18691061
14972131
8165221
4281577
1723131
1045510
27195969
27495194
28804231
2335064
6160160
27920733
4954601
28238024
26601477
10036088
18695896
8971710
9379835
10705636
25129692
24340233
21637799
5538529
10957326
24558232
4072568
28269916
19358532
15934226
10460741
10705829
21949345
12202861
19366552
19409608
16033049
10214878
8916685
18216943
7105139
605955
20191896
4710879
11776987
13777040
4343168
2203491
29242692
12317446
1382888
19497014
6053442
8355462
19984576
2797227
5440029
7478212
3084915
3918827
12769017
25121342
29249890
5485456
16754199
22367290
17159761
2990521
25594746
1561693
20875668
8303134
12791847
16428292
20057662
27742480
21447935
25747716
6716662
29558199
5871849
1195379
5781454
26678464
17138469
1785670
29440803
18389579
23173432
14579176
25873603
17847858
25095960
14009122
16968393
29424261
16823464
1066403
5909215
10051378
2695438
18984713
28983844
11059046
29527390
13852838
26418553
16459880
28150963
9461119
14032946
2326251
12218068
20991298
2208217
20364175
26562080
5186890
8153009
25607000
20186501
12908575
28998924
20235033
21961210
23386491
10996803
1787427
27375773
3842286
1041411
27222418
8479738
8818685
905658
28004557
10120068
28593837
22272033
4489638
14418122
15609942
28100552
25691306
17803045
14273987
16773844
4050632
4406123
29728519
1530113
16463783
8769970
1644863
8158055
1871120
25390180
19510527
20260012
10915814
17780107
581795
21654499
26814884
2717109
12546251
18374922
21196380
18934886
10996480
13718054
22074401
23513368
3232619
25223494
29028812
26834266
2768477
26492673
27763727
2789488
9997379
5967153
1763801
18276923
5805364
12219680
15259830
6785384
1940260
19538133
3950562
6239720
1645607
13081972
6450476
10562832
26419309
26362384
23488226
21746961
9660695
28908938
15197898
5218571
19085942
265774
28122637
25949980
1995199
12363452
12726693
19828413
25798569
283407
11772718
4918187
20001020
20309983
23767121
5823004
8119324
25760466
25341042
11752730
1023210
25527901
24152269
2676089
22558366
3336337
17190703
18401287
17187130
9035914
12048476
22996965
3063837
29226955
20201591
5132254
28966772
24762912
1411354
22553105
27678052
6719278
1139883
25613708
18509006
26484126
14145273
1132321
28661965
19667119
27351770
22745951
15807964
24119558
6609562
472154
24444184
21457941
9831627
16730855
17877651
20194340
28498888
686624
11700870
1588222
24192032
9896621
1298844
26051504
7625766
26329223
21954027
2792288
13567528
27105598
12148171
1187482
25813057
14815809
17414071
22220601
22666889
13246435
14487178
10611969
23979047
8595761
11925893
21768162
23289779
29422617
24307486
25190111
2583003
28779607
20846798
8006496
8717575
14712052
26517214
1328088
20108601
20906621
24660767
12920432
25160129
24648814
11635073
7093737
22367404
17439415
2729492
26214315
20540453
3424937
22105198
12107783
15421903
3263333
17550824
17355253
19985893
26434117
25299675
23394588
19039372
5082432
4436217
1356061
24778766
9062625
22013771
27739045
15097527
15433406
13390042
9385282
1898566
15630501
8147578
29601601
7010192
6790665
8660338
412347
16643913
2576576
4953546
23889980
7893625
28654612
15524365
24199792
18778976
1721584
22029723
11226744
13355865
22320938
21860868
24512329
21489983
12424590
9327802
4162094
743429
23849118
12847459
2371914
25322876
14514500
995005
12089077
10527130
21353148
2198998
4180316
18745198
26413250
6006921
7057795
26244936
21359445
28684250
7558635
16731618
1992390
8807421
6478973
2344370
5496162
1391371
12140154
9206247
2572164
9914236
26370628
10593823
24075060
3535446
13826146
1991176
5928639
16450182
19262406
7090113
7231211
14200381
18263282
8789068
19777558
6462687
26988678
27167120
11552570
8866649
2876067
9178273
5377944
26708714
28274731
19337462
16992011
25933979
19086193
16431559
15989467
25300714
2948501
15783774
7783983
2150466
26738816
21213895
1972468
11721280
23343200
748554
29498553
2221161
17423322
25499720
12420490
24193169
28428195
21245945
7313834
8352645
28677882
2478692
13593253
18575948
28485187
6711013
9279250
19715068
7514420
7313987
7140644
13343300
27892727
14079374
16070522
24733573
10986767
27876447
1947995
5180895
17163720
1805793
27893024
17274373
16811654
11807318
5929288
14174839
15600170
10845722
7035582
21832590
12272008
29021099
24122591
9996459
1763095
21989312
11044759
11094198
9953933
26406754
18426872
26987528
13187045
22644514
14788721
3839856
13469706
5714502
2552704
24772782
6531122
10797536
1515437
7622147
15552343
8082518
12346141
11297710
16583881
21676241
24193930
5161024
26873092
14772359
763001
16943435
17101002
15152820
26833278
19613148
17862051
19864344
21742487
4353733
15653237
8693898
2948663
17447701
6742281
10755194
22617221
15434301
14976584
20546274
29307155
18190736
29619529
25005191
3651859
25268385
28744760
23090689
22191649
20482315
20048892
19521774
2389992
16820481
8781932
9350769
14436539
1610499
19116945
542907
16623752
26012167
3346674
26054472
23474661
28211645
21410605
2346416
17937945
9560841
22513110
26342356
18002757
18091199
20420806
16109329
11220241
20003472
11823674
24540725
24577967
9129502
6093255
1096214
12235651
15612170
25975053
16759216
20812233
4815951
15263572
13855941
20481301
4029133
28990015
18307992
13193198
16649581
4901144
2266848
21691719
18082660
10581578
21511064
8449462
2926632
6199934
17085447
6080987
26283895
7157883
10796287
16570955
7830731
7300121
5643682
28759365
11316763
21342106
942374
14304582
22704738
19364938
1684615
771303
29517402
7347594
28927618
27169850
21812531
20807396
17499597
22758969
16259002
27418797
14264494
10884917
8013984
29538320
28345680
4169472
11144339
4834740
18763999
15606467
9931330
23210283
24855255
22192435
29485063
9987633
12913099
19438774
27685534
23669294
27029482
3643527
17568524
13401407
25067918
9583906
1960338
12098114
28970215
14869617
20569098
9499999
18754061
24898745
13301844
26824006
13370635
11648193
22117291
26818466
4244654
13031543
6854717
13049307
6776477
6047971
27750126
17619599
3984587
19806342
3830433
16797195
18521544
16945716
11330960
20148792
4112587
25869222
21691695
14403586
11203401
1052018
1619023
23029554
19180847
4474629
29877450
14290183
662881
28494257
16572612
11702781
19275608
17315441
762384
7165094
26526657
13482659
11345078
7813758
28075068
16885855
14562621
5223567
26368103
1703952
3161914
28958024
26445368
15729152
23999260
6578363
29931974
18636411
4014143
9136850
19658192
9641122
11417143
21914075
29221005
13313268
16971100
16893484
847162
27864045
7670079
23460923
26659118
6590850
16954969
29263344
17264591
26598945
2942361
26011953
2214670
20804743
16999994
23408574
10362679
29759293
25933958
3977732
25356667
12427937
11558930
20490424
8418279
14066313
16342398
11866634
2681270
17871782
6830854
1291434
19165515
20922442
15796099
18932692
27478611
13295492
10378708
7475123
29747689
12710403
18837284
3385112
11013818
24964108
7150070
20926450
4166863
29493385
27735629
2401198
3638396
21146855
5906153
11874983
3944011
18695962
2192412
11745405
6947575
9807757
5761910
8982294
29378918
27522672
26613478
11443030
27575490
32604
483485
19061465
9372642
21870879
28160775
2986103
8449425
4189671
19413011
3117055
26684136
29435588
25636619
9771255
3046684
1238893
24558996
24068718
6901579
3464694
24273530
28883317
10926617
2319250
11512276
20422335
10057719
4932679
2424169
5243776
23768330
2374922
23147396
25123765
15042972
4736909
20259325
6697385
21208941
10346233
27792503
26527133
247763
14740308
17378642
25518243
25236706
20101794
24683610
17051908
25563396
18406695
25449259
19437180
22494926
218895
5884215
9880245
17046494
17134077
735623
18461621
28541617
21828841
9896658
11427795
12171734
9350021
209094
26138311
22681596
10633082
1531729
29127445
8668301
21896700
25500451
3838562
1487418
24649933
12533741
6521825
29420881
22738294
9968374
28322662
14742061
24847740
15948798
16042237
7165639
6424714
7023505
6629893
27789435
28455475
25557220
8666353
14545718
11063722
14966973
15195067
1502210
3580524
9226337
13401994
29611720
9035870
28231307
16261678
11503450
21434006
12265273
16083861
7966316
4290598
10674898
1993659
5988713
19363033
13916587
10205039
23049494
12837076
28611133
43858
21634247
21342105
15617624
26854742
2785681
1169706
19000180
20750028
1526843
20948098
6697625
18233594
349795
8933977
2367433
4270377
8594015
12501518
25770419
12004206
1283940
27733699
21125869
27584926
2599718
19141493
19745849
27707910
6352239
25069248
27465818
12613317
27208415
7237919
1791321
19841653
21652590
27934390
26899761
4026804
25539036
27926802
24653661
18857839
15984812
27456101
9151033
7691258
29588593
4965725
29032908
17492613
471289
335044
14369766
28080148
10141975
2160301
16025724
26356758
12598757
28129334
26274914
2317842
20132802
23904055
17499031
17672476
17315100
1938404
4208304
18872659
17689477
2291952
8489497
10897860
27935941
17171767
22078645
29366635
18508189
14077171
27577710
23388090
29105870
29803099
792371
23612231
10208099
10800975
9758059
4692445
10309354
19470240
7025840
2509891
16544370
15711551
939970
14322749
12923132
17620294
7723677
11295914
23206340
22154522
28314919
740341
19869978
2141151
7632388
17502654
6128650
5563488
22105919
19971274
22186887
23795047
607347
20056121
22709875
2471084
13865654
7721038
17642016
19863587
12771384
24007769
18073125
15468696
8355736
10994603
5976187
25034421
6795729
7442054
3602284
2426894
23781876
4561393
25053551
6758488
24051300
25204342
23888960
22725494
12431141
22250373
26274119
13113033
21552249
24497750
27193745
749276
8701004
23376305
27427886
15347527
8400314
19731298
21918725
24477274
13224470
4180889
18640854
9634117
23576989
14905848
19415118
21338598
16304307
6939113
28382695
25118285
14485099
15156522
6849292
24936532
17838571
9059840
7600419
8224214
25124917
7083327
17628863
11357899
15642451
16498984
24534395
20928106
18630449
13890130
6770814
18198663
155018
98829
6487159
15812069
10126007
24150484
4714849
6078645
6123751
8863197
6396571
28764412
20792411
1009975
25588622
4280112
26108903
7808233
12676381
26430816
6345422
24464306
31212
21014872
3613767
28357411
22965282
29207319
21335215
16306432
25206384
28051189
4235859
23329003
27800606
29204518
13972353
3381959
15031160
14615175
24975951
5425400
169664
11326768
25058539
19920615
20096740
25799862
18269905
23682190
10336251
2691494
22388561
10790712
21904869
12680208
6739950
13637707
476120
11276133
9143443
15242479
9479921
15381677
17472117
27225979
8082060
25799048
20668663
17089349
14399011
17371405
8934041
18648568
24288521
11201579
27657257
19838558
14075980
355053
4313550
20182147
7831220
25557273
1782959
6482931
23888103
24897865
24277913
10230062
14068327
16568553
5191802
14695307
1364167
24975550
13580827
8753250
22214902
28056178
7137735
17480097
26845722
16900749
22389949
345497
8161219
22858623
22597661
28467778
9128984
19948990
21515141
24739484
29613243
28395597
15912571
26028532
11456349
14328354
11378681
7530288
26073944
12867678
2624974
2321866
25168435
9090446
22472795
15705401
5393737
361451
12645964
14452769
15222268
26748675
26791452
25175232
12823382
20116724
25032493
5513089
19569521
6801646
27466716
12643731
27319401
6275161
2600495
26683322
19704030
869914
14998310
28832523
10306385
9694400
12832104
18475469
29412779
1849453
2638513
6355289
20485441
1222515
11390396
3823505
15480412
29446876
8919547
6843206
22190881
27053850
14167176
13176677
2710225
28637166
1363433
10318608
10360918
29843998
18814994
2502899
28954307
12339756
27967781
11795919
26069263
7646331
8785853
13179292
10348146
4074981
8651586
20224176
16669161
8379508
19583895
21980950
13684830
15622314
9113673
9442889
28255457
14077435
20026852
16576746
3786049
13899129
9708741
22299978
8476969
12557352
7028643
22826908
3440356
2495077
17915387
19937776
16167820
17063241
15298185
9595335
10015975
5601489
9357621
20257455
17831987
15605424
23160570
8872122
2994026
1067273
29802727
1294
3673740
19016435
28267390
23607221
3540280
5747884
4143634
22408863
21149769
24592846
29759119
17223161
5509979
29010310
20874321
4603327
5961949
5297746
2742136
4478789
1945484
5584446
15604800
16529386
26965722
530319
25122409
27042394
9947866
17511590
7707399
24142760
19496197
6839428
11398747
2912085
18934737
18210233
28417784
17299592
1081942
7009712
16401637
21717045
9039053
26387895
1801784
24933740
26565700
7378883
28877740
28458912
3201377
3510239
26813040
20084115
826867
21512785
8747828
17684074
2073468
14421616
12762867
22005696
18839149
4683824
284449
11608317
1924170
16706387
22932077
17116337
3154693
15847994
19263509
29707446
15886414
10017904
21415840
22509306
3378352
18819463
23976483
11319696
5175127
6876881
2439011
24599667
1206766
12072743
1030606
15884898
21044599
6735726
16234988
9695238
26345086
6456122
24286716
6362926
12288229
2513082
15327603
27306000
8022764
16096358
299566
29042770
2112644
13101542
139307
27772244
2925305
16071848
8607072
13376677
22288499
23349697
7865943
15821276
23130829
21890664
5482186
26382068
17178330
5732503
15136666
6009107
10255216
4300172
3223952
18383311
7308633
14695623
20138226
14263155
29552579
21611877
4592941
2945080
17007502
23528309
6752364
16354555
9838873
2564592
26820281
15479539
19736111
22009762
12797562
22715508
26877096
3732818
502945
6053319
29663503
26556814
9683969
9512858
14760386
26020516
16604048
1339941
6421291
11032456
24768211
14961981
5202566
17011039
16236974
28150187
16420902
11988170
1345678
26519542
8386387
996036
1938755
18109848
5414194
13138768
5511540
26288358
20098528
29690287
412935
5216960
27705454
18422306
15975152
15993023
9232984
4816556
12325626
10808573
23510491
640031
4691761
18333061
15213200
5833721
27147928
1637978
469335
6423816
25600695
23943430
7984943
20567839
16620147
18464939
15607254
12434383
8289411
11815966
26043465
5368480
19203554
21580601
11020422
15248340
1017078
18827875
6957804
21830502
14590663
6798401
23113428
13370653
8891854
19153069
22213044
20067222
11151656
24534921
19650058
9918483
1018774
24100163
28747563
4020728
19137984
483072
2849072
6239368
2764207
24337064
25756251
7227308
6451523
14592675
29910038
6226145
9808473
16203237
21340444
1728542
19026806
25354589
9699293
17953658
24625808
13456180
14464696
22885448
6217280
21634556
19415343
16047984
3660066
18573189
22159053
21246317
19607541
22314637
2093424
28572672
25087577
996981
13780456
20688201
2240862
28016970
19331191
16775854
16289210
12262018
4793047
23339205
4184957
9165217
4685276
5804408
23038789
28110827
5031211
29588055
20186639
23893391
23771092
9083000
14900940
9903579
29756516
16409263
19346968
5650867
18568761
4566467
25628069
14421989
9857047
22699140
27218986
27458288
25397033
24492715
15253597
22135555
916378
21419771
29606471
24659041
20823822
15314447
8653142
8908699
7280735
26980556
20690397
20556456
323776
20287077
13319855
10129134
11514484
1309268
20038971
20544927
24828553
18400631
20089693
25373202
9214751
22129062
22737959
10817310
22447842
29084031
16154622
26355845
17270923
18090109
19584284
2746740
12789955
29149882
25548308
22811227
16801957
28080058
9287964
5417102
12475249
448122
13144707
13254966
22863737
27600370
2765497
9889949
18540446
2577151
25859050
14696733
12450662
9001566
2969439
9633146
16423844
16596367
8296296
9217541
27299149
23861372
21713956
12924999
27202747
14940169
25785334
12705378
5055411
14929806
7639326
17970507
15683893
20520228
11815590
21863792
26408536
25816013
15241411
15447533
18150935
7088697
27652
19925498
2388791
7665869
16942762
16528089
7226570
21437485
2911029
18317591
20250625
20364542
2184563
4038765
28296501
23901143
7852945
17965578
2839704
10023206
17924847
12846824
21061622
5343283
25829152
13746636
13045443
28217015
10757029
3788146
16437175
26533172
17881355
16488626
23814935
27699047
13500927
726477
10700740
2433044
5345621
5307185
6302585
22932449
21054907
10304956
19418578
5828645
19284646
24273582
14604863
14321417
17074945
3189180
226362
24579016
16617752
10517509
3364908
21444460
29190173
7230811
18917294
27169132
11839667
24116924
1075823
1396936
9180844
921735
5756275
17433741
13194825
11961810
17158877
12902534
17826624
8880280
15755005
25009714
18060955
8213395
6651700
28279284
612416
5791673
3811291
746443
3574192
19032774
4252622
28350294
7353882
24091808
20557644
15647007
1059331
28437658
26244794
24591523
1525571
6452504
10312394
21110028
7999512
8619272
21767503
10665627
22719485
6351407
27241412
23121860
27342645
15621756
27946471
14631852
21618428
7509836
13855768
22796403
14068039
4595061
4744122
18807090
672355
27901850
27610741
162189
4386061
2602683
21591555
25409506
14240900
28996099
3778226
22318207
23337894
2788548
20358821
28236089
15405729
20141010
4365586
819397
9249346
16254774
21271627
21974651
21142546
5682129
10644010
8383574
3873567
5408536
16454665
4853905
16218888
12242859
22498692
7506385
26828177
24053648
11737166
14935803
22658450
9847449
14302363
1802958
2911820
8834363
18965446
25201363
24401095
19700345
18609598
3140500
27641356
345666
20385128
25926750
25579679
2726642
15885328
18122929
18690437
25028925
28536857
5249319
15585714
9078606
24976451
2619031
20525828
1126900
11476574
29340578
17089231
15980603
26110939
15534450
1413815
28221319
18914711
16209387
11594405
23964706
12868051
15434422
1375351
3649802
26189495
9872753
8439036
4510347
6016568
15327052
17476436
27481914
27779752
5269214
21878719
17664275
21202776
20552093
4904899
13904323
5683946
2909105
12466156
25043186
10917744
21083742
10765941
19312270
10386341
5080015
21318388
17236978
29099130
23461070
28578084
12565806
7726730
21141054
9847803
14455825
5009388
12477386
12410532
1404833
21513634
7279562
27074400
554055
13064460
25779224
29342894
29302432
96967
1223573
6759994
8263966
244691
8878203
4971603
13897888
12470744
10219658
28554435
26647417
6253650
14550454
6058159
26655144
22897316
15006897
26950942
7790554
26952228
14422225
24146068
29695767
15765049
8374184
3778914
24390995
11962384
2010683
17130451
1693379
24913611
27604380
15836342
10189912
15139858
7052964
12557260
26047995
9042913
5456255
18815242
622706
4423096
5295978
903714
5177737
4318263
12943129
14273929
6390216
23191507
16070721
6628514
28235051
27637917
14048964
11902707
10756148
5535391
5422530
3445405
18299637
20845278
13445860
9500320
22617979
21777710
5113871
24172222
13881605
6764224
602643
3768529
447012
4924947
18681307
15344990
1935844
25976416
13012524
25159056
2126622
10919714
12561946
28435479
28897553
23731028
7287593
19709392
7034012
19076584
22544747
12910865
17532340
13695205
432680
25757632
9469338
27289350
23624796
1605721
16789189
12694230
8011761
24119990
20902526
14190111
21737548
18219701
1207643
28986798
10699282
9753393
18532769
28273231
8495877
3491051
7491571
22696923
9045470
29575818
20461463
14345276
13139075
1820333
5293368
20673791
26175966
17025693
4786933
27500660
5378685
13427545
15374693
6017719
14529504
8895418
21646452
16408712
21212436
2263469
7347915
11190196
23946626
19284124
11210190
7547106
11007512
28103063
16904623
10778588
13837506
2630109
5793232
26964302
21804322
22960600
23961218
13623604
17407572
22534785
21997657
11497224
1378433
24742785
16169
24663639
11169561
17032330
5515167
16704772
2105304
11507411
1466701
23520335
22182107
5155872
6789969
967351
13879798
17213961
2082824
5102403
4330813
28654847
1437908
22295632
1969698
22288984
24828512
15578079
14161671
15602318
7689984
10093846
2516473
19866856
9743032
3726342
4111130
28667156
5084699
2706602
29791061
25608036
26708944
8065610
27149345
8501661
7774217
14811057
17652877
6614228
25815116
7128440
10355425
21635249
1042854
1259709
29074895
22336772
29057383
1684198
21631383
1253502
3070718
26574363
18835007
25804813
21475016
3528769
10124325
5806446
24009003
29018728
8609526
3202806
25985316
28469159
13561383
25662942
28516420
10949996
25316003
25604775
761987
13131763
21943357
17692339
27370517
867131
4537533
16659479
2497018
5929830
10148046
10298798
26730615
22300491
10311066
26671584
1608458
2516035
11616898
22667329
29708821
17760086
11535631
23381647
13781767
16034800
23976352
26156107
12442599
8811373
26361671
15409685
28828991
1489620
16884985
8734588
10251071
4192689
21013865
25755427
24545517
9644205
926707
12257544
12550057
18348877
11417421
2154517
4477451
568293
8831802
20078639
8193555
6054173
24042767
7005820
13373253
20773339
22892102
12044264
12045706
11358314
20942362
26539321
19320910
4107918
5288479
4884015
12089589
22484521
13040882
23736785
8477103
5040001
8416334
18215606
21347762
22659058
28439479
19850125
28333747
25758060
7910166
17236708
8268461
5455103
19386878
16652475
13339450
1448064
1224106
14698953
26506682
10406215
451907
25249531
24041033
3423100
4030137
15502043
16193566
4387285
27352628
29930858
14350833
19381792
16305046
3253470
15693960
17151380
25552190
1515267
2849186
14754182
24857615
19775833
1528121
4185662
20955043
9338012
14301372
7132610
8357431
25804705
9263252
22123762
2712430
2108719
13284827
7814046
8548729
4365225
17498307
19056086
14972113
25399200
4624105
4871252
9952945
22354776
29274051
11805117
27385495
13630533
19518900
29687739
10892632
28357185
27369887
28780647
1511890
21464654
13486133
20472309
6496055
13153622
18703747
6886819
27191576
28111454
26533850
18447634
26439830
12889998
20325204
563048
12642239
1838135
13981487
17876710
7480119
29899656
5443575
17451304
6794232
16538327
27772539
29207224
15006042
11463903
4570787
1256033
22776848
28593084
24945177
8100608
16377978
6020775
13536825
28849554
6751453
19412759
21739357
21452756
18526203
28396633
21520353
4151444
14395152
21874620
13373163
13068525
7533982
24732410
1207255
9879110
3117449
16499793
1832903
4175034
20956336
631189
6166696
23203470
11706156
22857574
26738470
28319309
3202914
18418334
3232414
29760732
5521647
24574133
24914201
24838659
14925988
2310423
24476183
27506320
1210361
25708142
23216756
16950846
6493616
27210835
25603529
3419980
1743982
6389011
9625809
1726170
11527949
15580086
137862
17951992
18823037
21308837
2383980
14983324
1930722
8991064
6628357
15129580
9061558
17402127
6471424
15706829
9749573
28249893
22906017
18110305
22748481
7180636
18240641
21763106
1122209
12489631
28526094
1005212
20338800
2064663
2453598
23081232
29090129
8918994
19429676
19532599
7372909
28610135
5031291
23335920
21626610
4627470
7861418
16928280
27385841
19355244
1972370
8403590
955237
5033945
677110
17949996
21347082
19043837
28037816
19056440
741371
27771227
12217986
12466790
18901362
962901
21477949
20679991
29547806
18780179
14014467
21751295
20640099
1783452
12488909
16380053
1223317
25204980
19336356
18192354
5973697
26514880
22884390
3082175
26753180
18773378
7818149
1388263
28476692
25089293
18978280
24959769
18035430
20543742
109889
17621833
19128690
25537026
9376295
6271365
18631882
19250151
22069316
20657793
26191187
4789555
29992899
29507431
22102727
13498869
1706737
24252627
2820258
6275570
9189353
27820830
23856047
19099245
17088044
21037833
2433983
11792837
787382
21108491
14675555
28759767
6239545
20274984
16621912
8109476
11501964
4101404
6865859
6346916
22982316
356929
3247206
15122177
25348881
7048857
18895392
28796141
8132032
8770700
24283218
18214369
16095537
28856130
23974754
14356123
18497841
4090224
58433
8212844
21677957
6847915
14393764
16738021
4485349
12897818
26364658
10419841
2461533
8061733
3455039
15429462
9779146
3469315
8051547
26725107
17068429
7749536
20058557
23011007
27860990
25733411
22542695
10098309
19089853
1235443
14013566
4198808
25065812
18532026
18935118
20812603
584539
20586631
5166472
26678497
27794375
12669486
13751987
10414257
1803611
13328878
19074426
10163390
24202964
2057346
27638520
2811027
4394162
9591085
28422583
24353805
21018671
17283283
8170559
16158379
9855677
1098119
18439100
20570229
4410757
25495747
15804849
7891317
13272450
11465500
10090947
15739968
6838421
19995850
26051212
2089499
8195828
20606360
4171112
14505601
21176754
27049351
18599383
8709452
23332490
17238032
23909503
29681631
5681473
21057288
25065895
16791618
27451122
9584523
22747268
4527975
3080005
1156104
434788
6102109
19755424
507477
17813679
23299764
1099629
28654449
7042062
23154770
20475554
25062836
7484668
4504883
13813567
28251184
12274454
16816832
17045145
7151091
8263993
13336734
22933855
22902107
10254795
6947113
29223205
14459685
21644191
13787949
11468910
17039686
22636337
24175827
3564898
25628546
3095482
7816063
21350705
9039362
27613085
22106009
25727762
727887
8870101
3317551
10380249
1517865
23043345
14434368
29505264
9933508
23627265
10100917
29484366
19016550
22258188
13916824
1360151
2424529
21038027
18473696
27384626
21722334
14338844
9514327
21287681
7712900
19177399
15062535
22312541
10573969
5011728
10988894
16649318
16890678
25558878
7189095
28111203
11563679
12395313
29293240
16995075
7873688
15660884
6301381
20976433
29377734
26314268
16195661
9180822
814289
25120247
23638569
756800
5840748
26946631
27195871
14543867
17546999
15153296
10232996
25870142
26973061
26658840
17313764
8033777
9996236
2713055
21573061
7257871
26858827
6064003
22738086
21464314
783993
24820380
19736538
16186517
16126736
20219143
5030733
24167254
20631490
3336898
20238264
13834465
10676297
25754338
3288634
19083426
17770296
13357111
21637571
29343510
16548691
16550262
73368
17851713
7837904
15026644
26669105
22498848
9070812
10984090
7953280
14081898
11702335
9819492
22359214
5712134
1058961
22069775
21055377
12698874
10166149
5446659
23259459
23572804
17651871
17992693
1862007
5319035
2575634
4111441
16199351
6459795
6456819
4615406
20135459
23622798
14619765
23653445
18427971
20608759
27067426
16338423
8081117
102784
17051510
23207919
26266990
22166996
4346936
26651400
1445891
1309140
13923930
4887875
6413275
4141629
18898242
14616713
2454705
17311365
14707123
13566999
11565866
5046837
29717636
29077003
7164463
25706972
23826372
8032547
6039513
26697978
1954741
3792034
4095282
17745852
6420323
25067726
26189783
23618578
19352952
2597182
24918454
19232380
4182
14546194
6199006
2014557
19900354
11368658
28521057
12608107
26362493
9613752
4391877
20708119
6753376
4097549
17991397
8699686
14518270
26655800
5150611
4147078
6119374
13849011
14962616
21634462
21300
3417675
579291
26450070
1083778
21507197
10331948
2936141
10216428
12259289
21924269
14289676
28708775
22942247
28304522
7049749
10867266
29341584
8287937
17530600
16567436
24302162
18746735
9158526
5543244
15591170
22228783
14865965
29083099
8869289
22067220
16631225
7278161
2141516
22186296
25653650
7802951
3425818
10327745
7789211
27500412
23138768
3253139
748639
23990226
7493858
29232466
10305552
16672278
2745971
12450214
8537189
24870233
10235934
20846849
5297574
14160759
29923471
26274674
25339995
14245515
19716567
16842272
14497702
16371647
6530460
14640434
6045869
9530067
7250831
21868506
26226509
13262385
21178534
21680715
14534431
26425416
1190588
2753394
6250226
4491800
6350235
4042733
21778872
21906641
5345602
18176535
22627844
10918719
88260
24411628
9012789
12110232
14521536
22573926
8670406
14083346
29115094
28128094
26761575
12685478
17134058
7618126
21470198
1669082
16792174
6887662
18780011
11346157
9599896
29932439
27262488
12392756
19092979
28822844
22373020
24466413
27936858
24010094
28242784
19480401
26228209
5792131
22715991
21189876
19373867
13756786
17250467
18621716
13771529
15497766
1496265
2880197
7335111
8839625
5397352
8434807
14906411
24021145
15090331
19211849
20864408
10493432
14356274
861145
3007436
29686921
22610194
731995
17437437
1824594
27218767
5702279
21740087
1463635
7282849
28804834
15294594
13202798
1226375
14463990
11056791
407692
9016271
2737412
3484096
25376000
2859419
15244039
10272982
27243939
12860149
7629723
9630085
29806132
8194155
29032221
28756474
4154446
18845677
21369497
20500698
25365343
6823261
17668882
706296
4163264
9240735
21527206
9216577
181076
15585040
9957451
2465061
6877045
3164615
3876480
11972708
21435701
28517299
2691514
23716883
17320778
365517
470964
14325921
3030863
24295814
8978303
13044576
1289589
18580668
3096762
25040458
7879259
5581962
23872608
20240184
25734184
28008592
10615576
22823203
15819600
21637241
22361026
22218437
5121606
17101461
5341766
5693980
3892962
15365172
22972662
5272777
13480490
29795355
11213679
6607414
17060478
21403764
3694590
17816190
301985
6766019
19614191
15151384
29666239
29834387
25059316
8776280
23578
11057561
9699128
12103653
28922362
4424771
2110687
5443200
22518289
1744957
9297607
23393996
7335155
12957520
23496926
3249111
3374468
13116583
29535509
29722628
15047206
26919098
24220766
17116730
23675816
17409815
2552278
25732146
5403923
20579453
7388007
1162269
23622894
28650414
26339218
19260367
2175611
5720137
17440574
26915683
27791801
9388812
21021148
13753084
9667590
23766375
4973515
8682685
16145355
29981586
28649647
20618181
22340649
27573796
16180519
904861
10412334
23287381
25800095
9916741
712976
13152505
12379592
26849967
2021359
20263414
4554787
1924940
5866822
19873359
20445438
24287554
11609292
23650523
15288544
24599014
15510222
17223303
23160248
26100839
11321050
2422567
28585882
5915302
20469591
9412668
21627488
23604716
14443064
14015836
8335660
2210377
22107707
25584235
19057422
5852015
5134125
85014
16843633
25092920
28077980
19195441
15788882
22855598
19571281
21893095
18844768
889729
19464375
27525930
17226241
2536516
14148507
8179490
21344061
2039126
19726974
13967912
2580103
11081854
29161003
33381
9680559
12045393
10215748
14344094
22839492
8851125
9635331
5536141
5779463
19536277
26369610
14759939
11398434
5210712
13258782
14218566
25642053
17779278
6581251
22642658
29931187
11189146
11160253
25966956
28114697
4798447
19713234
24439722
15235954
20013809
21722004
9399697
9770618
15429461
4164688
25995850
26060555
651897
22714597
29938079
20967351
22206620
20417502
17946708
4563887
3698987
6372747
14727893
16802386
6144054
25593034
3933342
10010424
10952542
9619924
16363893
19174636
11491905
13717790
25853984
23239494
2007978
14027869
17860468
9828736
14248702
26423859
20959787
7110021
15477208
22705878
24058254
10311597
10950215
3686787
9280412
23851399
8853005
15093874
17897296
18982060
23916225
51108
12905210
26240283
19600338
7606977
599081
12152708
21307747
16897043
896265
10406214
10472820
19258859
13512741
6478376
4318890
23901610
18223428
1906156
29123602
1677741
27752366
12860973
26188611
15756488
29379223
7897074
5674093
23014402
24128185
13753640
10229537
29550876
27947440
5429071
6961744
5829929
28550735
29502175
8259965
430152
13807213
15628733
7110555
24533875
12877344
20443316
15220363
409879
4852194
194162
18344735
12019321
20305373
12384138
27387589
24001623
22397059
14670452
10299913
18662830
2416988
10481972
1805524
16235927
13728812
29435543
9035504
3989420
4341686
23522602
4215409
555946
14485568
28727241
26709111
7156722
19856295
11840624
8094769
7725853
6786285
13437513
22978246
20735255
19655016
12676826
10943757
19964854
937682
6151533
22629386
26051408
1703828
11972782
3149329
25847732
26144770
10383506
16333100
27811205
1570622
503733
21441470
17330575
9952059
13309540
8885841
20226661
23756284
4104244
29087922
21031317
6782724
15106032
22946711
24347501
22380487
1774119
20678367
20800462
11149769
20363041
29650288
28765485
9789116
802170
22859377
13258062
9124394
8497197
13105663
14010687
16204502
25132881
550795
12270865
2355278
26895867
16151724
7485669
11351970
27577721
28104858
7062404
18994768
1104922
11345610
5538059
5157342
7559775
29877141
1626585
6504748
5653122
29047556
9364897
5338428
16914509
11217801
1562289
13127271
12238772
9329477
2757505
13202452
12545887
3447263
27248681
29361653
2582278
17637856
25002081
11370577
7796492
11558888
13206797
13916805
22775381
17841808
10012307
22273620
28386937
27348341
9520589
16223516
14634520
10821241
26147803
4184168
945810
18290349
17813179
7589706
29804439
6407334
19498776
18370427
20312957
16907755
1915318
10854051
28314309
16944807
16810986
9238447
23772440
4417080
1031936
4959770
2894829
2131617
3561588
15043445
2155463
5857143
7091029
25329774
19601494
14988365
2232694
21121361
4388476
5025827
1961360
22157295
17108871
8419419
26797133
27163540
14385550
17299980
6691266
1091026
19697880
16548533
6870558
20928480
11875085
15045708
3512733
19883667
6603838
17192389
24762511
10476420
20305182
9508272
23938539
26832866
917953
3274453
19232724
9662257
1222708
6775860
14634570
23456561
5716769
7315169
24324838
12234415
10516332
19550552
29413258
2424260
21434543
5649852
15121906
7724876
26211645
24562251
2563777
10632919
45370
11200291
19264439
8985399
29810581
21749368
12830208
17655236
5764829
2762254
26506663
18161474
5449624
20396549
20605475
4198158
22488442
253161
29853425
24847775
940428
20858448
27104974
1607401
24379710
2856626
10719956
3630438
27554170
22407019
9858386
13858443
18830492
19768487
2298788
9590851
4196158
11258794
7200895
3331341
2340956
5307129
29668562
21920864
14611677
27261117
7438816
24750325
13651150
29776131
10839880
10363454
20887091
25188166
3722420
25406936
8097177
3435396
29923292
8981950
20773464
18512854
4034410
15470981
27798790
27301141
5590597
4222414
12075562
27722455
22726085
14831854
28200000
25789436
990067
7926314
6999083
6856549
732241
13284099
16455785
22082041
27652297
13538167
8208449
9199206
25640515
39220
23359921
12748423
16306741
22265836
11872995
21691511
21037730
3673532
25921873
17665810
20941146
10664424
27346297
25960069
20178029
631831
16130388
2558008
20775363
21000441
18399223
20098182
22808602
12322137
14125759
27241621
19124668
29052274
21718917
5184871
12984335
24426203
4760652
11298312
13547115
10693952
12984181
14396825
17071467
13843495
171510
21793505
22296851
21531210
26573760
21340027
28575771
25768355
20108987
1568937
11509019
14322005
1066214
14732271
4416447
17128923
22795241
1513463
6620551
15296210
11210577
687745
14939524
5287448
21292053
1325533
23412576
28488346
2763698
22473614
24779896
19415276
608356
3286499
1674025
9866797
22564293
16279454
22971975
13526091
27166511
9662244
14047083
25849897
28868435
16512607
18262362
3320409
13601117
24331750
4226902
12813234
650130
16311534
28025215
22729655
22683168
13417655
25248074
15142119
13151957
5866784
12516454
19238103
5094116
17113887
9062142
18398654
9817264
6087835
24122001
19050859
11315617
8269956
23761162
24619066
20895882
26757533
20240582
20579004
6700702
9607371
29117406
17902956
27264871
18920280
20609124
12822283
25376076
16440864
2213843
9806363
7860265
25994784
14980018
20303486
3993521
18077364
724497
26981883
26303008
15348800
1396741
24478473
17881224
23454093
29257485
17846590
29753235
5178598
24377370
19003821
28230432
24332764
21134188
14370459
28711272
15422086
26409091
27598731
5960523
27764115
28281019
18068216
9172029
14377171
17488136
19524318
24310442
29465622
4497483
3126085
5801907
20486853
7380114
26853260
16101255
20175082
14475863
321597
15195
20346831
24037898
20828132
27642824
2070330
26927063
4892073
24724182
1508456
9342792
27176422
28016413
26593071
3466765
17413332
11710586
23996142
14243032
13559999
10467727
4680026
10301241
20274446
12137203
15102485
16879292
7367235
12861743
3388879
29774957
12030810
15220964
22703185
14851520
1533353
20277852
11933283
5445994
25053894
24063484
18446345
15823816
19775576
16664288
17072662
7638851
3152150
8463454
21562381
2839845
11873553
10107512
9396849
16171472
19537163
29670679
24991192
10359955
3393652
9638001
1983099
22971964
5216289
9407807
8431036
10779579
2247407
16942019
28034628
5569960
22566986
15134186
5408764
27787376
25544415
5788022
12734054
18480528
17263910
8700214
13416445
3510425
12732822
13791792
27389385
8203532
21467279
19417532
7644900
1720461
16064282
6560283
15458348
12900236
29477695
27286323
11995664
25173102
7465057
10334454
22448766
14026746
6611966
19687575
10255464
22401221
1734883
20690354
2423198
20181698
26010567
14312787
25608169
1318160
1620511
22288863
13005327
27338132
23680731
23834188
1364032
8102077
12581789
12313711
29131208
8155069
13229303
28112532
14755799
8456118
18194560
27995664
25684597
3008489
27444084
240506
6326768
2192302
4204056
7984908
25509794
24417126
7315756
5202863
10056282
3234607
6615731
20289486
3059355
11134207
4861289
25694934
9209781
14010367
16099172
24643602
18904061
8408767
18288064
1216471
1690850
6328786
25448867
26162362
11952387
27936087
28556619
16116664
3051875
26479372
24119606
25465188
16923181
19286768
23207375
478383
22661398
22205178
18948519
10545631
20911955
6219194
23070644
2973100
8580643
21789414
2520991
23673996
6751226
23989380
16410728
20077066
25143716
25940197
10291989
24081019
24917944
10431464
29190507
19769812
20415833
228763
15827681
14585448
27727204
3821085
8361240
13387681
485471
26006079
25904565
16184681
1399799
1451321
6672677
4857720
12396461
18486733
2325793
21098704
27066672
2399389
21492426
355435
22496406
14279210
4546645
9238027
1661441
15092761
24971712
24916041
6254953
27645459
27860913
7570269
13510441
18533583
1858362
6834844
7710288
14246640
12970255
19110113
4835860
29034100
24102426
707251
19037796
16420677
20897285
2746632
29407676
29461692
15930273
29716891
27660521
13915491
28671367
14181731
24301454
21801163
3675863
23192739
10722029
22529945
22297327
29751838
225676
20962714
6435381
8235519
21590402
7414185
19141216
23310187
16848307
29754937
1524781
2273051
14836872
27452251
25683937
12841405
21885579
17347418
20392252
22719310
21492820
19148004
27758637
16349019
8150837
17628386
16017758
583048
7478453
20697738
14228688
29208154
17524089
11482672
16366192
18926377
3262765
1023660
11927405
15787530
21194728
21021352
6745756
7055957
8095385
18422455
28305048
18711804
19633917
29138507
6159352
3752299
11073122
10950282
4965862
28868913
25259440
27549953
25569909
124231
14121812
12638408
25391441
1112330
22942695
12691864
17126111
25564707
27010896
8074264
4235280
24373917
5774744
12751394
29574886
15581268
4903633
8961338
28978981
19902832
5687040
29891226
22294514
21937229
277366
5446230
28211769
16176179
